arrival_mode,ci95_high,ci95_low,concurrency,cost_id,experiment_id,group_id,mean,median,metric,n,offered_load_rps,policy_id,regime,resamples,resampling_unit,std
poisson,318.6681424628321,97.05940601351863,,piecewise,E1,E1-33a71da3b08d,182.5217283202606,115.53527283891617,ttft_p50_ms,5,16,chunk_128,mixed,2000,workload_seed,153.29104583787145
poisson,1202.058168412354,489.33548844159367,,piecewise,E1,E1-33a71da3b08d,772.7112009545208,647.912531827983,ttft_p95_ms,5,16,chunk_128,mixed,2000,workload_seed,485.39402002681055
poisson,1402.827095959035,585.0647263721111,,piecewise,E1,E1-33a71da3b08d,906.8990691596485,740.9933830691051,ttft_p99_ms,5,16,chunk_128,mixed,2000,workload_seed,558.7708733632671
poisson,3.9363628333676166,3.7984010451345163,,piecewise,E1,E1-33a71da3b08d,3.8673819392510667,3.8933620434776843,tpot_p95_ms,5,16,chunk_128,mixed,2000,workload_seed,0.09025722552409557
poisson,4.007217583541208,3.8866065401087924,,piecewise,E1,E1-33a71da3b08d,3.9465503487405806,3.954607250221743,tpot_p99_ms,5,16,chunk_128,mixed,2000,workload_seed,0.07855446503692047
poisson,1842.8440056844338,1199.4592315256807,,piecewise,E1,E1-33a71da3b08d,1454.920524886913,1334.3292321786457,e2e_p95_ms,5,16,chunk_128,mixed,2000,workload_seed,430.5928377866916
poisson,4.089104985000449,3.9490464799997427,,piecewise,E1,E1-33a71da3b08d,4.013366275000044,4.000066849999712,itl_p95_ms,5,16,chunk_128,mixed,2000,workload_seed,0.08935394875778789
poisson,4.187746293999807,4.033384377999828,,piecewise,E1,E1-33a71da3b08d,4.096792223999764,4.060468050000054,itl_p99_ms,5,16,chunk_128,mixed,2000,workload_seed,0.10172809098088008
poisson,17.391356393741653,15.792617967570115,,piecewise,E1,E1-33a71da3b08d,16.591987180655885,17.269525018133987,request_throughput_rps,5,16,chunk_128,mixed,2000,workload_seed,1.076523013844578
poisson,2245.253039273127,1882.9057136038973,,piecewise,E1,E1-33a71da3b08d,2057.4725343590962,2078.0157232014153,output_token_throughput_tps,5,16,chunk_128,mixed,2000,workload_seed,229.14304723442834
poisson,17.16293154557379,15.766621452459464,,piecewise,E1,E1-33a71da3b08d,16.46477649901663,16.99537385598837,observed_request_throughput_rps,5,16,chunk_128,mixed,2000,workload_seed,0.9492066221314882
poisson,0.7374989267284546,0.6266262395494251,,piecewise,E1,E1-33a71da3b08d,0.6854560996087431,0.6882707368803447,iteration_cv,5,16,chunk_128,mixed,2000,workload_seed,0.07057920202534913
poisson,1416.4704204563202,606.0570211890397,,piecewise,E1,E1-33a71da3b08d,928.5238804214152,761.6757402465137,max_wait_ms,5,16,chunk_128,mixed,2000,workload_seed,542.2511370995072
poisson,44.4,0.0,,piecewise,E1,E1-33a71da3b08d,14.8,0.0,starvation_proxy_count,5,16,chunk_128,mixed,2000,workload_seed,33.09380606699689
poisson,0.9872070494120877,0.9412308698005487,,piecewise,E1,E1-33a71da3b08d,0.97066585650311,0.9848331017516249,waiting_satisfaction_jain,5,16,chunk_128,mixed,2000,workload_seed,0.032308489782713855
poisson,1114.5900407657086,395.3070371989317,,piecewise,E1,E1-33a71da3b08d,670.99684705054,442.54601624175496,short_prompt_ttft_p95_ms,5,16,chunk_128,mixed,2000,workload_seed,484.711014976725
poisson,1299.6078689619328,517.3513474955804,,piecewise,E1,E1-33a71da3b08d,824.1489692385721,613.5472404867378,long_prompt_ttft_p95_ms,5,16,chunk_128,mixed,2000,workload_seed,528.3271903628031
poisson,3.835919469999966,1.9458497599999993,,piecewise,E1,E1-33a71da3b08d,3.1460749499999885,3.661358100000001,primer_max_itl_ms,5,16,chunk_128,mixed,2000,workload_seed,1.3226622082376582
poisson,13.2,2.0,,piecewise,E1,E1-33a71da3b08d,7.2,2.0,backlog_at_arrival_end,5,16,chunk_128,mixed,2000,workload_seed,7.259476565152615
poisson,0.9884249123971174,0.9648868005718658,,piecewise,E1,E1-33a71da3b08d,0.9766558564844916,0.983224238682505,server_busy_fraction,5,16,chunk_128,mixed,2000,workload_seed,0.0161008880557667
poisson,0.2107016890538096,0.14568366790802817,,piecewise,E1,E1-33a71da3b08d,0.17700617215861103,0.17260373073010468,batch_slot_occupancy,5,16,chunk_128,mixed,2000,workload_seed,0.04257994348454789
poisson,52.06982720920375,28.315648356982727,,piecewise,E1,E1-33a71da3b08d,38.65218197548437,36.24468441930594,ttft_p50_ms,5,16,chunk_512,mixed,2000,workload_seed,14.973234997911407
poisson,326.21620915944266,195.62626105490764,,piecewise,E1,E1-33a71da3b08d,251.79606405708438,240.50103044969615,ttft_p95_ms,5,16,chunk_512,mixed,2000,workload_seed,84.8633958927986
poisson,411.6127612156626,283.74857826071224,,piecewise,E1,E1-33a71da3b08d,348.14731418356325,331.6357288504713,ttft_p99_ms,5,16,chunk_512,mixed,2000,workload_seed,82.30496408584222
poisson,7.6385858806968185,4.744377979239862,,piecewise,E1,E1-33a71da3b08d,5.90248790727391,5.399240216487959,tpot_p95_ms,5,16,chunk_512,mixed,2000,workload_seed,1.9322382377158012
poisson,9.422481084153668,8.032995294856315,,piecewise,E1,E1-33a71da3b08d,8.804175012572244,8.785984578814105,tpot_p99_ms,5,16,chunk_512,mixed,2000,workload_seed,0.930885801365836
poisson,1389.0893346328444,815.5436598445084,,piecewise,E1,E1-33a71da3b08d,1028.8012412176483,821.4105901843786,e2e_p95_ms,5,16,chunk_512,mixed,2000,workload_seed,392.4343976201708
poisson,10.1220343099998,9.600203359999615,,piecewise,E1,E1-33a71da3b08d,9.792900839999856,9.640194199999314,itl_p95_ms,5,16,chunk_512,mixed,2000,workload_seed,0.36633608864407596
poisson,10.34329112000014,9.848313300000518,,piecewise,E1,E1-33a71da3b08d,10.033088950000273,9.911568650000845,itl_p99_ms,5,16,chunk_512,mixed,2000,workload_seed,0.3381057091459525
poisson,17.56158415977078,15.828097529444909,,piecewise,E1,E1-33a71da3b08d,16.694840844607842,17.433202699875352,request_throughput_rps,5,16,chunk_512,mixed,2000,workload_seed,1.1702842805095208
poisson,2266.9621019463925,1891.5501740757832,,piecewise,E1,E1-33a71da3b08d,2070.4470353822267,2078.9040232118955,output_token_throughput_tps,5,16,chunk_512,mixed,2000,workload_seed,239.30657635450123
poisson,17.658696985516045,15.861300274309334,,piecewise,E1,E1-33a71da3b08d,16.75999862991269,17.345072906523107,observed_request_throughput_rps,5,16,chunk_512,mixed,2000,workload_seed,1.2011915774560682
poisson,1.4304249888130385,1.4059261862658965,,piecewise,E1,E1-33a71da3b08d,1.418128692406998,1.4170652287426562,iteration_cv,5,16,chunk_512,mixed,2000,workload_seed,0.01512087636585026
poisson,424.81843568515086,278.8546900851159,,piecewise,E1,E1-33a71da3b08d,353.15905382052745,331.7859640924635,max_wait_ms,5,16,chunk_512,mixed,2000,workload_seed,95.29924473466505
poisson,0.0,0.0,,piecewise,E1,E1-33a71da3b08d,0.0,0.0,starvation_proxy_count,5,16,chunk_512,mixed,2000,workload_seed,0.0
poisson,0.9973978586382849,0.9928231908165163,,piecewise,E1,E1-33a71da3b08d,0.9954795551367642,0.9959002810808669,waiting_satisfaction_jain,5,16,chunk_512,mixed,2000,workload_seed,0.0030693773833520045
poisson,252.22188393859747,149.78860750509165,,piecewise,E1,E1-33a71da3b08d,197.2450744852887,176.80287091690457,short_prompt_ttft_p95_ms,5,16,chunk_512,mixed,2000,workload_seed,64.68088787444579
poisson,390.2380859053781,262.18994490977565,,piecewise,E1,E1-33a71da3b08d,323.97444538859645,294.0552809003261,long_prompt_ttft_p95_ms,5,16,chunk_512,mixed,2000,workload_seed,84.54109148876965
poisson,8.936613510000006,3.494113500000002,,piecewise,E1,E1-33a71da3b08d,6.238997010000003,5.458375100000001,primer_max_itl_ms,5,16,chunk_512,mixed,2000,workload_seed,3.7306744186935448
poisson,5.6,1.2,,piecewise,E1,E1-33a71da3b08d,3.0,2.0,backlog_at_arrival_end,5,16,chunk_512,mixed,2000,workload_seed,2.9154759474226504
poisson,0.9642838056077766,0.9248232720138733,,piecewise,E1,E1-33a71da3b08d,0.9448621744896191,0.9468715099060866,server_busy_fraction,5,16,chunk_512,mixed,2000,workload_seed,0.02539766007046605
poisson,0.214992828538786,0.12509684346383132,,piecewise,E1,E1-33a71da3b08d,0.1629096373177736,0.14003207268625478,batch_slot_occupancy,5,16,chunk_512,mixed,2000,workload_seed,0.059180142059997415
poisson,9054.235298625616,7129.784120561477,,piecewise,E1,E1-33a71da3b08d,8137.894547570197,8210.075893835496,ttft_p50_ms,5,16,fcfs,mixed,2000,workload_seed,1274.0821377282714
poisson,16168.450300811466,12249.544375570502,,piecewise,E1,E1-33a71da3b08d,14117.235762428953,13750.229822199022,ttft_p95_ms,5,16,fcfs,mixed,2000,workload_seed,2384.0870405440437
poisson,16609.903004078315,12445.929334011336,,piecewise,E1,E1-33a71da3b08d,14433.27926272316,14124.583708315138,ttft_p99_ms,5,16,fcfs,mixed,2000,workload_seed,2517.2353480948564
poisson,0.8308672499999803,0.8245423750000022,,piecewise,E1,E1-33a71da3b08d,0.8280807499999912,0.8300062500000007,tpot_p95_ms,5,16,fcfs,mixed,2000,workload_seed,0.004027656717338443
poisson,0.8319080056249927,0.8316418249999906,,piecewise,E1,E1-33a71da3b08d,0.8317666499999918,0.8316976249999931,tpot_p99_ms,5,16,fcfs,mixed,2000,workload_seed,0.00016774020556484915
poisson,16288.493797427023,12309.994288095499,,piecewise,E1,E1-33a71da3b08d,14198.34842521534,13799.614457013238,e2e_p95_ms,5,16,fcfs,mixed,2000,workload_seed,2419.599560078522
poisson,0.8315410000005613,0.8312419999991107,,piecewise,E1,E1-33a71da3b08d,0.8313999999997577,0.8314949999999044,itl_p95_ms,5,16,fcfs,mixed,2000,workload_seed,0.00019656423959195412
poisson,0.8326860000002002,0.8322020000000444,,piecewise,E1,E1-33a71da3b08d,0.8324440000001223,0.8324700000001554,itl_p99_ms,5,16,fcfs,mixed,2000,workload_seed,0.0003107531174972428
poisson,9.018103899537559,8.205134111450855,,piecewise,E1,E1-33a71da3b08d,8.651239146666734,8.688847954551964,request_throughput_rps,5,16,fcfs,mixed,2000,workload_seed,0.5244210234396637
poisson,1079.6092921840552,1056.1654173618178,,piecewise,E1,E1-33a71da3b08d,1067.752610415449,1067.5993858723043,output_token_throughput_tps,5,16,fcfs,mixed,2000,workload_seed,15.078297103872762
poisson,8.84728037615395,7.85937187635312,,piecewise,E1,E1-33a71da3b08d,8.296983989748679,7.978331287093064,observed_request_throughput_rps,5,16,fcfs,mixed,2000,workload_seed,0.6284644678721323
poisson,2.842271356997402,2.585493817189041,,piecewise,E1,E1-33a71da3b08d,2.7126286731249545,2.717798847989658,iteration_cv,5,16,fcfs,mixed,2000,workload_seed,0.1588426174385464
poisson,16797.019496237514,12493.771989250845,,piecewise,E1,E1-33a71da3b08d,14521.454976184823,14147.324500184515,max_wait_ms,5,16,fcfs,mixed,2000,workload_seed,2596.1881874694313
poisson,240.2,233.4,,piecewise,E1,E1-33a71da3b08d,237.2,239.0,starvation_proxy_count,5,16,fcfs,mixed,2000,workload_seed,4.43846820423443
poisson,0.5323104253041714,0.5040039942110159,,piecewise,E1,E1-33a71da3b08d,0.5177468706397539,0.5116280769878532,waiting_satisfaction_jain,5,16,fcfs,mixed,2000,workload_seed,0.018072112310389406
poisson,16115.51881534759,12079.786279371654,,piecewise,E1,E1-33a71da3b08d,14017.798422887305,13702.934443346485,short_prompt_ttft_p95_ms,5,16,fcfs,mixed,2000,workload_seed,2401.2879172679186
poisson,15726.805068855558,12009.366913516114,,piecewise,E1,E1-33a71da3b08d,13803.58909153374,13598.311139848698,long_prompt_ttft_p95_ms,5,16,fcfs,mixed,2000,workload_seed,2212.991305983945
poisson,0.8164010000000012,0.7915379999999985,,piecewise,E1,E1-33a71da3b08d,0.8004950000000001,0.7920299999999969,primer_max_itl_ms,5,16,fcfs,mixed,2000,workload_seed,0.017574215487469153
poisson,142.2,115.6,,piecewise,E1,E1-33a71da3b08d,129.8,131.0,backlog_at_arrival_end,5,16,fcfs,mixed,2000,workload_seed,18.04716044146558
poisson,0.9999999999999991,0.9979724995139059,,piecewise,E1,E1-33a71da3b08d,0.9993241665046343,0.9999999999999978,server_busy_fraction,5,16,fcfs,mixed,2000,workload_seed,0.0015112096371056223
poisson,0.03125,0.03125,,piecewise,E1,E1-33a71da3b08d,0.03125,0.03125,batch_slot_occupancy,5,16,fcfs,mixed,2000,workload_seed,0.0
poisson,14.272872030167582,11.816979629627827,,piecewise,E1,E1-33a71da3b08d,13.154016130318336,13.546064352035046,ttft_p50_ms,5,16,mono,mixed,2000,workload_seed,1.5542392882546385
poisson,95.62982554967367,90.02664321686743,,piecewise,E1,E1-33a71da3b08d,92.35158865211201,90.4460868321853,ttft_p95_ms,5,16,mono,mixed,2000,workload_seed,3.63682748971835
poisson,159.5766791643386,119.57689749849028,,piecewise,E1,E1-33a71da3b08d,136.7328619376977,128.29252665226485,ttft_p99_ms,5,16,mono,mixed,2000,workload_seed,26.726783313093808
poisson,4.108041534551806,3.13574054134066,,piecewise,E1,E1-33a71da3b08d,3.590805611196398,3.620483258366652,tpot_p95_ms,5,16,mono,mixed,2000,workload_seed,0.6369580461711097
poisson,12.355518781577372,5.4462559383222455,,piecewise,E1,E1-33a71da3b08d,8.334865911912598,7.023433757915497,tpot_p99_ms,5,16,mono,mixed,2000,workload_seed,4.623564527435918
poisson,695.8680270047296,567.6946596120985,,piecewise,E1,E1-33a71da3b08d,626.2676285377613,612.799706031894,e2e_p95_ms,5,16,mono,mixed,2000,workload_seed,80.54968041067566
poisson,1.4796910000000025,1.2603339999998753,,piecewise,E1,E1-33a71da3b08d,1.3670609999999215,1.3670449999999619,itl_p95_ms,5,16,mono,mixed,2000,workload_seed,0.1366469611535998
poisson,19.39065836750013,10.0513229875003,,piecewise,E1,E1-33a71da3b08d,13.741670277500072,11.871093499999915,itl_p99_ms,5,16,mono,mixed,2000,workload_seed,6.318127523421978
poisson,17.647000874809574,15.833780346547659,,piecewise,E1,E1-33a71da3b08d,16.740390610678617,17.458892823614644,request_throughput_rps,5,16,mono,mixed,2000,workload_seed,1.2117979211371803
poisson,2280.9421803274713,1893.6016866778323,,piecewise,E1,E1-33a71da3b08d,2076.4435418947305,2078.9040232118955,output_token_throughput_tps,5,16,mono,mixed,2000,workload_seed,246.9927281048162
poisson,17.701143148684192,15.875288236330727,,piecewise,E1,E1-33a71da3b08d,16.788215692507457,17.415012716630056,observed_request_throughput_rps,5,16,mono,mixed,2000,workload_seed,1.2283801692205076
poisson,3.490293379620364,3.2111352415072525,,piecewise,E1,E1-33a71da3b08d,3.3480350516848327,3.336659129367541,iteration_cv,5,16,mono,mixed,2000,workload_seed,0.17088175257059113
poisson,152.85808036980825,106.18542608421085,,piecewise,E1,E1-33a71da3b08d,128.63226158158167,125.43161066922585,max_wait_ms,5,16,mono,mixed,2000,workload_seed,29.37506458998892
poisson,0.0,0.0,,piecewise,E1,E1-33a71da3b08d,0.0,0.0,starvation_proxy_count,5,16,mono,mixed,2000,workload_seed,0.0
poisson,0.9996090511076373,0.9994170065672752,,piecewise,E1,E1-33a71da3b08d,0.9995257361875785,0.9995652728341592,waiting_satisfaction_jain,5,16,mono,mixed,2000,workload_seed,0.0001278718987333643
poisson,67.0927347751041,63.324674270109085,,piecewise,E1,E1-33a71da3b08d,65.2087045226066,64.96134386542013,short_prompt_ttft_p95_ms,5,16,mono,mixed,2000,workload_seed,2.5017574834037206
poisson,143.62176793343815,118.39399499038782,,piecewise,E1,E1-33a71da3b08d,128.82427177798303,123.2401170146718,long_prompt_ttft_p95_ms,5,16,mono,mixed,2000,workload_seed,17.127391083058658
poisson,66.4191197,3.58721379,,piecewise,E1,E1-33a71da3b08d,31.8340661,5.4583826,primer_max_itl_ms,5,16,mono,mixed,2000,workload_seed,39.908657135482926
poisson,4.8,1.2,,piecewise,E1,E1-33a71da3b08d,2.6,2.0,backlog_at_arrival_end,5,16,mono,mixed,2000,workload_seed,2.5099800796022267
poisson,0.9357397925998701,0.8829957510788263,,piecewise,E1,E1-33a71da3b08d,0.9097515642432649,0.9117330060304746,server_busy_fraction,5,16,mono,mixed,2000,workload_seed,0.03263522684721359
poisson,0.1316669886176713,0.10022288966605823,,piecewise,E1,E1-33a71da3b08d,0.11483420534105941,0.10916815658101213,batch_slot_occupancy,5,16,mono,mixed,2000,workload_seed,0.020256824366023267
poisson,771.9980987424592,86.85956551173058,,analytical,E1,E1-608c400d1048,378.2615523798171,215.32077498968283,ttft_p50_ms,5,16,chunk_128,mixed,2000,workload_seed,446.0504176728328
poisson,1585.2173289150246,558.8984498968451,,analytical,E1,E1-608c400d1048,1016.7139099690175,1032.0288754953733,ttft_p95_ms,5,16,chunk_128,mixed,2000,workload_seed,687.6387377975323
poisson,1776.7979854346602,695.3951264343802,,analytical,E1,E1-608c400d1048,1167.1166410359515,1163.6771135211702,ttft_p99_ms,5,16,chunk_128,mixed,2000,workload_seed,726.2936202199744
poisson,6.729328682384808,5.011008929134617,,analytical,E1,E1-608c400d1048,5.870168805759712,6.271965719063558,tpot_p95_ms,5,16,chunk_128,mixed,2000,workload_seed,1.1617998824474587
poisson,7.302841103233284,5.42759515895791,,analytical,E1,E1-608c400d1048,6.365218131095597,6.629715687766379,tpot_p99_ms,5,16,chunk_128,mixed,2000,workload_seed,1.2405873718404947
poisson,2913.6861892059687,1390.8490768531626,,analytical,E1,E1-608c400d1048,2113.899713971773,2308.929136377882,e2e_p95_ms,5,16,chunk_128,mixed,2000,workload_seed,970.8021993290694
poisson,7.0595749999996515,5.143600000000243,,analytical,E1,E1-608c400d1048,6.0538000000001375,6.379000000000815,itl_p95_ms,5,16,chunk_128,mixed,2000,workload_seed,1.2721307715794834
poisson,7.986999999999716,5.90099999999984,,analytical,E1,E1-608c400d1048,6.863999999999942,7.011000000000422,itl_p99_ms,5,16,chunk_128,mixed,2000,workload_seed,1.4095548942839629
poisson,16.873310287182708,15.63292664024489,,analytical,E1,E1-608c400d1048,16.214091597462716,16.09246802147572,request_throughput_rps,5,16,chunk_128,mixed,2000,workload_seed,0.8069375040304793
poisson,2131.0535820009695,1864.7165788991497,,analytical,E1,E1-608c400d1048,2007.9312180645472,1999.3218287013497,output_token_throughput_tps,5,16,chunk_128,mixed,2000,workload_seed,169.29347931034843
poisson,16.717059578444623,15.5006448742451,,analytical,E1,E1-608c400d1048,16.010155414894733,15.771119986114195,observed_request_throughput_rps,5,16,chunk_128,mixed,2000,workload_seed,0.8253497193965948
poisson,0.9235871380068028,0.5817423819275513,,analytical,E1,E1-608c400d1048,0.7566727023672037,0.7589752632113983,iteration_cv,5,16,chunk_128,mixed,2000,workload_seed,0.21913157564632094
poisson,1769.774183299674,726.4359750559892,,analytical,E1,E1-608c400d1048,1176.1008955124494,1142.4157951850248,max_wait_ms,5,16,chunk_128,mixed,2000,workload_seed,701.3758701131758
poisson,90.6,2.0,,analytical,E1,E1-608c400d1048,33.8,10.0,starvation_proxy_count,5,16,chunk_128,mixed,2000,workload_seed,63.52322409953701
poisson,0.984855242401894,0.9189300743093967,,analytical,E1,E1-608c400d1048,0.9555369349643501,0.9609253794962289,waiting_satisfaction_jain,5,16,chunk_128,mixed,2000,workload_seed,0.04357525416497649
poisson,1461.6036954002952,428.49223514299155,,analytical,E1,E1-608c400d1048,907.7141296614652,959.7943088434444,short_prompt_ttft_p95_ms,5,16,chunk_128,mixed,2000,workload_seed,695.4195102506924
poisson,1724.839745479725,608.8986688774172,,analytical,E1,E1-608c400d1048,1085.8581393928862,1010.8323612553545,long_prompt_ttft_p95_ms,5,16,chunk_128,mixed,2000,workload_seed,738.9880030511637
poisson,3.3042000000000065,0.7838,,analytical,E1,E1-608c400d1048,2.044000000000003,2.626999999999999,primer_max_itl_ms,5,16,chunk_128,mixed,2000,workload_seed,1.6668176264966754
poisson,26.2,1.2,,analytical,E1,E1-608c400d1048,13.6,2.0,backlog_at_arrival_end,5,16,chunk_128,mixed,2000,workload_seed,16.816658407662327
poisson,0.9897507183885643,0.8927420801808262,,analytical,E1,E1-608c400d1048,0.9412463992846952,0.9704174927190252,server_busy_fraction,5,16,chunk_128,mixed,2000,workload_seed,0.06513274911437189
poisson,0.33114833437098345,0.18146530665479305,,analytical,E1,E1-608c400d1048,0.2547819956036751,0.2905654073601025,batch_slot_occupancy,5,16,chunk_128,mixed,2000,workload_seed,0.09779382452741263
poisson,768.68680160861,51.35976902716957,,analytical,E1,E1-608c400d1048,316.7600767735147,119.16688237940298,ttft_p50_ms,5,16,chunk_512,mixed,2000,workload_seed,499.77370459575997
poisson,1469.0942297750357,353.83590529446076,,analytical,E1,E1-608c400d1048,893.6946845254246,559.0149670907372,ttft_p95_ms,5,16,chunk_512,mixed,2000,workload_seed,735.4481150346344
poisson,1695.4846714424325,447.8645867087729,,analytical,E1,E1-608c400d1048,1034.4251239574492,657.6744075350706,ttft_p99_ms,5,16,chunk_512,mixed,2000,workload_seed,794.4110394397471
poisson,15.622762059823955,9.053964301983322,,analytical,E1,E1-608c400d1048,12.338363180903638,15.258526528013462,tpot_p95_ms,5,16,chunk_512,mixed,2000,workload_seed,4.423443113701057
poisson,16.767008155556493,11.814969001847794,,analytical,E1,E1-608c400d1048,14.278775885665008,16.427602325581276,tpot_p99_ms,5,16,chunk_512,mixed,2000,workload_seed,3.3355722948573843
poisson,5433.918880017156,1796.2575122154121,,analytical,E1,E1-608c400d1048,3613.1897545479333,3834.814522386704,e2e_p95_ms,5,16,chunk_512,mixed,2000,workload_seed,2296.7408995960027
poisson,18.859000000000016,12.446200000000136,,analytical,E1,E1-608c400d1048,15.652599999999984,18.21899999999914,itl_p95_ms,5,16,chunk_512,mixed,2000,workload_seed,4.257031453959314
poisson,19.019000000000233,14.071800000000621,,analytical,E1,E1-608c400d1048,16.606200000000353,19.019000000000233,itl_p99_ms,5,16,chunk_512,mixed,2000,workload_seed,3.3108481088686017
poisson,16.168710357950967,15.195196612816968,,analytical,E1,E1-608c400d1048,15.640589392951977,15.555956179085447,request_throughput_rps,5,16,chunk_512,mixed,2000,workload_seed,0.6436802824297249
poisson,2021.3683182129503,1838.7382975671267,,analytical,E1,E1-608c400d1048,1935.0250615079851,1984.2735458884483,output_token_throughput_tps,5,16,chunk_512,mixed,2000,workload_seed,122.18102197276711
poisson,15.502365189066785,14.422002941534993,,analytical,E1,E1-608c400d1048,14.978700108203109,15.269474538706241,observed_request_throughput_rps,5,16,chunk_512,mixed,2000,workload_seed,0.7298213463267811
poisson,1.6213682073441855,1.0380984506740878,,analytical,E1,E1-608c400d1048,1.340142853167549,1.3481666511711812,iteration_cv,5,16,chunk_512,mixed,2000,workload_seed,0.3806243752945917
poisson,1709.883944282966,498.3243900360336,,analytical,E1,E1-608c400d1048,1067.2960955122717,677.6179902674776,max_wait_ms,5,16,chunk_512,mixed,2000,workload_seed,775.1309847781137
poisson,101.2,0.0,,analytical,E1,E1-608c400d1048,38.8,0.0,starvation_proxy_count,5,16,chunk_512,mixed,2000,workload_seed,67.55146186427056
poisson,0.9933383676370207,0.9197205259964528,,analytical,E1,E1-608c400d1048,0.9611427730848593,0.9861490235304483,waiting_satisfaction_jain,5,16,chunk_512,mixed,2000,workload_seed,0.04694709257220543
poisson,1342.458435764121,239.65278716126758,,analytical,E1,E1-608c400d1048,785.2873981436682,421.9322101788517,short_prompt_ttft_p95_ms,5,16,chunk_512,mixed,2000,workload_seed,728.7516061630045
poisson,1582.5835295796428,375.4110389575136,,analytical,E1,E1-608c400d1048,933.672712390272,438.8702676841446,long_prompt_ttft_p95_ms,5,16,chunk_512,mixed,2000,workload_seed,769.6866383759285
poisson,9.915800000000008,1.0466000000000002,,analytical,E1,E1-608c400d1048,5.481200000000003,3.940999999999999,primer_max_itl_ms,5,16,chunk_512,mixed,2000,workload_seed,5.617077460744159
poisson,49.6,7.2,,analytical,E1,E1-608c400d1048,28.4,32.0,backlog_at_arrival_end,5,16,chunk_512,mixed,2000,workload_seed,26.660832695172896
poisson,0.9899989460172447,0.8912268278946243,,analytical,E1,E1-608c400d1048,0.9406128869559345,0.9709754195927744,server_busy_fraction,5,16,chunk_512,mixed,2000,workload_seed,0.06632812437062036
poisson,0.7064561109067249,0.2545011014477034,,analytical,E1,E1-608c400d1048,0.4803999548828145,0.5557858481124115,batch_slot_occupancy,5,16,chunk_512,mixed,2000,workload_seed,0.2857760497726076
poisson,2239.463543585606,882.1947823433569,,analytical,E1,E1-608c400d1048,1540.7306769876818,1735.297632333988,ttft_p50_ms,5,16,fcfs,mixed,2000,workload_seed,931.0923195832835
poisson,3242.2125243855767,1520.645111578474,,analytical,E1,E1-608c400d1048,2358.340967593895,2436.892494881833,ttft_p95_ms,5,16,fcfs,mixed,2000,workload_seed,1129.3493263996247
poisson,3418.2891391901285,1737.343745463084,,analytical,E1,E1-608c400d1048,2542.3784905369916,2606.6130555923255,ttft_p99_ms,5,16,fcfs,mixed,2000,workload_seed,1112.4894468971418
poisson,0.32300000000032014,0.32300000000032014,,analytical,E1,E1-608c400d1048,0.32300000000032014,0.32300000000032014,tpot_p95_ms,5,16,fcfs,mixed,2000,workload_seed,0.0
poisson,0.32300000000032014,0.32300000000032014,,analytical,E1,E1-608c400d1048,0.32300000000032014,0.32300000000032014,tpot_p99_ms,5,16,fcfs,mixed,2000,workload_seed,0.0
poisson,3271.384502949696,1561.7430856411347,,analytical,E1,E1-608c400d1048,2391.567017094237,2470.3539300384164,e2e_p95_ms,5,16,fcfs,mixed,2000,workload_seed,1123.3358355158614
poisson,0.32300000000032014,0.32300000000032014,,analytical,E1,E1-608c400d1048,0.32300000000032014,0.32300000000032014,itl_p95_ms,5,16,fcfs,mixed,2000,workload_seed,0.0
poisson,0.32300000000032014,0.32300000000032014,,analytical,E1,E1-608c400d1048,0.32300000000032014,0.32300000000032014,itl_p99_ms,5,16,fcfs,mixed,2000,workload_seed,0.0
poisson,15.514458698182807,14.619972308384726,,analytical,E1,E1-608c400d1048,15.115750788510843,15.290622825208727,request_throughput_rps,5,16,fcfs,mixed,2000,workload_seed,0.574082961737132
poisson,1946.5904573226467,1796.7012830582066,,analytical,E1,E1-608c400d1048,1869.2457899309004,1865.1407699503352,output_token_throughput_tps,5,16,fcfs,mixed,2000,workload_seed,98.04707309947015
poisson,15.184074349868434,14.739299871307633,,analytical,E1,E1-608c400d1048,14.967185342268817,15.007420544940725,observed_request_throughput_rps,5,16,fcfs,mixed,2000,workload_seed,0.2890180368528708
poisson,8.120256896103443,7.646849534086153,,analytical,E1,E1-608c400d1048,7.865555717532243,7.785947734824777,iteration_cv,5,16,fcfs,mixed,2000,workload_seed,0.2961811319363162
poisson,3463.278936015934,1768.8561295814804,,analytical,E1,E1-608c400d1048,2586.396986616977,2650.550393161766,max_wait_ms,5,16,fcfs,mixed,2000,workload_seed,1116.1198111224503
poisson,190.2,73.8,,analytical,E1,E1-608c400d1048,135.8,143.0,starvation_proxy_count,5,16,fcfs,mixed,2000,workload_seed,78.90627351484798
poisson,0.9290679589164649,0.825047680826102,,analytical,E1,E1-608c400d1048,0.8780921349704638,0.8601358433170715,waiting_satisfaction_jain,5,16,fcfs,mixed,2000,workload_seed,0.06968011512519574
poisson,3189.5676523304815,1466.928266151936,,analytical,E1,E1-608c400d1048,2303.0038797386055,2371.9632825576114,short_prompt_ttft_p95_ms,5,16,fcfs,mixed,2000,workload_seed,1131.3684078778115
poisson,3258.6443709966043,1467.474885488115,,analytical,E1,E1-608c400d1048,2363.0596282423594,2329.6747054811167,long_prompt_ttft_p95_ms,5,16,fcfs,mixed,2000,workload_seed,1148.6689050232435
poisson,0.3230000000000047,0.3230000000000004,,analytical,E1,E1-608c400d1048,0.32300000000000184,0.3230000000000004,primer_max_itl_ms,5,16,fcfs,mixed,2000,workload_seed,3.1776437161565094e-15
poisson,45.8,12.0,,analytical,E1,E1-608c400d1048,28.8,37.0,backlog_at_arrival_end,5,16,fcfs,mixed,2000,workload_seed,21.98181066245454
poisson,0.9949779807989259,0.9579704374091523,,analytical,E1,E1-608c400d1048,0.9799159721988884,0.9886181563110213,server_busy_fraction,5,16,fcfs,mixed,2000,workload_seed,0.025381638902249967
poisson,0.03125,0.03125,,analytical,E1,E1-608c400d1048,0.03125,0.03125,batch_slot_occupancy,5,16,fcfs,mixed,2000,workload_seed,0.0
poisson,818.4233999519544,42.31751645952445,,analytical,E1,E1-608c400d1048,321.3580219391646,86.97939096278606,ttft_p50_ms,5,16,mono,mixed,2000,workload_seed,551.8413441040811
poisson,1457.200203501247,258.42372196260146,,analytical,E1,E1-608c400d1048,853.234066396084,423.34445424655405,ttft_p95_ms,5,16,mono,mixed,2000,workload_seed,794.3538349490422
poisson,1689.059938130232,366.69289566432775,,analytical,E1,E1-608c400d1048,998.5341939454069,480.1836989407898,ttft_p99_ms,5,16,mono,mixed,2000,workload_seed,860.3089584128028
poisson,22.014626698267033,10.560701424350743,,analytical,E1,E1-608c400d1048,16.28766406130889,18.736564965694505,tpot_p95_ms,5,16,mono,mixed,2000,workload_seed,7.368867318127199
poisson,38.89589011652744,20.687097658632364,,analytical,E1,E1-608c400d1048,30.442248569754536,32.9643194444442,tpot_p99_ms,5,16,mono,mixed,2000,workload_seed,11.916395778616176
poisson,5867.657453506083,1888.303184771345,,analytical,E1,E1-608c400d1048,3875.05369273212,3987.488666623905,e2e_p95_ms,5,16,mono,mixed,2000,workload_seed,2515.0900213882687
poisson,36.09780000000028,8.34459999999981,,analytical,E1,E1-608c400d1048,21.88140000000003,21.405000000000655,itl_p95_ms,5,16,mono,mixed,2000,workload_seed,17.80650660011686
poisson,128.94399999999968,47.84599999999991,,analytical,E1,E1-608c400d1048,87.62999999999992,101.82600000000002,itl_p99_ms,5,16,mono,mixed,2000,workload_seed,53.59738414792254
poisson,16.01582129074092,15.088769213263657,,analytical,E1,E1-608c400d1048,15.52161078823438,15.290622825208727,request_throughput_rps,5,16,mono,mixed,2000,workload_seed,0.6364824055708578
poisson,2009.5615549391307,1827.8961989168952,,analytical,E1,E1-608c400d1048,1920.2255436552587,1964.5073677406663,output_token_throughput_tps,5,16,mono,mixed,2000,workload_seed,119.9658800882097
poisson,15.390311105135606,14.091595957546001,,analytical,E1,E1-608c400d1048,14.740953531340804,14.870366476037157,observed_request_throughput_rps,5,16,mono,mixed,2000,workload_seed,0.838208626631358
poisson,4.459089404435427,2.436946552809902,,analytical,E1,E1-608c400d1048,3.4810549657609315,3.164084954676486,iteration_cv,5,16,mono,mixed,2000,workload_seed,1.3222884266370563
poisson,1707.7268363271553,382.12812945477924,,analytical,E1,E1-608c400d1048,1009.8734385784832,477.706768611808,max_wait_ms,5,16,mono,mixed,2000,workload_seed,858.355945044325
poisson,112.6,0.0,,analytical,E1,E1-608c400d1048,43.4,0.0,starvation_proxy_count,5,16,mono,mixed,2000,workload_seed,74.91194831266905
poisson,0.9950602912177778,0.906448860352981,,analytical,E1,E1-608c400d1048,0.9566245360303632,0.9884770371447247,waiting_satisfaction_jain,5,16,mono,mixed,2000,workload_seed,0.05671129737772308
poisson,1410.301738326857,210.33732397871754,,analytical,E1,E1-608c400d1048,806.265445505929,427.62296140087255,short_prompt_ttft_p95_ms,5,16,mono,mixed,2000,workload_seed,786.8073510881136
poisson,1579.2276135141242,335.72475531575407,,analytical,E1,E1-608c400d1048,926.5978740062983,442.1953478503183,long_prompt_ttft_p95_ms,5,16,mono,mixed,2000,workload_seed,799.9341338992634
poisson,107.88859999999995,1.0466000000000002,,analytical,E1,E1-608c400d1048,49.44419999999998,3.940999999999999,primer_max_itl_ms,5,16,mono,mixed,2000,workload_seed,68.33327063151593
poisson,55.0,8.6,,analytical,E1,E1-608c400d1048,31.8,39.0,backlog_at_arrival_end,5,16,mono,mixed,2000,workload_seed,29.277978072264485
poisson,0.9900935862042214,0.8914561571857609,,analytical,E1,E1-608c400d1048,0.9407748716949911,0.9713039865204666,server_busy_fraction,5,16,mono,mixed,2000,workload_seed,0.06617548920328728
poisson,0.7841330345040397,0.2805004233365081,,analytical,E1,E1-608c400d1048,0.5308873773661787,0.6189891315418177,batch_slot_occupancy,5,16,mono,mixed,2000,workload_seed,0.3208992648087666
poisson,2730.6131864128156,1740.4272507869614,,analytical,E10,E10-5e2b2aeb6c24,2190.5010176347114,2045.8421337536977,ttft_p50_ms,5,64,chunk_512,mixed,2000,workload_seed,647.9708690611315
poisson,5748.535038411111,4625.3272704914725,,analytical,E10,E10-5e2b2aeb6c24,5128.159403072323,4792.187571029679,ttft_p95_ms,5,64,chunk_512,mixed,2000,workload_seed,759.7048221610006
poisson,5895.958890563832,4769.738446525084,,analytical,E10,E10-5e2b2aeb6c24,5288.437364652539,5140.9836482944265,ttft_p99_ms,5,64,chunk_512,mixed,2000,workload_seed,729.0969418702949
poisson,16.906316809557747,16.568429471175996,,analytical,E10,E10-5e2b2aeb6c24,16.731670114677573,16.651773880596945,tpot_p95_ms,5,64,chunk_512,mixed,2000,workload_seed,0.2332828307414206
poisson,17.83826905261377,17.630861151531057,,analytical,E10,E10-5e2b2aeb6c24,17.736947177793674,17.7422487500002,tpot_p99_ms,5,64,chunk_512,mixed,2000,workload_seed,0.13786446723557688
poisson,7415.60183056089,6227.94693622516,,analytical,E10,E10-5e2b2aeb6c24,6822.763016791813,6883.186684224781,e2e_p95_ms,5,64,chunk_512,mixed,2000,workload_seed,773.3153576108255
poisson,18.938399999999955,18.615999999999985,,analytical,E10,E10-5e2b2aeb6c24,18.777199999999947,18.615999999999985,itl_p95_ms,5,64,chunk_512,mixed,2000,workload_seed,0.22073219067453062
poisson,19.019000000000233,19.01899999999996,,analytical,E10,E10-5e2b2aeb6c24,19.01900000000014,19.019000000000233,itl_p99_ms,5,64,chunk_512,mixed,2000,workload_seed,2.033691978340166e-13
poisson,16.58738089738202,14.670331863245494,,analytical,E10,E10-5e2b2aeb6c24,15.594753632812626,15.525835171668822,request_throughput_rps,5,64,chunk_512,mixed,2000,workload_seed,1.2239928288837234
poisson,2061.5890058558375,1880.9974907854685,,analytical,E10,E10-5e2b2aeb6c24,1976.6056745670746,1991.4380148062357,output_token_throughput_tps,5,64,chunk_512,mixed,2000,workload_seed,108.90855649839575
poisson,13.104594150432371,8.319169376170754,,analytical,E10,E10-5e2b2aeb6c24,10.717295730284985,10.856350698014474,observed_request_throughput_rps,5,64,chunk_512,mixed,2000,workload_seed,3.0035402955346675
poisson,0.8653451683192613,0.7366821768722295,,analytical,E10,E10-5e2b2aeb6c24,0.8020646248849974,0.8496423871577465,iteration_cv,5,64,chunk_512,mixed,2000,workload_seed,0.08434150999090784
poisson,5909.956323237549,4803.802373127515,,analytical,E10,E10-5e2b2aeb6c24,5317.165285078352,5215.037307139566,max_wait_ms,5,64,chunk_512,mixed,2000,workload_seed,717.904513907468
poisson,88.8,77.6,,analytical,E10,E10-5e2b2aeb6c24,83.2,88.0,starvation_proxy_count,5,64,chunk_512,mixed,2000,workload_seed,8.043631020876083
poisson,0.7604133651202181,0.7095661092809026,,analytical,E10,E10-5e2b2aeb6c24,0.7365372270118782,0.7416798492081662,waiting_satisfaction_jain,5,64,chunk_512,mixed,2000,workload_seed,0.032949708388100275
poisson,5757.00024144693,4610.555822837874,,analytical,E10,E10-5e2b2aeb6c24,5119.503751708391,4786.15760563992,short_prompt_ttft_p95_ms,5,64,chunk_512,mixed,2000,workload_seed,773.2206727514827
poisson,5549.2926851822,4522.097506650362,,analytical,E10,E10-5e2b2aeb6c24,4976.294157703853,4677.245868675099,long_prompt_ttft_p95_ms,5,64,chunk_512,mixed,2000,workload_seed,694.490995361268
poisson,16.1184,6.243799999999998,,analytical,E10,E10-5e2b2aeb6c24,11.319199999999999,12.09899999999999,primer_max_itl_ms,5,64,chunk_512,mixed,2000,workload_seed,6.181670178843256
poisson,113.4,103.8,,analytical,E10,E10-5e2b2aeb6c24,108.6,109.0,backlog_at_arrival_end,5,64,chunk_512,mixed,2000,workload_seed,6.58027355054484
poisson,0.9999999999999956,0.9987803853493642,,analytical,E10,E10-5e2b2aeb6c24,0.9995934617831163,0.9999999999999898,server_busy_fraction,5,64,chunk_512,mixed,2000,workload_seed,0.0009090470883867502
poisson,0.8050054138239542,0.739828933319165,,analytical,E10,E10-5e2b2aeb6c24,0.7756779407741602,0.7907379447156774,batch_slot_occupancy,5,64,chunk_512,mixed,2000,workload_seed,0.04219509250211463
poisson,3887.517113170241,2959.1039339904337,,analytical,E10,E10-5e2b2aeb6c24,3395.740021702752,3473.872952808918,ttft_p50_ms,5,64,fcfs,mixed,2000,workload_seed,625.9115572408273
poisson,7287.5635498919555,6028.6432985832125,,analytical,E10,E10-5e2b2aeb6c24,6611.92665534271,6431.431265302215,ttft_p95_ms,5,64,fcfs,mixed,2000,workload_seed,813.6662452298445
poisson,7454.952003917502,6296.100461037728,,analytical,E10,E10-5e2b2aeb6c24,6829.291556378562,6673.826525565063,ttft_p99_ms,5,64,fcfs,mixed,2000,workload_seed,776.3345009026918
poisson,0.32300000000032014,0.32300000000032014,,analytical,E10,E10-5e2b2aeb6c24,0.32300000000032014,0.32300000000032014,tpot_p95_ms,5,64,fcfs,mixed,2000,workload_seed,0.0
poisson,0.32300000000032014,0.32300000000032014,,analytical,E10,E10-5e2b2aeb6c24,0.32300000000032014,0.32300000000032014,tpot_p99_ms,5,64,fcfs,mixed,2000,workload_seed,0.0
poisson,7322.85542114556,6047.070466651361,,analytical,E10,E10-5e2b2aeb6c24,6639.847928367331,6446.857465585461,e2e_p95_ms,5,64,fcfs,mixed,2000,workload_seed,825.564517192112
poisson,0.32300000000032014,0.32300000000032014,,analytical,E10,E10-5e2b2aeb6c24,0.32300000000032014,0.32300000000032014,itl_p95_ms,5,64,fcfs,mixed,2000,workload_seed,0.0
poisson,0.32300000000032014,0.32300000000032014,,analytical,E10,E10-5e2b2aeb6c24,0.32300000000032014,0.32300000000032014,itl_p99_ms,5,64,fcfs,mixed,2000,workload_seed,0.0
poisson,15.743797091490814,13.912873726781829,,analytical,E10,E10-5e2b2aeb6c24,14.83876800807749,14.815433839302772,request_throughput_rps,5,64,fcfs,mixed,2000,workload_seed,1.1794346073287088
poisson,1963.7599502010085,1784.0881774334134,,analytical,E10,E10-5e2b2aeb6c24,1880.9966560804357,1898.3711620865665,output_token_throughput_tps,5,64,fcfs,mixed,2000,workload_seed,110.83453531798382
poisson,17.673772473078177,13.089242254694136,,analytical,E10,E10-5e2b2aeb6c24,15.552733335310924,16.35148152555431,observed_request_throughput_rps,5,64,fcfs,mixed,2000,workload_seed,3.054709183657631
poisson,8.399616243896958,7.6899458246928205,,analytical,E10,E10-5e2b2aeb6c24,8.044781034294889,7.887456260960454,iteration_cv,5,64,fcfs,mixed,2000,workload_seed,0.45349515012451536
poisson,7503.4541040123995,6320.039230270947,,analytical,E10,E10-5e2b2aeb6c24,6858.0126477346985,6679.092355372852,max_wait_ms,5,64,fcfs,mixed,2000,workload_seed,778.1091873196481
poisson,110.0,100.6,,analytical,E10,E10-5e2b2aeb6c24,105.6,106.0,starvation_proxy_count,5,64,fcfs,mixed,2000,workload_seed,6.188699378706321
poisson,0.7135821807060846,0.6768940455046101,,analytical,E10,E10-5e2b2aeb6c24,0.6962871758986833,0.6998775448902056,waiting_satisfaction_jain,5,64,fcfs,mixed,2000,workload_seed,0.023880065466327063
poisson,7310.982052791679,6019.756102839596,,analytical,E10,E10-5e2b2aeb6c24,6609.44077917023,6389.004421640846,short_prompt_ttft_p95_ms,5,64,fcfs,mixed,2000,workload_seed,833.7809988184025
poisson,7033.9709147027415,5788.332346651861,,analytical,E10,E10-5e2b2aeb6c24,6386.03741770582,6273.975953736524,long_prompt_ttft_p95_ms,5,64,fcfs,mixed,2000,workload_seed,798.0685481441941
poisson,0.3230000000000047,0.3230000000000004,,analytical,E10,E10-5e2b2aeb6c24,0.32300000000000184,0.3230000000000004,primer_max_itl_ms,5,64,fcfs,mixed,2000,workload_seed,3.1776437161565094e-15
poisson,105.8,94.6,,analytical,E10,E10-5e2b2aeb6c24,100.0,100.0,backlog_at_arrival_end,5,64,fcfs,mixed,2000,workload_seed,6.745368781616021
poisson,0.9999999999997261,0.9988597220629684,,analytical,E10,E10-5e2b2aeb6c24,0.9996199073541261,0.9999999999996871,server_busy_fraction,5,64,fcfs,mixed,2000,workload_seed,0.0008499129932590521
poisson,0.03125,0.03125,,analytical,E10,E10-5e2b2aeb6c24,0.03125,0.03125,batch_slot_occupancy,5,64,fcfs,mixed,2000,workload_seed,0.0
poisson,2640.754416664123,1706.7584033096568,,analytical,E10,E10-5e2b2aeb6c24,2160.3437556461654,2168.214762195145,ttft_p50_ms,5,64,mono,mixed,2000,workload_seed,618.1900856348293
poisson,5795.807339889379,4605.198048112497,,analytical,E10,E10-5e2b2aeb6c24,5127.400315822145,4820.372371029708,ttft_p95_ms,5,64,mono,mixed,2000,workload_seed,780.786708285422
poisson,5931.524817838346,4783.6034911919205,,analytical,E10,E10-5e2b2aeb6c24,5316.91622991871,5283.4189623136335,ttft_p99_ms,5,64,mono,mixed,2000,workload_seed,742.6983384085768
poisson,27.085847037037105,24.545070725983372,,analytical,E10,E10-5e2b2aeb6c24,25.554805520596137,25.124997872340607,tpot_p95_ms,5,64,mono,mixed,2000,workload_seed,1.7352679655212127
poisson,37.57520930390443,30.822074319347404,,analytical,E10,E10-5e2b2aeb6c24,33.612708509032686,32.005825000000016,tpot_p99_ms,5,64,mono,mixed,2000,workload_seed,4.359397974101841
poisson,7625.312594624808,6470.597109081192,,analytical,E10,E10-5e2b2aeb6c24,7041.221528494588,7042.811634224801,e2e_p95_ms,5,64,mono,mixed,2000,workload_seed,753.0179622261081
poisson,53.042600000000036,37.9886600000001,,analytical,E10,E10-5e2b2aeb6c24,44.825,45.31700000000001,itl_p95_ms,5,64,mono,mixed,2000,workload_seed,9.945241173546254
poisson,156.55279999999985,141.8336,,analytical,E10,E10-5e2b2aeb6c24,150.36359999999988,154.53399999999965,itl_p99_ms,5,64,mono,mixed,2000,workload_seed,9.556846357454877
poisson,16.26530502918138,14.358552142952126,,analytical,E10,E10-5e2b2aeb6c24,15.316002757014076,15.316697246213185,request_throughput_rps,5,64,mono,mixed,2000,workload_seed,1.2147021122729809
poisson,2029.311131173545,1841.1372574431948,,analytical,E10,E10-5e2b2aeb6c24,1941.536002815923,1955.0706075165308,output_token_throughput_tps,5,64,mono,mixed,2000,workload_seed,115.2117249440795
poisson,11.236672243082179,6.946556507550414,,analytical,E10,E10-5e2b2aeb6c24,9.03362094142827,9.142190061485874,observed_request_throughput_rps,5,64,mono,mixed,2000,workload_seed,2.8818793805767022
poisson,2.1218276031560763,1.8842771208425682,,analytical,E10,E10-5e2b2aeb6c24,2.0087925813682816,2.016692344359533,iteration_cv,5,64,mono,mixed,2000,workload_seed,0.146625277658791
poisson,5959.20322178674,4854.338124501582,,analytical,E10,E10-5e2b2aeb6c24,5366.4699996428435,5377.988307139608,max_wait_ms,5,64,mono,mixed,2000,workload_seed,722.1510372158519
poisson,86.0,75.4,,analytical,E10,E10-5e2b2aeb6c24,80.8,80.0,starvation_proxy_count,5,64,mono,mixed,2000,workload_seed,7.259476565152615
poisson,0.7529823640063882,0.7042185279700408,,analytical,E10,E10-5e2b2aeb6c24,0.7306416929950907,0.7367456787951139,waiting_satisfaction_jain,5,64,mono,mixed,2000,workload_seed,0.03197682400778912
poisson,5822.886377208755,4595.10343988505,,analytical,E10,E10-5e2b2aeb6c24,5130.092492007585,4808.285805639949,short_prompt_ttft_p95_ms,5,64,mono,mixed,2000,workload_seed,803.6322668903066
poisson,5562.669201035639,4389.126866650382,,analytical,E10,E10-5e2b2aeb6c24,4906.785287703873,4554.956953734292,long_prompt_ttft_p95_ms,5,64,mono,mixed,2000,workload_seed,745.0506838188367
poisson,157.1784,37.0496,,analytical,E10,E10-5e2b2aeb6c24,97.114,156.856,primer_max_itl_ms,5,64,mono,mixed,2000,workload_seed,82.25396217812246
poisson,116.0,106.8,,analytical,E10,E10-5e2b2aeb6c24,111.6,112.0,backlog_at_arrival_end,5,64,mono,mixed,2000,workload_seed,6.2289646009589745
poisson,0.9999999999999923,0.9988026578089615,,analytical,E10,E10-5e2b2aeb6c24,0.999600885936314,0.9999999999999895,server_busy_fraction,5,64,mono,mixed,2000,workload_seed,0.0008924461771564067
poisson,0.8837267144237849,0.870524403009852,,analytical,E10,E10-5e2b2aeb6c24,0.8772063779965293,0.8775269147523418,batch_slot_occupancy,5,64,mono,mixed,2000,workload_seed,0.00892680040833815
poisson,2644.9042634217167,1697.9810047772603,,analytical,E10,E10-818f5dc31b5a,2154.2339977404185,2110.0792621951437,ttft_p50_ms,5,64,chunk_512,mixed,2000,workload_seed,614.3323863141856
poisson,5691.353653963464,4576.763621268627,,analytical,E10,E10-818f5dc31b5a,5069.387574671986,4763.073571029693,ttft_p95_ms,5,64,chunk_512,mixed,2000,workload_seed,719.6480512417866
poisson,5912.088486254053,4778.465742709981,,analytical,E10,E10-818f5dc31b5a,5287.403242712293,5212.816348201792,ttft_p99_ms,5,64,chunk_512,mixed,2000,workload_seed,729.7526079443284
poisson,26.60463827868354,22.987344614077,,analytical,E10,E10-818f5dc31b5a,24.37002479559014,23.517272271914212,tpot_p95_ms,5,64,chunk_512,mixed,2000,workload_seed,2.4507143325042544
poisson,34.82843338076923,30.08365201282057,,analytical,E10,E10-818f5dc31b5a,32.73567990833336,33.62270833333337,tpot_p99_ms,5,64,chunk_512,mixed,2000,workload_seed,3.130299058824458
poisson,7601.09401264128,6432.463687259647,,analytical,E10,E10-818f5dc31b5a,7012.876994284097,7010.077347239125,e2e_p95_ms,5,64,chunk_512,mixed,2000,workload_seed,761.8520633606196
poisson,35.21819999999989,28.545400000000154,,analytical,E10,E10-818f5dc31b5a,31.88180000000002,29.48700000000008,itl_p95_ms,5,64,chunk_512,mixed,2000,workload_seed,4.393121976453471
poisson,42.15088399999969,37.013999999999875,,analytical,E10,E10-818f5dc31b5a,39.58244199999979,38.46600000000001,itl_p99_ms,5,64,chunk_512,mixed,2000,workload_seed,3.2880621233211653
poisson,16.303416665303068,14.395524459255716,,analytical,E10,E10-818f5dc31b5a,15.350857313142123,15.347068560031113,request_throughput_rps,5,64,chunk_512,mixed,2000,workload_seed,1.2149729537576075
poisson,2033.5853647366519,1845.870387402394,,analytical,E10,E10-818f5dc31b5a,1945.9463217681691,1959.1743026028282,output_token_throughput_tps,5,64,chunk_512,mixed,2000,workload_seed,114.8766897278054
poisson,11.693005778092504,7.335234747531253,,analytical,E10,E10-818f5dc31b5a,9.364228314672385,9.142190061485874,observed_request_throughput_rps,5,64,chunk_512,mixed,2000,workload_seed,2.96054731015554
poisson,1.1099863134430579,0.9487437771808651,,analytical,E10,E10-818f5dc31b5a,1.04162679391613,1.0595460389543994,iteration_cv,5,64,chunk_512,mixed,2000,workload_seed,0.1024412717277539
poisson,5915.15197036141,4802.193324501565,,analytical,E10,E10-818f5dc31b5a,5319.400115834391,5371.458307139593,max_wait_ms,5,64,chunk_512,mixed,2000,workload_seed,722.9802167190352
poisson,84.4,74.0,,analytical,E10,E10-818f5dc31b5a,79.4,80.0,starvation_proxy_count,5,64,chunk_512,mixed,2000,workload_seed,6.877499545619759
poisson,0.741659356922168,0.6862612993789302,,analytical,E10,E10-818f5dc31b5a,0.7141361747010774,0.7068675602626489,waiting_satisfaction_jain,5,64,chunk_512,mixed,2000,workload_seed,0.038062033998919255
poisson,5659.604696149993,4505.682257007273,,analytical,E10,E10-818f5dc31b5a,5012.422851678331,4756.603605639934,short_prompt_ttft_p95_ms,5,64,chunk_512,mixed,2000,workload_seed,749.4012323172035
poisson,5638.538230148733,4489.366635412914,,analytical,E10,E10-818f5dc31b5a,4996.7693510229565,4626.920997546993,long_prompt_ttft_p95_ms,5,64,chunk_512,mixed,2000,workload_seed,740.3960112120521
poisson,42.55319999999997,12.4132,,analytical,E10,E10-818f5dc31b5a,27.48319999999999,37.69200000000001,primer_max_itl_ms,5,64,chunk_512,mixed,2000,workload_seed,19.93717968269332
poisson,115.6,105.8,,analytical,E10,E10-818f5dc31b5a,111.0,112.0,backlog_at_arrival_end,5,64,chunk_512,mixed,2000,workload_seed,6.442049363362563
poisson,0.9999999999999941,0.9988001445865521,,analytical,E10,E10-818f5dc31b5a,0.9996000481955118,0.9999999999999908,server_busy_fraction,5,64,chunk_512,mixed,2000,workload_seed,0.0008943194225405949
poisson,0.8966806115803172,0.8868301737602072,,analytical,E10,E10-818f5dc31b5a,0.8915310219609112,0.8903684930077916,batch_slot_occupancy,5,64,chunk_512,mixed,2000,workload_seed,0.006687925857049984
poisson,3887.517113170241,2959.1039339904337,,analytical,E10,E10-818f5dc31b5a,3395.740021702752,3473.872952808918,ttft_p50_ms,5,64,fcfs,mixed,2000,workload_seed,625.9115572408273
poisson,7287.5635498919555,6028.6432985832125,,analytical,E10,E10-818f5dc31b5a,6611.92665534271,6431.431265302215,ttft_p95_ms,5,64,fcfs,mixed,2000,workload_seed,813.6662452298445
poisson,7454.952003917502,6296.100461037728,,analytical,E10,E10-818f5dc31b5a,6829.291556378562,6673.826525565063,ttft_p99_ms,5,64,fcfs,mixed,2000,workload_seed,776.3345009026918
poisson,0.32300000000032014,0.32300000000032014,,analytical,E10,E10-818f5dc31b5a,0.32300000000032014,0.32300000000032014,tpot_p95_ms,5,64,fcfs,mixed,2000,workload_seed,0.0
poisson,0.32300000000032014,0.32300000000032014,,analytical,E10,E10-818f5dc31b5a,0.32300000000032014,0.32300000000032014,tpot_p99_ms,5,64,fcfs,mixed,2000,workload_seed,0.0
poisson,7322.85542114556,6047.070466651361,,analytical,E10,E10-818f5dc31b5a,6639.847928367331,6446.857465585461,e2e_p95_ms,5,64,fcfs,mixed,2000,workload_seed,825.564517192112
poisson,0.32300000000032014,0.32300000000032014,,analytical,E10,E10-818f5dc31b5a,0.32300000000032014,0.32300000000032014,itl_p95_ms,5,64,fcfs,mixed,2000,workload_seed,0.0
poisson,0.32300000000032014,0.32300000000032014,,analytical,E10,E10-818f5dc31b5a,0.32300000000032014,0.32300000000032014,itl_p99_ms,5,64,fcfs,mixed,2000,workload_seed,0.0
poisson,15.743797091490814,13.912873726781829,,analytical,E10,E10-818f5dc31b5a,14.83876800807749,14.815433839302772,request_throughput_rps,5,64,fcfs,mixed,2000,workload_seed,1.1794346073287088
poisson,1963.7599502010085,1784.0881774334134,,analytical,E10,E10-818f5dc31b5a,1880.9966560804357,1898.3711620865665,output_token_throughput_tps,5,64,fcfs,mixed,2000,workload_seed,110.83453531798382
poisson,17.673772473078177,13.089242254694136,,analytical,E10,E10-818f5dc31b5a,15.552733335310924,16.35148152555431,observed_request_throughput_rps,5,64,fcfs,mixed,2000,workload_seed,3.054709183657631
poisson,8.399616243896958,7.6899458246928205,,analytical,E10,E10-818f5dc31b5a,8.044781034294889,7.887456260960454,iteration_cv,5,64,fcfs,mixed,2000,workload_seed,0.45349515012451536
poisson,7503.4541040123995,6320.039230270947,,analytical,E10,E10-818f5dc31b5a,6858.0126477346985,6679.092355372852,max_wait_ms,5,64,fcfs,mixed,2000,workload_seed,778.1091873196481
poisson,110.0,100.6,,analytical,E10,E10-818f5dc31b5a,105.6,106.0,starvation_proxy_count,5,64,fcfs,mixed,2000,workload_seed,6.188699378706321
poisson,0.7135821807060846,0.6768940455046101,,analytical,E10,E10-818f5dc31b5a,0.6962871758986833,0.6998775448902056,waiting_satisfaction_jain,5,64,fcfs,mixed,2000,workload_seed,0.023880065466327063
poisson,7310.982052791679,6019.756102839596,,analytical,E10,E10-818f5dc31b5a,6609.44077917023,6389.004421640846,short_prompt_ttft_p95_ms,5,64,fcfs,mixed,2000,workload_seed,833.7809988184025
poisson,7033.9709147027415,5788.332346651861,,analytical,E10,E10-818f5dc31b5a,6386.03741770582,6273.975953736524,long_prompt_ttft_p95_ms,5,64,fcfs,mixed,2000,workload_seed,798.0685481441941
poisson,0.3230000000000047,0.3230000000000004,,analytical,E10,E10-818f5dc31b5a,0.32300000000000184,0.3230000000000004,primer_max_itl_ms,5,64,fcfs,mixed,2000,workload_seed,3.1776437161565094e-15
poisson,105.8,94.6,,analytical,E10,E10-818f5dc31b5a,100.0,100.0,backlog_at_arrival_end,5,64,fcfs,mixed,2000,workload_seed,6.745368781616021
poisson,0.9999999999997261,0.9988597220629684,,analytical,E10,E10-818f5dc31b5a,0.9996199073541261,0.9999999999996871,server_busy_fraction,5,64,fcfs,mixed,2000,workload_seed,0.0008499129932590521
poisson,0.03125,0.03125,,analytical,E10,E10-818f5dc31b5a,0.03125,0.03125,batch_slot_occupancy,5,64,fcfs,mixed,2000,workload_seed,0.0
poisson,2655.4650109447953,1684.6872033096565,,analytical,E10,E10-818f5dc31b5a,2156.1949999123713,2147.672000248067,ttft_p50_ms,5,64,mono,mixed,2000,workload_seed,633.7760909227206
poisson,5827.236645844568,4608.141137443711,,analytical,E10,E10-818f5dc31b5a,5143.657242922028,4821.575371029713,ttft_p95_ms,5,64,mono,mixed,2000,workload_seed,793.2209966104448
poisson,5955.598716102443,4803.828900447628,,analytical,E10,E10-818f5dc31b5a,5336.281834883591,5289.7224823136385,ttft_p99_ms,5,64,mono,mixed,2000,workload_seed,743.168140308923
poisson,29.60387438872224,24.125275001295126,,analytical,E10,E10-818f5dc31b5a,26.168759575202472,24.499103205128193,tpot_p95_ms,5,64,mono,mixed,2000,workload_seed,3.7989354869846985
poisson,46.620196131818204,34.96676183583171,,analytical,E10,E10-818f5dc31b5a,40.740374133156095,39.59759800000024,tpot_p99_ms,5,64,mono,mixed,2000,workload_seed,7.670139891197192
poisson,7652.100347435562,6482.443289134075,,analytical,E10,E10-818f5dc31b5a,7058.932829431507,7046.495334224805,e2e_p95_ms,5,64,mono,mixed,2000,workload_seed,763.0671487631735
poisson,51.56312000000003,34.97260000000015,,analytical,E10,E10-818f5dc31b5a,42.27920000000008,37.58699999999999,itl_p95_ms,5,64,mono,mixed,2000,workload_seed,10.786069219136259
poisson,156.96959999999999,151.71859999999998,,analytical,E10,E10-818f5dc31b5a,154.81319999999997,155.8119999999999,itl_p99_ms,5,64,mono,mixed,2000,workload_seed,3.5052605038712947
poisson,16.242068312631545,14.337576351148888,,analytical,E10,E10-818f5dc31b5a,15.293811681354338,15.296277543307658,request_throughput_rps,5,64,mono,mixed,2000,workload_seed,1.2132882232262974
poisson,2026.529472806778,1838.4435826262707,,analytical,E10,E10-818f5dc31b5a,1938.720906790797,1952.2753027621716,output_token_throughput_tps,5,64,mono,mixed,2000,workload_seed,115.06561898858588
poisson,11.359567043835254,7.315240909809637,,analytical,E10,E10-818f5dc31b5a,9.156515742181343,9.142190061485874,observed_request_throughput_rps,5,64,mono,mixed,2000,workload_seed,2.737366127645698
poisson,2.347023448071716,2.0421173024033656,,analytical,E10,E10-818f5dc31b5a,2.181593517302172,2.1126686334055185,iteration_cv,5,64,mono,mixed,2000,workload_seed,0.1914675506062811
poisson,5996.098570361432,4890.123373127551,,analytical,E10,E10-818f5dc31b5a,5400.791475464386,5400.018307139614,max_wait_ms,5,64,mono,mixed,2000,workload_seed,724.2856885488262
poisson,85.8,75.4,,analytical,E10,E10-818f5dc31b5a,80.8,81.0,starvation_proxy_count,5,64,mono,mixed,2000,workload_seed,7.014271166700072
poisson,0.7451932961807838,0.6901363599004963,,analytical,E10,E10-818f5dc31b5a,0.7203667463248344,0.7240875876930226,waiting_satisfaction_jain,5,64,mono,mixed,2000,workload_seed,0.035832982104566743
poisson,5847.098230236898,4599.595599885055,,analytical,E10,E10-818f5dc31b5a,5141.002820797209,4809.488805639954,short_prompt_ttft_p95_ms,5,64,mono,mixed,2000,workload_seed,802.5846162684554
poisson,5576.238941035643,4391.889325237511,,analytical,E10,E10-818f5dc31b5a,4914.424436291001,4559.656446669918,long_prompt_ttft_p95_ms,5,64,mono,mixed,2000,workload_seed,750.5375612548065
poisson,214.2572,46.53279999999999,,analytical,E10,E10-818f5dc31b5a,130.1354,201.67600000000016,primer_max_itl_ms,5,64,mono,mixed,2000,workload_seed,112.5773212298996
poisson,115.6,106.8,,analytical,E10,E10-818f5dc31b5a,111.4,112.0,backlog_at_arrival_end,5,64,mono,mixed,2000,workload_seed,5.9833101206606365
poisson,0.9999999999999922,0.9988043697350198,,analytical,E10,E10-818f5dc31b5a,0.9996014565783333,0.9999999999999898,server_busy_fraction,5,64,mono,mixed,2000,workload_seed,0.0008911701828098415
poisson,0.8950448369607351,0.8834420357009879,,analytical,E10,E10-818f5dc31b5a,0.8889934498591879,0.8885034313255097,batch_slot_occupancy,5,64,mono,mixed,2000,workload_seed,0.007897831163248402
poisson,3111.945128174683,2251.1758254893452,,analytical,E10,E10-c724198a6807,2657.7393689595146,2571.3878186125307,ttft_p50_ms,5,64,chunk_512,mixed,2000,workload_seed,549.2271027438436
poisson,6023.57715849082,4809.28520924178,,analytical,E10,E10-c724198a6807,5364.777643093328,5127.55372383041,ttft_p95_ms,5,64,chunk_512,mixed,2000,workload_seed,790.8684304763439
poisson,6188.864255131147,5013.847461270966,,analytical,E10,E10-c724198a6807,5535.675368538574,5242.04533829422,ttft_p99_ms,5,64,chunk_512,mixed,2000,workload_seed,768.6577746781012
poisson,6.3648177447182706,5.175026465401629,,analytical,E10,E10-c724198a6807,5.723897510903264,5.387838873239355,tpot_p95_ms,5,64,chunk_512,mixed,2000,workload_seed,0.7699444744857078
poisson,13.777195358879847,7.43150205206927,,analytical,E10,E10-c724198a6807,9.960834596642055,8.468737272727376,tpot_p99_ms,5,64,chunk_512,mixed,2000,workload_seed,4.175270035827019
poisson,6395.870202134125,5173.554417603612,,analytical,E10,E10-c724198a6807,5722.02421046602,5435.806136182292,e2e_p95_ms,5,64,chunk_512,mixed,2000,workload_seed,782.221743561541
poisson,11.0030000000001,11.002999999999997,,analytical,E10,E10-c724198a6807,11.003000000000043,11.003000000000043,itl_p95_ms,5,64,chunk_512,mixed,2000,workload_seed,6.961868572213853e-14
poisson,19.960000000000036,15.024400000000242,,analytical,E10,E10-c724198a6807,18.314800000000094,19.960000000000036,itl_p99_ms,5,64,chunk_512,mixed,2000,workload_seed,3.678779036582495
poisson,17.976353586988107,15.835063827157295,,analytical,E10,E10-c724198a6807,16.95506657508275,17.082744946210326,request_throughput_rps,5,64,chunk_512,mixed,2000,workload_seed,1.4012928707168246
poisson,2256.043168452901,2025.6119737798485,,analytical,E10,E10-c724198a6807,2149.562083597213,2170.2450592335317,output_token_throughput_tps,5,64,chunk_512,mixed,2000,workload_seed,142.10172907028493
poisson,18.36943040086382,14.18569718964476,,analytical,E10,E10-c724198a6807,16.298665734498947,15.998832607600278,observed_request_throughput_rps,5,64,chunk_512,mixed,2000,workload_seed,2.738822962250627
poisson,1.1764045174666888,1.0858326724714136,,analytical,E10,E10-c724198a6807,1.1289651153828735,1.1306682757540614,iteration_cv,5,64,chunk_512,mixed,2000,workload_seed,0.05815552299975431
poisson,6201.7865940206,5039.385563481199,,analytical,E10,E10-c724198a6807,5560.2986204697845,5269.793355369931,max_wait_ms,5,64,chunk_512,mixed,2000,workload_seed,757.270874218934
poisson,102.4,90.6,,analytical,E10,E10-c724198a6807,97.0,99.0,starvation_proxy_count,5,64,chunk_512,mixed,2000,workload_seed,7.968688725254614
poisson,0.7315079808880303,0.6764785839776659,,analytical,E10,E10-c724198a6807,0.7041150401449251,0.7021410911873517,waiting_satisfaction_jain,5,64,chunk_512,mixed,2000,workload_seed,0.03434648223455458
poisson,6055.06031939985,4795.759599884868,,analytical,E10,E10-c724198a6807,5364.990592737813,5059.341314583598,short_prompt_ttft_p95_ms,5,64,chunk_512,mixed,2000,workload_seed,816.2130241514335
poisson,5731.684174700253,4689.339496825644,,analytical,E10,E10-c724198a6807,5176.821507879081,5011.097704611159,long_prompt_ttft_p95_ms,5,64,chunk_512,mixed,2000,workload_seed,659.2177068029027
poisson,28.77600000000001,8.866800000000007,,analytical,E10,E10-c724198a6807,17.999800000000004,19.95999999999998,primer_max_itl_ms,5,64,chunk_512,mixed,2000,workload_seed,13.429051053592733
poisson,103.60999999999994,93.6,,analytical,E10,E10-c724198a6807,98.6,100.0,backlog_at_arrival_end,5,64,chunk_512,mixed,2000,workload_seed,6.877499545619759
poisson,1.0,0.9986708787067393,,analytical,E10,E10-c724198a6807,0.9995569595689131,1.0,server_busy_fraction,5,64,chunk_512,mixed,2000,workload_seed,0.0009906685206911559
poisson,0.24636300863904773,0.24318650726340074,,analytical,E10,E10-c724198a6807,0.24459563793805797,0.24323828026577535,batch_slot_occupancy,5,64,chunk_512,mixed,2000,workload_seed,0.0020272619433553316
poisson,3887.517113170241,2959.1039339904337,,analytical,E10,E10-c724198a6807,3395.740021702752,3473.872952808918,ttft_p50_ms,5,64,fcfs,mixed,2000,workload_seed,625.9115572408273
poisson,7287.5635498919555,6028.6432985832125,,analytical,E10,E10-c724198a6807,6611.92665534271,6431.431265302215,ttft_p95_ms,5,64,fcfs,mixed,2000,workload_seed,813.6662452298445
poisson,7454.952003917502,6296.100461037728,,analytical,E10,E10-c724198a6807,6829.291556378562,6673.826525565063,ttft_p99_ms,5,64,fcfs,mixed,2000,workload_seed,776.3345009026918
poisson,0.32300000000032014,0.32300000000032014,,analytical,E10,E10-c724198a6807,0.32300000000032014,0.32300000000032014,tpot_p95_ms,5,64,fcfs,mixed,2000,workload_seed,0.0
poisson,0.32300000000032014,0.32300000000032014,,analytical,E10,E10-c724198a6807,0.32300000000032014,0.32300000000032014,tpot_p99_ms,5,64,fcfs,mixed,2000,workload_seed,0.0
poisson,7322.85542114556,6047.070466651361,,analytical,E10,E10-c724198a6807,6639.847928367331,6446.857465585461,e2e_p95_ms,5,64,fcfs,mixed,2000,workload_seed,825.564517192112
poisson,0.32300000000032014,0.32300000000032014,,analytical,E10,E10-c724198a6807,0.32300000000032014,0.32300000000032014,itl_p95_ms,5,64,fcfs,mixed,2000,workload_seed,0.0
poisson,0.32300000000032014,0.32300000000032014,,analytical,E10,E10-c724198a6807,0.32300000000032014,0.32300000000032014,itl_p99_ms,5,64,fcfs,mixed,2000,workload_seed,0.0
poisson,15.743797091490814,13.912873726781829,,analytical,E10,E10-c724198a6807,14.83876800807749,14.815433839302772,request_throughput_rps,5,64,fcfs,mixed,2000,workload_seed,1.1794346073287088
poisson,1963.7599502010085,1784.0881774334134,,analytical,E10,E10-c724198a6807,1880.9966560804357,1898.3711620865665,output_token_throughput_tps,5,64,fcfs,mixed,2000,workload_seed,110.83453531798382
poisson,17.673772473078177,13.089242254694136,,analytical,E10,E10-c724198a6807,15.552733335310924,16.35148152555431,observed_request_throughput_rps,5,64,fcfs,mixed,2000,workload_seed,3.054709183657631
poisson,8.399616243896958,7.6899458246928205,,analytical,E10,E10-c724198a6807,8.044781034294889,7.887456260960454,iteration_cv,5,64,fcfs,mixed,2000,workload_seed,0.45349515012451536
poisson,7503.4541040123995,6320.039230270947,,analytical,E10,E10-c724198a6807,6858.0126477346985,6679.092355372852,max_wait_ms,5,64,fcfs,mixed,2000,workload_seed,778.1091873196481
poisson,110.0,100.6,,analytical,E10,E10-c724198a6807,105.6,106.0,starvation_proxy_count,5,64,fcfs,mixed,2000,workload_seed,6.188699378706321
poisson,0.7135821807060846,0.6768940455046101,,analytical,E10,E10-c724198a6807,0.6962871758986833,0.6998775448902056,waiting_satisfaction_jain,5,64,fcfs,mixed,2000,workload_seed,0.023880065466327063
poisson,7310.982052791679,6019.756102839596,,analytical,E10,E10-c724198a6807,6609.44077917023,6389.004421640846,short_prompt_ttft_p95_ms,5,64,fcfs,mixed,2000,workload_seed,833.7809988184025
poisson,7033.9709147027415,5788.332346651861,,analytical,E10,E10-c724198a6807,6386.03741770582,6273.975953736524,long_prompt_ttft_p95_ms,5,64,fcfs,mixed,2000,workload_seed,798.0685481441941
poisson,0.3230000000000047,0.3230000000000004,,analytical,E10,E10-c724198a6807,0.32300000000000184,0.3230000000000004,primer_max_itl_ms,5,64,fcfs,mixed,2000,workload_seed,3.1776437161565094e-15
poisson,105.8,94.6,,analytical,E10,E10-c724198a6807,100.0,100.0,backlog_at_arrival_end,5,64,fcfs,mixed,2000,workload_seed,6.745368781616021
poisson,0.9999999999997261,0.9988597220629684,,analytical,E10,E10-c724198a6807,0.9996199073541261,0.9999999999996871,server_busy_fraction,5,64,fcfs,mixed,2000,workload_seed,0.0008499129932590521
poisson,0.03125,0.03125,,analytical,E10,E10-c724198a6807,0.03125,0.03125,batch_slot_occupancy,5,64,fcfs,mixed,2000,workload_seed,0.0
poisson,3115.1223814429654,2252.409469459257,,analytical,E10,E10-c724198a6807,2660.6454230051336,2571.5159517832417,ttft_p50_ms,5,64,mono,mixed,2000,workload_seed,551.007495494417
poisson,6017.743611792973,4822.4019266119185,,analytical,E10,E10-c724198a6807,5369.7265777903685,5134.167817439351,ttft_p95_ms,5,64,mono,mixed,2000,workload_seed,781.3636782726104
poisson,6189.1851336080235,5014.138107482179,,analytical,E10,E10-c724198a6807,5537.238158473993,5245.407282313379,ttft_p99_ms,5,64,mono,mixed,2000,workload_seed,771.106424075658
poisson,6.242901092869309,5.672894064847171,,analytical,E10,E10-c724198a6807,5.968572739188489,6.080278875379827,tpot_p95_ms,5,64,mono,mixed,2000,workload_seed,0.37908090816401646
poisson,11.479813370665696,8.564475320374179,,analytical,E10,E10-c724198a6807,9.941506077134173,9.81682255681798,tpot_p99_ms,5,64,mono,mixed,2000,workload_seed,1.8132273871323912
poisson,6401.4296524950605,5186.035289720154,,analytical,E10,E10-c724198a6807,5730.489010414747,5444.532160451679,e2e_p95_ms,5,64,mono,mixed,2000,workload_seed,776.2333733427597
poisson,2.9704000000002453,2.0566000000001052,,analytical,E10,E10-c724198a6807,2.3970000000001503,2.0749999999999886,itl_p95_ms,5,64,mono,mixed,2000,workload_seed,0.6243953074776514
poisson,63.61390400000003,43.27563199999868,,analytical,E10,E10-c724198a6807,53.444767999999364,49.41752000000014,itl_p99_ms,5,64,mono,mixed,2000,workload_seed,13.078318778265874
poisson,17.970870255363966,15.830469746765226,,analytical,E10,E10-c724198a6807,16.950696377065857,17.080187342967648,request_throughput_rps,5,64,mono,mixed,2000,workload_seed,1.4016521386488265
poisson,2255.589211428922,2024.9721535426447,,analytical,E10,E10-c724198a6807,2149.009064943487,2169.8922862960003,output_token_throughput_tps,5,64,mono,mixed,2000,workload_seed,142.19610357739776
poisson,18.36943040086382,14.18569718964476,,analytical,E10,E10-c724198a6807,16.298665734498947,15.998832607600278,observed_request_throughput_rps,5,64,mono,mixed,2000,workload_seed,2.738822962250627
poisson,3.524954719761594,3.347409378449708,,analytical,E10,E10-c724198a6807,3.4330445159350127,3.3926245450274113,iteration_cv,5,64,mono,mixed,2000,workload_seed,0.1215396229435491
poisson,6210.621504009228,5051.914963481195,,analytical,E10,E10-c724198a6807,5571.110275464098,5279.110355369929,max_wait_ms,5,64,mono,mixed,2000,workload_seed,756.8578819133287
poisson,103.0,90.8,,analytical,E10,E10-c724198a6807,97.0,98.0,starvation_proxy_count,5,64,mono,mixed,2000,workload_seed,8.18535277187245
poisson,0.7341876189843668,0.6863947721637946,,analytical,E10,E10-c724198a6807,0.71044498448744,0.7021107023445201,waiting_satisfaction_jain,5,64,mono,mixed,2000,workload_seed,0.03296128091696765
poisson,6053.833599399848,4810.527061426783,,analytical,E10,E10-c724198a6807,5373.269323508769,5072.992914583595,short_prompt_ttft_p95_ms,5,64,mono,mixed,2000,workload_seed,808.4168139853724
poisson,5713.924874700254,4656.24760523735,,analytical,E10,E10-c724198a6807,5150.990196290787,4975.569446669688,long_prompt_ttft_p95_ms,5,64,mono,mixed,2000,workload_seed,668.470575314407
poisson,144.6618,15.445399999999996,,analytical,E10,E10-c724198a6807,79.02259999999998,38.52499999999998,primer_max_itl_ms,5,64,mono,mixed,2000,workload_seed,85.2254886216559
poisson,103.60999999999994,93.6,,analytical,E10,E10-c724198a6807,98.6,100.0,backlog_at_arrival_end,5,64,mono,mixed,2000,workload_seed,6.877499545619759
poisson,1.0,0.998671094755163,,analytical,E10,E10-c724198a6807,0.9995570315850543,1.0,server_busy_fraction,5,64,mono,mixed,2000,workload_seed,0.000990507487703793
poisson,0.24506293438783464,0.24296065245530776,,analytical,E10,E10-c724198a6807,0.24374962573253917,0.24321208918980264,batch_slot_occupancy,5,64,mono,mixed,2000,workload_seed,0.0014391703466579294
poisson,3126.8173281746813,2249.6128694592594,,analytical,E10,E10-fcd75a7abace,2663.672132734368,2571.1778186125343,ttft_p50_ms,5,64,chunk_512,mixed,2000,workload_seed,560.1635393409288
poisson,6030.388338490813,4814.12047672706,,analytical,E10,E10-fcd75a7abace,5370.303330936838,5134.419364839133,ttft_p95_ms,5,64,chunk_512,mixed,2000,workload_seed,789.8330785883879
poisson,6190.21864713114,5008.141961465901,,analytical,E10,E10-fcd75a7abace,5533.680607929671,5234.67472231339,ttft_p99_ms,5,64,chunk_512,mixed,2000,workload_seed,771.1887853245091
poisson,5.819833129864992,4.896517333836461,,analytical,E10,E10-fcd75a7abace,5.341006074950951,5.374267788461564,tpot_p95_ms,5,64,chunk_512,mixed,2000,workload_seed,0.6067678667794405
poisson,7.645232991628393,7.477236830529854,,analytical,E10,E10-fcd75a7abace,7.56896930426807,7.597384165834257,tpot_p99_ms,5,64,chunk_512,mixed,2000,workload_seed,0.10821969682946293
poisson,6398.544312134114,5172.6274307497415,,analytical,E10,E10-fcd75a7abace,5721.030115338945,5421.3423191809325,e2e_p95_ms,5,64,chunk_512,mixed,2000,workload_seed,784.8853320823387
poisson,11.002999999999929,11.002999999999748,,analytical,E10,E10-fcd75a7abace,11.002999999999838,11.002999999999929,itl_p95_ms,5,64,chunk_512,mixed,2000,workload_seed,1.2453769102311664e-13
poisson,11.003000000000156,11.003000000000156,,analytical,E10,E10-fcd75a7abace,11.003000000000156,11.003000000000156,itl_p99_ms,5,64,chunk_512,mixed,2000,workload_seed,0.0
poisson,17.976536032510918,15.833373730529,,analytical,E10,E10-fcd75a7abace,16.954878947662667,17.08435466853378,request_throughput_rps,5,64,chunk_512,mixed,2000,workload_seed,1.4016711374325748
poisson,2256.1803426339775,2025.540825214162,,analytical,E10,E10-fcd75a7abace,2149.536997754032,2170.2399271687223,output_token_throughput_tps,5,64,chunk_512,mixed,2000,workload_seed,142.14437462141018
poisson,18.36943040086382,14.18569718964476,,analytical,E10,E10-fcd75a7abace,16.298665734498947,15.998832607600278,observed_request_throughput_rps,5,64,chunk_512,mixed,2000,workload_seed,2.738822962250627
poisson,1.0231297160880124,0.9543748100698204,,analytical,E10,E10-fcd75a7abace,0.9916041666736914,0.9897859984018107,iteration_cv,5,64,chunk_512,mixed,2000,workload_seed,0.04393722763542204
poisson,6209.5823040092255,5036.366444221251,,analytical,E10,E10-fcd75a7abace,5561.443315834124,5270.907355369927,max_wait_ms,5,64,chunk_512,mixed,2000,workload_seed,760.9009064975234
poisson,102.4,90.6,,analytical,E10,E10-fcd75a7abace,97.0,99.0,starvation_proxy_count,5,64,chunk_512,mixed,2000,workload_seed,7.968688725254614
poisson,0.7365432464469759,0.6919726019908911,,analytical,E10,E10-fcd75a7abace,0.7142579242189335,0.7026938635535002,waiting_satisfaction_jain,5,64,chunk_512,mixed,2000,workload_seed,0.0303743273759319
poisson,6063.119679399843,4791.565095501166,,analytical,E10,E10-fcd75a7abace,5366.919960545958,5072.742714583594,short_prompt_ttft_p95_ms,5,64,chunk_512,mixed,2000,workload_seed,819.1719757181879
poisson,5729.74685470025,4676.258186650228,,analytical,E10,E10-fcd75a7abace,5170.199877703661,5002.791953734062,long_prompt_ttft_p95_ms,5,64,chunk_512,mixed,2000,workload_seed,666.4694068625386
poisson,11.003000000000009,5.566999999999995,,analytical,E10,E10-fcd75a7abace,9.039200000000003,11.002999999999986,primer_max_itl_ms,5,64,chunk_512,mixed,2000,workload_seed,3.9804876836890246
poisson,103.60999999999994,93.6,,analytical,E10,E10-fcd75a7abace,98.6,100.0,backlog_at_arrival_end,5,64,chunk_512,mixed,2000,workload_seed,6.877499545619759
poisson,1.0,0.9986708818497654,,analytical,E10,E10-fcd75a7abace,0.9995569606165885,1.0,server_busy_fraction,5,64,chunk_512,mixed,2000,workload_seed,0.0009906661780177634
poisson,0.23845767434829254,0.2364057276709733,,analytical,E10,E10-fcd75a7abace,0.23744698218320445,0.23734251509460122,batch_slot_occupancy,5,64,chunk_512,mixed,2000,workload_seed,0.0012964231639491367
poisson,3887.517113170241,2959.1039339904337,,analytical,E10,E10-fcd75a7abace,3395.740021702752,3473.872952808918,ttft_p50_ms,5,64,fcfs,mixed,2000,workload_seed,625.9115572408273
poisson,7287.5635498919555,6028.6432985832125,,analytical,E10,E10-fcd75a7abace,6611.92665534271,6431.431265302215,ttft_p95_ms,5,64,fcfs,mixed,2000,workload_seed,813.6662452298445
poisson,7454.952003917502,6296.100461037728,,analytical,E10,E10-fcd75a7abace,6829.291556378562,6673.826525565063,ttft_p99_ms,5,64,fcfs,mixed,2000,workload_seed,776.3345009026918
poisson,0.32300000000032014,0.32300000000032014,,analytical,E10,E10-fcd75a7abace,0.32300000000032014,0.32300000000032014,tpot_p95_ms,5,64,fcfs,mixed,2000,workload_seed,0.0
poisson,0.32300000000032014,0.32300000000032014,,analytical,E10,E10-fcd75a7abace,0.32300000000032014,0.32300000000032014,tpot_p99_ms,5,64,fcfs,mixed,2000,workload_seed,0.0
poisson,7322.85542114556,6047.070466651361,,analytical,E10,E10-fcd75a7abace,6639.847928367331,6446.857465585461,e2e_p95_ms,5,64,fcfs,mixed,2000,workload_seed,825.564517192112
poisson,0.32300000000032014,0.32300000000032014,,analytical,E10,E10-fcd75a7abace,0.32300000000032014,0.32300000000032014,itl_p95_ms,5,64,fcfs,mixed,2000,workload_seed,0.0
poisson,0.32300000000032014,0.32300000000032014,,analytical,E10,E10-fcd75a7abace,0.32300000000032014,0.32300000000032014,itl_p99_ms,5,64,fcfs,mixed,2000,workload_seed,0.0
poisson,15.743797091490814,13.912873726781829,,analytical,E10,E10-fcd75a7abace,14.83876800807749,14.815433839302772,request_throughput_rps,5,64,fcfs,mixed,2000,workload_seed,1.1794346073287088
poisson,1963.7599502010085,1784.0881774334134,,analytical,E10,E10-fcd75a7abace,1880.9966560804357,1898.3711620865665,output_token_throughput_tps,5,64,fcfs,mixed,2000,workload_seed,110.83453531798382
poisson,17.673772473078177,13.089242254694136,,analytical,E10,E10-fcd75a7abace,15.552733335310924,16.35148152555431,observed_request_throughput_rps,5,64,fcfs,mixed,2000,workload_seed,3.054709183657631
poisson,8.399616243896958,7.6899458246928205,,analytical,E10,E10-fcd75a7abace,8.044781034294889,7.887456260960454,iteration_cv,5,64,fcfs,mixed,2000,workload_seed,0.45349515012451536
poisson,7503.4541040123995,6320.039230270947,,analytical,E10,E10-fcd75a7abace,6858.0126477346985,6679.092355372852,max_wait_ms,5,64,fcfs,mixed,2000,workload_seed,778.1091873196481
poisson,110.0,100.6,,analytical,E10,E10-fcd75a7abace,105.6,106.0,starvation_proxy_count,5,64,fcfs,mixed,2000,workload_seed,6.188699378706321
poisson,0.7135821807060846,0.6768940455046101,,analytical,E10,E10-fcd75a7abace,0.6962871758986833,0.6998775448902056,waiting_satisfaction_jain,5,64,fcfs,mixed,2000,workload_seed,0.023880065466327063
poisson,7310.982052791679,6019.756102839596,,analytical,E10,E10-fcd75a7abace,6609.44077917023,6389.004421640846,short_prompt_ttft_p95_ms,5,64,fcfs,mixed,2000,workload_seed,833.7809988184025
poisson,7033.9709147027415,5788.332346651861,,analytical,E10,E10-fcd75a7abace,6386.03741770582,6273.975953736524,long_prompt_ttft_p95_ms,5,64,fcfs,mixed,2000,workload_seed,798.0685481441941
poisson,0.3230000000000047,0.3230000000000004,,analytical,E10,E10-fcd75a7abace,0.32300000000000184,0.3230000000000004,primer_max_itl_ms,5,64,fcfs,mixed,2000,workload_seed,3.1776437161565094e-15
poisson,105.8,94.6,,analytical,E10,E10-fcd75a7abace,100.0,100.0,backlog_at_arrival_end,5,64,fcfs,mixed,2000,workload_seed,6.745368781616021
poisson,0.9999999999997261,0.9988597220629684,,analytical,E10,E10-fcd75a7abace,0.9996199073541261,0.9999999999996871,server_busy_fraction,5,64,fcfs,mixed,2000,workload_seed,0.0008499129932590521
poisson,0.03125,0.03125,,analytical,E10,E10-fcd75a7abace,0.03125,0.03125,batch_slot_occupancy,5,64,fcfs,mixed,2000,workload_seed,0.0
poisson,3117.691693950177,2248.5099694592564,,analytical,E10,E10-fcd75a7abace,2660.177279258739,2571.3437330512725,ttft_p50_ms,5,64,mono,mixed,2000,workload_seed,553.599744094545
poisson,6020.103091792973,4821.9531266119175,,analytical,E10,E10-fcd75a7abace,5370.339537790368,5133.119817439352,ttft_p95_ms,5,64,mono,mixed,2000,workload_seed,782.6790950792544
poisson,6188.926261608025,5014.48448348218,,analytical,E10,E10-fcd75a7abace,5537.388918473994,5244.094322313377,ttft_p99_ms,5,64,mono,mixed,2000,workload_seed,770.6911380397331
poisson,6.286364998560833,5.850677484217745,,analytical,E10,E10-fcd75a7abace,6.056895640782012,6.067865038168012,tpot_p95_ms,5,64,mono,mixed,2000,workload_seed,0.27153648591892304
poisson,12.06416475159451,8.585206320746611,,analytical,E10,E10-fcd75a7abace,10.136586389123654,9.926877212121328,tpot_p99_ms,5,64,mono,mixed,2000,workload_seed,2.207011832683999
poisson,6399.772440193349,5184.9489697201525,,analytical,E10,E10-fcd75a7abace,5729.386462980843,5443.6675604516795,e2e_p95_ms,5,64,mono,mixed,2000,workload_seed,776.7357641958791
poisson,3.0289999999999395,2.15340000000009,,analytical,E10,E10-fcd75a7abace,2.540600000000029,2.525000000000091,itl_p95_ms,5,64,mono,mixed,2000,workload_seed,0.5927126622571066
poisson,61.74139999999984,43.18872799999864,,analytical,E10,E10-fcd75a7abace,51.72346399999926,48.98299999999995,itl_p99_ms,5,64,mono,mixed,2000,workload_seed,11.763985999502811
poisson,17.97099644628317,15.830453747804047,,analytical,E10,E10-fcd75a7abace,16.95071343427596,17.080109851794305,request_throughput_rps,5,64,mono,mixed,2000,workload_seed,1.4017027574673666
poisson,2255.588207564271,2024.9703116780845,,analytical,E10,E10-fcd75a7abace,2149.010821912867,2169.8961341093077,output_token_throughput_tps,5,64,mono,mixed,2000,workload_seed,142.19610298119866
poisson,18.36943040086382,14.18569718964476,,analytical,E10,E10-fcd75a7abace,16.298665734498947,15.998832607600278,observed_request_throughput_rps,5,64,mono,mixed,2000,workload_seed,2.738822962250627
poisson,3.492190575121941,3.3175558786374943,,analytical,E10,E10-fcd75a7abace,3.394906532600288,3.347686024319136,iteration_cv,5,64,mono,mixed,2000,workload_seed,0.11778148159776641
poisson,6211.359904009228,5050.9521634811945,,analytical,E10,E10-fcd75a7abace,5570.994275464097,5280.114355369929,max_wait_ms,5,64,mono,mixed,2000,workload_seed,757.4509414952307
poisson,103.0,90.8,,analytical,E10,E10-fcd75a7abace,97.2,99.0,starvation_proxy_count,5,64,mono,mixed,2000,workload_seed,8.228000972289685
poisson,0.736001428357902,0.6914456536060808,,analytical,E10,E10-fcd75a7abace,0.7137235409819913,0.7022338789711605,waiting_satisfaction_jain,5,64,mono,mixed,2000,workload_seed,0.030449122823300343
poisson,6055.967359399848,4809.3395414267825,,analytical,E10,E10-fcd75a7abace,5373.328243508769,5071.944914583596,short_prompt_ttft_p95_ms,5,64,mono,mixed,2000,workload_seed,809.5226323805522
poisson,5715.419074700253,4656.37576523735,,analytical,E10,E10-fcd75a7abace,5151.7890362907865,4974.931846669689,long_prompt_ttft_p95_ms,5,64,mono,mixed,2000,workload_seed,669.2718953062416
poisson,126.99579999999999,15.445400000000001,,analytical,E10,E10-fcd75a7abace,70.1896,38.525000000000006,primer_max_itl_ms,5,64,mono,mixed,2000,workload_seed,73.27157096582548
poisson,103.60999999999994,93.6,,analytical,E10,E10-fcd75a7abace,98.6,100.0,backlog_at_arrival_end,5,64,mono,mixed,2000,workload_seed,6.877499545619759
poisson,1.0,0.9986710923986502,,analytical,E10,E10-fcd75a7abace,0.99955703079955,1.0,server_busy_fraction,5,64,mono,mixed,2000,workload_seed,0.000990509244144818
poisson,0.24358135171119466,0.24185560312746548,,analytical,E10,E10-fcd75a7abace,0.24265608116099213,0.24253234328965853,batch_slot_occupancy,5,64,mono,mixed,2000,workload_seed,0.0011128474386869573
poisson,1203.6456028586756,620.6725148320987,,piecewise,E2,E2-033d3d1a6730,889.8110066847585,817.4567386160855,ttft_p50_ms,5,64,chunk_1024,mixed,2000,workload_seed,377.94857482213786
poisson,2385.647484983622,1616.380411493675,,piecewise,E2,E2-033d3d1a6730,1942.0479153468514,1837.3103889606325,ttft_p95_ms,5,64,chunk_1024,mixed,2000,workload_seed,504.96689258818986
poisson,2436.423838352762,1673.6087026244847,,piecewise,E2,E2-033d3d1a6730,2016.1871952487122,2033.1774641510776,ttft_p99_ms,5,64,chunk_1024,mixed,2000,workload_seed,514.2248790562611
poisson,12.846138846497771,11.477146056665813,,piecewise,E2,E2-033d3d1a6730,12.102020647981266,11.757319894836959,tpot_p95_ms,5,64,chunk_1024,mixed,2000,workload_seed,0.8636181968375809
poisson,13.918092938388796,12.898355104377632,,piecewise,E2,E2-033d3d1a6730,13.409362258577435,13.495038900108986,tpot_p99_ms,5,64,chunk_1024,mixed,2000,workload_seed,0.6521526252589679
poisson,3508.793036186996,2840.4554822536866,,piecewise,E2,E2-033d3d1a6730,3143.220583688607,3000.1000464599597,e2e_p95_ms,5,64,chunk_1024,mixed,2000,workload_seed,425.40083377835634
poisson,16.100572440000043,16.04047785999999,,piecewise,E2,E2-033d3d1a6730,16.070535880000058,16.087040400000205,itl_p95_ms,5,64,chunk_1024,mixed,2000,workload_seed,0.039036006910436225
poisson,16.376434430000018,16.319729495999894,,piecewise,E2,E2-033d3d1a6730,16.34625737000001,16.334801850000076,itl_p99_ms,5,64,chunk_1024,mixed,2000,workload_seed,0.03710465339435221
poisson,31.088549656741908,27.08543723580155,,piecewise,E2,E2-033d3d1a6730,29.23535960205743,29.30910304174107,request_throughput_rps,5,64,chunk_1024,mixed,2000,workload_seed,2.499168005369167
poisson,3937.4975672369064,3460.6702242155566,,piecewise,E2,E2-033d3d1a6730,3709.0967355344956,3732.062256394304,output_token_throughput_tps,5,64,chunk_1024,mixed,2000,workload_seed,304.0985263987034
poisson,23.540505009741274,15.86097965714698,,piecewise,E2,E2-033d3d1a6730,19.543529321890396,18.284380122971747,observed_request_throughput_rps,5,64,chunk_1024,mixed,2000,workload_seed,4.981648596262303
poisson,1.172390483594235,1.0691314930143665,,piecewise,E2,E2-033d3d1a6730,1.121680013696802,1.1443594655760525,iteration_cv,5,64,chunk_1024,mixed,2000,workload_seed,0.06648418679620899
poisson,2433.479920096971,1676.586672964174,,piecewise,E2,E2-033d3d1a6730,2017.628030424946,2043.6940573541742,max_wait_ms,5,64,chunk_1024,mixed,2000,workload_seed,509.49326652241695
poisson,69.6,36.4,,piecewise,E2,E2-033d3d1a6730,53.0,56.0,starvation_proxy_count,5,64,chunk_1024,mixed,2000,workload_seed,22.38302928559939
poisson,0.9163902879232294,0.8625879798641547,,piecewise,E2,E2-033d3d1a6730,0.893538160503104,0.8981966202424243,waiting_satisfaction_jain,5,64,chunk_1024,mixed,2000,workload_seed,0.03502496563902595
poisson,2390.211783736118,1603.6282052763768,,piecewise,E2,E2-033d3d1a6730,1936.8469273512078,1831.2181072999085,short_prompt_ttft_p95_ms,5,64,chunk_1024,mixed,2000,workload_seed,521.5512620529744
poisson,2348.4302391917067,1576.7884934762383,,piecewise,E2,E2-033d3d1a6730,1908.1798317570742,1758.988070125088,long_prompt_ttft_p95_ms,5,64,chunk_1024,mixed,2000,workload_seed,509.5467930919953
poisson,15.770923270000015,7.5048812300000005,,piecewise,E2,E2-033d3d1a6730,12.031240220000008,14.654443749999992,primer_max_itl_ms,5,64,chunk_1024,mixed,2000,workload_seed,5.67112866011428
poisson,100.6,84.2,,piecewise,E2,E2-033d3d1a6730,92.6,96.0,backlog_at_arrival_end,5,64,chunk_1024,mixed,2000,workload_seed,11.260550608207398
poisson,0.9999999999999998,0.9995997093102087,,piecewise,E2,E2-033d3d1a6730,0.9998665697700693,0.9999999999999997,server_busy_fraction,5,64,chunk_1024,mixed,2000,workload_seed,0.000298359064377648
poisson,0.8082277903154814,0.7787487690060999,,piecewise,E2,E2-033d3d1a6730,0.7948781121287011,0.7986734592156164,batch_slot_occupancy,5,64,chunk_1024,mixed,2000,workload_seed,0.01898287309293668
poisson,2706.990267246578,1565.516453392414,,piecewise,E2,E2-033d3d1a6730,2095.6922381797763,1907.2393789347489,ttft_p50_ms,5,64,chunk_128,mixed,2000,workload_seed,751.0733164005812
poisson,4905.08766216363,3495.4728010585036,,piecewise,E2,E2-033d3d1a6730,4077.5042515515283,3893.6737643196707,ttft_p95_ms,5,64,chunk_128,mixed,2000,workload_seed,946.6175846370201
poisson,4968.013637441713,3560.659409390869,,piecewise,E2,E2-033d3d1a6730,4181.056159202084,4163.118816396979,ttft_p99_ms,5,64,chunk_128,mixed,2000,workload_seed,951.7354185116511
poisson,4.070318697323681,3.989327202905085,,piecewise,E2,E2-033d3d1a6730,4.025632625265171,4.023693523007377,tpot_p95_ms,5,64,chunk_128,mixed,2000,workload_seed,0.05433624927159099
poisson,4.158166755714942,4.055336864784986,,piecewise,E2,E2-033d3d1a6730,4.107618669621971,4.1296055424998706,tpot_p99_ms,5,64,chunk_128,mixed,2000,workload_seed,0.06690790128582258
poisson,5274.1632024161045,3889.75383982215,,piecewise,E2,E2-033d3d1a6730,4476.738544765479,4308.579001385073,e2e_p95_ms,5,64,chunk_128,mixed,2000,workload_seed,916.5091011446767
poisson,4.215946959999928,4.103854335999913,,piecewise,E2,E2-033d3d1a6730,4.155142398999853,4.159142499999689,itl_p95_ms,5,64,chunk_128,mixed,2000,workload_seed,0.07343632946511433
poisson,4.326806239999951,4.153999740000063,,piecewise,E2,E2-033d3d1a6730,4.233611709999923,4.228487049999785,itl_p99_ms,5,64,chunk_128,mixed,2000,workload_seed,0.111253294859042
poisson,22.2097995735405,18.562082725804707,,piecewise,E2,E2-033d3d1a6730,20.561587549954456,20.320007257085507,request_throughput_rps,5,64,chunk_128,mixed,2000,workload_seed,2.442004463095004
poisson,2836.3812846460014,2340.180951437034,,piecewise,E2,E2-033d3d1a6730,2609.121198779673,2687.3049518979733,output_token_throughput_tps,5,64,chunk_128,mixed,2000,workload_seed,310.4448318264251
poisson,20.750285874419866,15.451107419178944,,piecewise,E2,E2-033d3d1a6730,18.14481690023272,17.519444491665332,observed_request_throughput_rps,5,64,chunk_128,mixed,2000,workload_seed,3.5934545756216467
poisson,0.4238723777053548,0.327020634572566,,piecewise,E2,E2-033d3d1a6730,0.37104244471460524,0.3527042414127278,iteration_cv,5,64,chunk_128,mixed,2000,workload_seed,0.06342852472234406
poisson,4960.208769257059,3559.6283677482343,,piecewise,E2,E2-033d3d1a6730,4178.1313080099435,4160.540790029178,max_wait_ms,5,64,chunk_128,mixed,2000,workload_seed,947.6104566657392
poisson,97.2,76.8,,piecewise,E2,E2-033d3d1a6730,86.8,90.0,starvation_proxy_count,5,64,chunk_128,mixed,2000,workload_seed,13.989281611290838
poisson,0.816008063853662,0.7472318391516686,,piecewise,E2,E2-033d3d1a6730,0.7839867981140516,0.7923971207115686,waiting_satisfaction_jain,5,64,chunk_128,mixed,2000,workload_seed,0.04544716557538499
poisson,4903.427605420868,3459.1367724923534,,piecewise,E2,E2-033d3d1a6730,4066.2457009964332,3891.0463273999126,short_prompt_ttft_p95_ms,5,64,chunk_128,mixed,2000,workload_seed,965.8914945346359
poisson,4736.423092547669,3404.802004689676,,piecewise,E2,E2-033d3d1a6730,3978.0444207167084,3834.36481692509,long_prompt_ttft_p95_ms,5,64,chunk_128,mixed,2000,workload_seed,884.3767142899903
poisson,3.9137215099999763,3.1375554099999876,,piecewise,E2,E2-033d3d1a6730,3.6171179999999863,3.8509170499999925,primer_max_itl_ms,5,64,chunk_128,mixed,2000,workload_seed,0.5323982773112117
poisson,101.6,88.8,,piecewise,E2,E2-033d3d1a6730,95.2,98.0,backlog_at_arrival_end,5,64,chunk_128,mixed,2000,workload_seed,8.700574693662482
poisson,1.0,0.9997392184512346,,piecewise,E2,E2-033d3d1a6730,0.9999130728170782,1.0,server_busy_fraction,5,64,chunk_128,mixed,2000,workload_seed,0.00019437509010561152
poisson,0.34555423572110316,0.2887761261749292,,piecewise,E2,E2-033d3d1a6730,0.318703091596871,0.3304554647219923,batch_slot_occupancy,5,64,chunk_128,mixed,2000,workload_seed,0.03597366860083268
poisson,1056.2895701550199,526.8401588292983,,piecewise,E2,E2-033d3d1a6730,773.8537813926804,715.2675999307039,ttft_p50_ms,5,64,chunk_2048,mixed,2000,workload_seed,344.328011590364
poisson,2147.1928564257396,1440.4046315445016,,piecewise,E2,E2-033d3d1a6730,1737.1289245375192,1634.1136131356348,ttft_p95_ms,5,64,chunk_2048,mixed,2000,workload_seed,466.4624201995774
poisson,2190.9420566426384,1497.0584896585458,,piecewise,E2,E2-033d3d1a6730,1807.842596946637,1819.7107763010802,ttft_p99_ms,5,64,chunk_2048,mixed,2000,workload_seed,467.7622806670346
poisson,13.818837317135154,11.666448589062648,,piecewise,E2,E2-033d3d1a6730,12.738130175772344,12.84587152055556,tpot_p95_ms,5,64,chunk_2048,mixed,2000,workload_seed,1.441603864024357
poisson,17.484525186166326,15.769142456740866,,piecewise,E2,E2-033d3d1a6730,16.61759178366815,16.742920419513272,tpot_p99_ms,5,64,chunk_2048,mixed,2000,workload_seed,1.0939316605126541
poisson,3305.5672050128364,2673.4758642184215,,piecewise,E2,E2-033d3d1a6730,2963.2732750993277,2883.787893983624,e2e_p95_ms,5,64,chunk_2048,mixed,2000,workload_seed,404.7985069584267
poisson,26.500709095000033,26.172602350000034,,piecewise,E2,E2-033d3d1a6730,26.332070260000044,26.176831350000157,itl_p95_ms,5,64,chunk_2048,mixed,2000,workload_seed,0.21808504100675458
poisson,27.297210382499962,27.007908149999913,,piecewise,E2,E2-033d3d1a6730,27.149124809999922,27.019937149999805,itl_p99_ms,5,64,chunk_2048,mixed,2000,workload_seed,0.19136582540597907
poisson,32.51161496599972,28.501734406300095,,piecewise,E2,E2-033d3d1a6730,30.64797712224155,30.785915242064082,request_throughput_rps,5,64,chunk_2048,mixed,2000,workload_seed,2.4765355963722513
poisson,4118.743673404592,3637.9978024416064,,piecewise,E2,E2-033d3d1a6730,3888.5738330366667,3891.6408413124013,output_token_throughput_tps,5,64,chunk_2048,mixed,2000,workload_seed,304.0281099828293
poisson,25.49506237555042,16.058768603596008,,piecewise,E2,E2-033d3d1a6730,21.06141221448067,21.712701396028947,observed_request_throughput_rps,5,64,chunk_2048,mixed,2000,workload_seed,6.067171463302111
poisson,1.534349856897646,1.4243350816188607,,piecewise,E2,E2-033d3d1a6730,1.4771061166992048,1.4888693391842849,iteration_cv,5,64,chunk_2048,mixed,2000,workload_seed,0.07280424189651837
poisson,2187.8506208130325,1498.307877387073,,piecewise,E2,E2-033d3d1a6730,1808.2681138040014,1828.3508849145496,max_wait_ms,5,64,chunk_2048,mixed,2000,workload_seed,464.22201461726917
poisson,61.0,30.595000000000002,,piecewise,E2,E2-033d3d1a6730,45.2,50.0,starvation_proxy_count,5,64,chunk_2048,mixed,2000,workload_seed,20.89736825535694
poisson,0.925610176664566,0.8740003759911785,,piecewise,E2,E2-033d3d1a6730,0.9038233031281825,0.9052638976421533,waiting_satisfaction_jain,5,64,chunk_2048,mixed,2000,workload_seed,0.034389047628005875
poisson,2152.9026193321156,1434.169283888943,,piecewise,E2,E2-033d3d1a6730,1736.5726996767717,1631.7393709749108,short_prompt_ttft_p95_ms,5,64,chunk_2048,mixed,2000,workload_seed,476.2612895938902
poisson,2101.484324972456,1396.7859558203681,,piecewise,E2,E2-033d3d1a6730,1698.323944728035,1550.17116017509,long_prompt_ttft_p95_ms,5,64,chunk_2048,mixed,2000,workload_seed,469.9150383691509
poisson,26.52531030999998,10.218009689999999,,piecewise,E2,E2-033d3d1a6730,18.371659999999988,24.286706349999996,primer_max_itl_ms,5,64,chunk_2048,mixed,2000,workload_seed,11.088126854938418
poisson,100.6,80.0,,piecewise,E2,E2-033d3d1a6730,89.8,90.0,backlog_at_arrival_end,5,64,chunk_2048,mixed,2000,workload_seed,13.1224997618594
poisson,1.0,0.99958259335194,,piecewise,E2,E2-033d3d1a6730,0.9998608644506465,0.9999999999999996,server_busy_fraction,5,64,chunk_2048,mixed,2000,workload_seed,0.00031111654644063846
poisson,0.8237178825358576,0.7969855700653845,,piecewise,E2,E2-033d3d1a6730,0.8123343077796704,0.8151119256189513,batch_slot_occupancy,5,64,chunk_2048,mixed,2000,workload_seed,0.017088341265103415
poisson,2508.147885661577,1415.9404628524123,,piecewise,E2,E2-033d3d1a6730,1922.8238379097747,1744.654873584749,ttft_p50_ms,5,64,chunk_256,mixed,2000,workload_seed,717.3211535964781
poisson,4543.835274995379,3226.983234905007,,piecewise,E2,E2-033d3d1a6730,3772.763780300779,3615.2059465321686,ttft_p95_ms,5,64,chunk_256,mixed,2000,workload_seed,886.3144211133327
poisson,4606.455622808075,3284.5946118096704,,piecewise,E2,E2-033d3d1a6730,3870.2122722345093,3866.0988378719776,ttft_p99_ms,5,64,chunk_256,mixed,2000,workload_seed,894.2089697307531
poisson,7.472806643470219,7.37172553866836,,piecewise,E2,E2-033d3d1a6730,7.410626499456434,7.391143533977276,tpot_p95_ms,5,64,chunk_256,mixed,2000,workload_seed,0.0695855308850515
poisson,7.6576494628773,7.464492453167144,,piecewise,E2,E2-033d3d1a6730,7.55793104221496,7.558689816900923,tpot_p99_ms,5,64,chunk_256,mixed,2000,workload_seed,0.13027571021519452
poisson,5313.86615083228,3964.235963940238,,piecewise,E2,E2-033d3d1a6730,4552.142670689978,4319.295242596778,e2e_p95_ms,5,64,chunk_256,mixed,2000,workload_seed,895.974621216963
poisson,7.853391609999926,7.603063329999986,,piecewise,E2,E2-033d3d1a6730,7.734384529999988,7.760063050000099,itl_p95_ms,5,64,chunk_256,mixed,2000,workload_seed,0.15061715859648364
poisson,7.9235172900002,7.719963120000057,,piecewise,E2,E2-033d3d1a6730,7.817373739999994,7.796130849999827,itl_p99_ms,5,64,chunk_256,mixed,2000,workload_seed,0.1270803014534857
poisson,22.841147141213042,19.147747128707728,,piecewise,E2,E2-033d3d1a6730,21.177040803979764,20.956746923976432,request_throughput_rps,5,64,chunk_256,mixed,2000,workload_seed,2.468118348741488
poisson,2910.456720269854,2416.6239042712787,,piecewise,E2,E2-033d3d1a6730,2686.9063921004927,2765.59150764954,output_token_throughput_tps,5,64,chunk_256,mixed,2000,workload_seed,310.10186212846673
poisson,18.19545839800687,13.178888002983612,,piecewise,E2,E2-033d3d1a6730,15.413708974528621,14.452331643749792,observed_request_throughput_rps,5,64,chunk_256,mixed,2000,workload_seed,3.354674913406854
poisson,0.6668323462728925,0.5512501457537237,,piecewise,E2,E2-033d3d1a6730,0.6078459691697988,0.5886414206394944,iteration_cv,5,64,chunk_256,mixed,2000,workload_seed,0.07401902929205122
poisson,4597.84734578706,3282.339729713237,,piecewise,E2,E2-033d3d1a6730,3866.3107043699442,3863.5756832541765,max_wait_ms,5,64,chunk_256,mixed,2000,workload_seed,890.1578267096031
poisson,90.8,74.0,,piecewise,E2,E2-033d3d1a6730,82.8,88.0,starvation_proxy_count,5,64,chunk_256,mixed,2000,workload_seed,11.734564329364767
poisson,0.8293541659283676,0.7611423323127284,,piecewise,E2,E2-033d3d1a6730,0.7985483877342286,0.8101236008009086,waiting_satisfaction_jain,5,64,chunk_256,mixed,2000,workload_seed,0.044666125711631886
poisson,4543.590302182867,3193.402100338354,,piecewise,E2,E2-033d3d1a6730,3762.4685953609323,3613.03315569991,short_prompt_ttft_p95_ms,5,64,chunk_256,mixed,2000,workload_seed,905.3399296854988
poisson,4395.520541893167,3142.4805149236754,,piecewise,E2,E2-033d3d1a6730,3683.7682089722075,3557.3361217000893,long_prompt_ttft_p95_ms,5,64,chunk_256,mixed,2000,workload_seed,833.1651903435586
poisson,7.43094048999995,4.492885950000004,,piecewise,E2,E2-033d3d1a6730,6.35956059999999,7.199072099999995,primer_max_itl_ms,5,64,chunk_256,mixed,2000,workload_seed,2.067462390039391
poisson,105.8,94.4,,piecewise,E2,E2-033d3d1a6730,100.2,100.0,backlog_at_arrival_end,5,64,chunk_256,mixed,2000,workload_seed,7.62889244910426
poisson,0.9999999999999997,0.9997033702933592,,piecewise,E2,E2-033d3d1a6730,0.9999011234311194,0.9999999999999996,server_busy_fraction,5,64,chunk_256,mixed,2000,workload_seed,0.0002210947293978853
poisson,0.5652849889467776,0.4781518616101027,,piecewise,E2,E2-033d3d1a6730,0.525574443351913,0.5452294535651214,batch_slot_occupancy,5,64,chunk_256,mixed,2000,workload_seed,0.054835973589888454
poisson,3708.6525038510617,2237.5816867369663,,piecewise,E2,E2-033d3d1a6730,2932.869687788682,2745.007943547247,ttft_p50_ms,5,64,chunk_32,mixed,2000,workload_seed,946.6245119903813
poisson,6808.600199321411,4991.561744482968,,piecewise,E2,E2-033d3d1a6730,5718.737527120808,5366.021796904663,ttft_p95_ms,5,64,chunk_32,mixed,2000,workload_seed,1216.9737156340013
poisson,6878.667548949679,5104.333885818695,,piecewise,E2,E2-033d3d1a6730,5866.400498502384,5755.410609866906,ttft_p99_ms,5,64,chunk_32,mixed,2000,workload_seed,1195.215196948288
poisson,1.4408123120322955,1.3840918809683118,,piecewise,E2,E2-033d3d1a6730,1.4130628876897737,1.4163386043981487,tpot_p95_ms,5,64,chunk_32,mixed,2000,workload_seed,0.036842811168620815
poisson,1.5124574380899831,1.4099550725511705,,piecewise,E2,E2-033d3d1a6730,1.459417339118834,1.4602468894658798,tpot_p99_ms,5,64,chunk_32,mixed,2000,workload_seed,0.06694068624102766
poisson,6897.200639728112,5102.686119476384,,piecewise,E2,E2-033d3d1a6730,5852.886715348295,5694.293450377395,e2e_p95_ms,5,64,chunk_32,mixed,2000,workload_seed,1211.9180833627427
poisson,1.4429466799999318,1.3914967599999861,,piecewise,E2,E2-033d3d1a6730,1.4175562799999237,1.4267749999999069,itl_p95_ms,5,64,chunk_32,mixed,2000,workload_seed,0.033602984211332586
poisson,1.5494157199999337,1.4144197600000097,,piecewise,E2,E2-033d3d1a6730,1.4750047999999878,1.4633768000001055,itl_p99_ms,5,64,chunk_32,mixed,2000,workload_seed,0.08749397915887364
poisson,17.68114918536004,14.835490031970982,,piecewise,E2,E2-033d3d1a6730,16.446355908635635,16.430276848942192,request_throughput_rps,5,64,chunk_32,mixed,2000,workload_seed,1.9027419076636851
poisson,2275.3930766544518,1874.6397157836604,,piecewise,E2,E2-033d3d1a6730,2087.3891408305212,2120.776133297783,output_token_throughput_tps,5,64,chunk_32,mixed,2000,workload_seed,248.1220028498833
poisson,20.648217993682273,13.19525341344585,,piecewise,E2,E2-033d3d1a6730,17.288132878260644,17.141606365286012,observed_request_throughput_rps,5,64,chunk_32,mixed,2000,workload_seed,4.925457537666566
poisson,0.1115093227493921,0.08830396494988388,,piecewise,E2,E2-033d3d1a6730,0.10024711400765943,0.09742730419698999,iteration_cv,5,64,chunk_32,mixed,2000,workload_seed,0.015698739013648107
poisson,6873.249106932058,5097.822234914767,,piecewise,E2,E2-033d3d1a6730,5864.045027559939,5745.603351704168,max_wait_ms,5,64,chunk_32,mixed,2000,workload_seed,1191.8592736099126
poisson,109.4,92.4,,piecewise,E2,E2-033d3d1a6730,101.6,105.0,starvation_proxy_count,5,64,chunk_32,mixed,2000,workload_seed,11.371015785759862
poisson,0.7522218875927004,0.6797681290561023,,piecewise,E2,E2-033d3d1a6730,0.7168998637465868,0.7097034415747214,waiting_satisfaction_jain,5,64,chunk_32,mixed,2000,workload_seed,0.047666761336646164
poisson,6801.349341823616,4947.614552949858,,piecewise,E2,E2-033d3d1a6730,5704.667447305679,5362.693091339905,short_prompt_ttft_p95_ms,5,64,chunk_32,mixed,2000,workload_seed,1235.0744172947927
poisson,6557.089947226539,4861.295446460308,,piecewise,E2,E2-033d3d1a6730,5570.985646972578,5279.084242280083,long_prompt_ttft_p95_ms,5,64,chunk_32,mixed,2000,workload_seed,1120.3103272134479
poisson,1.3545095699999847,1.252010370000003,,piecewise,E2,E2-033d3d1a6730,1.3027579299999936,1.3235798500000016,primer_max_itl_ms,5,64,chunk_32,mixed,2000,workload_seed,0.06871112845364556
poisson,105.0,89.2,,piecewise,E2,E2-033d3d1a6730,96.6,98.0,backlog_at_arrival_end,5,64,chunk_32,mixed,2000,workload_seed,10.807404868885037
poisson,1.0,0.9997966925725283,,piecewise,E2,E2-033d3d1a6730,0.999932230857509,1.0,server_busy_fraction,5,64,chunk_32,mixed,2000,workload_seed,0.00015153640938556093
poisson,0.12279835383520239,0.10675882422240128,,piecewise,E2,E2-033d3d1a6730,0.11527229677082174,0.11616970013787802,batch_slot_occupancy,5,64,chunk_32,mixed,2000,workload_seed,0.010054436531573528
poisson,1593.7456997164777,832.7621936542195,,piecewise,E2,E2-033d3d1a6730,1181.4248774992234,1055.6304669347492,ttft_p50_ms,5,64,chunk_512,mixed,2000,workload_seed,499.6738903319681
poisson,2995.164474044162,2065.933908070084,,piecewise,E2,E2-033d3d1a6730,2446.3991874176586,2306.242358410638,ttft_p95_ms,5,64,chunk_512,mixed,2000,workload_seed,621.7907564007644
poisson,3051.8917222263926,2117.6832192367615,,piecewise,E2,E2-033d3d1a6730,2520.1886766049056,2476.2513895344805,ttft_p99_ms,5,64,chunk_512,mixed,2000,workload_seed,630.3238680432489
poisson,10.00318359104364,9.750267936293158,,piecewise,E2,E2-033d3d1a6730,9.885038489602087,9.938222614488643,tpot_p95_ms,5,64,chunk_512,mixed,2000,workload_seed,0.16752800597489564
poisson,10.516850177540274,10.289658144102393,,piecewise,E2,E2-033d3d1a6730,10.412280382241903,10.451138499166664,tpot_p99_ms,5,64,chunk_512,mixed,2000,workload_seed,0.14328355892691652
poisson,3951.5509595020485,3166.9865514938697,,piecewise,E2,E2-033d3d1a6730,3523.849927362068,3354.6621205183133,e2e_p95_ms,5,64,chunk_512,mixed,2000,workload_seed,517.4814860598779
poisson,10.711076559999947,10.679306680000082,,piecewise,E2,E2-033d3d1a6730,10.696205999999984,10.697896799999853,itl_p95_ms,5,64,chunk_512,mixed,2000,workload_seed,0.020429269089646554
poisson,10.804000839999935,10.78654577999987,,piecewise,E2,E2-033d3d1a6730,10.796507819999897,10.802889399999913,itl_p99_ms,5,64,chunk_512,mixed,2000,workload_seed,0.011395014323081527
poisson,28.324299531255612,24.260752530503844,,piecewise,E2,E2-033d3d1a6730,26.479066446906366,26.512279567406875,request_throughput_rps,5,64,chunk_512,mixed,2000,workload_seed,2.590869965904173
poisson,3592.560675039726,3089.636247534786,,piecewise,E2,E2-033d3d1a6730,3359.1331310364817,3413.740019728696,output_token_throughput_tps,5,64,chunk_512,mixed,2000,workload_seed,315.47846099071626
poisson,20.805317560952084,14.271692767295074,,piecewise,E2,E2-033d3d1a6730,17.259842603151952,16.51695044999976,observed_request_throughput_rps,5,64,chunk_512,mixed,2000,workload_seed,4.388723540770271
poisson,0.8953888111689257,0.7834466098496802,,piecewise,E2,E2-033d3d1a6730,0.8392548679958216,0.8445483701938946,iteration_cv,5,64,chunk_512,mixed,2000,workload_seed,0.07091513956334541
poisson,3045.5083613679503,2111.891186016971,,piecewise,E2,E2-033d3d1a6730,2515.437920221345,2474.4794486791798,max_wait_ms,5,64,chunk_512,mixed,2000,workload_seed,630.041552126982
poisson,80.2,49.4,,piecewise,E2,E2-033d3d1a6730,66.2,68.0,starvation_proxy_count,5,64,chunk_512,mixed,2000,workload_seed,20.717142660125695
poisson,0.8940033369790455,0.8330468090717194,,piecewise,E2,E2-033d3d1a6730,0.8679756427549629,0.8801240747998915,waiting_satisfaction_jain,5,64,chunk_512,mixed,2000,workload_seed,0.03856463737126659
poisson,2998.961718674117,2041.7787587873804,,piecewise,E2,E2-033d3d1a6730,2440.01132783621,2305.806354624914,short_prompt_ttft_p95_ms,5,64,chunk_512,mixed,2000,workload_seed,638.4314265076115
poisson,2921.462748007768,2023.713637324387,,piecewise,E2,E2-033d3d1a6730,2397.283253722785,2263.165025660093,long_prompt_ttft_p95_ms,5,64,chunk_512,mixed,2000,workload_seed,597.2774927429008
poisson,10.404837290000065,5.554092019999996,,piecewise,E2,E2-033d3d1a6730,8.56245852000002,9.67710654999999,primer_max_itl_ms,5,64,chunk_512,mixed,2000,workload_seed,3.3207475644007642
poisson,103.8,89.2,,piecewise,E2,E2-033d3d1a6730,96.8,98.0,backlog_at_arrival_end,5,64,chunk_512,mixed,2000,workload_seed,9.782637681116478
poisson,0.9999999999999998,0.9996338516741178,,piecewise,E2,E2-033d3d1a6730,0.9998779505580389,0.9999999999999997,server_busy_fraction,5,64,chunk_512,mixed,2000,workload_seed,0.00027291084883989867
poisson,0.7573968528682238,0.6967406374771009,,piecewise,E2,E2-033d3d1a6730,0.7306034503254212,0.7478114937217014,batch_slot_occupancy,5,64,chunk_512,mixed,2000,workload_seed,0.038044134610149716
poisson,3072.356200356576,1811.3718766659808,,piecewise,E2,E2-033d3d1a6730,2402.046939323392,2202.148862159751,ttft_p50_ms,5,64,chunk_64,mixed,2000,workload_seed,825.4871713008323
poisson,5594.120947204413,4029.2820035645987,,piecewise,E2,E2-033d3d1a6730,4671.527938792309,4440.51219403217,ttft_p95_ms,5,64,chunk_64,mixed,2000,workload_seed,1048.600711266627
poisson,5659.259692255119,4111.830316270137,,piecewise,E2,E2-033d3d1a6730,4788.963626056788,4749.371824996745,ttft_p99_ms,5,64,chunk_64,mixed,2000,workload_seed,1046.7883677871068
poisson,2.3100405843001566,2.2634209901248594,,piecewise,E2,E2-033d3d1a6730,2.2862536933667226,2.2926060641224146,tpot_p95_ms,5,64,chunk_64,mixed,2000,workload_seed,0.030222256995167517
poisson,2.3406550632775693,2.294427742764795,,piecewise,E2,E2-033d3d1a6730,2.3208573027557047,2.328754178408628,tpot_p99_ms,5,64,chunk_64,mixed,2000,workload_seed,0.031397166107333924
poisson,5762.900754598182,4227.509485791265,,piecewise,E2,E2-033d3d1a6730,4882.965518793038,4764.011035584491,e2e_p95_ms,5,64,chunk_64,mixed,2000,workload_seed,1030.9204933834521
poisson,2.360054036999954,2.3008812070000593,,piecewise,E2,E2-033d3d1a6730,2.33046411700001,2.332875584999965,itl_p95_ms,5,64,chunk_64,mixed,2000,workload_seed,0.039161668083049744
poisson,2.428192839999883,2.3358457862499487,,piecewise,E2,E2-033d3d1a6730,2.380216889999974,2.364085950000117,itl_p99_ms,5,64,chunk_64,mixed,2000,workload_seed,0.0620551020266356
poisson,20.422959501859395,17.159324994927424,,piecewise,E2,E2-033d3d1a6730,18.947690513539982,18.716964686692595,request_throughput_rps,5,64,chunk_64,mixed,2000,workload_seed,2.190050640499237
poisson,2614.7843873096767,2162.4516260924925,,piecewise,E2,E2-033d3d1a6730,2404.6672700476,2461.0882478827248,output_token_throughput_tps,5,64,chunk_64,mixed,2000,workload_seed,282.71205996243094
poisson,22.091842580869248,15.478729898589156,,piecewise,E2,E2-033d3d1a6730,18.874865260355968,17.712993244128878,observed_request_throughput_rps,5,64,chunk_64,mixed,2000,workload_seed,4.54203848425205
poisson,0.23691522653600755,0.15162076092353496,,piecewise,E2,E2-033d3d1a6730,0.19529720918255217,0.1934540023268501,iteration_cv,5,64,chunk_64,mixed,2000,workload_seed,0.051674810850241476
poisson,5651.958626912063,4106.860737104758,,piecewise,E2,E2-033d3d1a6730,4785.8020401149415,4743.802784879174,max_wait_ms,5,64,chunk_64,mixed,2000,workload_seed,1042.8868170434605
poisson,102.81499999999991,82.39500000000001,,piecewise,E2,E2-033d3d1a6730,92.4,95.0,starvation_proxy_count,5,64,chunk_64,mixed,2000,workload_seed,13.86722755275906
poisson,0.7913425233719205,0.7221240783610412,,piecewise,E2,E2-033d3d1a6730,0.7578246786354759,0.7613311033403651,waiting_satisfaction_jain,5,64,chunk_64,mixed,2000,workload_seed,0.04651108312773127
poisson,5590.19069875587,3988.90325509235,,piecewise,E2,E2-033d3d1a6730,4658.866966961432,4437.634192924912,short_prompt_ttft_p95_ms,5,64,chunk_64,mixed,2000,workload_seed,1068.111714311094
poisson,5393.898168590547,3923.144480768303,,piecewise,E2,E2-033d3d1a6730,4553.698287459583,4371.565230825091,long_prompt_ttft_p95_ms,5,64,chunk_64,mixed,2000,workload_seed,974.0549552004027
poisson,2.207623609999996,2.0653567399999977,,piecewise,E2,E2-033d3d1a6730,2.1377192000000003,2.146479349999993,primer_max_itl_ms,5,64,chunk_64,mixed,2000,workload_seed,0.09651735253872906
poisson,101.6,86.39500000000001,,piecewise,E2,E2-033d3d1a6730,93.8,97.0,backlog_at_arrival_end,5,64,chunk_64,mixed,2000,workload_seed,10.47377677822093
poisson,1.0,0.9997500499512301,,piecewise,E2,E2-033d3d1a6730,0.9999166833170765,1.0,server_busy_fraction,5,64,chunk_64,mixed,2000,workload_seed,0.00018630176667606152
poisson,0.20224296927475907,0.17239860707049287,,piecewise,E2,E2-033d3d1a6730,0.1880977334702601,0.1921542491163537,batch_slot_occupancy,5,64,chunk_64,mixed,2000,workload_seed,0.019036199073266244
poisson,7288.909813945259,6043.2686642565095,,piecewise,E2,E2-033d3d1a6730,6647.912241653228,6438.018075859076,ttft_p50_ms,5,64,fcfs,mixed,2000,workload_seed,778.2358614047308
poisson,13667.173708527009,11986.311725123407,,piecewise,E2,E2-033d3d1a6730,12873.248858721807,13389.000815189585,ttft_p95_ms,5,64,fcfs,mixed,2000,workload_seed,1064.9959108703554
poisson,14123.338314681348,12447.295824473971,,piecewise,E2,E2-033d3d1a6730,13390.155372957786,14040.13768904043,ttft_p99_ms,5,64,fcfs,mixed,2000,workload_seed,1070.735693404018
poisson,0.8308106499999995,0.8277415999999977,,piecewise,E2,E2-033d3d1a6730,0.8292761249999986,0.8291127500000056,tpot_p95_ms,5,64,fcfs,mixed,2000,workload_seed,0.001920854458715273
poisson,0.831829874999993,0.8315025649999945,,piecewise,E2,E2-033d3d1a6730,0.8316750699999934,0.8317319249999928,tpot_p99_ms,5,64,fcfs,mixed,2000,workload_seed,0.00020721060949460912
poisson,13762.312541793362,12071.000771360446,,piecewise,E2,E2-033d3d1a6730,12957.792101417175,13411.40758402136,e2e_p95_ms,5,64,fcfs,mixed,2000,workload_seed,1071.430925718394
poisson,0.8317119999999705,0.8312204999998836,,piecewise,E2,E2-033d3d1a6730,0.8314542499999572,0.8314600000003338,itl_p95_ms,5,64,fcfs,mixed,2000,workload_seed,0.00032971057393934883
poisson,0.8326866799998062,0.8322779999997202,,piecewise,E2,E2-033d3d1a6730,0.8324923399997625,0.8326099999994767,itl_p99_ms,5,64,fcfs,mixed,2000,workload_seed,0.0002674198534500556
poisson,8.906278155322521,7.98027260052026,,piecewise,E2,E2-033d3d1a6730,8.387209847490443,8.005473459184023,request_throughput_rps,5,64,fcfs,mixed,2000,workload_seed,0.589619709732364
poisson,1078.4653197252258,1043.4305727943367,,piecewise,E2,E2-033d3d1a6730,1062.4897495702169,1065.255637085867,output_token_throughput_tps,5,64,fcfs,mixed,2000,workload_seed,21.805499268852866
poisson,9.574595303295624,7.87146656818461,,piecewise,E2,E2-033d3d1a6730,8.679651462460358,8.25847522499988,observed_request_throughput_rps,5,64,fcfs,mixed,2000,workload_seed,1.1703024874017793
poisson,3.000356513546576,2.6119955487872355,,piecewise,E2,E2-033d3d1a6730,2.796293944121974,2.7101214842106818,iteration_cv,5,64,fcfs,mixed,2000,workload_seed,0.24631351922532843
poisson,14231.157614047295,12552.539163583448,,piecewise,E2,E2-033d3d1a6730,13482.97758728454,14084.051061570195,max_wait_ms,5,64,fcfs,mixed,2000,workload_seed,1066.6116496517807
poisson,117.0,113.4,,piecewise,E2,E2-033d3d1a6730,115.2,115.0,starvation_proxy_count,5,64,fcfs,mixed,2000,workload_seed,2.3874672772626644
poisson,0.565286676489088,0.5399328207191693,,piecewise,E2,E2-033d3d1a6730,0.5526097486041286,0.5492918137691474,waiting_satisfaction_jain,5,64,fcfs,mixed,2000,workload_seed,0.016010608010128324
poisson,13743.708631056274,12044.544193544658,,piecewise,E2,E2-033d3d1a6730,12913.3306433539,13338.118249843821,short_prompt_ttft_p95_ms,5,64,fcfs,mixed,2000,workload_seed,1088.5440323232542
poisson,13318.01603823133,11511.958475770862,,piecewise,E2,E2-033d3d1a6730,12414.987257001096,13089.878133094287,long_prompt_ttft_p95_ms,5,64,fcfs,mixed,2000,workload_seed,1191.3970628865693
poisson,0.8164010000000012,0.7915379999999985,,piecewise,E2,E2-033d3d1a6730,0.8004950000000001,0.7920299999999969,primer_max_itl_ms,5,64,fcfs,mixed,2000,workload_seed,0.017574215487469153
poisson,114.8,110.4,,piecewise,E2,E2-033d3d1a6730,112.4,112.0,backlog_at_arrival_end,5,64,fcfs,mixed,2000,workload_seed,2.9664793948382653
poisson,0.9999999999999991,0.9999999999999973,,piecewise,E2,E2-033d3d1a6730,0.9999999999999982,0.9999999999999981,server_busy_fraction,5,64,fcfs,mixed,2000,workload_seed,1.2085633081569536e-15
poisson,0.03125,0.03125,,piecewise,E2,E2-033d3d1a6730,0.03125,0.03125,batch_slot_occupancy,5,64,fcfs,mixed,2000,workload_seed,0.0
poisson,960.7761976090412,476.6751457193659,,piecewise,E2,E2-033d3d1a6730,700.931886681861,640.6571943951471,ttft_p50_ms,5,64,mono,mixed,2000,workload_seed,316.07380451094093
poisson,1989.8144833959202,1319.1663079881132,,piecewise,E2,E2-033d3d1a6730,1604.8874036016794,1496.2764783071689,ttft_p95_ms,5,64,mono,mixed,2000,workload_seed,439.61734660201694
poisson,2039.3582754378263,1387.018674119865,,piecewise,E2,E2-033d3d1a6730,1675.4399465929723,1670.2403608510806,ttft_p99_ms,5,64,mono,mixed,2000,workload_seed,439.9882160655932
poisson,15.09872036238647,12.403073254469808,,piecewise,E2,E2-033d3d1a6730,13.52264243590255,12.652666886863244,tpot_p95_ms,5,64,mono,mixed,2000,workload_seed,1.8014995656150234
poisson,22.07556156056126,16.539757912039047,,piecewise,E2,E2-033d3d1a6730,18.931874857287788,18.38209904114547,tpot_p99_ms,5,64,mono,mixed,2000,workload_seed,3.508185936780771
poisson,3160.0512790913117,2554.90538216842,,piecewise,E2,E2-033d3d1a6730,2835.6185672221523,2771.813279733623,e2e_p95_ms,5,64,mono,mixed,2000,workload_seed,390.801415479589
poisson,31.002565970000024,21.21122124375,,piecewise,E2,E2-033d3d1a6730,25.46261956000003,24.933019349999995,itl_p95_ms,5,64,mono,mixed,2000,workload_seed,6.385486044573286
poisson,90.46573208000001,82.07428771999994,,piecewise,E2,E2-033d3d1a6730,86.90068695999999,89.34957660000009,itl_p99_ms,5,64,mono,mixed,2000,workload_seed,5.399701464085307
poisson,33.48862062889891,29.571947048303684,,piecewise,E2,E2-033d3d1a6730,31.642337919242287,31.88310150087461,request_throughput_rps,5,64,mono,mixed,2000,workload_seed,2.4399602873564654
poisson,4242.831178448233,3767.8994692470123,,piecewise,E2,E2-033d3d1a6730,4014.7616683792776,4001.922594895015,output_token_throughput_tps,5,64,mono,mixed,2000,workload_seed,298.8604391029405
poisson,26.66898965837953,16.947550485466383,,piecewise,E2,E2-033d3d1a6730,22.04713583007105,21.712701396028947,observed_request_throughput_rps,5,64,mono,mixed,2000,workload_seed,6.231205589859974
poisson,2.5315511547610967,2.3041939158898037,,piecewise,E2,E2-033d3d1a6730,2.4088175026192262,2.361473515399206,iteration_cv,5,64,mono,mixed,2000,workload_seed,0.14945967691235468
poisson,2035.1761622216752,1390.92402303024,,piecewise,E2,E2-033d3d1a6730,1677.5874489692992,1684.5282361645504,max_wait_ms,5,64,mono,mixed,2000,workload_seed,433.6417940871053
poisson,56.2,25.4,,piecewise,E2,E2-033d3d1a6730,39.2,33.0,starvation_proxy_count,5,64,mono,mixed,2000,workload_seed,20.27806696901852
poisson,0.9318562703431489,0.8800154356583457,,piecewise,E2,E2-033d3d1a6730,0.9100761289015311,0.9143407108163262,waiting_satisfaction_jain,5,64,mono,mixed,2000,workload_seed,0.03405515699439765
poisson,2001.5956039471153,1318.04772906938,,piecewise,E2,E2-033d3d1a6730,1605.316936217208,1493.7655955999107,short_prompt_ttft_p95_ms,5,64,mono,mixed,2000,workload_seed,451.3217869489984
poisson,1939.358972706988,1282.0588978626588,,piecewise,E2,E2-033d3d1a6730,1564.6421064380343,1416.2212429250899,long_prompt_ttft_p95_ms,5,64,mono,mixed,2000,workload_seed,439.46888825940954
poisson,77.19414800999999,11.813524741000002,,piecewise,E2,E2-033d3d1a6730,43.70607885,24.286706349999996,primer_max_itl_ms,5,64,mono,mixed,2000,workload_seed,43.338803279258336
poisson,98.6,78.0,,piecewise,E2,E2-033d3d1a6730,88.0,90.0,backlog_at_arrival_end,5,64,mono,mixed,2000,workload_seed,13.693063937629153
poisson,0.9999999999999998,0.9995707648356461,,piecewise,E2,E2-033d3d1a6730,0.9998569216118817,0.9999999999999997,server_busy_fraction,5,64,mono,mixed,2000,workload_seed,0.00031993300194251375
poisson,0.8340493369507411,0.8035191367729441,,piecewise,E2,E2-033d3d1a6730,0.8199261999403851,0.8244703604422908,batch_slot_occupancy,5,64,mono,mixed,2000,workload_seed,0.019309233097436766
poisson,2633.5434142891745,1742.4856344160503,,analytical,E2,E2-5e2b2aeb6c24,2163.225171199362,2131.3267621951445,ttft_p50_ms,5,64,chunk_1024,mixed,2000,workload_seed,593.3678196212546
poisson,5783.593074486436,4560.315238896574,,analytical,E2,E2-5e2b2aeb6c24,5099.258152577184,4779.570971029692,ttft_p95_ms,5,64,chunk_1024,mixed,2000,workload_seed,793.8736113846334
poisson,5891.2434746296585,4740.623592485825,,analytical,E2,E2-5e2b2aeb6c24,5279.32382409723,5255.020282313614,ttft_p99_ms,5,64,chunk_1024,mixed,2000,workload_seed,746.0541326391402
poisson,21.772060161729293,19.78629375091725,,analytical,E2,E2-5e2b2aeb6c24,20.827884752040404,21.05179186046516,tpot_p95_ms,5,64,chunk_1024,mixed,2000,workload_seed,1.2396125758064365
poisson,23.942023423677437,22.030354378413953,,analytical,E2,E2-5e2b2aeb6c24,22.94638986795601,22.436091500000032,tpot_p99_ms,5,64,chunk_1024,mixed,2000,workload_seed,1.2148351597120957
poisson,7538.014763163757,6416.171450042062,,analytical,E2,E2-5e2b2aeb6c24,6977.1490244373035,6998.398247239132,e2e_p95_ms,5,64,chunk_1024,mixed,2000,workload_seed,736.3977542311284
poisson,28.234999999999808,28.234999999999673,,analytical,E2,E2-5e2b2aeb6c24,28.23499999999972,28.234999999999673,itl_p95_ms,5,64,chunk_1024,mixed,2000,workload_seed,1.016845989170083e-13
poisson,28.235000000000127,28.235000000000127,,analytical,E2,E2-5e2b2aeb6c24,28.235000000000127,28.235000000000127,itl_p99_ms,5,64,chunk_1024,mixed,2000,workload_seed,0.0
poisson,16.368292481563685,14.452807983085794,,analytical,E2,E2-5e2b2aeb6c24,15.403297385382004,15.38506473205867,request_throughput_rps,5,64,chunk_1024,mixed,2000,workload_seed,1.2191740638592357
poisson,2039.7319898842452,1853.1809555830355,,analytical,E2,E2-5e2b2aeb6c24,1952.5236041367505,1966.2670360049997,output_token_throughput_tps,5,64,chunk_1024,mixed,2000,workload_seed,113.70103717128242
poisson,11.452742931260529,7.581024349037401,,analytical,E2,E2-5e2b2aeb6c24,9.382641483246916,9.142190061485874,observed_request_throughput_rps,5,64,chunk_1024,mixed,2000,workload_seed,2.6245700064686317
poisson,1.0609575183069504,0.9250671447760798,,analytical,E2,E2-5e2b2aeb6c24,0.9986350852295229,1.0404229771467166,iteration_cv,5,64,chunk_1024,mixed,2000,workload_seed,0.0861293674707127
poisson,5918.366770361397,4804.305203391489,,analytical,E2,E2-5e2b2aeb6c24,5326.387075464359,5338.2543071395885,max_wait_ms,5,64,chunk_1024,mixed,2000,workload_seed,726.8765784460542
poisson,86.8,75.4,,analytical,E2,E2-5e2b2aeb6c24,81.4,82.0,starvation_proxy_count,5,64,chunk_1024,mixed,2000,workload_seed,7.469939758793239
poisson,0.7586276752586965,0.7088815197048367,,analytical,E2,E2-5e2b2aeb6c24,0.7352304801893706,0.7408891290105227,waiting_satisfaction_jain,5,64,chunk_1024,mixed,2000,workload_seed,0.03217395665179751
poisson,5796.044230437134,4542.226227938062,,analytical,E2,E2-5e2b2aeb6c24,5089.797740542217,4756.251205639934,short_prompt_ttft_p95_ms,5,64,chunk_1024,mixed,2000,workload_seed,808.2862828448067
poisson,5589.509641035615,4396.407805237497,,analytical,E2,E2-5e2b2aeb6c24,4925.689786290981,4584.384046669903,long_prompt_ttft_p95_ms,5,64,chunk_1024,mixed,2000,workload_seed,761.5632439855725
poisson,25.243600000000082,10.242400000000009,,analytical,E2,E2-5e2b2aeb6c24,17.743000000000045,22.82000000000005,primer_max_itl_ms,5,64,chunk_1024,mixed,2000,workload_seed,10.587350164229052
poisson,115.2,106.2,,analytical,E2,E2-5e2b2aeb6c24,111.0,112.0,backlog_at_arrival_end,5,64,chunk_1024,mixed,2000,workload_seed,5.830951894845301
poisson,0.9999999999999953,0.9987958007900073,,analytical,E2,E2-5e2b2aeb6c24,0.9995986002633309,0.9999999999999919,server_busy_fraction,5,64,chunk_1024,mixed,2000,workload_seed,0.0008975570973263377
poisson,0.8567014048691218,0.8313602641094751,,analytical,E2,E2-5e2b2aeb6c24,0.8450734928543671,0.854362393036239,batch_slot_occupancy,5,64,chunk_1024,mixed,2000,workload_seed,0.016380363728206435
poisson,3073.099447928682,2210.211627057003,,analytical,E2,E2-5e2b2aeb6c24,2615.9819305249534,2532.9416856472494,ttft_p50_ms,5,64,chunk_128,mixed,2000,workload_seed,571.0319728583554
poisson,5962.903296512757,4827.094238734398,,analytical,E2,E2-5e2b2aeb6c24,5347.614997769931,5167.89360651415,ttft_p95_ms,5,64,chunk_128,mixed,2000,workload_seed,742.5511256931832
poisson,6112.962200005565,5000.827056220779,,analytical,E2,E2-5e2b2aeb6c24,5499.328678310002,5269.167838294512,ttft_p99_ms,5,64,chunk_128,mixed,2000,workload_seed,711.3959637163947
poisson,7.057819034020741,6.06871699627823,,analytical,E2,E2-5e2b2aeb6c24,6.526717996669005,6.546953472222258,tpot_p95_ms,5,64,chunk_128,mixed,2000,workload_seed,0.629075214377776
poisson,7.772872831168831,6.400664249629405,,analytical,E2,E2-5e2b2aeb6c24,7.013506643317726,6.684484838709806,tpot_p99_ms,5,64,chunk_128,mixed,2000,workload_seed,0.8754120226059666
poisson,6540.692163983643,5331.641085310293,,analytical,E2,E2-5e2b2aeb6c24,5891.838989265154,5694.905307300468,e2e_p95_ms,5,64,chunk_128,mixed,2000,workload_seed,764.9943449861925
poisson,7.277000000000226,6.3838000000000195,,analytical,E2,E2-5e2b2aeb6c24,6.826800000000139,6.692000000000007,itl_p95_ms,5,64,chunk_128,mixed,2000,workload_seed,0.5800712887225463
poisson,8.152000000000044,6.823199999999997,,analytical,E2,E2-5e2b2aeb6c24,7.417799999999988,7.33600000000024,itl_p99_ms,5,64,chunk_128,mixed,2000,workload_seed,0.8583674621046512
poisson,17.744997296775658,15.62227580911401,,analytical,E2,E2-5e2b2aeb6c24,16.70798076216608,16.71047291029974,request_throughput_rps,5,64,chunk_128,mixed,2000,workload_seed,1.367290297162706
poisson,2214.4890074049654,2003.084578196867,,analytical,E2,E2-5e2b2aeb6c24,2117.8681270881143,2142.5392109995523,output_token_throughput_tps,5,64,chunk_128,mixed,2000,workload_seed,129.85025268448442
poisson,17.500913309906117,13.904059799218114,,analytical,E2,E2-5e2b2aeb6c24,15.462849976110238,14.452331643749792,observed_request_throughput_rps,5,64,chunk_128,mixed,2000,workload_seed,2.3522205763806303
poisson,0.5180760148198836,0.3885925221209118,,analytical,E2,E2-5e2b2aeb6c24,0.4526120978642892,0.4481858623684179,iteration_cv,5,64,chunk_128,mixed,2000,workload_seed,0.08326560423155606
poisson,6123.041108147141,5002.028736221009,,analytical,E2,E2-5e2b2aeb6c24,5499.354925920024,5259.327966629274,max_wait_ms,5,64,chunk_128,mixed,2000,workload_seed,715.2326205120344
poisson,98.4,87.2,,analytical,E2,E2-5e2b2aeb6c24,92.8,96.0,starvation_proxy_count,5,64,chunk_128,mixed,2000,workload_seed,7.362064927722384
poisson,0.7415308992787862,0.6970605987486784,,analytical,E2,E2-5e2b2aeb6c24,0.7192957490137323,0.7114690731160013,waiting_satisfaction_jain,5,64,chunk_128,mixed,2000,workload_seed,0.029384311802548576
poisson,5954.97007537186,4810.433356912323,,analytical,E2,E2-5e2b2aeb6c24,5333.683744943007,5100.7756216385,short_prompt_ttft_p95_ms,5,64,chunk_128,mixed,2000,workload_seed,751.7764164107593
poisson,5746.683221035647,4740.000706650428,,analytical,E2,E2-5e2b2aeb6c24,5197.710657703899,5014.148553734277,long_prompt_ttft_p95_ms,5,64,chunk_128,mixed,2000,workload_seed,645.0109877510972
poisson,4.478800000000024,2.6624000000000034,,analytical,E2,E2-5e2b2aeb6c24,3.5324000000000124,3.3319999999999936,primer_max_itl_ms,5,64,chunk_128,mixed,2000,workload_seed,1.2352434173069047
poisson,104.4,95.8,,analytical,E2,E2-5e2b2aeb6c24,100.2,100.0,backlog_at_arrival_end,5,64,chunk_128,mixed,2000,workload_seed,5.761944116355173
poisson,0.9999999999999918,0.9986966011620468,,analytical,E2,E2-5e2b2aeb6c24,0.9995655337206746,0.9999999999999877,server_busy_fraction,5,64,chunk_128,mixed,2000,workload_seed,0.0009714961344766328
poisson,0.37435006417284156,0.31271540235610445,,analytical,E2,E2-5e2b2aeb6c24,0.3445588096094313,0.34783945583946096,batch_slot_occupancy,5,64,chunk_128,mixed,2000,workload_seed,0.03922083682584556
poisson,2639.709616664123,1723.286534471817,,analytical,E2,E2-5e2b2aeb6c24,2168.135571227246,2174.1567621951453,ttft_p50_ms,5,64,chunk_2048,mixed,2000,workload_seed,612.7152735337269
poisson,5786.084015875666,4582.177186760853,,analytical,E2,E2-5e2b2aeb6c24,5112.448383139466,4794.105371029707,ttft_p95_ms,5,64,chunk_2048,mixed,2000,workload_seed,791.0062343237687
poisson,5918.312853740194,4778.169085544803,,analytical,E2,E2-5e2b2aeb6c24,5306.78469765733,5274.005682313633,ttft_p99_ms,5,64,chunk_2048,mixed,2000,workload_seed,738.1443366493229
poisson,25.250776826018825,22.12729015909099,,analytical,E2,E2-5e2b2aeb6c24,23.588603636645004,23.521556730769223,tpot_p95_ms,5,64,chunk_2048,mixed,2000,workload_seed,2.011593836261049
poisson,29.617253801812197,26.094523371474374,,analytical,E2,E2-5e2b2aeb6c24,27.97732184489779,28.092393783783752,tpot_p99_ms,5,64,chunk_2048,mixed,2000,workload_seed,2.295870002161754
poisson,7586.143349830537,6449.999450149043,,analytical,E2,E2-5e2b2aeb6c24,7015.458855303505,7020.355997239132,e2e_p95_ms,5,64,chunk_2048,mixed,2000,workload_seed,744.7573421803754
poisson,46.666999999999916,46.42520000000004,,analytical,E2,E2-5e2b2aeb6c24,46.586399999999955,46.666999999999916,itl_p95_ms,5,64,chunk_2048,mixed,2000,workload_seed,0.18022707898639032
poisson,46.66700000000037,46.66700000000037,,analytical,E2,E2-5e2b2aeb6c24,46.66700000000037,46.66700000000037,itl_p99_ms,5,64,chunk_2048,mixed,2000,workload_seed,0.0
poisson,16.296529572990686,14.390020372527093,,analytical,E2,E2-5e2b2aeb6c24,15.343899655260435,15.340333079378706,request_throughput_rps,5,64,chunk_2048,mixed,2000,workload_seed,1.213067895282254
poisson,2032.6751117378171,1845.1596618948151,,analytical,E2,E2-5e2b2aeb6c24,1945.0714887147024,1957.784653177934,output_token_throughput_tps,5,64,chunk_2048,mixed,2000,workload_seed,114.77139623614545
poisson,11.236672243082179,6.946556507550414,,analytical,E2,E2-5e2b2aeb6c24,9.03362094142827,9.142190061485874,observed_request_throughput_rps,5,64,chunk_2048,mixed,2000,workload_seed,2.8818793805767022
poisson,1.330009283244467,1.189465838017854,,analytical,E2,E2-5e2b2aeb6c24,1.266576117917984,1.2853664354059295,iteration_cv,5,64,chunk_2048,mixed,2000,workload_seed,0.08982048008654378
poisson,5948.267170361423,4847.201524501583,,analytical,E2,E2-5e2b2aeb6c24,5356.251115834404,5360.303307139608,max_wait_ms,5,64,chunk_2048,mixed,2000,workload_seed,718.6987208401681
poisson,86.0,75.4,,analytical,E2,E2-5e2b2aeb6c24,81.0,82.0,starvation_proxy_count,5,64,chunk_2048,mixed,2000,workload_seed,7.035623639735144
poisson,0.7551198544469834,0.7064391497781106,,analytical,E2,E2-5e2b2aeb6c24,0.7326211728364949,0.7385977437204616,waiting_satisfaction_jain,5,64,chunk_2048,mixed,2000,workload_seed,0.031788624825662394
poisson,5793.737974077945,4575.655461426965,,analytical,E2,E2-5e2b2aeb6c24,5108.4279684016055,4782.018805639949,short_prompt_ttft_p95_ms,5,64,chunk_2048,mixed,2000,workload_seed,795.099210331782
poisson,5563.415561035637,4407.580186650384,,analytical,E2,E2-5e2b2aeb6c24,4916.281787703873,4549.89006867512,long_prompt_ttft_p95_ms,5,64,chunk_2048,mixed,2000,workload_seed,736.8748176638038
poisson,45.05359999999998,14.329599999999994,,analytical,E2,E2-5e2b2aeb6c24,29.691599999999987,43.25599999999997,primer_max_itl_ms,5,64,chunk_2048,mixed,2000,workload_seed,20.980902335219035
poisson,116.0,106.8,,analytical,E2,E2-5e2b2aeb6c24,111.6,112.0,backlog_at_arrival_end,5,64,chunk_2048,mixed,2000,workload_seed,6.2289646009589745
poisson,0.9999999999999927,0.998800995648339,,analytical,E2,E2-5e2b2aeb6c24,0.9996003318827735,0.9999999999999902,server_busy_fraction,5,64,chunk_2048,mixed,2000,workload_seed,0.0008936850785372617
poisson,0.8756182674379269,0.8587932843089963,,analytical,E2,E2-5e2b2aeb6c24,0.867433032494405,0.8685659636155548,batch_slot_occupancy,5,64,chunk_2048,mixed,2000,workload_seed,0.011416045039433938
poisson,2938.8914989840487,1971.2863586265098,,analytical,E2,E2-5e2b2aeb6c24,2427.7315665928713,2343.272685647247,ttft_p50_ms,5,64,chunk_256,mixed,2000,workload_seed,632.490156093293
poisson,5792.660110026971,4762.044074184298,,analytical,E2,E2-5e2b2aeb6c24,5207.720459526987,4962.6082652998275,ttft_p95_ms,5,64,chunk_256,mixed,2000,workload_seed,690.3087835420977
poisson,5919.202347056767,4902.753177681945,,analytical,E2,E2-5e2b2aeb6c24,5356.088128309906,5229.750728294379,ttft_p99_ms,5,64,chunk_256,mixed,2000,workload_seed,660.9717122658844
poisson,11.843194329953633,10.149659446335058,,analytical,E2,E2-5e2b2aeb6c24,10.988199255353432,10.973190017825234,tpot_p95_ms,5,64,chunk_256,mixed,2000,workload_seed,1.0140768680068017
poisson,12.401320069791932,11.071172311255214,,analytical,E2,E2-5e2b2aeb6c24,11.673923719238697,11.584848609022586,tpot_p99_ms,5,64,chunk_256,mixed,2000,workload_seed,0.8130413469577843
poisson,6964.303873590313,5725.335303565058,,analytical,E2,E2-5e2b2aeb6c24,6353.231109328966,6401.641558987063,e2e_p95_ms,5,64,chunk_256,mixed,2000,workload_seed,812.321450342913
poisson,12.388599999999862,10.670199999999658,,analytical,E2,E2-5e2b2aeb6c24,11.665399999999773,12.082999999999629,itl_p95_ms,5,64,chunk_256,mixed,2000,workload_seed,1.0821371447281585
poisson,13.15019999999995,11.796599999999762,,analytical,E2,E2-5e2b2aeb6c24,12.467999999999938,12.456000000000131,itl_p99_ms,5,64,chunk_256,mixed,2000,workload_seed,0.8408739501257975
poisson,17.241222711635565,15.238991970293899,,analytical,E2,E2-5e2b2aeb6c24,16.19183224583248,16.05575159042869,request_throughput_rps,5,64,chunk_256,mixed,2000,workload_seed,1.2764942883755108
poisson,2136.1021699076096,1953.9236941743425,,analytical,E2,E2-5e2b2aeb6c24,2052.154655857857,2069.2414692268508,output_token_throughput_tps,5,64,chunk_256,mixed,2000,workload_seed,110.82130237269175
poisson,15.932358032803872,11.585804267338656,,analytical,E2,E2-5e2b2aeb6c24,13.431187562114127,12.387712837499821,observed_request_throughput_rps,5,64,chunk_256,mixed,2000,workload_seed,2.8835697073389337
poisson,0.6827147541050014,0.5363711921985743,,analytical,E2,E2-5e2b2aeb6c24,0.6100436883157183,0.6438635074129274,iteration_cv,5,64,chunk_256,mixed,2000,workload_seed,0.09702099681486366
poisson,5905.591927144735,4892.764722912785,,analytical,E2,E2-5e2b2aeb6c24,5355.338325919927,5219.34196662914,max_wait_ms,5,64,chunk_256,mixed,2000,workload_seed,661.8611812783455
poisson,92.4,79.6,,analytical,E2,E2-5e2b2aeb6c24,86.0,90.0,starvation_proxy_count,5,64,chunk_256,mixed,2000,workload_seed,8.689073598491383
poisson,0.7503816872282567,0.7031256225288407,,analytical,E2,E2-5e2b2aeb6c24,0.7271590822729852,0.7286097739230473,waiting_satisfaction_jain,5,64,chunk_256,mixed,2000,workload_seed,0.031018112580572615
poisson,5778.1464646814675,4749.823936912218,,analytical,E2,E2-5e2b2aeb6c24,5194.391174942915,4900.04742163844,short_prompt_ttft_p95_ms,5,64,chunk_256,mixed,2000,workload_seed,702.4711870401051
poisson,5561.65878518218,4669.549506650333,,analytical,E2,E2-5e2b2aeb6c24,5062.212337703818,4813.2292686750525,long_prompt_ttft_p95_ms,5,64,chunk_256,mixed,2000,workload_seed,608.2429476666267
poisson,9.193000000000035,4.172999999999995,,analytical,E2,E2-5e2b2aeb6c24,6.653200000000007,6.659999999999997,primer_max_itl_ms,5,64,chunk_256,mixed,2000,workload_seed,3.2469666921605644
poisson,108.0,98.4,,analytical,E2,E2-5e2b2aeb6c24,103.8,104.0,backlog_at_arrival_end,5,64,chunk_256,mixed,2000,workload_seed,6.534523701081817
poisson,0.9999999999999977,0.998732736247469,,analytical,E2,E2-5e2b2aeb6c24,0.9995775787491533,0.9999999999999927,server_busy_fraction,5,64,chunk_256,mixed,2000,workload_seed,0.0009445626320231849
poisson,0.5980795582196382,0.5013444893244948,,analytical,E2,E2-5e2b2aeb6c24,0.5535734046574874,0.5705089540357662,batch_slot_occupancy,5,64,chunk_256,mixed,2000,workload_seed,0.06141075430523633
poisson,3415.56607963352,2385.811212521602,,analytical,E2,E2-5e2b2aeb6c24,2878.654777716928,2831.755447259739,ttft_p50_ms,5,64,chunk_32,mixed,2000,workload_seed,638.0979261199257
poisson,6407.556489939268,5130.150358734547,,analytical,E2,E2-5e2b2aeb6c24,5713.522312245473,5447.1827065143125,ttft_p95_ms,5,64,chunk_32,mixed,2000,workload_seed,847.2888694344357
poisson,6544.625296725805,5307.878529001206,,analytical,E2,E2-5e2b2aeb6c24,5877.429123065621,5700.426518294567,ttft_p99_ms,5,64,chunk_32,mixed,2000,workload_seed,807.8669121500658
poisson,2.6000978170795133,2.20108863787185,,analytical,E2,E2-5e2b2aeb6c24,2.4005932274756816,2.433658750000029,tpot_p95_ms,5,64,chunk_32,mixed,2000,workload_seed,0.25878524000531905
poisson,3.072881827263693,2.409585802139156,,analytical,E2,E2-5e2b2aeb6c24,2.7263220000564923,2.7797404545455007,tpot_p99_ms,5,64,chunk_32,mixed,2000,workload_seed,0.44578570869749384
poisson,6551.093399310809,5299.57641279332,,analytical,E2,E2-5e2b2aeb6c24,5872.957524250329,5640.943160392562,e2e_p95_ms,5,64,chunk_32,mixed,2000,workload_seed,833.7376919719911
poisson,2.720199999999875,2.259400000000073,,analytical,E2,E2-5e2b2aeb6c24,2.4655999999999834,2.3630000000002838,itl_p95_ms,5,64,chunk_32,mixed,2000,workload_seed,0.29228462155907486
poisson,3.3011999999997457,2.416000000000122,,analytical,E2,E2-5e2b2aeb6c24,2.8001999999999496,2.627999999999929,itl_p99_ms,5,64,chunk_32,mixed,2000,workload_seed,0.5744620962254455
poisson,17.42255069053299,15.357571775176542,,analytical,E2,E2-5e2b2aeb6c24,16.46618508117503,16.722217961830367,request_throughput_rps,5,64,chunk_32,mixed,2000,workload_seed,1.4191251161796248
poisson,2202.5135594369476,1955.2287613935478,,analytical,E2,E2-5e2b2aeb6c24,2087.8878801780675,2114.5618511725334,output_token_throughput_tps,5,64,chunk_32,mixed,2000,workload_seed,152.7950117745932
poisson,19.07838847164706,14.787974185126185,,analytical,E2,E2-5e2b2aeb6c24,16.873912136421346,16.570219486443143,observed_request_throughput_rps,5,64,chunk_32,mixed,2000,workload_seed,2.637688164560757
poisson,0.4322247950805444,0.3520680323510379,,analytical,E2,E2-5e2b2aeb6c24,0.38952782102288225,0.38390126290282,iteration_cv,5,64,chunk_32,mixed,2000,workload_seed,0.05143354755398242
poisson,6558.823923237494,5301.516722913036,,analytical,E2,E2-5e2b2aeb6c24,5876.9385259200735,5690.455966629329,max_wait_ms,5,64,chunk_32,mixed,2000,workload_seed,808.1726557143887
poisson,106.8,95.4,,analytical,E2,E2-5e2b2aeb6c24,101.2,102.0,starvation_proxy_count,5,64,chunk_32,mixed,2000,workload_seed,7.463243262818116
poisson,0.7319809434346781,0.6854295955547961,,analytical,E2,E2-5e2b2aeb6c24,0.7083732831770788,0.6924346732813661,waiting_satisfaction_jain,5,64,chunk_32,mixed,2000,workload_seed,0.03131881453052194
poisson,6403.821534801634,5111.150896912473,,analytical,E2,E2-5e2b2aeb6c24,5699.025674658001,5383.71932163866,short_prompt_ttft_p95_ms,5,64,chunk_32,mixed,2000,workload_seed,859.5786136644017
poisson,6251.929901035603,5041.812386650562,,analytical,E2,E2-5e2b2aeb6c24,5588.026417703975,5323.864553734414,long_prompt_ttft_p95_ms,5,64,chunk_32,mixed,2000,workload_seed,772.5328030004731
poisson,1.604000000000002,1.0399999999999974,,analytical,E2,E2-5e2b2aeb6c24,1.3219999999999996,1.603999999999985,primer_max_itl_ms,5,64,chunk_32,mixed,2000,workload_seed,0.38614440304114167
poisson,102.6,92.6,,analytical,E2,E2-5e2b2aeb6c24,97.6,99.0,backlog_at_arrival_end,5,64,chunk_32,mixed,2000,workload_seed,6.6558245169174945
poisson,0.9999999999999915,0.9987476636545797,,analytical,E2,E2-5e2b2aeb6c24,0.9995825545515142,0.9999999999999768,server_busy_fraction,5,64,chunk_32,mixed,2000,workload_seed,0.0009334363996714053
poisson,0.14297153908219268,0.12342214509198045,,analytical,E2,E2-5e2b2aeb6c24,0.13407293186525188,0.13795189671104022,batch_slot_occupancy,5,64,chunk_32,mixed,2000,workload_seed,0.01294674319047608
poisson,2730.6131864128156,1740.4272507869614,,analytical,E2,E2-5e2b2aeb6c24,2190.5010176347114,2045.8421337536977,ttft_p50_ms,5,64,chunk_512,mixed,2000,workload_seed,647.9708690611315
poisson,5748.535038411111,4625.3272704914725,,analytical,E2,E2-5e2b2aeb6c24,5128.159403072323,4792.187571029679,ttft_p95_ms,5,64,chunk_512,mixed,2000,workload_seed,759.7048221610006
poisson,5895.958890563832,4769.738446525084,,analytical,E2,E2-5e2b2aeb6c24,5288.437364652539,5140.9836482944265,ttft_p99_ms,5,64,chunk_512,mixed,2000,workload_seed,729.0969418702949
poisson,16.906316809557747,16.568429471175996,,analytical,E2,E2-5e2b2aeb6c24,16.731670114677573,16.651773880596945,tpot_p95_ms,5,64,chunk_512,mixed,2000,workload_seed,0.2332828307414206
poisson,17.83826905261377,17.630861151531057,,analytical,E2,E2-5e2b2aeb6c24,17.736947177793674,17.7422487500002,tpot_p99_ms,5,64,chunk_512,mixed,2000,workload_seed,0.13786446723557688
poisson,7415.60183056089,6227.94693622516,,analytical,E2,E2-5e2b2aeb6c24,6822.763016791813,6883.186684224781,e2e_p95_ms,5,64,chunk_512,mixed,2000,workload_seed,773.3153576108255
poisson,18.938399999999955,18.615999999999985,,analytical,E2,E2-5e2b2aeb6c24,18.777199999999947,18.615999999999985,itl_p95_ms,5,64,chunk_512,mixed,2000,workload_seed,0.22073219067453062
poisson,19.019000000000233,19.01899999999996,,analytical,E2,E2-5e2b2aeb6c24,19.01900000000014,19.019000000000233,itl_p99_ms,5,64,chunk_512,mixed,2000,workload_seed,2.033691978340166e-13
poisson,16.58738089738202,14.670331863245494,,analytical,E2,E2-5e2b2aeb6c24,15.594753632812626,15.525835171668822,request_throughput_rps,5,64,chunk_512,mixed,2000,workload_seed,1.2239928288837234
poisson,2061.5890058558375,1880.9974907854685,,analytical,E2,E2-5e2b2aeb6c24,1976.6056745670746,1991.4380148062357,output_token_throughput_tps,5,64,chunk_512,mixed,2000,workload_seed,108.90855649839575
poisson,13.104594150432371,8.319169376170754,,analytical,E2,E2-5e2b2aeb6c24,10.717295730284985,10.856350698014474,observed_request_throughput_rps,5,64,chunk_512,mixed,2000,workload_seed,3.0035402955346675
poisson,0.8653451683192613,0.7366821768722295,,analytical,E2,E2-5e2b2aeb6c24,0.8020646248849974,0.8496423871577465,iteration_cv,5,64,chunk_512,mixed,2000,workload_seed,0.08434150999090784
poisson,5909.956323237549,4803.802373127515,,analytical,E2,E2-5e2b2aeb6c24,5317.165285078352,5215.037307139566,max_wait_ms,5,64,chunk_512,mixed,2000,workload_seed,717.904513907468
poisson,88.8,77.6,,analytical,E2,E2-5e2b2aeb6c24,83.2,88.0,starvation_proxy_count,5,64,chunk_512,mixed,2000,workload_seed,8.043631020876083
poisson,0.7604133651202181,0.7095661092809026,,analytical,E2,E2-5e2b2aeb6c24,0.7365372270118782,0.7416798492081662,waiting_satisfaction_jain,5,64,chunk_512,mixed,2000,workload_seed,0.032949708388100275
poisson,5757.00024144693,4610.555822837874,,analytical,E2,E2-5e2b2aeb6c24,5119.503751708391,4786.15760563992,short_prompt_ttft_p95_ms,5,64,chunk_512,mixed,2000,workload_seed,773.2206727514827
poisson,5549.2926851822,4522.097506650362,,analytical,E2,E2-5e2b2aeb6c24,4976.294157703853,4677.245868675099,long_prompt_ttft_p95_ms,5,64,chunk_512,mixed,2000,workload_seed,694.490995361268
poisson,16.1184,6.243799999999998,,analytical,E2,E2-5e2b2aeb6c24,11.319199999999999,12.09899999999999,primer_max_itl_ms,5,64,chunk_512,mixed,2000,workload_seed,6.181670178843256
poisson,113.4,103.8,,analytical,E2,E2-5e2b2aeb6c24,108.6,109.0,backlog_at_arrival_end,5,64,chunk_512,mixed,2000,workload_seed,6.58027355054484
poisson,0.9999999999999956,0.9987803853493642,,analytical,E2,E2-5e2b2aeb6c24,0.9995934617831163,0.9999999999999898,server_busy_fraction,5,64,chunk_512,mixed,2000,workload_seed,0.0009090470883867502
poisson,0.8050054138239542,0.739828933319165,,analytical,E2,E2-5e2b2aeb6c24,0.7756779407741602,0.7907379447156774,batch_slot_occupancy,5,64,chunk_512,mixed,2000,workload_seed,0.04219509250211463
poisson,3187.946574988566,2281.608353637812,,analytical,E2,E2-5e2b2aeb6c24,2722.6267354631996,2660.8006856472334,ttft_p50_ms,5,64,chunk_64,mixed,2000,workload_seed,574.8152097242759
poisson,6135.562766512821,4921.233308734406,,analytical,E2,E2-5e2b2aeb6c24,5477.844687769956,5263.267856514192,ttft_p95_ms,5,64,chunk_64,mixed,2000,workload_seed,797.7292427507816
poisson,6273.019442005594,5089.319287682059,,analytical,E2,E2-5e2b2aeb6c24,5624.930120310024,5391.280338294492,ttft_p99_ms,5,64,chunk_64,mixed,2000,workload_seed,766.1946292202581
poisson,4.040676469257196,3.413457239812387,,analytical,E2,E2-5e2b2aeb6c24,3.7284721731002257,3.7927817733123934,tpot_p95_ms,5,64,chunk_64,mixed,2000,workload_seed,0.4289144785216732
poisson,4.533328111833909,3.6107337001397966,,analytical,E2,E2-5e2b2aeb6c24,4.0509773563504945,3.8508641176470384,tpot_p99_ms,5,64,chunk_64,mixed,2000,workload_seed,0.6011199867643479
poisson,6435.982550336338,5175.081251858298,,analytical,E2,E2-5e2b2aeb6c24,5741.091343492817,5480.141086182583,e2e_p95_ms,5,64,chunk_64,mixed,2000,workload_seed,804.1083319681719
poisson,4.102399999999943,3.5304000000000086,,analytical,E2,E2-5e2b2aeb6c24,3.816399999999976,3.7520000000004075,itl_p95_ms,5,64,chunk_64,mixed,2000,workload_seed,0.3715915768689124
poisson,4.743000000000075,3.750674999999955,,analytical,E2,E2-5e2b2aeb6c24,4.220400000000041,4.035000000000082,itl_p99_ms,5,64,chunk_64,mixed,2000,workload_seed,0.6686316624271138
poisson,17.85981398519341,15.753287827054754,,analytical,E2,E2-5e2b2aeb6c24,16.862243289275984,16.99567234415031,request_throughput_rps,5,64,chunk_64,mixed,2000,workload_seed,1.4142703789518392
poisson,2243.8814369744573,2012.0802241623237,,analytical,E2,E2-5e2b2aeb6c24,2137.753204853799,2165.5005847856714,output_token_throughput_tps,5,64,chunk_64,mixed,2000,workload_seed,143.50410422383538
poisson,18.36943040086382,14.554381591903981,,analytical,E2,E2-5e2b2aeb6c24,16.535837911020597,16.570219486443143,observed_request_throughput_rps,5,64,chunk_64,mixed,2000,workload_seed,2.5452331612280776
poisson,0.41196945003072283,0.3046035694245423,,analytical,E2,E2-5e2b2aeb6c24,0.3613865113684339,0.35540103640382387,iteration_cv,5,64,chunk_64,mixed,2000,workload_seed,0.07097171151400476
poisson,6286.337523237611,5087.733321981366,,analytical,E2,E2-5e2b2aeb6c24,5623.6143259200435,5381.453966629254,max_wait_ms,5,64,chunk_64,mixed,2000,workload_seed,767.4020505267606
poisson,105.4,90.0,,analytical,E2,E2-5e2b2aeb6c24,98.0,99.0,starvation_proxy_count,5,64,chunk_64,mixed,2000,workload_seed,9.246621004453464
poisson,0.7378397047716821,0.6925772998732784,,analytical,E2,E2-5e2b2aeb6c24,0.7152085023224803,0.701899466582336,waiting_satisfaction_jain,5,64,chunk_64,mixed,2000,workload_seed,0.030382082983559638
poisson,6130.456895371896,4903.423356912333,,analytical,E2,E2-5e2b2aeb6c24,5462.715634943033,5192.349521638543,short_prompt_ttft_p95_ms,5,64,chunk_64,mixed,2000,workload_seed,807.4979010032506
poisson,5944.4643210356835,4826.221546650442,,analytical,E2,E2-5e2b2aeb6c24,5332.637607703929,5116.265553734326,long_prompt_ttft_p95_ms,5,64,chunk_64,mixed,2000,workload_seed,711.3090785126687
poisson,2.815999999999998,1.6160000000000019,,analytical,E2,E2-5e2b2aeb6c24,2.157000000000002,2.180000000000007,primer_max_itl_ms,5,64,chunk_64,mixed,2000,workload_seed,0.8167664904977407
poisson,103.00499999999997,93.4,,analytical,E2,E2-5e2b2aeb6c24,98.2,99.0,backlog_at_arrival_end,5,64,chunk_64,mixed,2000,workload_seed,6.534523701081817
poisson,0.9999999999999851,0.9986997986829923,,analytical,E2,E2-5e2b2aeb6c24,0.9995665995609851,0.9999999999999782,server_busy_fraction,5,64,chunk_64,mixed,2000,workload_seed,0.000969112843073905
poisson,0.22549838415186674,0.19021003987723656,,analytical,E2,E2-5e2b2aeb6c24,0.20778985000616318,0.20445100552216566,batch_slot_occupancy,5,64,chunk_64,mixed,2000,workload_seed,0.022011085426703624
poisson,3887.517113170241,2959.1039339904337,,analytical,E2,E2-5e2b2aeb6c24,3395.740021702752,3473.872952808918,ttft_p50_ms,5,64,fcfs,mixed,2000,workload_seed,625.9115572408273
poisson,7287.5635498919555,6028.6432985832125,,analytical,E2,E2-5e2b2aeb6c24,6611.92665534271,6431.431265302215,ttft_p95_ms,5,64,fcfs,mixed,2000,workload_seed,813.6662452298445
poisson,7454.952003917502,6296.100461037728,,analytical,E2,E2-5e2b2aeb6c24,6829.291556378562,6673.826525565063,ttft_p99_ms,5,64,fcfs,mixed,2000,workload_seed,776.3345009026918
poisson,0.32300000000032014,0.32300000000032014,,analytical,E2,E2-5e2b2aeb6c24,0.32300000000032014,0.32300000000032014,tpot_p95_ms,5,64,fcfs,mixed,2000,workload_seed,0.0
poisson,0.32300000000032014,0.32300000000032014,,analytical,E2,E2-5e2b2aeb6c24,0.32300000000032014,0.32300000000032014,tpot_p99_ms,5,64,fcfs,mixed,2000,workload_seed,0.0
poisson,7322.85542114556,6047.070466651361,,analytical,E2,E2-5e2b2aeb6c24,6639.847928367331,6446.857465585461,e2e_p95_ms,5,64,fcfs,mixed,2000,workload_seed,825.564517192112
poisson,0.32300000000032014,0.32300000000032014,,analytical,E2,E2-5e2b2aeb6c24,0.32300000000032014,0.32300000000032014,itl_p95_ms,5,64,fcfs,mixed,2000,workload_seed,0.0
poisson,0.32300000000032014,0.32300000000032014,,analytical,E2,E2-5e2b2aeb6c24,0.32300000000032014,0.32300000000032014,itl_p99_ms,5,64,fcfs,mixed,2000,workload_seed,0.0
poisson,15.743797091490814,13.912873726781829,,analytical,E2,E2-5e2b2aeb6c24,14.83876800807749,14.815433839302772,request_throughput_rps,5,64,fcfs,mixed,2000,workload_seed,1.1794346073287088
poisson,1963.7599502010085,1784.0881774334134,,analytical,E2,E2-5e2b2aeb6c24,1880.9966560804357,1898.3711620865665,output_token_throughput_tps,5,64,fcfs,mixed,2000,workload_seed,110.83453531798382
poisson,17.673772473078177,13.089242254694136,,analytical,E2,E2-5e2b2aeb6c24,15.552733335310924,16.35148152555431,observed_request_throughput_rps,5,64,fcfs,mixed,2000,workload_seed,3.054709183657631
poisson,8.399616243896958,7.6899458246928205,,analytical,E2,E2-5e2b2aeb6c24,8.044781034294889,7.887456260960454,iteration_cv,5,64,fcfs,mixed,2000,workload_seed,0.45349515012451536
poisson,7503.4541040123995,6320.039230270947,,analytical,E2,E2-5e2b2aeb6c24,6858.0126477346985,6679.092355372852,max_wait_ms,5,64,fcfs,mixed,2000,workload_seed,778.1091873196481
poisson,110.0,100.6,,analytical,E2,E2-5e2b2aeb6c24,105.6,106.0,starvation_proxy_count,5,64,fcfs,mixed,2000,workload_seed,6.188699378706321
poisson,0.7135821807060846,0.6768940455046101,,analytical,E2,E2-5e2b2aeb6c24,0.6962871758986833,0.6998775448902056,waiting_satisfaction_jain,5,64,fcfs,mixed,2000,workload_seed,0.023880065466327063
poisson,7310.982052791679,6019.756102839596,,analytical,E2,E2-5e2b2aeb6c24,6609.44077917023,6389.004421640846,short_prompt_ttft_p95_ms,5,64,fcfs,mixed,2000,workload_seed,833.7809988184025
poisson,7033.9709147027415,5788.332346651861,,analytical,E2,E2-5e2b2aeb6c24,6386.03741770582,6273.975953736524,long_prompt_ttft_p95_ms,5,64,fcfs,mixed,2000,workload_seed,798.0685481441941
poisson,0.3230000000000047,0.3230000000000004,,analytical,E2,E2-5e2b2aeb6c24,0.32300000000000184,0.3230000000000004,primer_max_itl_ms,5,64,fcfs,mixed,2000,workload_seed,3.1776437161565094e-15
poisson,105.8,94.6,,analytical,E2,E2-5e2b2aeb6c24,100.0,100.0,backlog_at_arrival_end,5,64,fcfs,mixed,2000,workload_seed,6.745368781616021
poisson,0.9999999999997261,0.9988597220629684,,analytical,E2,E2-5e2b2aeb6c24,0.9996199073541261,0.9999999999996871,server_busy_fraction,5,64,fcfs,mixed,2000,workload_seed,0.0008499129932590521
poisson,0.03125,0.03125,,analytical,E2,E2-5e2b2aeb6c24,0.03125,0.03125,batch_slot_occupancy,5,64,fcfs,mixed,2000,workload_seed,0.0
poisson,2640.754416664123,1706.7584033096568,,analytical,E2,E2-5e2b2aeb6c24,2160.3437556461654,2168.214762195145,ttft_p50_ms,5,64,mono,mixed,2000,workload_seed,618.1900856348293
poisson,5795.807339889379,4605.198048112497,,analytical,E2,E2-5e2b2aeb6c24,5127.400315822145,4820.372371029708,ttft_p95_ms,5,64,mono,mixed,2000,workload_seed,780.786708285422
poisson,5931.524817838346,4783.6034911919205,,analytical,E2,E2-5e2b2aeb6c24,5316.91622991871,5283.4189623136335,ttft_p99_ms,5,64,mono,mixed,2000,workload_seed,742.6983384085768
poisson,27.085847037037105,24.545070725983372,,analytical,E2,E2-5e2b2aeb6c24,25.554805520596137,25.124997872340607,tpot_p95_ms,5,64,mono,mixed,2000,workload_seed,1.7352679655212127
poisson,37.57520930390443,30.822074319347404,,analytical,E2,E2-5e2b2aeb6c24,33.612708509032686,32.005825000000016,tpot_p99_ms,5,64,mono,mixed,2000,workload_seed,4.359397974101841
poisson,7625.312594624808,6470.597109081192,,analytical,E2,E2-5e2b2aeb6c24,7041.221528494588,7042.811634224801,e2e_p95_ms,5,64,mono,mixed,2000,workload_seed,753.0179622261081
poisson,53.042600000000036,37.9886600000001,,analytical,E2,E2-5e2b2aeb6c24,44.825,45.31700000000001,itl_p95_ms,5,64,mono,mixed,2000,workload_seed,9.945241173546254
poisson,156.55279999999985,141.8336,,analytical,E2,E2-5e2b2aeb6c24,150.36359999999988,154.53399999999965,itl_p99_ms,5,64,mono,mixed,2000,workload_seed,9.556846357454877
poisson,16.26530502918138,14.358552142952126,,analytical,E2,E2-5e2b2aeb6c24,15.316002757014076,15.316697246213185,request_throughput_rps,5,64,mono,mixed,2000,workload_seed,1.2147021122729809
poisson,2029.311131173545,1841.1372574431948,,analytical,E2,E2-5e2b2aeb6c24,1941.536002815923,1955.0706075165308,output_token_throughput_tps,5,64,mono,mixed,2000,workload_seed,115.2117249440795
poisson,11.236672243082179,6.946556507550414,,analytical,E2,E2-5e2b2aeb6c24,9.03362094142827,9.142190061485874,observed_request_throughput_rps,5,64,mono,mixed,2000,workload_seed,2.8818793805767022
poisson,2.1218276031560763,1.8842771208425682,,analytical,E2,E2-5e2b2aeb6c24,2.0087925813682816,2.016692344359533,iteration_cv,5,64,mono,mixed,2000,workload_seed,0.146625277658791
poisson,5959.20322178674,4854.338124501582,,analytical,E2,E2-5e2b2aeb6c24,5366.4699996428435,5377.988307139608,max_wait_ms,5,64,mono,mixed,2000,workload_seed,722.1510372158519
poisson,86.0,75.4,,analytical,E2,E2-5e2b2aeb6c24,80.8,80.0,starvation_proxy_count,5,64,mono,mixed,2000,workload_seed,7.259476565152615
poisson,0.7529823640063882,0.7042185279700408,,analytical,E2,E2-5e2b2aeb6c24,0.7306416929950907,0.7367456787951139,waiting_satisfaction_jain,5,64,mono,mixed,2000,workload_seed,0.03197682400778912
poisson,5822.886377208755,4595.10343988505,,analytical,E2,E2-5e2b2aeb6c24,5130.092492007585,4808.285805639949,short_prompt_ttft_p95_ms,5,64,mono,mixed,2000,workload_seed,803.6322668903066
poisson,5562.669201035639,4389.126866650382,,analytical,E2,E2-5e2b2aeb6c24,4906.785287703873,4554.956953734292,long_prompt_ttft_p95_ms,5,64,mono,mixed,2000,workload_seed,745.0506838188367
poisson,157.1784,37.0496,,analytical,E2,E2-5e2b2aeb6c24,97.114,156.856,primer_max_itl_ms,5,64,mono,mixed,2000,workload_seed,82.25396217812246
poisson,116.0,106.8,,analytical,E2,E2-5e2b2aeb6c24,111.6,112.0,backlog_at_arrival_end,5,64,mono,mixed,2000,workload_seed,6.2289646009589745
poisson,0.9999999999999923,0.9988026578089615,,analytical,E2,E2-5e2b2aeb6c24,0.999600885936314,0.9999999999999895,server_busy_fraction,5,64,mono,mixed,2000,workload_seed,0.0008924461771564067
poisson,0.8837267144237849,0.870524403009852,,analytical,E2,E2-5e2b2aeb6c24,0.8772063779965293,0.8775269147523418,batch_slot_occupancy,5,64,mono,mixed,2000,workload_seed,0.00892680040833815
poisson,14.882898711108215,11.259120854073421,,analytical,E3,E3-023ad27764b1,13.163022557264117,13.44487875422874,ttft_p50_ms,5,8,chunk_512,mixed,2000,workload_seed,2.1915734932409157
poisson,151.32504537693768,148.87386977495777,,analytical,E3,E3-023ad27764b1,149.9007135220661,149.24604270413056,ttft_p95_ms,5,8,chunk_512,mixed,2000,workload_seed,1.655319133228622
poisson,249.6283327882208,182.0765692536284,,analytical,E3,E3-023ad27764b1,212.58131984839173,200.22526299863446,ttft_p99_ms,5,8,chunk_512,mixed,2000,workload_seed,43.353424261260365
poisson,2.732142762203647,2.289715824739383,,analytical,E3,E3-023ad27764b1,2.515481221412818,2.538301947675312,tpot_p95_ms,5,8,chunk_512,mixed,2000,workload_seed,0.28853529076503354
poisson,6.330207065890541,5.149497992542854,,analytical,E3,E3-023ad27764b1,5.754705497399787,5.670572317156627,tpot_p99_ms,5,8,chunk_512,mixed,2000,workload_seed,0.7840141974296392
poisson,507.7581451338363,399.92221382915284,,analytical,E3,E3-023ad27764b1,448.49048683290385,419.54855466900335,e2e_p95_ms,5,8,chunk_512,mixed,2000,workload_seed,68.73041983506933
poisson,1.9459999999999127,1.4798000000001594,,analytical,E3,E3-023ad27764b1,1.7376000000001113,1.787000000000262,itl_p95_ms,5,8,chunk_512,mixed,2000,workload_seed,0.2829165954834535
poisson,10.14759999999951,9.882726000000119,,analytical,E3,E3-023ad27764b1,10.024925999999985,10.003000000000611,itl_p99_ms,5,8,chunk_512,mixed,2000,workload_seed,0.17438565703590583
poisson,8.939303077058145,7.971316590763864,,analytical,E3,E3-023ad27764b1,8.455309833911006,8.761527367614681,request_throughput_rps,5,8,chunk_512,mixed,2000,workload_seed,0.6351918697521728
poisson,1157.987214525398,952.7409499470328,,analytical,E3,E3-023ad27764b1,1049.0679709874262,1043.2720263554622,output_token_throughput_tps,5,8,chunk_512,mixed,2000,workload_seed,129.60724305635446
poisson,8.928802378164933,7.955558283484582,,analytical,E3,E3-023ad27764b1,8.442180330824758,8.737196892602476,observed_request_throughput_rps,5,8,chunk_512,mixed,2000,workload_seed,0.639933371459306
poisson,2.174532268049969,2.1178137268440707,,analytical,E3,E3-023ad27764b1,2.147028113939744,2.153745421571712,iteration_cv,5,8,chunk_512,mixed,2000,workload_seed,0.03708801671935983
poisson,232.43439392536803,165.1015616069566,,analytical,E3,E3-023ad27764b1,195.99369750412606,185.4253402084587,max_wait_ms,5,8,chunk_512,mixed,2000,workload_seed,42.49041192465506
poisson,0.0,0.0,,analytical,E3,E3-023ad27764b1,0.0,0.0,starvation_proxy_count,5,8,chunk_512,mixed,2000,workload_seed,0.0
poisson,0.9992892103221818,0.9988534907667705,,analytical,E3,E3-023ad27764b1,0.9990957915778736,0.9991731058696873,waiting_satisfaction_jain,5,8,chunk_512,mixed,2000,workload_seed,0.00028455224791649184
poisson,100.43102869934314,94.07474738771265,,analytical,E3,E3-023ad27764b1,96.94502041664626,96.72763611650076,short_prompt_ttft_p95_ms,5,8,chunk_512,mixed,2000,workload_seed,4.047626820371769
poisson,230.2825411496012,176.82748368957238,,analytical,E3,E3-023ad27764b1,201.86691143535577,200.13330043254072,long_prompt_ttft_p95_ms,5,8,chunk_512,mixed,2000,workload_seed,32.308331226193005
poisson,8.790599999999989,1.0466000000000009,,analytical,E3,E3-023ad27764b1,4.918599999999995,3.9410000000000025,primer_max_itl_ms,5,8,chunk_512,mixed,2000,workload_seed,4.870755259710749
poisson,1.6,1.0,,analytical,E3,E3-023ad27764b1,1.2,1.0,backlog_at_arrival_end,5,8,chunk_512,mixed,2000,workload_seed,0.4472135954999579
poisson,0.5646859602818639,0.4732142185511159,,analytical,E3,E3-023ad27764b1,0.5183989481110864,0.5182039928539146,server_busy_fraction,5,8,chunk_512,mixed,2000,workload_seed,0.05970674880937441
poisson,0.07049502855274528,0.06128412513884016,,analytical,E3,E3-023ad27764b1,0.06641511327929281,0.06802694432055131,batch_slot_occupancy,5,8,chunk_512,mixed,2000,workload_seed,0.005867902219093644
poisson,85.67272566252049,46.49758211620938,,analytical,E3,E3-023ad27764b1,63.04301924732736,58.58962207494915,ttft_p50_ms,5,8,fcfs,mixed,2000,workload_seed,25.036869148138052
poisson,388.48747980473263,316.13139296026765,,analytical,E3,E3-023ad27764b1,350.90322076425986,330.5027057899488,ttft_p95_ms,5,8,fcfs,mixed,2000,workload_seed,48.794145857390035
poisson,588.2898045068783,463.3180403048758,,analytical,E3,E3-023ad27764b1,533.8307619291143,550.2470126411484,ttft_p99_ms,5,8,fcfs,mixed,2000,workload_seed,77.64331104120085
poisson,0.32300000000032014,0.32300000000032014,,analytical,E3,E3-023ad27764b1,0.32300000000032014,0.32300000000032014,tpot_p95_ms,5,8,fcfs,mixed,2000,workload_seed,0.0
poisson,0.32300000000032014,0.32300000000032014,,analytical,E3,E3-023ad27764b1,0.32300000000032014,0.32300000000032014,tpot_p99_ms,5,8,fcfs,mixed,2000,workload_seed,0.0
poisson,418.1680639977241,353.6250950959836,,analytical,E3,E3-023ad27764b1,385.1726141641619,361.41924210975344,e2e_p95_ms,5,8,fcfs,mixed,2000,workload_seed,43.456849546794956
poisson,0.32300000000032014,0.32300000000032014,,analytical,E3,E3-023ad27764b1,0.32300000000032014,0.32300000000032014,itl_p95_ms,5,8,fcfs,mixed,2000,workload_seed,0.0
poisson,0.32300000000032014,0.32300000000032014,,analytical,E3,E3-023ad27764b1,0.32300000000032014,0.32300000000032014,itl_p99_ms,5,8,fcfs,mixed,2000,workload_seed,0.0
poisson,8.93908244079399,7.971325746791479,,analytical,E3,E3-023ad27764b1,8.455204093792734,8.761527367614681,request_throughput_rps,5,8,fcfs,mixed,2000,workload_seed,0.6350979205573245
poisson,1157.913589525081,952.7540638016869,,analytical,E3,E3-023ad27764b1,1049.051647618428,1043.2720263554622,output_token_throughput_tps,5,8,fcfs,mixed,2000,workload_seed,129.56084078813768
poisson,8.928802378164933,7.955558283484582,,analytical,E3,E3-023ad27764b1,8.442180330824758,8.737196892602476,observed_request_throughput_rps,5,8,fcfs,mixed,2000,workload_seed,0.639933371459306
poisson,8.120256896103443,7.646849534086153,,analytical,E3,E3-023ad27764b1,7.865555717532243,7.785947734824777,iteration_cv,5,8,fcfs,mixed,2000,workload_seed,0.2961811319363162
poisson,702.7315231533066,523.3457349715485,,analytical,E3,E3-023ad27764b1,614.8593996667881,614.0427475053675,max_wait_ms,5,8,fcfs,mixed,2000,workload_seed,110.56825052665623
poisson,0.0,0.0,,analytical,E3,E3-023ad27764b1,0.0,0.0,starvation_proxy_count,5,8,fcfs,mixed,2000,workload_seed,0.0
poisson,0.992965679156093,0.9907607929898472,,analytical,E3,E3-023ad27764b1,0.9918819656840043,0.9922387282027728,waiting_satisfaction_jain,5,8,fcfs,mixed,2000,workload_seed,0.0014334954187087067
poisson,356.51385996650004,241.7423159584385,,analytical,E3,E3-023ad27764b1,296.47733693316525,278.49866571964486,short_prompt_ttft_p95_ms,5,8,fcfs,mixed,2000,workload_seed,72.94228433065243
poisson,471.38785477699093,360.69456710168043,,analytical,E3,E3-023ad27764b1,417.5987450470499,405.31835570917065,long_prompt_ttft_p95_ms,5,8,fcfs,mixed,2000,workload_seed,72.60627471540752
poisson,0.3230000000000047,0.3230000000000004,,analytical,E3,E3-023ad27764b1,0.32300000000000184,0.3230000000000004,primer_max_itl_ms,5,8,fcfs,mixed,2000,workload_seed,3.1776437161565094e-15
poisson,1.6,1.0,,analytical,E3,E3-023ad27764b1,1.2,1.0,backlog_at_arrival_end,5,8,fcfs,mixed,2000,workload_seed,0.4472135954999579
poisson,0.6020697244383072,0.5008618036913941,,analytical,E3,E3-023ad27764b1,0.5502771076720581,0.5492126125448519,server_busy_fraction,5,8,fcfs,mixed,2000,workload_seed,0.06644816404632611
poisson,0.03125,0.03125,,analytical,E3,E3-023ad27764b1,0.03125,0.03125,batch_slot_occupancy,5,8,fcfs,mixed,2000,workload_seed,0.0
poisson,14.267515892692426,10.842072491178806,,analytical,E3,E3-023ad27764b1,12.541311944636437,12.6521249314319,ttft_p50_ms,5,8,mono,mixed,2000,workload_seed,2.1364222261877734
poisson,147.72089087171398,145.73089185119684,,analytical,E3,E3-023ad27764b1,147.00259424097044,147.5560000000005,ttft_p95_ms,5,8,mono,mixed,2000,workload_seed,1.3961615218594783
poisson,211.90403150405024,169.05678416772713,,analytical,E3,E3-023ad27764b1,191.4253347624817,190.86906299862335,ttft_p99_ms,5,8,mono,mixed,2000,workload_seed,26.99151636232212
poisson,2.827807176851282,2.3174753027875066,,analytical,E3,E3-023ad27764b1,2.574471061442366,2.5816119892632217,tpot_p95_ms,5,8,mono,mixed,2000,workload_seed,0.3373669918169971
poisson,7.880280693205696,5.891330069550657,,analytical,E3,E3-023ad27764b1,6.806152668932431,6.698825432768133,tpot_p99_ms,5,8,mono,mixed,2000,workload_seed,1.3042381730186174
poisson,515.562492799343,404.9493353134943,,analytical,E3,E3-023ad27764b1,455.96567449670647,426.5734901080282,e2e_p95_ms,5,8,mono,mixed,2000,workload_seed,71.34539719472177
poisson,1.8423999999999068,1.3761999999998806,,analytical,E3,E3-023ad27764b1,1.5822000000000116,1.5280000000002474,itl_p95_ms,5,8,mono,mixed,2000,workload_seed,0.2845596598254232
poisson,2.4880000000001017,2.000200000000041,,analytical,E3,E3-023ad27764b1,2.270000000000073,2.32300000000032,itl_p99_ms,5,8,mono,mixed,2000,workload_seed,0.29581075031173654
poisson,8.93968142462118,7.971325746791479,,analytical,E3,E3-023ad27764b1,8.455503585706328,8.761527367614681,request_throughput_rps,5,8,mono,mixed,2000,workload_seed,0.6353815884015724
poisson,1158.0374738871833,952.7540638016869,,analytical,E3,E3-023ad27764b1,1049.0929424057954,1043.2720263554622,output_token_throughput_tps,5,8,mono,mixed,2000,workload_seed,129.6337869827322
poisson,8.928802378164933,7.955558283484582,,analytical,E3,E3-023ad27764b1,8.442180330824758,8.737196892602476,observed_request_throughput_rps,5,8,mono,mixed,2000,workload_seed,0.639933371459306
poisson,6.826209404603699,6.644453970156564,,analytical,E3,E3-023ad27764b1,6.733919873913138,6.701921947471568,iteration_cv,5,8,mono,mixed,2000,workload_seed,0.11801890323044656
poisson,210.26199719272373,157.99792368465086,,analytical,E3,E3-023ad27764b1,182.57611670174856,171.63838690354623,max_wait_ms,5,8,mono,mixed,2000,workload_seed,34.927488533626885
poisson,0.0,0.0,,analytical,E3,E3-023ad27764b1,0.0,0.0,starvation_proxy_count,5,8,mono,mixed,2000,workload_seed,0.0
poisson,0.999374593955328,0.9990100992091913,,analytical,E3,E3-023ad27764b1,0.9992147653649317,0.9992768496197258,waiting_satisfaction_jain,5,8,mono,mixed,2000,workload_seed,0.00023603994620396564
poisson,98.52464736203197,91.72940583094552,,analytical,E3,E3-023ad27764b1,94.81536278755904,94.66311441701035,short_prompt_ttft_p95_ms,5,8,mono,mixed,2000,workload_seed,4.403671741711177
poisson,204.59319401297125,165.2400336895743,,analytical,E3,E3-023ad27764b1,185.84732143535183,189.8219004325293,long_prompt_ttft_p95_ms,5,8,mono,mixed,2000,workload_seed,25.038402036177054
poisson,59.63219999999999,1.0466000000000009,,analytical,E3,E3-023ad27764b1,22.728599999999997,3.9410000000000025,primer_max_itl_ms,5,8,mono,mixed,2000,workload_seed,40.48924843461533
poisson,1.6,1.0,,analytical,E3,E3-023ad27764b1,1.2,1.0,backlog_at_arrival_end,5,8,mono,mixed,2000,workload_seed,0.4472135954999579
poisson,0.5633447857498579,0.4720176310227938,,analytical,E3,E3-023ad27764b1,0.5171405357467589,0.5168080351262964,server_busy_fraction,5,8,mono,mixed,2000,workload_seed,0.05960377533496673
poisson,0.07182784490752835,0.06173187588097686,,analytical,E3,E3-023ad27764b1,0.06755501743302175,0.06881146932736326,batch_slot_occupancy,5,8,mono,mixed,2000,workload_seed,0.0064435287792440656
poisson,9.494248002158837,8.258344777683124,,piecewise,E3,E3-0a981068b039,8.902526406614152,8.946763350002584,ttft_p50_ms,5,2,chunk_512,mixed,2000,workload_seed,0.8082070134228988
poisson,150.7158527999869,129.0984299799915,,piecewise,E3,E3-0a981068b039,141.1225041399892,150.71585279998544,ttft_p95_ms,5,2,chunk_512,mixed,2000,workload_seed,13.821160131719099
poisson,153.15774713363697,150.8204312818943,,piecewise,E3,E3-0a981068b039,151.89309513100133,151.23874520947138,ttft_p99_ms,5,2,chunk_512,mixed,2000,workload_seed,1.4854218864278637
poisson,1.1731110481671536,1.0278916373098292,,piecewise,E3,E3-0a981068b039,1.1005013427384915,1.0702227602746721,tpot_p95_ms,5,2,chunk_512,mixed,2000,workload_seed,0.09274780990415758
poisson,2.169603358562346,1.6327477114638445,,piecewise,E3,E3-0a981068b039,1.9050124404409974,1.8753940414782362,tpot_p99_ms,5,2,chunk_512,mixed,2000,workload_seed,0.34137403221682705
poisson,443.98986066856435,384.26184748432007,,piecewise,E3,E3-0a981068b039,414.24301788035916,412.882226562494,e2e_p95_ms,5,2,chunk_512,mixed,2000,workload_seed,35.52201100198384
poisson,0.9008191000023544,0.881244199998946,,piecewise,E3,E3-0a981068b039,0.8907290999993165,0.8887399999948684,itl_p95_ms,5,2,chunk_512,mixed,2000,workload_seed,0.01269260150014977
poisson,0.9872499999999264,0.9500609999997096,,piecewise,E3,E3-0a981068b039,0.9647620500000039,0.9570449999999937,itl_p99_ms,5,2,chunk_512,mixed,2000,workload_seed,0.02578784197070232
poisson,2.240794996757174,1.9944869160855405,,piecewise,E3,E3-0a981068b039,2.117640956421357,2.1915466391803573,request_throughput_rps,5,2,chunk_512,mixed,2000,workload_seed,0.16122102030716698
poisson,290.07541960859686,238.56802751629152,,piecewise,E3,E3-0a981068b039,262.73869953952305,260.9567039145892,output_token_throughput_tps,5,2,chunk_512,mixed,2000,workload_seed,32.585111554623104
poisson,2.2356975850465806,1.9888895708711456,,piecewise,E3,E3-0a981068b039,2.112293577958863,2.184299223150619,observed_request_throughput_rps,5,2,chunk_512,mixed,2000,workload_seed,0.16152703864263737
poisson,1.3112122239759694,1.2505223260844924,,piecewise,E3,E3-0a981068b039,1.2810958405237323,1.2815801753978333,iteration_cv,5,2,chunk_512,mixed,2000,workload_seed,0.03829642883202555
poisson,141.9309359444237,116.99200748174334,,piecewise,E3,E3-0a981068b039,130.28529707856586,133.20284193685984,max_wait_ms,5,2,chunk_512,mixed,2000,workload_seed,16.748966026152395
poisson,0.0,0.0,,piecewise,E3,E3-0a981068b039,0.0,0.0,starvation_proxy_count,5,2,chunk_512,mixed,2000,workload_seed,0.0
poisson,0.999857757716209,0.9997791995546802,,piecewise,E3,E3-0a981068b039,0.9998184786354445,0.9997957453016022,waiting_satisfaction_jain,5,2,chunk_512,mixed,2000,workload_seed,5.124558188845856e-05
poisson,29.34624603047889,14.002500174394765,,piecewise,E3,E3-0a981068b039,21.786802436910047,20.39883237220599,short_prompt_ttft_p95_ms,5,2,chunk_512,mixed,2000,workload_seed,9.808836966131974
poisson,152.9238068786928,150.8204312818943,,piecewise,E3,E3-0a981068b039,151.69530262284727,151.23874520947138,long_prompt_ttft_p95_ms,5,2,chunk_512,mixed,2000,workload_seed,1.3846277511106444
poisson,7.824827000000004,0.7925149999999995,,piecewise,E3,E3-0a981068b039,4.286358040000004,0.7958650000000063,primer_max_itl_ms,5,2,chunk_512,mixed,2000,workload_seed,4.784284382441747
poisson,1.0,1.0,,piecewise,E3,E3-0a981068b039,1.0,1.0,backlog_at_arrival_end,5,2,chunk_512,mixed,2000,workload_seed,0.0
poisson,0.25981966850620253,0.21850209849125357,,piecewise,E3,E3-0a981068b039,0.23884028726543174,0.23961574924909926,server_busy_fraction,5,2,chunk_512,mixed,2000,workload_seed,0.027633436625454925
poisson,0.0374251063761241,0.03636607742324146,,piecewise,E3,E3-0a981068b039,0.036917087679776646,0.03727741140417831,batch_slot_occupancy,5,2,chunk_512,mixed,2000,workload_seed,0.0006808567374900371
poisson,14.431181970465559,11.616547520464156,,piecewise,E3,E3-0a981068b039,13.004729660464841,13.352631252329957,ttft_p50_ms,5,2,fcfs,mixed,2000,workload_seed,1.8052572562175349
poisson,274.09941544302603,231.82630372636314,,piecewise,E3,E3-0a981068b039,252.96285958469457,250.08272155125087,ttft_p95_ms,5,2,fcfs,mixed,2000,workload_seed,28.366863415327252
poisson,608.0070426763134,363.3358623754713,,piecewise,E3,E3-0a981068b039,462.3345358215307,436.818801447108,ttft_p99_ms,5,2,fcfs,mixed,2000,workload_seed,163.24628877165043
poisson,0.8308672500000605,0.824542375000013,,piecewise,E3,E3-0a981068b039,0.8280807500000291,0.8300062499999765,tpot_p95_ms,5,2,fcfs,mixed,2000,workload_seed,0.004027656717383494
poisson,0.8319080056249881,0.8316418250000004,,piecewise,E3,E3-0a981068b039,0.8317666499999952,0.8316976249999987,tpot_p99_ms,5,2,fcfs,mixed,2000,workload_seed,0.00016774020555619388
poisson,468.16819606655116,393.8242399436839,,piecewise,E3,E3-0a981068b039,433.7251721444592,450.58197452499644,e2e_p95_ms,5,2,fcfs,mixed,2000,workload_seed,48.702411821997096
poisson,0.8315410000021984,0.8312420000002021,,piecewise,E3,E3-0a981068b039,0.8314000000017586,0.8314950000044519,itl_p95_ms,5,2,fcfs,mixed,2000,workload_seed,0.00019656424007200113
poisson,0.8326859999989447,0.8322020000009452,,piecewise,E3,E3-0a981068b039,0.8324439999999449,0.832469999996656,itl_p99_ms,5,2,fcfs,mixed,2000,workload_seed,0.0003107531162401745
poisson,2.241288805755778,1.9944947081460789,,piecewise,E3,E3-0a981068b039,2.117891756950929,2.1915466391803573,request_throughput_rps,5,2,fcfs,mixed,2000,workload_seed,0.161505430580644
poisson,290.105235255829,238.59918167820425,,piecewise,E3,E3-0a981068b039,262.76896135831544,260.9567039145892,output_token_throughput_tps,5,2,fcfs,mixed,2000,workload_seed,32.597319925274114
poisson,2.2356975850465806,1.9888895708711456,,piecewise,E3,E3-0a981068b039,2.112293577958863,2.184299223150619,observed_request_throughput_rps,5,2,fcfs,mixed,2000,workload_seed,0.16152703864263737
poisson,2.842271356997402,2.585493817189041,,piecewise,E3,E3-0a981068b039,2.7126286731249545,2.717798847989658,iteration_cv,5,2,fcfs,mixed,2000,workload_seed,0.1588426174385464
poisson,755.2004228608785,472.9445247295051,,piecewise,E3,E3-0a981068b039,599.7347843526702,554.1244675452035,max_wait_ms,5,2,fcfs,mixed,2000,workload_seed,182.94408533828184
poisson,0.0,0.0,,piecewise,E3,E3-0a981068b039,0.0,0.0,starvation_proxy_count,5,2,fcfs,mixed,2000,workload_seed,0.0
poisson,0.9959940632154984,0.9933223913380033,,piecewise,E3,E3-0a981068b039,0.9949089426866242,0.9958243118738227,waiting_satisfaction_jain,5,2,fcfs,mixed,2000,workload_seed,0.0017291980981153112
poisson,378.8363170675099,246.16852422577387,,piecewise,E3,E3-0a981068b039,303.14341554648735,281.13472251554066,short_prompt_ttft_p95_ms,5,2,fcfs,mixed,2000,workload_seed,84.42001788725115
poisson,344.41114240999474,208.31066937725146,,piecewise,E3,E3-0a981068b039,258.6490476114862,211.36719196335818,long_prompt_ttft_p95_ms,5,2,fcfs,mixed,2000,workload_seed,94.11877459387512
poisson,0.8164010000000012,0.7915379999999985,,piecewise,E3,E3-0a981068b039,0.8004950000000001,0.7920299999999969,primer_max_itl_ms,5,2,fcfs,mixed,2000,workload_seed,0.017574215487469153
poisson,1.0,1.0,,piecewise,E3,E3-0a981068b039,1.0,1.0,backlog_at_arrival_end,5,2,fcfs,mixed,2000,workload_seed,0.0
poisson,0.2697203379699138,0.2242409703958803,,piecewise,E3,E3-0a981068b039,0.24587168133039455,0.24443317162586087,server_busy_fraction,5,2,fcfs,mixed,2000,workload_seed,0.029664078195209435
poisson,0.03125,0.03125,,piecewise,E3,E3-0a981068b039,0.03125,0.03125,batch_slot_occupancy,5,2,fcfs,mixed,2000,workload_seed,0.0
poisson,9.096529160001637,7.9536508600014715,,piecewise,E3,E3-0a981068b039,8.527040420001072,8.6101925999983,ttft_p50_ms,5,2,mono,mixed,2000,workload_seed,0.7413116029250841
poisson,89.36585279999417,75.20914655213855,,piecewise,E3,E3-0a981068b039,83.21374299737654,89.36585279999417,ttft_p95_ms,5,2,mono,mixed,2000,workload_seed,9.038248547002416
poisson,89.36585280000145,89.36585280000145,,piecewise,E3,E3-0a981068b039,89.36585280000145,89.36585280000145,ttft_p99_ms,5,2,mono,mixed,2000,workload_seed,0.0
poisson,1.0488504887970713,0.9543618032990814,,piecewise,E3,E3-0a981068b039,1.0016061460480763,1.0150707049217997,tpot_p95_ms,5,2,mono,mixed,2000,workload_seed,0.059845167020814126
poisson,1.6509146314406458,1.2569641397330884,,piecewise,E3,E3-0a981068b039,1.438573313725637,1.320138037898765,tpot_p99_ms,5,2,mono,mixed,2000,workload_seed,0.24858162375741974
poisson,415.7053800262555,354.42664062600926,,piecewise,E3,E3-0a981068b039,390.2562106780475,405.65506947500035,e2e_p95_ms,5,2,mono,mixed,2000,workload_seed,40.66901391102427
poisson,0.8878079999994952,0.8735157999981311,,piecewise,E3,E3-0a981068b039,0.879629399998521,0.8744450000012876,itl_p95_ms,5,2,mono,mixed,2000,workload_seed,0.009147203087774426
poisson,0.9366102899994002,0.9018597237495584,,piecewise,E3,E3-0a981068b039,0.9211283399994246,0.9301314499980071,itl_p99_ms,5,2,mono,mixed,2000,workload_seed,0.021765478046534184
poisson,2.241288805755778,1.9944947081460789,,piecewise,E3,E3-0a981068b039,2.117891756950929,2.1915466391803573,request_throughput_rps,5,2,mono,mixed,2000,workload_seed,0.161505430580644
poisson,290.105235255829,238.59918167820425,,piecewise,E3,E3-0a981068b039,262.76896135831544,260.9567039145892,output_token_throughput_tps,5,2,mono,mixed,2000,workload_seed,32.597319925274114
poisson,2.2356975850465806,1.9888895708711456,,piecewise,E3,E3-0a981068b039,2.112293577958863,2.184299223150619,observed_request_throughput_rps,5,2,mono,mixed,2000,workload_seed,0.16152703864263737
poisson,2.9521946250423565,2.6830110240307286,,piecewise,E3,E3-0a981068b039,2.8147573203815104,2.8228645778075108,iteration_cv,5,2,mono,mixed,2000,workload_seed,0.16725277104962527
poisson,80.16950239208542,63.86490715644031,,piecewise,E3,E3-0a981068b039,71.41820911869887,67.6166811492003,max_wait_ms,5,2,mono,mixed,2000,workload_seed,10.257687062680327
poisson,0.0,0.0,,piecewise,E3,E3-0a981068b039,0.0,0.0,starvation_proxy_count,5,2,mono,mixed,2000,workload_seed,0.0
poisson,0.9999715257353282,0.999944792913668,,piecewise,E3,E3-0a981068b039,0.9999581593244982,0.999950501281,waiting_satisfaction_jain,5,2,mono,mixed,2000,workload_seed,1.886558463226093e-05
poisson,13.001807578823303,6.7992475257775356,,piecewise,E3,E3-0a981068b039,9.366719101803854,7.156954714664971,short_prompt_ttft_p95_ms,5,2,mono,mixed,2000,workload_seed,3.989396317801175
poisson,89.36585280000145,89.36585280000145,,piecewise,E3,E3-0a981068b039,89.36585280000145,89.36585280000145,long_prompt_ttft_p95_ms,5,2,mono,mixed,2000,workload_seed,0.0
poisson,35.25906586000001,0.7925149999999995,,piecewise,E3,E3-0a981068b039,12.41811032,0.7958650000000063,primer_max_itl_ms,5,2,mono,mixed,2000,workload_seed,25.42693250628438
poisson,1.0,1.0,,piecewise,E3,E3-0a981068b039,1.0,1.0,backlog_at_arrival_end,5,2,mono,mixed,2000,workload_seed,0.0
poisson,0.24214721543299095,0.20350600858226695,,piecewise,E3,E3-0a981068b039,0.22238846039158724,0.22313308975655607,server_busy_fraction,5,2,mono,mixed,2000,workload_seed,0.02527176238657669
poisson,0.03671466147789888,0.035511713822838034,,piecewise,E3,E3-0a981068b039,0.036160439659170616,0.036569607322279506,batch_slot_occupancy,5,2,mono,mixed,2000,workload_seed,0.0007584532167937351
poisson,4222.303860488056,2931.043555398154,,analytical,E3,E3-239a79b4911f,3538.8195966566173,3452.2346001785777,ttft_p50_ms,5,32,chunk_512,mixed,2000,workload_seed,829.919987761363
poisson,8129.161848008199,6448.819167415898,,analytical,E3,E3-239a79b4911f,7277.187725714575,7183.656827681319,ttft_p95_ms,5,32,chunk_512,mixed,2000,workload_seed,1119.5910581428932
poisson,8451.233707030444,6757.011552014757,,analytical,E3,E3-239a79b4911f,7593.935642051448,7542.825638451581,ttft_p99_ms,5,32,chunk_512,mixed,2000,workload_seed,1137.4616673803548
poisson,16.692574212921976,16.164752891226456,,analytical,E3,E3-239a79b4911f,16.428663552074216,16.357428321678423,tpot_p95_ms,5,32,chunk_512,mixed,2000,workload_seed,0.33261781353500264
poisson,17.718544699868154,17.254921228837766,,analytical,E3,E3-239a79b4911f,17.509714514152353,17.586562681159343,tpot_p99_ms,5,32,chunk_512,mixed,2000,workload_seed,0.3029664206986372
poisson,10226.229838898234,8499.805977074422,,analytical,E3,E3-239a79b4911f,9328.881738133869,9132.087240492589,e2e_p95_ms,5,32,chunk_512,mixed,2000,workload_seed,1132.4639634706884
poisson,19.019000000000233,19.01899999999996,,analytical,E3,E3-239a79b4911f,19.01900000000014,19.019000000000233,itl_p95_ms,5,32,chunk_512,mixed,2000,workload_seed,2.033691978340166e-13
poisson,19.019000000000233,19.019000000000233,,analytical,E3,E3-239a79b4911f,19.019000000000233,19.019000000000233,itl_p99_ms,5,32,chunk_512,mixed,2000,workload_seed,0.0
poisson,16.658594001347097,15.239691268196301,,analytical,E3,E3-239a79b4911f,16.004997694475605,16.222287928120974,request_throughput_rps,5,32,chunk_512,mixed,2000,workload_seed,0.8968402867647838
poisson,2030.0907599489412,1922.7512022705637,,analytical,E3,E3-239a79b4911f,1976.645802434689,1972.538725219591,output_token_throughput_tps,5,32,chunk_512,mixed,2000,workload_seed,69.77012921898535
poisson,15.028504610911186,13.32153934013084,,analytical,E3,E3-239a79b4911f,14.14079083610236,13.853846576037569,observed_request_throughput_rps,5,32,chunk_512,mixed,2000,workload_seed,1.1254841554216959
poisson,0.9245002691197488,0.6676115310111179,,analytical,E3,E3-239a79b4911f,0.7960559000654334,0.8448043805494198,iteration_cv,5,32,chunk_512,mixed,2000,workload_seed,0.16413533976194372
poisson,8579.981881060494,6765.215507335064,,analytical,E3,E3-239a79b4911f,7640.056436324152,7544.157768692147,max_wait_ms,5,32,chunk_512,mixed,2000,workload_seed,1193.7398619188048
poisson,209.6,181.2,,analytical,E3,E3-239a79b4911f,197.2,199.0,starvation_proxy_count,5,32,chunk_512,mixed,2000,workload_seed,19.240582111776142
poisson,0.6544662938149018,0.6100951633127263,,analytical,E3,E3-239a79b4911f,0.6337354577404836,0.6376039017501631,waiting_satisfaction_jain,5,32,chunk_512,mixed,2000,workload_seed,0.028680147301297122
poisson,8130.588116212096,6399.21838258086,,analytical,E3,E3-239a79b4911f,7251.551073770979,7141.13777159908,short_prompt_ttft_p95_ms,5,32,chunk_512,mixed,2000,workload_seed,1140.9448102923714
poisson,8023.524807808406,6347.521366842584,,analytical,E3,E3-239a79b4911f,7199.589902775716,7136.855432264435,long_prompt_ttft_p95_ms,5,32,chunk_512,mixed,2000,workload_seed,1063.9172675659006
poisson,14.400200000000002,2.5324,,analytical,E3,E3-239a79b4911f,7.6839999999999975,4.134,primer_max_itl_ms,5,32,chunk_512,mixed,2000,workload_seed,7.4211666198785755
poisson,159.8,136.2,,analytical,E3,E3-239a79b4911f,148.4,149.0,backlog_at_arrival_end,5,32,chunk_512,mixed,2000,workload_seed,16.009372255026115
poisson,1.0,0.9980499661417144,,analytical,E3,E3-239a79b4911f,0.9993499887139036,1.0,server_busy_fraction,5,32,chunk_512,mixed,2000,workload_seed,0.0014534694218503305
poisson,0.8679722138686408,0.8099378978796103,,analytical,E3,E3-239a79b4911f,0.8387018385852061,0.8345666951269693,batch_slot_occupancy,5,32,chunk_512,mixed,2000,workload_seed,0.03744709606423195
poisson,5824.85235248771,4449.947319626177,,analytical,E3,E3-239a79b4911f,5085.028572624915,4946.00375475868,ttft_p50_ms,5,32,fcfs,mixed,2000,workload_seed,884.0660595484319
poisson,9709.661903358556,7824.423566137901,,analytical,E3,E3-239a79b4911f,8764.613369103876,8595.784126730923,ttft_p95_ms,5,32,fcfs,mixed,2000,workload_seed,1233.159089061477
poisson,9980.42558187584,8013.279729609034,,analytical,E3,E3-239a79b4911f,8972.970875910112,8816.256119356263,ttft_p99_ms,5,32,fcfs,mixed,2000,workload_seed,1277.5776151145487
poisson,0.32300000000032014,0.32300000000032014,,analytical,E3,E3-239a79b4911f,0.32300000000032014,0.32300000000032014,tpot_p95_ms,5,32,fcfs,mixed,2000,workload_seed,0.0
poisson,0.32300000000032014,0.32300000000032014,,analytical,E3,E3-239a79b4911f,0.32300000000032014,0.32300000000032014,tpot_p99_ms,5,32,fcfs,mixed,2000,workload_seed,0.0
poisson,9744.03177126965,7844.788090698533,,analytical,E3,E3-239a79b4911f,8792.71676419556,8618.899552013032,e2e_p95_ms,5,32,fcfs,mixed,2000,workload_seed,1241.848543948405
poisson,0.32300000000032014,0.32300000000032014,,analytical,E3,E3-239a79b4911f,0.32300000000032014,0.32300000000032014,itl_p95_ms,5,32,fcfs,mixed,2000,workload_seed,0.0
poisson,0.32300000000032014,0.32300000000032014,,analytical,E3,E3-239a79b4911f,0.32300000000032014,0.32300000000032014,itl_p99_ms,5,32,fcfs,mixed,2000,workload_seed,0.0
poisson,16.033072473773803,14.728841944527531,,analytical,E3,E3-239a79b4911f,15.428888839544541,15.691708917811647,request_throughput_rps,5,32,fcfs,mixed,2000,workload_seed,0.8210958609071509
poisson,1962.5535415159434,1849.3411093072195,,analytical,E3,E3-239a79b4911f,1905.9473254115812,1899.577690907127,output_token_throughput_tps,5,32,fcfs,mixed,2000,workload_seed,74.34789762002745
poisson,15.686240210929897,14.089301956361345,,analytical,E3,E3-239a79b4911f,14.883114646747973,14.596016928325295,observed_request_throughput_rps,5,32,fcfs,mixed,2000,workload_seed,1.1023487292496978
poisson,8.120256896103443,7.646849534086153,,analytical,E3,E3-239a79b4911f,7.865555717532243,7.785947734824777,iteration_cv,5,32,fcfs,mixed,2000,workload_seed,0.2961811319363162
poisson,10111.863608745902,8058.665860735814,,analytical,E3,E3-239a79b4911f,9031.531364008672,8830.37476869893,max_wait_ms,5,32,fcfs,mixed,2000,workload_seed,1331.6568974682618
poisson,234.2,219.6,,analytical,E3,E3-239a79b4911f,227.0,227.0,starvation_proxy_count,5,32,fcfs,mixed,2000,workload_seed,9.513148795220223
poisson,0.6336383895611356,0.6044482869010893,,analytical,E3,E3-239a79b4911f,0.6190167188776016,0.617455346883415,waiting_satisfaction_jain,5,32,fcfs,mixed,2000,workload_seed,0.019617248506032164
poisson,9680.137055251213,7814.469036693522,,analytical,E3,E3-239a79b4911f,8719.404457010927,8572.410962716847,short_prompt_ttft_p95_ms,5,32,fcfs,mixed,2000,workload_seed,1208.673400672543
poisson,9496.177059684118,7800.557856530591,,analytical,E3,E3-239a79b4911f,8609.286884650708,8501.783432270779,long_prompt_ttft_p95_ms,5,32,fcfs,mixed,2000,workload_seed,1102.699508598141
poisson,0.3230000000000047,0.3230000000000004,,analytical,E3,E3-239a79b4911f,0.32300000000000184,0.3230000000000004,primer_max_itl_ms,5,32,fcfs,mixed,2000,workload_seed,3.1776437161565094e-15
poisson,154.8,130.6,,analytical,E3,E3-239a79b4911f,142.8,143.0,backlog_at_arrival_end,5,32,fcfs,mixed,2000,workload_seed,16.00624877977348
poisson,0.9999999999995637,0.9981287707171068,,analytical,E3,E3-239a79b4911f,0.9993762569054013,0.9999999999995415,server_busy_fraction,5,32,fcfs,mixed,2000,workload_seed,0.0013947319590105185
poisson,0.03125,0.03125,,analytical,E3,E3-239a79b4911f,0.03125,0.03125,batch_slot_occupancy,5,32,fcfs,mixed,2000,workload_seed,0.0
poisson,4307.8482091196665,2920.7357674444565,,analytical,E3,E3-239a79b4911f,3577.0696925974016,3606.524509215951,ttft_p50_ms,5,32,mono,mixed,2000,workload_seed,900.8620013262882
poisson,8370.646471636413,6652.49277720939,,analytical,E3,E3-239a79b4911f,7500.351461738265,7365.058827681322,ttft_p95_ms,5,32,mono,mixed,2000,workload_seed,1152.1141465375165
poisson,8658.631198808893,6913.134542257091,,analytical,E3,E3-239a79b4911f,7785.8828705329925,7733.997493551734,ttft_p99_ms,5,32,mono,mixed,2000,workload_seed,1150.0511235505164
poisson,25.631124199495112,21.877094783158284,,analytical,E3,E3-239a79b4911f,23.541633752002248,23.074487770897715,tpot_p95_ms,5,32,mono,mixed,2000,workload_seed,2.393897952238045
poisson,36.21037606038321,28.04808122932595,,analytical,E3,E3-239a79b4911f,32.129228644854585,30.167159374999848,tpot_p99_ms,5,32,mono,mixed,2000,workload_seed,5.388335470884122
poisson,10474.20234138307,8764.429744425292,,analytical,E3,E3-239a79b4911f,9619.31604290418,9459.672508596188,e2e_p95_ms,5,32,mono,mixed,2000,workload_seed,1141.0506687323152
poisson,50.51540000000004,41.62340000000004,,analytical,E3,E3-239a79b4911f,45.466799999999964,44.33799999999974,itl_p95_ms,5,32,mono,mixed,2000,workload_seed,5.602800746055507
poisson,157.17839999999995,139.65700000000015,,analytical,E3,E3-239a79b4911f,151.2044,156.85599999999977,itl_p99_ms,5,32,mono,mixed,2000,workload_seed,12.870279748319206
poisson,16.39979489816494,15.033298971665065,,analytical,E3,E3-239a79b4911f,15.765210068944105,16.0327790166996,request_throughput_rps,5,32,mono,mixed,2000,workload_seed,0.8607956090609756
poisson,2004.7997634674907,1889.9980737790138,,analytical,E3,E3-239a79b4911f,1947.3687171785168,1940.9701335871137,output_token_throughput_tps,5,32,mono,mixed,2000,workload_seed,75.65673867354647
poisson,14.567355183151255,12.217750816994618,,analytical,E3,E3-239a79b4911f,13.453739294753287,13.730151517322946,observed_request_throughput_rps,5,32,mono,mixed,2000,workload_seed,1.5469841025578
poisson,2.0938929505487467,1.756959438595923,,analytical,E3,E3-239a79b4911f,1.925426194572335,1.8733678518869687,iteration_cv,5,32,mono,mixed,2000,workload_seed,0.22327311072441056
poisson,8728.61806640422,6940.600217480464,,analytical,E3,E3-239a79b4911f,7834.609141942342,7796.78073485348,max_wait_ms,5,32,mono,mixed,2000,workload_seed,1180.1737576363628
poisson,206.4,180.0,,analytical,E3,E3-239a79b4911f,194.8,198.0,starvation_proxy_count,5,32,mono,mixed,2000,workload_seed,17.8801565988668
poisson,0.6384400392431758,0.5881388913391237,,analytical,E3,E3-239a79b4911f,0.6147851997853766,0.620644613282401,waiting_satisfaction_jain,5,32,mono,mixed,2000,workload_seed,0.03343735454720844
poisson,8317.185492348164,6583.605379918174,,analytical,E3,E3-239a79b4911f,7428.440411694423,7347.448932001244,short_prompt_ttft_p95_ms,5,32,mono,mixed,2000,workload_seed,1125.312116540199
poisson,8108.424007808372,6475.723186842601,,analytical,E3,E3-239a79b4911f,7301.443802775704,7280.803432264443,long_prompt_ttft_p95_ms,5,32,mono,mixed,2000,workload_seed,1038.0491219931637
poisson,114.02180000000001,2.5324,,analytical,E3,E3-239a79b4911f,52.0096,4.134,primer_max_itl_ms,5,32,mono,mixed,2000,workload_seed,70.97145071646767
poisson,168.0,139.6,,analytical,E3,E3-239a79b4911f,153.4,154.0,backlog_at_arrival_end,5,32,mono,mixed,2000,workload_seed,18.95521036549054
poisson,1.0,0.9980829605716176,,analytical,E3,E3-239a79b4911f,0.9993609868572053,1.0,server_busy_fraction,5,32,mono,mixed,2000,workload_seed,0.0014288768258031352
poisson,0.930144679226159,0.908855888344819,,analytical,E3,E3-239a79b4911f,0.9201191262745718,0.9233576260927269,batch_slot_occupancy,5,32,mono,mixed,2000,workload_seed,0.01397937305848343
poisson,52.06982720920375,28.315648356982727,,piecewise,E3,E3-33a71da3b08d,38.65218197548437,36.24468441930594,ttft_p50_ms,5,16,chunk_512,mixed,2000,workload_seed,14.973234997911407
poisson,326.21620915944266,195.62626105490764,,piecewise,E3,E3-33a71da3b08d,251.79606405708438,240.50103044969615,ttft_p95_ms,5,16,chunk_512,mixed,2000,workload_seed,84.8633958927986
poisson,411.6127612156626,283.74857826071224,,piecewise,E3,E3-33a71da3b08d,348.14731418356325,331.6357288504713,ttft_p99_ms,5,16,chunk_512,mixed,2000,workload_seed,82.30496408584222
poisson,7.6385858806968185,4.744377979239862,,piecewise,E3,E3-33a71da3b08d,5.90248790727391,5.399240216487959,tpot_p95_ms,5,16,chunk_512,mixed,2000,workload_seed,1.9322382377158012
poisson,9.422481084153668,8.032995294856315,,piecewise,E3,E3-33a71da3b08d,8.804175012572244,8.785984578814105,tpot_p99_ms,5,16,chunk_512,mixed,2000,workload_seed,0.930885801365836
poisson,1389.0893346328444,815.5436598445084,,piecewise,E3,E3-33a71da3b08d,1028.8012412176483,821.4105901843786,e2e_p95_ms,5,16,chunk_512,mixed,2000,workload_seed,392.4343976201708
poisson,10.1220343099998,9.600203359999615,,piecewise,E3,E3-33a71da3b08d,9.792900839999856,9.640194199999314,itl_p95_ms,5,16,chunk_512,mixed,2000,workload_seed,0.36633608864407596
poisson,10.34329112000014,9.848313300000518,,piecewise,E3,E3-33a71da3b08d,10.033088950000273,9.911568650000845,itl_p99_ms,5,16,chunk_512,mixed,2000,workload_seed,0.3381057091459525
poisson,17.56158415977078,15.828097529444909,,piecewise,E3,E3-33a71da3b08d,16.694840844607842,17.433202699875352,request_throughput_rps,5,16,chunk_512,mixed,2000,workload_seed,1.1702842805095208
poisson,2266.9621019463925,1891.5501740757832,,piecewise,E3,E3-33a71da3b08d,2070.4470353822267,2078.9040232118955,output_token_throughput_tps,5,16,chunk_512,mixed,2000,workload_seed,239.30657635450123
poisson,17.658696985516045,15.861300274309334,,piecewise,E3,E3-33a71da3b08d,16.75999862991269,17.345072906523107,observed_request_throughput_rps,5,16,chunk_512,mixed,2000,workload_seed,1.2011915774560682
poisson,1.4304249888130385,1.4059261862658965,,piecewise,E3,E3-33a71da3b08d,1.418128692406998,1.4170652287426562,iteration_cv,5,16,chunk_512,mixed,2000,workload_seed,0.01512087636585026
poisson,424.81843568515086,278.8546900851159,,piecewise,E3,E3-33a71da3b08d,353.15905382052745,331.7859640924635,max_wait_ms,5,16,chunk_512,mixed,2000,workload_seed,95.29924473466505
poisson,0.0,0.0,,piecewise,E3,E3-33a71da3b08d,0.0,0.0,starvation_proxy_count,5,16,chunk_512,mixed,2000,workload_seed,0.0
poisson,0.9973978586382849,0.9928231908165163,,piecewise,E3,E3-33a71da3b08d,0.9954795551367642,0.9959002810808669,waiting_satisfaction_jain,5,16,chunk_512,mixed,2000,workload_seed,0.0030693773833520045
poisson,252.22188393859747,149.78860750509165,,piecewise,E3,E3-33a71da3b08d,197.2450744852887,176.80287091690457,short_prompt_ttft_p95_ms,5,16,chunk_512,mixed,2000,workload_seed,64.68088787444579
poisson,390.2380859053781,262.18994490977565,,piecewise,E3,E3-33a71da3b08d,323.97444538859645,294.0552809003261,long_prompt_ttft_p95_ms,5,16,chunk_512,mixed,2000,workload_seed,84.54109148876965
poisson,8.936613510000006,3.494113500000002,,piecewise,E3,E3-33a71da3b08d,6.238997010000003,5.458375100000001,primer_max_itl_ms,5,16,chunk_512,mixed,2000,workload_seed,3.7306744186935448
poisson,5.6,1.2,,piecewise,E3,E3-33a71da3b08d,3.0,2.0,backlog_at_arrival_end,5,16,chunk_512,mixed,2000,workload_seed,2.9154759474226504
poisson,0.9642838056077766,0.9248232720138733,,piecewise,E3,E3-33a71da3b08d,0.9448621744896191,0.9468715099060866,server_busy_fraction,5,16,chunk_512,mixed,2000,workload_seed,0.02539766007046605
poisson,0.214992828538786,0.12509684346383132,,piecewise,E3,E3-33a71da3b08d,0.1629096373177736,0.14003207268625478,batch_slot_occupancy,5,16,chunk_512,mixed,2000,workload_seed,0.059180142059997415
poisson,9054.235298625616,7129.784120561477,,piecewise,E3,E3-33a71da3b08d,8137.894547570197,8210.075893835496,ttft_p50_ms,5,16,fcfs,mixed,2000,workload_seed,1274.0821377282714
poisson,16168.450300811466,12249.544375570502,,piecewise,E3,E3-33a71da3b08d,14117.235762428953,13750.229822199022,ttft_p95_ms,5,16,fcfs,mixed,2000,workload_seed,2384.0870405440437
poisson,16609.903004078315,12445.929334011336,,piecewise,E3,E3-33a71da3b08d,14433.27926272316,14124.583708315138,ttft_p99_ms,5,16,fcfs,mixed,2000,workload_seed,2517.2353480948564
poisson,0.8308672499999803,0.8245423750000022,,piecewise,E3,E3-33a71da3b08d,0.8280807499999912,0.8300062500000007,tpot_p95_ms,5,16,fcfs,mixed,2000,workload_seed,0.004027656717338443
poisson,0.8319080056249927,0.8316418249999906,,piecewise,E3,E3-33a71da3b08d,0.8317666499999918,0.8316976249999931,tpot_p99_ms,5,16,fcfs,mixed,2000,workload_seed,0.00016774020556484915
poisson,16288.493797427023,12309.994288095499,,piecewise,E3,E3-33a71da3b08d,14198.34842521534,13799.614457013238,e2e_p95_ms,5,16,fcfs,mixed,2000,workload_seed,2419.599560078522
poisson,0.8315410000005613,0.8312419999991107,,piecewise,E3,E3-33a71da3b08d,0.8313999999997577,0.8314949999999044,itl_p95_ms,5,16,fcfs,mixed,2000,workload_seed,0.00019656423959195412
poisson,0.8326860000002002,0.8322020000000444,,piecewise,E3,E3-33a71da3b08d,0.8324440000001223,0.8324700000001554,itl_p99_ms,5,16,fcfs,mixed,2000,workload_seed,0.0003107531174972428
poisson,9.018103899537559,8.205134111450855,,piecewise,E3,E3-33a71da3b08d,8.651239146666734,8.688847954551964,request_throughput_rps,5,16,fcfs,mixed,2000,workload_seed,0.5244210234396637
poisson,1079.6092921840552,1056.1654173618178,,piecewise,E3,E3-33a71da3b08d,1067.752610415449,1067.5993858723043,output_token_throughput_tps,5,16,fcfs,mixed,2000,workload_seed,15.078297103872762
poisson,8.84728037615395,7.85937187635312,,piecewise,E3,E3-33a71da3b08d,8.296983989748679,7.978331287093064,observed_request_throughput_rps,5,16,fcfs,mixed,2000,workload_seed,0.6284644678721323
poisson,2.842271356997402,2.585493817189041,,piecewise,E3,E3-33a71da3b08d,2.7126286731249545,2.717798847989658,iteration_cv,5,16,fcfs,mixed,2000,workload_seed,0.1588426174385464
poisson,16797.019496237514,12493.771989250845,,piecewise,E3,E3-33a71da3b08d,14521.454976184823,14147.324500184515,max_wait_ms,5,16,fcfs,mixed,2000,workload_seed,2596.1881874694313
poisson,240.2,233.4,,piecewise,E3,E3-33a71da3b08d,237.2,239.0,starvation_proxy_count,5,16,fcfs,mixed,2000,workload_seed,4.43846820423443
poisson,0.5323104253041714,0.5040039942110159,,piecewise,E3,E3-33a71da3b08d,0.5177468706397539,0.5116280769878532,waiting_satisfaction_jain,5,16,fcfs,mixed,2000,workload_seed,0.018072112310389406
poisson,16115.51881534759,12079.786279371654,,piecewise,E3,E3-33a71da3b08d,14017.798422887305,13702.934443346485,short_prompt_ttft_p95_ms,5,16,fcfs,mixed,2000,workload_seed,2401.2879172679186
poisson,15726.805068855558,12009.366913516114,,piecewise,E3,E3-33a71da3b08d,13803.58909153374,13598.311139848698,long_prompt_ttft_p95_ms,5,16,fcfs,mixed,2000,workload_seed,2212.991305983945
poisson,0.8164010000000012,0.7915379999999985,,piecewise,E3,E3-33a71da3b08d,0.8004950000000001,0.7920299999999969,primer_max_itl_ms,5,16,fcfs,mixed,2000,workload_seed,0.017574215487469153
poisson,142.2,115.6,,piecewise,E3,E3-33a71da3b08d,129.8,131.0,backlog_at_arrival_end,5,16,fcfs,mixed,2000,workload_seed,18.04716044146558
poisson,0.9999999999999991,0.9979724995139059,,piecewise,E3,E3-33a71da3b08d,0.9993241665046343,0.9999999999999978,server_busy_fraction,5,16,fcfs,mixed,2000,workload_seed,0.0015112096371056223
poisson,0.03125,0.03125,,piecewise,E3,E3-33a71da3b08d,0.03125,0.03125,batch_slot_occupancy,5,16,fcfs,mixed,2000,workload_seed,0.0
poisson,14.272872030167582,11.816979629627827,,piecewise,E3,E3-33a71da3b08d,13.154016130318336,13.546064352035046,ttft_p50_ms,5,16,mono,mixed,2000,workload_seed,1.5542392882546385
poisson,95.62982554967367,90.02664321686743,,piecewise,E3,E3-33a71da3b08d,92.35158865211201,90.4460868321853,ttft_p95_ms,5,16,mono,mixed,2000,workload_seed,3.63682748971835
poisson,159.5766791643386,119.57689749849028,,piecewise,E3,E3-33a71da3b08d,136.7328619376977,128.29252665226485,ttft_p99_ms,5,16,mono,mixed,2000,workload_seed,26.726783313093808
poisson,4.108041534551806,3.13574054134066,,piecewise,E3,E3-33a71da3b08d,3.590805611196398,3.620483258366652,tpot_p95_ms,5,16,mono,mixed,2000,workload_seed,0.6369580461711097
poisson,12.355518781577372,5.4462559383222455,,piecewise,E3,E3-33a71da3b08d,8.334865911912598,7.023433757915497,tpot_p99_ms,5,16,mono,mixed,2000,workload_seed,4.623564527435918
poisson,695.8680270047296,567.6946596120985,,piecewise,E3,E3-33a71da3b08d,626.2676285377613,612.799706031894,e2e_p95_ms,5,16,mono,mixed,2000,workload_seed,80.54968041067566
poisson,1.4796910000000025,1.2603339999998753,,piecewise,E3,E3-33a71da3b08d,1.3670609999999215,1.3670449999999619,itl_p95_ms,5,16,mono,mixed,2000,workload_seed,0.1366469611535998
poisson,19.39065836750013,10.0513229875003,,piecewise,E3,E3-33a71da3b08d,13.741670277500072,11.871093499999915,itl_p99_ms,5,16,mono,mixed,2000,workload_seed,6.318127523421978
poisson,17.647000874809574,15.833780346547659,,piecewise,E3,E3-33a71da3b08d,16.740390610678617,17.458892823614644,request_throughput_rps,5,16,mono,mixed,2000,workload_seed,1.2117979211371803
poisson,2280.9421803274713,1893.6016866778323,,piecewise,E3,E3-33a71da3b08d,2076.4435418947305,2078.9040232118955,output_token_throughput_tps,5,16,mono,mixed,2000,workload_seed,246.9927281048162
poisson,17.701143148684192,15.875288236330727,,piecewise,E3,E3-33a71da3b08d,16.788215692507457,17.415012716630056,observed_request_throughput_rps,5,16,mono,mixed,2000,workload_seed,1.2283801692205076
poisson,3.490293379620364,3.2111352415072525,,piecewise,E3,E3-33a71da3b08d,3.3480350516848327,3.336659129367541,iteration_cv,5,16,mono,mixed,2000,workload_seed,0.17088175257059113
poisson,152.85808036980825,106.18542608421085,,piecewise,E3,E3-33a71da3b08d,128.63226158158167,125.43161066922585,max_wait_ms,5,16,mono,mixed,2000,workload_seed,29.37506458998892
poisson,0.0,0.0,,piecewise,E3,E3-33a71da3b08d,0.0,0.0,starvation_proxy_count,5,16,mono,mixed,2000,workload_seed,0.0
poisson,0.9996090511076373,0.9994170065672752,,piecewise,E3,E3-33a71da3b08d,0.9995257361875785,0.9995652728341592,waiting_satisfaction_jain,5,16,mono,mixed,2000,workload_seed,0.0001278718987333643
poisson,67.0927347751041,63.324674270109085,,piecewise,E3,E3-33a71da3b08d,65.2087045226066,64.96134386542013,short_prompt_ttft_p95_ms,5,16,mono,mixed,2000,workload_seed,2.5017574834037206
poisson,143.62176793343815,118.39399499038782,,piecewise,E3,E3-33a71da3b08d,128.82427177798303,123.2401170146718,long_prompt_ttft_p95_ms,5,16,mono,mixed,2000,workload_seed,17.127391083058658
poisson,66.4191197,3.58721379,,piecewise,E3,E3-33a71da3b08d,31.8340661,5.4583826,primer_max_itl_ms,5,16,mono,mixed,2000,workload_seed,39.908657135482926
poisson,4.8,1.2,,piecewise,E3,E3-33a71da3b08d,2.6,2.0,backlog_at_arrival_end,5,16,mono,mixed,2000,workload_seed,2.5099800796022267
poisson,0.9357397925998701,0.8829957510788263,,piecewise,E3,E3-33a71da3b08d,0.9097515642432649,0.9117330060304746,server_busy_fraction,5,16,mono,mixed,2000,workload_seed,0.03263522684721359
poisson,0.1316669886176713,0.10022288966605823,,piecewise,E3,E3-33a71da3b08d,0.11483420534105941,0.10916815658101213,batch_slot_occupancy,5,16,mono,mixed,2000,workload_seed,0.020256824366023267
poisson,9.169000000002779,7.15751212395171,,analytical,E3,E3-3445c4a8f31b,8.27191212395319,8.42500000000291,ttft_p50_ms,5,2,chunk_512,mixed,2000,workload_seed,1.309236727953288
poisson,149.0559999999823,127.35170000002381,,analytical,E3,E3-3445c4a8f31b,139.40209999999624,149.0559999999823,ttft_p95_ms,5,2,chunk_512,mixed,2000,workload_seed,13.88140430753644
poisson,150.35988744459567,149.0560000000763,,analytical,E3,E3-3445c4a8f31b,149.6972726913685,149.05600000009872,ttft_p99_ms,5,2,chunk_512,mixed,2000,workload_seed,0.8789089158635927
poisson,0.824940366818779,0.6339200555856127,,analytical,E3,E3-3445c4a8f31b,0.7273270280624562,0.6461932773071528,tpot_p95_ms,5,2,chunk_512,mixed,2000,workload_seed,0.12610933657452963
poisson,1.6911466080712096,1.2268983556146154,,analytical,E3,E3-3445c4a8f31b,1.4525035450076402,1.4388194462650463,tpot_p99_ms,5,2,chunk_512,mixed,2000,workload_seed,0.3178487065775087
poisson,238.45865000071973,227.30120000017104,,analytical,E3,E3-3445c4a8f31b,233.23105000006808,235.0859999987274,e2e_p95_ms,5,2,chunk_512,mixed,2000,workload_seed,7.156533921198268
poisson,0.7399999999979627,0.5520000000018627,,analytical,E3,E3-3445c4a8f31b,0.6459999999999126,0.5520000000033178,itl_p95_ms,5,2,chunk_512,mixed,2000,workload_seed,0.12871480101071184
poisson,0.9798000000046159,0.6930000000014843,,analytical,E3,E3-3445c4a8f31b,0.83640000000305,0.7870000000002619,itl_p99_ms,5,2,chunk_512,mixed,2000,workload_seed,0.19949010000651216
poisson,2.242258814807414,1.995722445788805,,analytical,E3,E3-3445c4a8f31b,2.11899063029811,2.192243759599468,request_throughput_rps,5,2,chunk_512,mixed,2000,workload_seed,0.1613905694240959
poisson,290.2368228365141,238.698656030224,,analytical,E3,E3-3445c4a8f31b,262.9049008806821,261.0397129838695,output_token_throughput_tps,5,2,chunk_512,mixed,2000,workload_seed,32.58815694427125
poisson,2.2356975850465806,1.9888895708711456,,analytical,E3,E3-3445c4a8f31b,2.112293577958863,2.184299223150619,observed_request_throughput_rps,5,2,chunk_512,mixed,2000,workload_seed,0.16152703864263737
poisson,2.4243690071352084,2.3721101845281316,,analytical,E3,E3-3445c4a8f31b,2.3958531562869845,2.393591146919346,iteration_cv,5,2,chunk_512,mixed,2000,workload_seed,0.03326924519003731
poisson,140.27108314443575,115.5816218719614,,analytical,E3,E3-3445c4a8f31b,128.6740746086543,131.37036213687497,max_wait_ms,5,2,chunk_512,mixed,2000,workload_seed,16.572212693485003
poisson,0.0,0.0,,analytical,E3,E3-3445c4a8f31b,0.0,0.0,starvation_proxy_count,5,2,chunk_512,mixed,2000,workload_seed,0.0
poisson,0.9998643865158504,0.9997867951015852,,analytical,E3,E3-3445c4a8f31b,0.9998256194308327,0.9998038655296885,waiting_satisfaction_jain,5,2,chunk_512,mixed,2000,workload_seed,5.0595920328492776e-05
poisson,27.468626441942074,11.42023694397872,,analytical,E3,E3-3445c4a8f31b,19.577578246548196,18.656490682910846,short_prompt_ttft_p95_ms,5,2,chunk_512,mixed,2000,workload_seed,10.232222172707466
poisson,149.40277724549577,149.05600000007834,,analytical,E3,E3-3445c4a8f31b,149.19613370238045,149.05600000009872,long_prompt_ttft_p95_ms,5,2,chunk_512,mixed,2000,workload_seed,0.2250418824791551
poisson,0.916999999999993,0.3230000000000004,,analytical,E3,E3-3445c4a8f31b,0.5209999999999979,0.3230000000000004,primer_max_itl_ms,5,2,chunk_512,mixed,2000,workload_seed,0.4427414595449529
poisson,1.0,1.0,,analytical,E3,E3-3445c4a8f31b,1.0,1.0,backlog_at_arrival_end,5,2,chunk_512,mixed,2000,workload_seed,0.0
poisson,0.14953635385305564,0.12386479513278137,,analytical,E3,E3-3445c4a8f31b,0.13647313168284064,0.13609929669261128,server_busy_fraction,5,2,chunk_512,mixed,2000,workload_seed,0.016718436389576766
poisson,0.03690450544925291,0.035025571883327,,analytical,E3,E3-3445c4a8f31b,0.035958021773554026,0.03526627745128364,batch_slot_occupancy,5,2,chunk_512,mixed,2000,workload_seed,0.0012380532160880078
poisson,12.12760000000344,9.027190000001337,,analytical,E3,E3-3445c4a8f31b,10.374400000001334,9.40599999999904,ttft_p50_ms,5,2,fcfs,mixed,2000,workload_seed,1.9825102269612231
poisson,147.5559999999997,147.55599999999686,,analytical,E3,E3-3445c4a8f31b,147.55599999999825,147.55599999999686,ttft_p95_ms,5,2,fcfs,mixed,2000,workload_seed,1.903023940819906e-12
poisson,227.92370917692034,196.94486193709656,,analytical,E3,E3-3445c4a8f31b,211.10492388670633,210.95726326437597,ttft_p99_ms,5,2,fcfs,mixed,2000,workload_seed,20.267394245094568
poisson,0.3230000000039581,0.3230000000039581,,analytical,E3,E3-3445c4a8f31b,0.3230000000039581,0.3230000000039581,tpot_p95_ms,5,2,fcfs,mixed,2000,workload_seed,0.0
poisson,0.3230000000039581,0.3230000000039581,,analytical,E3,E3-3445c4a8f31b,0.3230000000039581,0.3230000000039581,tpot_p99_ms,5,2,fcfs,mixed,2000,workload_seed,0.0
poisson,226.95244963629156,208.64729999944356,,analytical,E3,E3-3445c4a8f31b,218.61149981789885,222.2547499987495,e2e_p95_ms,5,2,fcfs,mixed,2000,workload_seed,11.758165065239501
poisson,0.3230000000039581,0.3230000000039581,,analytical,E3,E3-3445c4a8f31b,0.3230000000039581,0.3230000000039581,itl_p95_ms,5,2,fcfs,mixed,2000,workload_seed,0.0
poisson,0.3230000000039581,0.3230000000039581,,analytical,E3,E3-3445c4a8f31b,0.3230000000039581,0.3230000000039581,itl_p99_ms,5,2,fcfs,mixed,2000,workload_seed,0.0
poisson,2.242270911978486,1.9957230191291475,,analytical,E3,E3-3445c4a8f31b,2.118996965553817,2.192243759599468,request_throughput_rps,5,2,fcfs,mixed,2000,workload_seed,0.16139728014234883
poisson,290.2375532504721,238.69948493218294,,analytical,E3,E3-3445c4a8f31b,262.9056641239738,261.0397129838695,output_token_throughput_tps,5,2,fcfs,mixed,2000,workload_seed,32.58842270412913
poisson,2.2356975850465806,1.9888895708711456,,analytical,E3,E3-3445c4a8f31b,2.112293577958863,2.184299223150619,observed_request_throughput_rps,5,2,fcfs,mixed,2000,workload_seed,0.16152703864263737
poisson,8.120256896103443,7.646849534086153,,analytical,E3,E3-3445c4a8f31b,7.865555717532243,7.785947734824777,iteration_cv,5,2,fcfs,mixed,2000,workload_seed,0.2961811319363162
poisson,304.67285321131493,233.26896853689067,,analytical,E3,E3-3445c4a8f31b,264.3205051845474,247.70692792267073,max_wait_ms,5,2,fcfs,mixed,2000,workload_seed,47.6468237616674
poisson,0.0,0.0,,analytical,E3,E3-3445c4a8f31b,0.0,0.0,starvation_proxy_count,5,2,fcfs,mixed,2000,workload_seed,0.0
poisson,0.9991952841589338,0.9989345072091691,,analytical,E3,E3-3445c4a8f31b,0.9990733244746164,0.9991297150604608,waiting_satisfaction_jain,5,2,fcfs,mixed,2000,workload_seed,0.00016824473910163787
poisson,123.76828742377359,103.34747788420134,,analytical,E3,E3-3445c4a8f31b,111.66305747913377,104.80806717390072,short_prompt_ttft_p95_ms,5,2,fcfs,mixed,2000,workload_seed,13.024241328014908
poisson,177.7991044449862,149.92110733183324,,analytical,E3,E3-3445c4a8f31b,162.70688340845896,159.38153665916423,long_prompt_ttft_p95_ms,5,2,fcfs,mixed,2000,workload_seed,18.085493915663392
poisson,0.3230000000000047,0.3230000000000004,,analytical,E3,E3-3445c4a8f31b,0.32300000000000184,0.3230000000000004,primer_max_itl_ms,5,2,fcfs,mixed,2000,workload_seed,3.1776437161565094e-15
poisson,1.0,1.0,,analytical,E3,E3-3445c4a8f31b,1.0,1.0,backlog_at_arrival_end,5,2,fcfs,mixed,2000,workload_seed,0.0
poisson,0.151021756208178,0.1253288873674193,,analytical,E3,E3-3445c4a8f31b,0.1379124704745333,0.1374198666542044,server_busy_fraction,5,2,fcfs,mixed,2000,workload_seed,0.01679140088537267
poisson,0.03125,0.03125,,analytical,E3,E3-3445c4a8f31b,0.03125,0.03125,batch_slot_occupancy,5,2,fcfs,mixed,2000,workload_seed,0.0
poisson,9.109000000000743,7.1298121239507966,,analytical,E3,E3-3445c4a8f31b,8.224212123951839,8.42500000000291,ttft_p50_ms,5,2,mono,mixed,2000,workload_seed,1.2811702553432567
poisson,147.55599999999686,126.06670000000031,,analytical,E3,E3-3445c4a8f31b,137.9970999999985,147.55599999999686,ttft_p95_ms,5,2,mono,mixed,2000,workload_seed,13.744038909648744
poisson,147.67089744453344,147.55599999999896,,analytical,E3,E3-3445c4a8f31b,147.61038269130125,147.5560000000005,ttft_p99_ms,5,2,mono,mixed,2000,workload_seed,0.07525142132108288
poisson,0.8204402486635495,0.6344573182686041,,analytical,E3,E3-3445c4a8f31b,0.7263662218037237,0.64887959072211,tpot_p95_ms,5,2,mono,mixed,2000,workload_seed,0.12336892677949567
poisson,1.7111408590735018,1.2333930298320785,,analytical,E3,E3-3445c4a8f31b,1.4667699017687013,1.4463936630228582,tpot_p99_ms,5,2,mono,mixed,2000,workload_seed,0.3276898907060149
poisson,237.14300000065796,226.5255500001751,,analytical,E3,E3-3445c4a8f31b,232.1951500000485,234.0847499987267,e2e_p95_ms,5,2,mono,mixed,2000,workload_seed,6.812686613654324
poisson,0.7399999999979627,0.5520000000018627,,analytical,E3,E3-3445c4a8f31b,0.6459999999999126,0.5520000000033178,itl_p95_ms,5,2,mono,mixed,2000,workload_seed,0.12871480101071184
poisson,0.9798000000017055,0.6930000000013308,,analytical,E3,E3-3445c4a8f31b,0.8364000000015437,0.7870000000002619,itl_p99_ms,5,2,mono,mixed,2000,workload_seed,0.19949010000478093
poisson,2.242270911978486,1.9957230191291475,,analytical,E3,E3-3445c4a8f31b,2.118996965553817,2.192243759599468,request_throughput_rps,5,2,mono,mixed,2000,workload_seed,0.16139728014234883
poisson,290.2375532504721,238.69948493218294,,analytical,E3,E3-3445c4a8f31b,262.9056641239738,261.0397129838695,output_token_throughput_tps,5,2,mono,mixed,2000,workload_seed,32.58842270412913
poisson,2.2356975850465806,1.9888895708711456,,analytical,E3,E3-3445c4a8f31b,2.112293577958863,2.184299223150619,observed_request_throughput_rps,5,2,mono,mixed,2000,workload_seed,0.16152703864263737
poisson,7.926780687714247,7.4456460435920535,,analytical,E3,E3-3445c4a8f31b,7.66047453687091,7.542858206764146,iteration_cv,5,2,mono,mixed,2000,workload_seed,0.3024112608333151
poisson,138.77108314442626,113.11262187187167,,analytical,E3,E3-3445c4a8f31b,126.0420746086103,125.82536213686035,max_wait_ms,5,2,mono,mixed,2000,workload_seed,17.149735728997143
poisson,0.0,0.0,,analytical,E3,E3-3445c4a8f31b,0.0,0.0,starvation_proxy_count,5,2,mono,mixed,2000,workload_seed,0.0
poisson,0.9998705347438447,0.9997939870381425,,analytical,E3,E3-3445c4a8f31b,0.9998323099905141,0.9998112245793113,waiting_satisfaction_jain,5,2,mono,mixed,2000,workload_seed,4.999027085404761e-05
poisson,26.99483207714154,11.269096943973194,,analytical,E3,E3-3445c4a8f31b,19.192886791604266,18.026490682877178,short_prompt_ttft_p95_ms,5,2,mono,mixed,2000,workload_seed,10.089843826532357
poisson,147.58348724542134,147.55599999999896,,analytical,E3,E3-3445c4a8f31b,147.5674037022967,147.5560000000005,long_prompt_ttft_p95_ms,5,2,mono,mixed,2000,workload_seed,0.017671266032377893
poisson,0.8953999999999922,0.3230000000000004,,analytical,E3,E3-3445c4a8f31b,0.5137999999999977,0.3230000000000004,primer_max_itl_ms,5,2,mono,mixed,2000,workload_seed,0.4266417701069538
poisson,1.0,1.0,,analytical,E3,E3-3445c4a8f31b,1.0,1.0,backlog_at_arrival_end,5,2,mono,mixed,2000,workload_seed,0.0
poisson,0.14902062493979623,0.12344361604588679,,analytical,E3,E3-3445c4a8f31b,0.13601488288515845,0.13563889124928666,server_busy_fraction,5,2,mono,mixed,2000,workload_seed,0.016651509051125706
poisson,0.036923334984714104,0.035024694941066956,,analytical,E3,E3-3445c4a8f31b,0.03596982759682148,0.0352845955564539,batch_slot_occupancy,5,2,mono,mixed,2000,workload_seed,0.0012517547511944954
poisson,5946.744182280518,4843.691437231491,,analytical,E3,E3-513224315605,5358.087971797251,5293.103908714201,ttft_p50_ms,5,64,chunk_512,mixed,2000,workload_seed,716.3538536531303
poisson,11590.305521192291,10206.065425897232,,analytical,E3,E3-513224315605,10880.65809147973,10702.893788840645,ttft_p95_ms,5,64,chunk_512,mixed,2000,workload_seed,876.2584409754669
poisson,12047.133101861087,10704.551847223536,,analytical,E3,E3-513224315605,11335.62874793643,11139.491748357825,ttft_p99_ms,5,64,chunk_512,mixed,2000,workload_seed,871.1064418614586
poisson,16.703762460918732,16.33050892905486,,analytical,E3,E3-513224315605,16.533092578198882,16.59275974025972,tpot_p95_ms,5,64,chunk_512,mixed,2000,workload_seed,0.23752038633561579
poisson,17.778522893795035,17.55782621411316,,analytical,E3,E3-513224315605,17.668552292468075,17.688627717390897,tpot_p99_ms,5,64,chunk_512,mixed,2000,workload_seed,0.15107903569983458
poisson,13247.21940050071,11636.14192431636,,analytical,E3,E3-513224315605,12348.98082163108,11997.295793785126,e2e_p95_ms,5,64,chunk_512,mixed,2000,workload_seed,1025.8918003434856
poisson,19.019000000000233,19.01899999999996,,analytical,E3,E3-513224315605,19.01900000000014,19.019000000000233,itl_p95_ms,5,64,chunk_512,mixed,2000,workload_seed,2.033691978340166e-13
poisson,19.019000000000233,19.019000000000233,,analytical,E3,E3-513224315605,19.019000000000233,19.019000000000233,itl_p99_ms,5,64,chunk_512,mixed,2000,workload_seed,0.0
poisson,16.619418917704458,15.228461401998974,,analytical,E3,E3-513224315605,15.978721891594045,16.20212761783019,request_throughput_rps,5,64,chunk_512,mixed,2000,workload_seed,0.8784589589253315
poisson,2027.2927680380867,1919.7972736769602,,analytical,E3,E3-513224315605,1973.5272156100618,1968.6344982029243,output_token_throughput_tps,5,64,chunk_512,mixed,2000,workload_seed,70.79379914446812
poisson,14.184993540877372,11.240555495437558,,analytical,E3,E3-513224315605,12.602572772317192,12.060758063514008,observed_request_throughput_rps,5,64,chunk_512,mixed,2000,workload_seed,1.9788839190034924
poisson,0.6954491828456459,0.6191974297985448,,analytical,E3,E3-513224315605,0.6585422483203386,0.6747520192557279,iteration_cv,5,64,chunk_512,mixed,2000,workload_seed,0.050662866004782835
poisson,12206.867401185878,10712.20389189235,,analytical,E3,E3-513224315605,11394.916398077763,11142.769867426725,max_wait_ms,5,64,chunk_512,mixed,2000,workload_seed,952.1100754645984
poisson,216.8,205.6,,analytical,E3,E3-513224315605,211.2,216.0,starvation_proxy_count,5,64,chunk_512,mixed,2000,workload_seed,8.043631020876083
poisson,0.5650091396693893,0.5417841497903366,,analytical,E3,E3-513224315605,0.5537443602425082,0.5513100987451734,waiting_satisfaction_jain,5,64,chunk_512,mixed,2000,workload_seed,0.015248298121562368
poisson,11590.096498390401,10108.113225917721,,analytical,E3,E3-513224315605,10830.716808434576,10683.133119244321,short_prompt_ttft_p95_ms,5,64,chunk_512,mixed,2000,workload_seed,936.270541986201
poisson,11359.504263142338,10059.986264183124,,analytical,E3,E3-513224315605,10732.247881387844,10823.933844941459,long_prompt_ttft_p95_ms,5,64,chunk_512,mixed,2000,workload_seed,830.012629610517
poisson,16.1184,6.243799999999998,,analytical,E3,E3-513224315605,11.319199999999999,12.09899999999999,primer_max_itl_ms,5,64,chunk_512,mixed,2000,workload_seed,6.181670178843256
poisson,215.60999999999993,198.8,,analytical,E3,E3-513224315605,207.8,212.0,backlog_at_arrival_end,5,64,chunk_512,mixed,2000,workload_seed,11.322543883774529
poisson,0.9999999999999998,0.999405812914679,,analytical,E3,E3-513224315605,0.9998019376382249,0.9999999999999992,server_busy_fraction,5,64,chunk_512,mixed,2000,workload_seed,0.00044288090470922766
poisson,0.8782955363736689,0.8353163663301448,,analytical,E3,E3-513224315605,0.8578938285156024,0.8570363393666774,batch_slot_occupancy,5,64,chunk_512,mixed,2000,workload_seed,0.028304550355300506
poisson,7527.411624755834,6328.73410644898,,analytical,E3,E3-513224315605,6870.340561652008,6685.1243130904895,ttft_p50_ms,5,64,fcfs,mixed,2000,workload_seed,787.5029727123456
poisson,13128.61380880931,11608.249413515397,,analytical,E3,E3-513224315605,12315.62725385949,12049.837788847173,ttft_p95_ms,5,64,fcfs,mixed,2000,workload_seed,1010.3599118728256
poisson,13576.247442292322,11971.34347311243,,analytical,E3,E3-513224315605,12691.998432190816,12377.261308914742,ttft_p99_ms,5,64,fcfs,mixed,2000,workload_seed,1040.187926359047
poisson,0.32300000000032014,0.32300000000032014,,analytical,E3,E3-513224315605,0.32300000000032014,0.32300000000032014,tpot_p95_ms,5,64,fcfs,mixed,2000,workload_seed,0.0
poisson,0.32300000000032014,0.32300000000032014,,analytical,E3,E3-513224315605,0.32300000000032014,0.32300000000032014,tpot_p99_ms,5,64,fcfs,mixed,2000,workload_seed,0.0
poisson,13177.824349976916,11647.056861898087,,analytical,E3,E3-513224315605,12352.473648738314,12068.571788847192,e2e_p95_ms,5,64,fcfs,mixed,2000,workload_seed,1013.1554844757695
poisson,0.32300000000032014,0.32300000000032014,,analytical,E3,E3-513224315605,0.32300000000032014,0.32300000000032014,itl_p95_ms,5,64,fcfs,mixed,2000,workload_seed,0.0
poisson,0.32300000000032014,0.32300000000032014,,analytical,E3,E3-513224315605,0.32300000000032014,0.32300000000032014,itl_p99_ms,5,64,fcfs,mixed,2000,workload_seed,0.0
poisson,16.047326966941306,14.728841944527531,,analytical,E3,E3-513224315605,15.436016086128294,15.691708917811647,request_throughput_rps,5,64,fcfs,mixed,2000,workload_seed,0.8304744289535334
poisson,1962.5535415159434,1850.9735271829682,,analytical,E3,E3-513224315605,1906.7635343494555,1899.577690907127,output_token_throughput_tps,5,64,fcfs,mixed,2000,workload_seed,73.80405161086425
poisson,16.580451069085917,13.970961199126908,,analytical,E3,E3-513224315605,15.131033255789797,14.82723974267298,observed_request_throughput_rps,5,64,fcfs,mixed,2000,workload_seed,1.7292910476938896
poisson,8.120256896103443,7.646849534086153,,analytical,E3,E3-513224315605,7.865555717532243,7.785947734824777,iteration_cv,5,64,fcfs,mixed,2000,workload_seed,0.2961811319363162
poisson,13735.67500119408,11986.75443343816,,analytical,E3,E3-513224315605,12756.977175441167,12393.758867433538,max_wait_ms,5,64,fcfs,mixed,2000,workload_seed,1126.8601595728094
poisson,238.0,228.6,,analytical,E3,E3-513224315605,233.6,234.0,starvation_proxy_count,5,64,fcfs,mixed,2000,workload_seed,6.188699378706321
poisson,0.5617668475585538,0.542759764236566,,analytical,E3,E3-513224315605,0.5517054782309835,0.5453565492636375,waiting_satisfaction_jain,5,64,fcfs,mixed,2000,workload_seed,0.012331209258457003
poisson,13089.823112509339,11559.477127509068,,analytical,E3,E3-513224315605,12261.474216146667,12030.409166007084,short_prompt_ttft_p95_ms,5,64,fcfs,mixed,2000,workload_seed,981.0815820390435
poisson,12867.368958911653,11438.548858427352,,analytical,E3,E3-513224315605,12100.177041394589,11889.758466138528,long_prompt_ttft_p95_ms,5,64,fcfs,mixed,2000,workload_seed,885.6090653928436
poisson,0.3230000000000047,0.3230000000000004,,analytical,E3,E3-513224315605,0.32300000000000184,0.3230000000000004,primer_max_itl_ms,5,64,fcfs,mixed,2000,workload_seed,3.1776437161565094e-15
poisson,205.0,189.8,,analytical,E3,E3-513224315605,198.4,200.0,backlog_at_arrival_end,5,64,fcfs,mixed,2000,workload_seed,10.261578825892242
poisson,0.9999999999995637,0.9994377326776229,,analytical,E3,E3-513224315605,0.9998125775589066,0.9999999999995415,server_busy_fraction,5,64,fcfs,mixed,2000,workload_seed,0.000419089317785397
poisson,0.03125,0.03125,,analytical,E3,E3-513224315605,0.03125,0.03125,batch_slot_occupancy,5,64,fcfs,mixed,2000,workload_seed,0.0
poisson,5981.570417014327,4889.58535696376,,analytical,E3,E3-513224315605,5402.501941297035,5448.859408714243,ttft_p50_ms,5,64,mono,mixed,2000,workload_seed,723.4935256826817
poisson,11820.663039794164,10464.232414490272,,analytical,E3,E3-513224315605,11113.3309991563,10920.113788840627,ttft_p95_ms,5,64,mono,mixed,2000,workload_seed,892.2102152991267
poisson,12248.366509454601,10908.900925981849,,analytical,E3,E3-513224315605,11555.163804646078,11368.870716305357,ttft_p99_ms,5,64,mono,mixed,2000,workload_seed,867.8529169838665
poisson,24.96766531746038,22.250114454989642,,analytical,E3,E3-513224315605,23.627194744977395,24.03317777777799,tpot_p95_ms,5,64,mono,mixed,2000,workload_seed,1.7975722442300373
poisson,36.320907916666606,30.68652105235043,,analytical,E3,E3-513224315605,33.23315337072646,33.39583052884612,tpot_p99_ms,5,64,mono,mixed,2000,workload_seed,3.8152388631513117
poisson,13531.838737927741,11913.4698638239,,analytical,E3,E3-513224315605,12669.778056244528,12253.381733844351,e2e_p95_ms,5,64,mono,mixed,2000,workload_seed,1043.1504729565063
poisson,50.81619999999981,42.87180000000012,,analytical,E3,E3-513224315605,46.53999999999995,45.784999999999854,itl_p95_ms,5,64,mono,mixed,2000,workload_seed,5.098020743386359
poisson,157.01839999999993,139.5764000000001,,analytical,E3,E3-513224315605,151.12379999999993,156.85599999999977,itl_p99_ms,5,64,mono,mixed,2000,workload_seed,12.824062566129141
poisson,16.354011422803357,15.020726889671774,,analytical,E3,E3-513224315605,15.733786923299391,16.002090273041876,request_throughput_rps,5,64,mono,mixed,2000,workload_seed,0.839821847637008
poisson,2001.7631600776926,1885.4905458017179,,analytical,E3,E3-513224315605,1943.6268529397053,1936.7373139830324,output_token_throughput_tps,5,64,mono,mixed,2000,workload_seed,76.63059055808091
poisson,13.621674890219222,9.833376902575989,,analytical,E3,E3-513224315605,11.714290040351864,10.91061037668389,observed_request_throughput_rps,5,64,mono,mixed,2000,workload_seed,2.644201042858591
poisson,1.787844451944789,1.675992043110996,,analytical,E3,E3-513224315605,1.736511110817905,1.7551221166272095,iteration_cv,5,64,mono,mixed,2000,workload_seed,0.07058815946118364
poisson,12348.159797942548,10924.032774174013,,analytical,E3,E3-513224315605,11600.657372190526,11395.604867426699,max_wait_ms,5,64,mono,mixed,2000,workload_seed,913.8440000025109
poisson,214.0,203.4,,analytical,E3,E3-513224315605,208.8,208.0,starvation_proxy_count,5,64,mono,mixed,2000,workload_seed,7.259476565152615
poisson,0.5523409275589454,0.5295480156747486,,analytical,E3,E3-513224315605,0.5414043232604646,0.5410650381248229,waiting_satisfaction_jain,5,64,mono,mixed,2000,workload_seed,0.01522006394083616
poisson,11764.061937107155,10314.810687591675,,analytical,E3,E3-513224315605,11016.162148412608,10852.162919689014,short_prompt_ttft_p95_ms,5,64,mono,mixed,2000,workload_seed,888.6202722099383
poisson,11457.91062314231,10193.55941418313,,analytical,E3,E3-513224315605,10840.708531387827,10911.671344941413,long_prompt_ttft_p95_ms,5,64,mono,mixed,2000,workload_seed,797.5289050629983
poisson,157.1784,37.0496,,analytical,E3,E3-513224315605,97.114,156.856,primer_max_itl_ms,5,64,mono,mixed,2000,workload_seed,82.25396217812246
poisson,220.6,201.4,,analytical,E3,E3-513224315605,211.0,217.0,backlog_at_arrival_end,5,64,mono,mixed,2000,workload_seed,13.656500283747663
poisson,1.0,0.9994161977427026,,analytical,E3,E3-513224315605,0.9998053992475671,1.0,server_busy_fraction,5,64,mono,mixed,2000,workload_seed,0.00043514051091134235
poisson,0.9454135591316778,0.9362967530125011,,analytical,E3,E3-513224315605,0.9408551560720895,0.9408246295417277,batch_slot_occupancy,5,64,mono,mixed,2000,workload_seed,0.005935039506092859
poisson,3025.9418202674233,2114.5940120150008,,piecewise,E3,E3-52a9ba8b549d,2515.142809009153,2499.6112019642924,ttft_p50_ms,5,64,chunk_512,mixed,2000,workload_seed,614.5820896784401
poisson,5011.950138710796,4084.8551629584363,,piecewise,E3,E3-52a9ba8b549d,4529.529428666423,4516.750539901314,ttft_p95_ms,5,64,chunk_512,mixed,2000,workload_seed,616.9425203743365
poisson,5174.888840080823,4237.787887229027,,piecewise,E3,E3-52a9ba8b549d,4689.761158331305,4669.81073419447,ttft_p99_ms,5,64,chunk_512,mixed,2000,workload_seed,618.8793568972866
poisson,9.875720843444231,9.562051833540878,,piecewise,E3,E3-52a9ba8b549d,9.72364382980835,9.847882796875004,tpot_p95_ms,5,64,chunk_512,mixed,2000,workload_seed,0.2071288855176635
poisson,10.409550923443046,10.249580346516012,,piecewise,E3,E3-52a9ba8b549d,10.322275055378691,10.28667069136038,tpot_p99_ms,5,64,chunk_512,mixed,2000,workload_seed,0.10400938619438117
poisson,6032.619602009351,5102.645007219888,,piecewise,E3,E3-52a9ba8b549d,5548.109651016058,5469.351983849363,e2e_p95_ms,5,64,chunk_512,mixed,2000,workload_seed,621.893948680151
poisson,10.744547322000223,10.704271959999824,,piecewise,E3,E3-52a9ba8b549d,10.724875729999985,10.721035399999892,itl_p95_ms,5,64,chunk_512,mixed,2000,workload_seed,0.027031914711704245
poisson,10.844283720000385,10.802290500000163,,piecewise,E3,E3-52a9ba8b549d,10.823287110000274,10.81129990000045,itl_p99_ms,5,64,chunk_512,mixed,2000,workload_seed,0.02712984350399948
poisson,29.515227737151907,27.292968709526356,,piecewise,E3,E3-52a9ba8b549d,28.43208435832326,29.161976786500293,request_throughput_rps,5,64,chunk_512,mixed,2000,workload_seed,1.4687309083206408
poisson,3691.2334703129554,3341.623568494916,,piecewise,E3,E3-52a9ba8b549d,3516.4285194039358,3472.4396030581584,output_token_throughput_tps,5,64,chunk_512,mixed,2000,workload_seed,230.33334056849208
poisson,24.605889409910976,18.540133856991808,,piecewise,E3,E3-52a9ba8b549d,22.126545598924984,23.299191713606604,observed_request_throughput_rps,5,64,chunk_512,mixed,2000,workload_seed,4.0174632701611195
poisson,0.7496037348089937,0.6821367454564102,,piecewise,E3,E3-52a9ba8b549d,0.7160485518909938,0.6984981818740492,iteration_cv,5,64,chunk_512,mixed,2000,workload_seed,0.043876890692483565
poisson,5224.932183506645,4237.843346164333,,piecewise,E3,E3-52a9ba8b549d,4715.7240483821,4666.579508296112,max_wait_ms,5,64,chunk_512,mixed,2000,workload_seed,642.3778122240165
poisson,208.2,177.4,,piecewise,E3,E3-52a9ba8b549d,194.2,196.0,starvation_proxy_count,5,64,chunk_512,mixed,2000,workload_seed,20.717142660125695
poisson,0.766847810705199,0.7309198749713219,,piecewise,E3,E3-52a9ba8b549d,0.7499332742725379,0.7647645513948471,waiting_satisfaction_jain,5,64,chunk_512,mixed,2000,workload_seed,0.023366444525167954
poisson,5003.620240263258,4070.666085755826,,piecewise,E3,E3-52a9ba8b549d,4515.009481702725,4506.670257561904,short_prompt_ttft_p95_ms,5,64,chunk_512,mixed,2000,workload_seed,624.4737812119429
poisson,4916.364569957383,4075.5578267404976,,piecewise,E3,E3-52a9ba8b549d,4484.377921264379,4504.5314425572515,long_prompt_ttft_p95_ms,5,64,chunk_512,mixed,2000,workload_seed,556.3118473829442
poisson,10.404837290000065,5.554092019999996,,piecewise,E3,E3-52a9ba8b549d,8.56245852000002,9.67710654999999,primer_max_itl_ms,5,64,chunk_512,mixed,2000,workload_seed,3.3207475644007642
poisson,188.4,157.2,,piecewise,E3,E3-52a9ba8b549d,171.4,171.0,backlog_at_arrival_end,5,64,chunk_512,mixed,2000,workload_seed,20.427922067601493
poisson,1.0,0.9998170514768401,,piecewise,E3,E3-52a9ba8b549d,0.9999390171589466,1.0,server_busy_fraction,5,64,chunk_512,mixed,2000,workload_seed,0.00013636177805627543
poisson,0.8421553722587942,0.7930670602659041,,piecewise,E3,E3-52a9ba8b549d,0.8177173873185982,0.8137315951969532,batch_slot_occupancy,5,64,chunk_512,mixed,2000,workload_seed,0.03061992650464837
poisson,14267.564975116158,12566.873351454477,,piecewise,E3,E3-52a9ba8b549d,13507.945716799033,14096.573278117754,ttft_p50_ms,5,64,fcfs,mixed,2000,workload_seed,1080.4154818700817
poisson,26380.801659032848,23578.558155846986,,piecewise,E3,E3-52a9ba8b549d,24841.558412324484,24757.357153477224,ttft_p95_ms,5,64,fcfs,mixed,2000,workload_seed,1776.0415633983857
poisson,27267.0638533526,24238.77684982915,,piecewise,E3,E3-52a9ba8b549d,25595.699483829074,25535.77845360443,ttft_p99_ms,5,64,fcfs,mixed,2000,workload_seed,1926.58851533984
poisson,0.8308672499999803,0.8245423750000022,,piecewise,E3,E3-52a9ba8b549d,0.8280807499999912,0.8300062500000007,tpot_p95_ms,5,64,fcfs,mixed,2000,workload_seed,0.004027656717338443
poisson,0.8319080056249927,0.8316418249999906,,piecewise,E3,E3-52a9ba8b549d,0.8317666499999918,0.8316976249999931,tpot_p99_ms,5,64,fcfs,mixed,2000,workload_seed,0.00016774020556484915
poisson,26432.950869132317,23625.90075734074,,piecewise,E3,E3-52a9ba8b549d,24896.23330552431,24856.463267227224,e2e_p95_ms,5,64,fcfs,mixed,2000,workload_seed,1784.1055935327229
poisson,0.8315410000005613,0.8312419999991107,,piecewise,E3,E3-52a9ba8b549d,0.8313999999997577,0.8314949999999044,itl_p95_ms,5,64,fcfs,mixed,2000,workload_seed,0.00019656423959195412
poisson,0.8326860000002002,0.8322020000000444,,piecewise,E3,E3-52a9ba8b549d,0.8324440000001223,0.8324700000001554,itl_p99_ms,5,64,fcfs,mixed,2000,workload_seed,0.0003107531174972428
poisson,9.027493924823242,8.205134111450855,,piecewise,E3,E3-52a9ba8b549d,8.657496337091406,8.688847954551964,request_throughput_rps,5,64,fcfs,mixed,2000,workload_seed,0.5331255102806496
poisson,1079.6092921840552,1057.3290696755935,,piecewise,E3,E3-52a9ba8b549d,1068.4691809298242,1067.5993858723043,output_token_throughput_tps,5,64,fcfs,mixed,2000,workload_seed,14.49522223659475
poisson,9.095475053478577,7.8578898622039235,,piecewise,E3,E3-52a9ba8b549d,8.48393324949663,8.392777212833762,observed_request_throughput_rps,5,64,fcfs,mixed,2000,workload_seed,0.7867526497914684
poisson,2.842271356997402,2.585493817189041,,piecewise,E3,E3-52a9ba8b549d,2.7126286731249545,2.717798847989658,iteration_cv,5,64,fcfs,mixed,2000,workload_seed,0.1588426174385464
poisson,27525.585055958945,24305.348298537363,,piecewise,E3,E3-52a9ba8b549d,25721.60143285733,25633.556246098247,max_wait_ms,5,64,fcfs,mixed,2000,workload_seed,2068.9759416736706
poisson,245.0,241.4,,piecewise,E3,E3-52a9ba8b549d,243.2,243.0,starvation_proxy_count,5,64,fcfs,mixed,2000,workload_seed,2.3874672772626644
poisson,0.41670144800236714,0.4032566293824809,,piecewise,E3,E3-52a9ba8b549d,0.4099233395381612,0.4053462741187489,waiting_satisfaction_jain,5,64,fcfs,mixed,2000,workload_seed,0.008774832716852622
poisson,26339.668130568414,23392.09888935249,,piecewise,E3,E3-52a9ba8b549d,24698.70659841294,24419.132616523486,short_prompt_ttft_p95_ms,5,64,fcfs,mixed,2000,workload_seed,1835.7698016544584
poisson,25827.413827284116,23092.52375906089,,piecewise,E3,E3-52a9ba8b549d,24308.41050593715,23876.276734763072,long_prompt_ttft_p95_ms,5,64,fcfs,mixed,2000,workload_seed,1710.79997010359
poisson,0.8164010000000012,0.7915379999999985,,piecewise,E3,E3-52a9ba8b549d,0.8004950000000001,0.7920299999999969,primer_max_itl_ms,5,64,fcfs,mixed,2000,workload_seed,0.017574215487469153
poisson,226.4,219.8,,piecewise,E3,E3-52a9ba8b549d,223.8,226.0,backlog_at_arrival_end,5,64,fcfs,mixed,2000,workload_seed,4.494441010848846
poisson,0.9999999999999993,0.999999999999998,,piecewise,E3,E3-52a9ba8b549d,0.9999999999999986,0.9999999999999988,server_busy_fraction,5,64,fcfs,mixed,2000,workload_seed,8.685322334937216e-16
poisson,0.03125,0.03125,,piecewise,E3,E3-52a9ba8b549d,0.03125,0.03125,batch_slot_occupancy,5,64,fcfs,mixed,2000,workload_seed,0.0
poisson,2031.7831463945924,1388.0049398306376,,piecewise,E3,E3-52a9ba8b549d,1680.1495623560818,1703.435663682948,ttft_p50_ms,5,64,mono,mixed,2000,workload_seed,434.9060989291659
poisson,3545.705616380126,2762.1675223020397,,piecewise,E3,E3-52a9ba8b549d,3153.9365693410828,3145.587384043023,ttft_p95_ms,5,64,mono,mixed,2000,workload_seed,503.31039699134897
poisson,3653.5010946838547,2896.0480855189035,,piecewise,E3,E3-52a9ba8b549d,3261.1375289148805,3273.4522414503294,ttft_p99_ms,5,64,mono,mixed,2000,workload_seed,498.28248728750395
poisson,13.212180095537486,10.893802934176074,,piecewise,E3,E3-52a9ba8b549d,11.824651842170146,11.291265212080624,tpot_p95_ms,5,64,mono,mixed,2000,workload_seed,1.5461517564871299
poisson,21.490975427112502,16.475631396517148,,piecewise,E3,E3-52a9ba8b549d,18.601318637483494,17.714086278489575,tpot_p99_ms,5,64,mono,mixed,2000,workload_seed,3.109878628297265
poisson,4566.781601063233,3857.9792622490177,,piecewise,E3,E3-52a9ba8b549d,4209.210270996752,4129.525571298128,e2e_p95_ms,5,64,mono,mixed,2000,workload_seed,473.15830145145407
poisson,28.36442320999986,24.29599222999991,,piecewise,E3,E3-52a9ba8b549d,25.954392569999936,25.46228085000007,itl_p95_ms,5,64,mono,mixed,2000,workload_seed,2.7788550531350156
poisson,90.71650004999992,80.32693654999999,,piecewise,E3,E3-52a9ba8b549d,87.24214204999994,90.69846404999998,itl_p99_ms,5,64,mono,mixed,2000,workload_seed,7.721294564367614
poisson,34.87990847538695,32.59555477208382,,piecewise,E3,E3-52a9ba8b549d,33.7674842905003,34.574075799390336,request_throughput_rps,5,64,mono,mixed,2000,workload_seed,1.485310540011464
poisson,4346.439174506407,4003.6335732605557,,piecewise,E3,E3-52a9ba8b549d,4175.036373883481,4123.345804263521,output_token_throughput_tps,5,64,mono,mixed,2000,workload_seed,221.441859388992
poisson,30.71634052304276,25.606455346955688,,piecewise,E3,E3-52a9ba8b549d,28.37611923265834,29.439423974079833,observed_request_throughput_rps,5,64,mono,mixed,2000,workload_seed,3.4094847101237735
poisson,2.2300325137883785,2.1180935445426305,,piecewise,E3,E3-52a9ba8b549d,2.171306335032376,2.15116620614679,iteration_cv,5,64,mono,mixed,2000,workload_seed,0.07123243039569312
poisson,3682.473728672151,2902.5543257342915,,piecewise,E3,E3-52a9ba8b549d,3277.038693892921,3285.954878076777,max_wait_ms,5,64,mono,mixed,2000,workload_seed,514.1825069531052
poisson,184.2,153.4,,piecewise,E3,E3-52a9ba8b549d,167.2,161.0,starvation_proxy_count,5,64,mono,mixed,2000,workload_seed,20.27806696901852
poisson,0.8201480631701484,0.7864063201785927,,piecewise,E3,E3-52a9ba8b549d,0.8046120838550335,0.8038393103915585,waiting_satisfaction_jain,5,64,mono,mixed,2000,workload_seed,0.022232277614424797
poisson,3506.0348241788624,2758.7194235774205,,piecewise,E3,E3-52a9ba8b549d,3132.377123878142,3139.7862194744,short_prompt_ttft_p95_ms,5,64,mono,mixed,2000,workload_seed,483.5513339623045
poisson,3420.2086283453746,2751.7898041868752,,piecewise,E3,E3-52a9ba8b549d,3085.9992162661247,3118.062115932247,long_prompt_ttft_p95_ms,5,64,mono,mixed,2000,workload_seed,440.684124028698
poisson,77.19414800999999,11.813524741000002,,piecewise,E3,E3-52a9ba8b549d,43.70607885,24.286706349999996,primer_max_itl_ms,5,64,mono,mixed,2000,workload_seed,43.338803279258336
poisson,164.0,133.0,,piecewise,E3,E3-52a9ba8b549d,147.8,147.0,backlog_at_arrival_end,5,64,mono,mixed,2000,workload_seed,20.166804407243106
poisson,1.0,0.9997829232375322,,piecewise,E3,E3-52a9ba8b549d,0.9999276410791772,1.0,server_busy_fraction,5,64,mono,mixed,2000,workload_seed,0.00016179946573782506
poisson,0.9060251333905255,0.8934810020023074,,piecewise,E3,E3-52a9ba8b549d,0.9003889882355353,0.9006881676528563,batch_slot_occupancy,5,64,mono,mixed,2000,workload_seed,0.007893134303390038
poisson,1270.660658626803,453.13530107813176,,piecewise,E3,E3-52e8ef7f558c,813.105609385095,765.5686632919442,ttft_p50_ms,5,32,chunk_512,mixed,2000,workload_seed,545.9652536190656
poisson,1776.597533970252,902.3426602993775,,piecewise,E3,E3-52e8ef7f558c,1301.6842520052398,1340.9113599880764,ttft_p95_ms,5,32,chunk_512,mixed,2000,workload_seed,580.1639411005674
poisson,1850.1913933630701,974.8957274601355,,piecewise,E3,E3-52e8ef7f558c,1367.8112382052036,1378.263975372765,ttft_p99_ms,5,32,chunk_512,mixed,2000,workload_seed,577.8803490872194
poisson,9.809258389627225,9.412123655453701,,piecewise,E3,E3-52e8ef7f558c,9.621948925106055,9.719265964499236,tpot_p95_ms,5,32,chunk_512,mixed,2000,workload_seed,0.25300999685350795
poisson,10.343223811377207,10.11688192935118,,piecewise,E3,E3-52e8ef7f558c,10.223187356252977,10.199598943806825,tpot_p99_ms,5,32,chunk_512,mixed,2000,workload_seed,0.146855079009655
poisson,3976.8850842430247,2945.4681266826547,,piecewise,E3,E3-52e8ef7f558c,3454.4137883243943,3414.648629646357,e2e_p95_ms,5,32,chunk_512,mixed,2000,workload_seed,679.1878893980859
poisson,10.739585536250301,10.700220139999875,,piecewise,E3,E3-52e8ef7f558c,10.719660040000054,10.72218305000024,itl_p95_ms,5,32,chunk_512,mixed,2000,workload_seed,0.02481569135309776
poisson,10.843827460000103,10.795019040499936,,piecewise,E3,E3-52e8ef7f558c,10.819445600000018,10.82254869999997,itl_p99_ms,5,32,chunk_512,mixed,2000,workload_seed,0.0309369208098748
poisson,28.608263468502724,26.95978874366594,,piecewise,E3,E3-52e8ef7f558c,27.842136049617267,28.203097837715703,request_throughput_rps,5,32,chunk_512,mixed,2000,workload_seed,1.0699333269354592
poisson,3647.097530758046,3254.734518750457,,piecewise,E3,E3-52e8ef7f558c,3446.591285458274,3397.697810019697,output_token_throughput_tps,5,32,chunk_512,mixed,2000,workload_seed,253.31662713528956
poisson,26.489801365285768,24.625130707831122,,piecewise,E3,E3-52e8ef7f558c,25.51587309689813,25.492056816063698,observed_request_throughput_rps,5,32,chunk_512,mixed,2000,workload_seed,1.1265753692564986
poisson,0.8925492086393199,0.7298318003526563,,piecewise,E3,E3-52e8ef7f558c,0.8114769731051552,0.8498568432422601,iteration_cv,5,32,chunk_512,mixed,2000,workload_seed,0.1057682552639495
poisson,1844.531538343556,987.4544093523185,,piecewise,E3,E3-52e8ef7f558c,1381.4727486802476,1391.1216166535696,max_wait_ms,5,32,chunk_512,mixed,2000,workload_seed,573.5237766844333
poisson,143.4,14.0,,piecewise,E3,E3-52e8ef7f558c,76.6,70.0,starvation_proxy_count,5,32,chunk_512,mixed,2000,workload_seed,84.68648062117117
poisson,0.9647072410523577,0.898097261096597,,piecewise,E3,E3-52e8ef7f558c,0.9326875661692864,0.9304116635774031,waiting_satisfaction_jain,5,32,chunk_512,mixed,2000,workload_seed,0.044677148211269696
poisson,1756.6317772340026,843.0346576040774,,piecewise,E3,E3-52e8ef7f558c,1268.436866009677,1339.6507641990704,short_prompt_ttft_p95_ms,5,32,chunk_512,mixed,2000,workload_seed,591.8388845091703
poisson,1836.0532844836894,900.270759771686,,piecewise,E3,E3-52e8ef7f558c,1325.0673954384279,1357.6582177200044,long_prompt_ttft_p95_ms,5,32,chunk_512,mixed,2000,workload_seed,606.0214681346123
poisson,10.291587260000068,5.439752750000003,,piecewise,E3,E3-52e8ef7f558c,8.417263750000027,9.517364100000009,primer_max_itl_ms,5,32,chunk_512,mixed,2000,workload_seed,3.2524629353866357
poisson,78.8,45.6,,piecewise,E3,E3-52e8ef7f558c,62.2,70.0,backlog_at_arrival_end,5,32,chunk_512,mixed,2000,workload_seed,21.764650238402638
poisson,1.0,0.9980530488953804,,piecewise,E3,E3-52e8ef7f558c,0.99935101629846,1.0,server_busy_fraction,5,32,chunk_512,mixed,2000,workload_seed,0.0014511716729325179
poisson,0.8177828789934012,0.7054559230602452,,piecewise,E3,E3-52e8ef7f558c,0.7639172684606758,0.7748747716949936,batch_slot_occupancy,5,32,chunk_512,mixed,2000,workload_seed,0.07109469170801587
poisson,12534.513602692701,10730.017952954693,,piecewise,E3,E3-52e8ef7f558c,11711.913756035687,12148.300233175643,ttft_p50_ms,5,32,fcfs,mixed,2000,workload_seed,1154.989711541212
poisson,22955.831597053933,19783.526242122385,,piecewise,E3,E3-52e8ef7f558c,21245.68503197276,20996.590454004436,ttft_p95_ms,5,32,fcfs,mixed,2000,workload_seed,1956.0978973902077
poisson,23692.066753349798,20274.592466405666,,piecewise,E3,E3-52e8ef7f558c,21847.857091359594,21709.87314443692,ttft_p99_ms,5,32,fcfs,mixed,2000,workload_seed,2109.8664771309495
poisson,0.8308672499999803,0.8245423750000022,,piecewise,E3,E3-52e8ef7f558c,0.8280807499999912,0.8300062500000007,tpot_p95_ms,5,32,fcfs,mixed,2000,workload_seed,0.004027656717338443
poisson,0.8319080056249927,0.8316418249999906,,piecewise,E3,E3-52e8ef7f558c,0.8317666499999918,0.8316976249999931,tpot_p99_ms,5,32,fcfs,mixed,2000,workload_seed,0.00016774020556484915
poisson,23054.584021027647,19848.949872219975,,piecewise,E3,E3-52e8ef7f558c,21322.15264516123,21095.203630810458,e2e_p95_ms,5,32,fcfs,mixed,2000,workload_seed,1982.0794652940488
poisson,0.8315410000005613,0.8312419999991107,,piecewise,E3,E3-52e8ef7f558c,0.8313999999997577,0.8314949999999044,itl_p95_ms,5,32,fcfs,mixed,2000,workload_seed,0.00019656423959195412
poisson,0.8326860000002002,0.8322020000000444,,piecewise,E3,E3-52e8ef7f558c,0.8324440000001223,0.8324700000001554,itl_p99_ms,5,32,fcfs,mixed,2000,workload_seed,0.0003107531174972428
poisson,9.024136029292444,8.205134111450855,,piecewise,E3,E3-52e8ef7f558c,8.655817389326007,8.688847954551964,request_throughput_rps,5,32,fcfs,mixed,2000,workload_seed,0.5307677048845374
poisson,1079.6092921840552,1056.9445250534202,,piecewise,E3,E3-52e8ef7f558c,1068.2769086187377,1067.5993858723043,output_token_throughput_tps,5,32,fcfs,mixed,2000,workload_seed,14.636743989671885
poisson,9.185073417460236,7.9325468729181505,,piecewise,E3,E3-52e8ef7f558c,8.558810145189195,8.672536453261554,observed_request_throughput_rps,5,32,fcfs,mixed,2000,workload_seed,0.8097877274910461
poisson,2.842271356997402,2.585493817189041,,piecewise,E3,E3-52e8ef7f558c,2.7126286731249545,2.717798847989658,iteration_cv,5,32,fcfs,mixed,2000,workload_seed,0.1588426174385464
poisson,23940.84018732582,20324.233176439644,,piecewise,E3,E3-52e8ef7f558c,21960.113059124185,21731.93546706588,max_wait_ms,5,32,fcfs,mixed,2000,workload_seed,2238.7492600214396
poisson,244.2,239.6,,piecewise,E3,E3-52e8ef7f558c,241.8,242.0,starvation_proxy_count,5,32,fcfs,mixed,2000,workload_seed,2.8635642126552705
poisson,0.4469761571545214,0.43164411366669136,,piecewise,E3,E3-52e8ef7f558c,0.4393101354106063,0.43428007876546787,waiting_satisfaction_jain,5,32,fcfs,mixed,2000,workload_seed,0.010032261519985231
poisson,22844.686665828056,19649.82855663854,,piecewise,E3,E3-52e8ef7f558c,21131.651165216997,21079.97608776868,short_prompt_ttft_p95_ms,5,32,fcfs,mixed,2000,workload_seed,1965.4741888032
poisson,22420.390397006173,19410.20929302734,,piecewise,E3,E3-52e8ef7f558c,20807.69558725279,20627.571196806122,long_prompt_ttft_p95_ms,5,32,fcfs,mixed,2000,workload_seed,1843.735475539256
poisson,0.8164010000000012,0.7915379999999985,,piecewise,E3,E3-52e8ef7f558c,0.8004950000000001,0.7920299999999969,primer_max_itl_ms,5,32,fcfs,mixed,2000,workload_seed,0.017574215487469153
poisson,197.4,183.2,,piecewise,E3,E3-52e8ef7f558c,191.0,194.0,backlog_at_arrival_end,5,32,fcfs,mixed,2000,workload_seed,9.273618495495704
poisson,0.9999999999999991,0.9994559750975366,,piecewise,E3,E3-52e8ef7f558c,0.9998186583658445,0.9999999999999978,server_busy_fraction,5,32,fcfs,mixed,2000,workload_seed,0.00040549222111917394
poisson,0.03125,0.03125,,piecewise,E3,E3-52e8ef7f558c,0.03125,0.03125,batch_slot_occupancy,5,32,fcfs,mixed,2000,workload_seed,0.0
poisson,265.2912345640426,34.537014607908624,,piecewise,E3,E3-52e8ef7f558c,119.29513665341797,53.00366946273448,ttft_p50_ms,5,32,mono,mixed,2000,workload_seed,162.28541945386007
poisson,688.6610903454587,196.63196116162845,,piecewise,E3,E3-52e8ef7f558c,384.49628699875154,259.4284184812918,ttft_p95_ms,5,32,mono,mixed,2000,workload_seed,331.39664319407456
poisson,811.4318862220749,245.54632523062298,,piecewise,E3,E3-52e8ef7f558c,457.1159759240953,300.1033422570409,ttft_p99_ms,5,32,mono,mixed,2000,workload_seed,381.63844707330696
poisson,12.117213817637882,8.906449010277793,,piecewise,E3,E3-52e8ef7f558c,10.41297579076082,10.421239343995282,tpot_p95_ms,5,32,mono,mixed,2000,workload_seed,2.111688374152813
poisson,24.18090659046318,17.518092452679944,,piecewise,E3,E3-52e8ef7f558c,20.887919855025633,19.76984376711574,tpot_p99_ms,5,32,mono,mixed,2000,workload_seed,4.481511604178303
poisson,2636.7137233738913,1401.5486090894672,,piecewise,E3,E3-52e8ef7f558c,1983.6079825874701,2065.0199857369776,e2e_p95_ms,5,32,mono,mixed,2000,workload_seed,827.6638628018217
poisson,21.891111099999943,10.680176419999952,,piecewise,E3,E3-52e8ef7f558c,16.26656535000002,18.80007405000015,itl_p95_ms,5,32,mono,mixed,2000,workload_seed,7.624912538516831
poisson,87.45624831999994,50.22722469949939,,piecewise,E3,E3-52e8ef7f558c,68.75204502649976,78.53711779999958,itl_p99_ms,5,32,mono,mixed,2000,workload_seed,24.018726285095976
poisson,32.506618075654096,30.715752773325864,,piecewise,E3,E3-52e8ef7f558c,31.59049840802043,31.731225496419253,request_throughput_rps,5,32,mono,mixed,2000,workload_seed,1.2182450919427954
poisson,4176.865064973227,3650.9310038137833,,piecewise,E3,E3-52e8ef7f558c,3913.1195126641674,3900.876365899022,output_token_throughput_tps,5,32,mono,mixed,2000,workload_seed,326.0307943394336
poisson,32.239071643717566,29.798240785232245,,piecewise,E3,E3-52e8ef7f558c,30.825182227598987,30.074118345987646,observed_request_throughput_rps,5,32,mono,mixed,2000,workload_seed,1.5789329310338978
poisson,2.9168427088735536,2.415609284382686,,piecewise,E3,E3-52e8ef7f558c,2.6799503606808077,2.65858393011811,iteration_cv,5,32,mono,mixed,2000,workload_seed,0.3347995386874432
poisson,810.4684997752753,252.57742629184872,,piecewise,E3,E3-52e8ef7f558c,462.50107404500096,317.5671602830703,max_wait_ms,5,32,mono,mixed,2000,workload_seed,375.83897659965083
poisson,4.2,0.0,,piecewise,E3,E3-52e8ef7f558c,1.4,0.0,starvation_proxy_count,5,32,mono,mixed,2000,workload_seed,3.1304951684997055
poisson,0.9973863829395457,0.9741481888030119,,piecewise,E3,E3-52e8ef7f558c,0.9888975330254073,0.9947821103914172,waiting_satisfaction_jain,5,32,mono,mixed,2000,workload_seed,0.016362925298699264
poisson,658.3780259199677,143.3929529241731,,piecewise,E3,E3-52e8ef7f558c,345.58032151351864,245.078860030433,short_prompt_ttft_p95_ms,5,32,mono,mixed,2000,workload_seed,347.7676826783929
poisson,752.4154263709958,212.68850965163284,,piecewise,E3,E3-52e8ef7f558c,410.4722896469413,269.01065816105876,long_prompt_ttft_p95_ms,5,32,mono,mixed,2000,workload_seed,374.7487706535042
poisson,67.54908601000001,11.807418709750005,,piecewise,E3,E3-52e8ef7f558c,37.05278931,24.256541350000006,primer_max_itl_ms,5,32,mono,mixed,2000,workload_seed,36.213615911140465
poisson,38.0,7.2,,piecewise,E3,E3-52e8ef7f558c,22.4,12.0,backlog_at_arrival_end,5,32,mono,mixed,2000,workload_seed,20.032473636573194
poisson,0.9999999999999998,0.9979139777167315,,piecewise,E3,E3-52e8ef7f558c,0.9991182615063628,0.9999999999999993,server_busy_fraction,5,32,mono,mixed,2000,workload_seed,0.0015057189613665383
poisson,0.7810918827153781,0.43461660543117747,,piecewise,E3,E3-52e8ef7f558c,0.6033610828536528,0.6785830728666671,batch_slot_occupancy,5,32,mono,mixed,2000,workload_seed,0.2281801267171145
poisson,15.942407020223982,12.118046403942936,,piecewise,E3,E3-5c074c05e05d,14.039261157692454,14.046333729067555,ttft_p50_ms,5,8,chunk_512,mixed,2000,workload_seed,2.3227445717941477
poisson,154.05978223215155,151.32632000264803,,piecewise,E3,E3-5c074c05e05d,152.69305111739976,153.76818881324016,ttft_p95_ms,5,8,chunk_512,mixed,2000,workload_seed,1.8143994880798413
poisson,229.98127076752402,181.9274810373299,,piecewise,E3,E3-5c074c05e05d,205.41808532999903,200.03034789853564,ttft_p99_ms,5,8,chunk_512,mixed,2000,workload_seed,30.288441937253726
poisson,2.675590093705256,2.1241552887948445,,piecewise,E3,E3-5c074c05e05d,2.392501366156341,2.256350256770851,tpot_p95_ms,5,8,chunk_512,mixed,2000,workload_seed,0.3545897942430466
poisson,6.462722379393197,4.693796686568033,,piecewise,E3,E3-5c074c05e05d,5.566384843936435,5.27579172372525,tpot_p99_ms,5,8,chunk_512,mixed,2000,workload_seed,1.1391553077107923
poisson,606.9778875048545,510.4449758333132,,piecewise,E3,E3-5c074c05e05d,557.64847770557,553.2935119016013,e2e_p95_ms,5,8,chunk_512,mixed,2000,workload_seed,60.34524763544248
poisson,1.1928179999998973,1.091924725000099,,piecewise,E3,E3-5c074c05e05d,1.1460361999999804,1.1681300000000192,itl_p95_ms,5,8,chunk_512,mixed,2000,workload_seed,0.06345770863088912
poisson,9.625888221299558,9.57620203000061,,piecewise,E3,E3-5c074c05e05d,9.599974612099919,9.601626700000013,itl_p99_ms,5,8,chunk_512,mixed,2000,workload_seed,0.03108481272920554
poisson,8.904985386996042,7.951554166162387,,piecewise,E3,E3-5c074c05e05d,8.428269776579214,8.75040297983025,request_throughput_rps,5,8,chunk_512,mixed,2000,workload_seed,0.6278817897376442
poisson,1153.1136716409312,950.6518021488961,,piecewise,E3,E3-5c074c05e05d,1045.6559687241454,1041.9473985709592,output_token_throughput_tps,5,8,chunk_512,mixed,2000,workload_seed,128.24613345126136
poisson,8.914814416143543,7.943582225022853,,piecewise,E3,E3-5c074c05e05d,8.429198320583199,8.737196892602476,observed_request_throughput_rps,5,8,chunk_512,mixed,2000,workload_seed,0.6436030716327905
poisson,1.4206055896360408,1.361796392138315,,piecewise,E3,E3-5c074c05e05d,1.392337901478748,1.3948424071228391,iteration_cv,5,8,chunk_512,mixed,2000,workload_seed,0.03477980190867992
poisson,224.55163076109957,166.03673715401965,,piecewise,E3,E3-5c074c05e05d,194.1123272111219,186.58077150347071,max_wait_ms,5,8,chunk_512,mixed,2000,workload_seed,37.36069772432219
poisson,0.0,0.0,,piecewise,E3,E3-5c074c05e05d,0.0,0.0,starvation_proxy_count,5,8,chunk_512,mixed,2000,workload_seed,0.0
poisson,0.9992775046084376,0.9988799971866289,,piecewise,E3,E3-5c074c05e05d,0.9991019839764901,0.9991660177921174,waiting_satisfaction_jain,5,8,chunk_512,mixed,2000,workload_seed,0.0002565486704596479
poisson,103.57258406685942,97.0061076988246,,piecewise,E3,E3-5c074c05e05d,100.28609621225948,99.80295796833079,short_prompt_ttft_p95_ms,5,8,chunk_512,mixed,2000,workload_seed,4.075028889071477
poisson,219.4813604658897,177.97957178476503,,piecewise,E3,E3-5c074c05e05d,198.70144440744713,199.78220413245026,long_prompt_ttft_p95_ms,5,8,chunk_512,mixed,2000,workload_seed,25.41858834966084
poisson,8.736896100000003,1.7250230199999983,,piecewise,E3,E3-5c074c05e05d,5.230854560000001,5.4584051,primer_max_itl_ms,5,8,chunk_512,mixed,2000,workload_seed,4.384790453701236
poisson,2.4,1.0,,piecewise,E3,E3-5c074c05e05d,1.6,1.0,backlog_at_arrival_end,5,8,chunk_512,mixed,2000,workload_seed,0.8944271909999159
poisson,0.7253208007097666,0.6509392852082276,,piecewise,E3,E3-5c074c05e05d,0.6897153332628219,0.6944068180153531,server_busy_fraction,5,8,chunk_512,mixed,2000,workload_seed,0.04821678148207407
poisson,0.0691876875192524,0.06026471626826685,,piecewise,E3,E3-5c074c05e05d,0.0646373085815963,0.06320412383526686,batch_slot_occupancy,5,8,chunk_512,mixed,2000,workload_seed,0.005800200390181952
poisson,2005.4756939582323,688.42181862714,,piecewise,E3,E3-5c074c05e05d,1314.2712704749479,1335.3313381741136,ttft_p50_ms,5,8,fcfs,mixed,2000,workload_seed,875.24600466342
poisson,3774.6150323671077,1639.7278483800685,,piecewise,E3,E3-5c074c05e05d,2671.846026630646,3128.2953820831403,ttft_p95_ms,5,8,fcfs,mixed,2000,workload_seed,1409.8333133442286
poisson,4124.0735975031685,1859.2147578623649,,piecewise,E3,E3-5c074c05e05d,2982.4080974218496,3466.4174408415374,ttft_p99_ms,5,8,fcfs,mixed,2000,workload_seed,1456.1065499331555
poisson,0.8308672499999803,0.8245423750000022,,piecewise,E3,E3-5c074c05e05d,0.8280807499999913,0.8300062500000007,tpot_p95_ms,5,8,fcfs,mixed,2000,workload_seed,0.004027656717338411
poisson,0.831908005624993,0.8316418249999906,,piecewise,E3,E3-5c074c05e05d,0.8317666499999923,0.8316976249999931,tpot_p99_ms,5,8,fcfs,mixed,2000,workload_seed,0.0001677402055652276
poisson,3874.4632146274294,1762.6864551464728,,piecewise,E3,E3-5c074c05e05d,2788.219715870868,3187.2994744658677,e2e_p95_ms,5,8,fcfs,mixed,2000,workload_seed,1380.8313187444028
poisson,0.8315410000005613,0.8312419999991107,,piecewise,E3,E3-5c074c05e05d,0.8313999999997577,0.8314949999999044,itl_p95_ms,5,8,fcfs,mixed,2000,workload_seed,0.00019656423959195412
poisson,0.8326860000002002,0.8322020000004808,,piecewise,E3,E3-5c074c05e05d,0.8324440000003406,0.8324700000001554,itl_p99_ms,5,8,fcfs,mixed,2000,workload_seed,0.0003107531171908252
poisson,8.424207878771602,7.763619237289795,,piecewise,E3,E3-5c074c05e05d,8.08918382141236,7.85967369911325,request_throughput_rps,5,8,fcfs,mixed,2000,workload_seed,0.44221616915784384
poisson,1053.2821049482031,936.0307296149533,,piecewise,E3,E3-5c074c05e05d,1001.0486878731615,1017.9236527638964,output_token_throughput_tps,5,8,fcfs,mixed,2000,workload_seed,76.07469438304037
poisson,8.328960543931021,7.780310264724987,,piecewise,E3,E3-5c074c05e05d,8.044033740523759,7.903198542085126,observed_request_throughput_rps,5,8,fcfs,mixed,2000,workload_seed,0.3592428934609968
poisson,2.842271356997402,2.585493817189041,,piecewise,E3,E3-5c074c05e05d,2.7126286731249545,2.717798847989658,iteration_cv,5,8,fcfs,mixed,2000,workload_seed,0.1588426174385464
poisson,4318.200685976799,1985.0305743446104,,piecewise,E3,E3-5c074c05e05d,3141.7932684380257,3563.2691315752418,max_wait_ms,5,8,fcfs,mixed,2000,workload_seed,1494.609455614131
poisson,192.4,59.0,,piecewise,E3,E3-5c074c05e05d,123.8,142.0,starvation_proxy_count,5,8,fcfs,mixed,2000,workload_seed,87.68238135452299
poisson,0.9211183319016504,0.8199261861799403,,piecewise,E3,E3-5c074c05e05d,0.8705222590407953,0.8311817610343875,waiting_satisfaction_jain,5,8,fcfs,mixed,2000,workload_seed,0.06849030171565341
poisson,3621.6812598604474,1498.7461359576755,,piecewise,E3,E3-5c074c05e05d,2547.291789564674,3011.2730821334794,short_prompt_ttft_p95_ms,5,8,fcfs,mixed,2000,workload_seed,1383.3457853307837
poisson,3766.669546134367,1592.2661072173883,,piecewise,E3,E3-5c074c05e05d,2640.3158585376577,2799.170130237192,long_prompt_ttft_p95_ms,5,8,fcfs,mixed,2000,workload_seed,1422.13483708721
poisson,0.8164010000000012,0.7915379999999985,,piecewise,E3,E3-5c074c05e05d,0.8004950000000001,0.7920299999999969,primer_max_itl_ms,5,8,fcfs,mixed,2000,workload_seed,0.017574215487469153
poisson,22.0,3.8,,piecewise,E3,E3-5c074c05e05d,12.6,12.0,backlog_at_arrival_end,5,8,fcfs,mixed,2000,workload_seed,12.033287165193059
poisson,0.984227116444482,0.8829613226039974,,piecewise,E3,E3-5c074c05e05d,0.9368165446497703,0.9534696874447698,server_busy_fraction,5,8,fcfs,mixed,2000,workload_seed,0.06894034481014408
poisson,0.03125,0.03125,,piecewise,E3,E3-5c074c05e05d,0.03125,0.03125,batch_slot_occupancy,5,8,fcfs,mixed,2000,workload_seed,0.0
poisson,10.57676961715963,9.012135961078343,,piecewise,E3,E3-5c074c05e05d,9.75829825901128,9.775912750635484,ttft_p50_ms,5,8,mono,mixed,2000,workload_seed,1.0222498527919694
poisson,89.58305975301434,80.2467276771421,,piecewise,E3,E3-5c074c05e05d,86.3759571385051,89.36585279999974,ttft_p95_ms,5,8,mono,mixed,2000,workload_seed,6.829547655562548
poisson,105.25830551971256,92.93207705371276,,piecewise,E3,E3-5c074c05e05d,99.35286181305143,101.68473627314856,ttft_p99_ms,5,8,mono,mixed,2000,workload_seed,8.198948690432884
poisson,1.8600901959507952,1.656639755973196,,piecewise,E3,E3-5c074c05e05d,1.7567396620984304,1.7663495526422535,tpot_p95_ms,5,8,mono,mixed,2000,workload_seed,0.13108011208895887
poisson,3.8576739343312085,3.255306360958701,,piecewise,E3,E3-5c074c05e05d,3.5348541564470786,3.429457752701249,tpot_p99_ms,5,8,mono,mixed,2000,workload_seed,0.38039465897965297
poisson,498.83243273698827,443.09620017681266,,piecewise,E3,E3-5c074c05e05d,471.34476488940163,472.38757957369126,e2e_p95_ms,5,8,mono,mixed,2000,workload_seed,36.31058053638597
poisson,1.0561719500004287,1.0127480000000104,,piecewise,E3,E3-5c074c05e05d,1.0351880000004257,1.0311900000015157,itl_p95_ms,5,8,mono,mixed,2000,workload_seed,0.028569010440089266
poisson,1.7008108206996462,1.1270570000004227,,piecewise,E3,E3-5c074c05e05d,1.33693895690013,1.138585000000603,itl_p99_ms,5,8,mono,mixed,2000,workload_seed,0.39912533246819937
poisson,8.92062099829614,7.951691095390001,,piecewise,E3,E3-5c074c05e05d,8.43615604684307,8.75040297983025,request_throughput_rps,5,8,mono,mixed,2000,workload_seed,0.6358306903896853
poisson,1155.211457996145,951.1437078534364,,piecewise,E3,E3-5c074c05e05d,1046.67532744343,1041.9473985709592,output_token_throughput_tps,5,8,mono,mixed,2000,workload_seed,129.37754972553603
poisson,8.914814416143543,7.943582225022853,,piecewise,E3,E3-5c074c05e05d,8.429198320583199,8.737196892602476,observed_request_throughput_rps,5,8,mono,mixed,2000,workload_seed,0.6436030716327905
poisson,3.260851298623462,2.956443746768181,,piecewise,E3,E3-5c074c05e05d,3.1034043644243567,3.080922087435251,iteration_cv,5,8,mono,mixed,2000,workload_seed,0.18300629389132061
poisson,108.99511230666057,86.03731314213874,,piecewise,E3,E3-5c074c05e05d,97.09736119173894,88.4828347806415,max_wait_ms,5,8,mono,mixed,2000,workload_seed,14.821421304320156
poisson,0.0,0.0,,piecewise,E3,E3-5c074c05e05d,0.0,0.0,starvation_proxy_count,5,8,mono,mixed,2000,workload_seed,0.0
poisson,0.9998737056037307,0.9997720544305542,,piecewise,E3,E3-5c074c05e05d,0.9998283945179054,0.9998354935814949,waiting_satisfaction_jain,5,8,mono,mixed,2000,workload_seed,6.41250394597154e-05
poisson,40.824825203920554,30.6421477363236,,piecewise,E3,E3-5c074c05e05d,36.22866832166645,36.78933844243947,short_prompt_ttft_p95_ms,5,8,mono,mixed,2000,workload_seed,6.5227015694265
poisson,99.64213403234767,90.25603567294976,,piecewise,E3,E3-5c074c05e05d,93.60752603531306,90.44597989580465,long_prompt_ttft_p95_ms,5,8,mono,mixed,2000,workload_seed,6.692744846068112
poisson,37.31196493,1.725024769999998,,piecewise,E3,E3-5c074c05e05d,15.403530159999999,5.4584138499999995,primer_max_itl_ms,5,8,mono,mixed,2000,workload_seed,24.200260721057933
poisson,2.4,1.0,,piecewise,E3,E3-5c074c05e05d,1.6,1.0,backlog_at_arrival_end,5,8,mono,mixed,2000,workload_seed,0.8944271909999159
poisson,0.6956967316707139,0.6153020037931994,,piecewise,E3,E3-5c074c05e05d,0.6557779634429247,0.6580877572731777,server_busy_fraction,5,8,mono,mixed,2000,workload_seed,0.05135829247656706
poisson,0.06113597689877639,0.05508671169269774,,piecewise,E3,E3-5c074c05e05d,0.05798894113683182,0.05742808868856432,batch_slot_occupancy,5,8,mono,mixed,2000,workload_seed,0.003989749179363762
poisson,768.68680160861,51.35976902716957,,analytical,E3,E3-608c400d1048,316.7600767735147,119.16688237940298,ttft_p50_ms,5,16,chunk_512,mixed,2000,workload_seed,499.77370459575997
poisson,1469.0942297750357,353.83590529446076,,analytical,E3,E3-608c400d1048,893.6946845254246,559.0149670907372,ttft_p95_ms,5,16,chunk_512,mixed,2000,workload_seed,735.4481150346344
poisson,1695.4846714424325,447.8645867087729,,analytical,E3,E3-608c400d1048,1034.4251239574492,657.6744075350706,ttft_p99_ms,5,16,chunk_512,mixed,2000,workload_seed,794.4110394397471
poisson,15.622762059823955,9.053964301983322,,analytical,E3,E3-608c400d1048,12.338363180903638,15.258526528013462,tpot_p95_ms,5,16,chunk_512,mixed,2000,workload_seed,4.423443113701057
poisson,16.767008155556493,11.814969001847794,,analytical,E3,E3-608c400d1048,14.278775885665008,16.427602325581276,tpot_p99_ms,5,16,chunk_512,mixed,2000,workload_seed,3.3355722948573843
poisson,5433.918880017156,1796.2575122154121,,analytical,E3,E3-608c400d1048,3613.1897545479333,3834.814522386704,e2e_p95_ms,5,16,chunk_512,mixed,2000,workload_seed,2296.7408995960027
poisson,18.859000000000016,12.446200000000136,,analytical,E3,E3-608c400d1048,15.652599999999984,18.21899999999914,itl_p95_ms,5,16,chunk_512,mixed,2000,workload_seed,4.257031453959314
poisson,19.019000000000233,14.071800000000621,,analytical,E3,E3-608c400d1048,16.606200000000353,19.019000000000233,itl_p99_ms,5,16,chunk_512,mixed,2000,workload_seed,3.3108481088686017
poisson,16.168710357950967,15.195196612816968,,analytical,E3,E3-608c400d1048,15.640589392951977,15.555956179085447,request_throughput_rps,5,16,chunk_512,mixed,2000,workload_seed,0.6436802824297249
poisson,2021.3683182129503,1838.7382975671267,,analytical,E3,E3-608c400d1048,1935.0250615079851,1984.2735458884483,output_token_throughput_tps,5,16,chunk_512,mixed,2000,workload_seed,122.18102197276711
poisson,15.502365189066785,14.422002941534993,,analytical,E3,E3-608c400d1048,14.978700108203109,15.269474538706241,observed_request_throughput_rps,5,16,chunk_512,mixed,2000,workload_seed,0.7298213463267811
poisson,1.6213682073441855,1.0380984506740878,,analytical,E3,E3-608c400d1048,1.340142853167549,1.3481666511711812,iteration_cv,5,16,chunk_512,mixed,2000,workload_seed,0.3806243752945917
poisson,1709.883944282966,498.3243900360336,,analytical,E3,E3-608c400d1048,1067.2960955122717,677.6179902674776,max_wait_ms,5,16,chunk_512,mixed,2000,workload_seed,775.1309847781137
poisson,101.2,0.0,,analytical,E3,E3-608c400d1048,38.8,0.0,starvation_proxy_count,5,16,chunk_512,mixed,2000,workload_seed,67.55146186427056
poisson,0.9933383676370207,0.9197205259964528,,analytical,E3,E3-608c400d1048,0.9611427730848593,0.9861490235304483,waiting_satisfaction_jain,5,16,chunk_512,mixed,2000,workload_seed,0.04694709257220543
poisson,1342.458435764121,239.65278716126758,,analytical,E3,E3-608c400d1048,785.2873981436682,421.9322101788517,short_prompt_ttft_p95_ms,5,16,chunk_512,mixed,2000,workload_seed,728.7516061630045
poisson,1582.5835295796428,375.4110389575136,,analytical,E3,E3-608c400d1048,933.672712390272,438.8702676841446,long_prompt_ttft_p95_ms,5,16,chunk_512,mixed,2000,workload_seed,769.6866383759285
poisson,9.915800000000008,1.0466000000000002,,analytical,E3,E3-608c400d1048,5.481200000000003,3.940999999999999,primer_max_itl_ms,5,16,chunk_512,mixed,2000,workload_seed,5.617077460744159
poisson,49.6,7.2,,analytical,E3,E3-608c400d1048,28.4,32.0,backlog_at_arrival_end,5,16,chunk_512,mixed,2000,workload_seed,26.660832695172896
poisson,0.9899989460172447,0.8912268278946243,,analytical,E3,E3-608c400d1048,0.9406128869559345,0.9709754195927744,server_busy_fraction,5,16,chunk_512,mixed,2000,workload_seed,0.06632812437062036
poisson,0.7064561109067249,0.2545011014477034,,analytical,E3,E3-608c400d1048,0.4803999548828145,0.5557858481124115,batch_slot_occupancy,5,16,chunk_512,mixed,2000,workload_seed,0.2857760497726076
poisson,2239.463543585606,882.1947823433569,,analytical,E3,E3-608c400d1048,1540.7306769876818,1735.297632333988,ttft_p50_ms,5,16,fcfs,mixed,2000,workload_seed,931.0923195832835
poisson,3242.2125243855767,1520.645111578474,,analytical,E3,E3-608c400d1048,2358.340967593895,2436.892494881833,ttft_p95_ms,5,16,fcfs,mixed,2000,workload_seed,1129.3493263996247
poisson,3418.2891391901285,1737.343745463084,,analytical,E3,E3-608c400d1048,2542.3784905369916,2606.6130555923255,ttft_p99_ms,5,16,fcfs,mixed,2000,workload_seed,1112.4894468971418
poisson,0.32300000000032014,0.32300000000032014,,analytical,E3,E3-608c400d1048,0.32300000000032014,0.32300000000032014,tpot_p95_ms,5,16,fcfs,mixed,2000,workload_seed,0.0
poisson,0.32300000000032014,0.32300000000032014,,analytical,E3,E3-608c400d1048,0.32300000000032014,0.32300000000032014,tpot_p99_ms,5,16,fcfs,mixed,2000,workload_seed,0.0
poisson,3271.384502949696,1561.7430856411347,,analytical,E3,E3-608c400d1048,2391.567017094237,2470.3539300384164,e2e_p95_ms,5,16,fcfs,mixed,2000,workload_seed,1123.3358355158614
poisson,0.32300000000032014,0.32300000000032014,,analytical,E3,E3-608c400d1048,0.32300000000032014,0.32300000000032014,itl_p95_ms,5,16,fcfs,mixed,2000,workload_seed,0.0
poisson,0.32300000000032014,0.32300000000032014,,analytical,E3,E3-608c400d1048,0.32300000000032014,0.32300000000032014,itl_p99_ms,5,16,fcfs,mixed,2000,workload_seed,0.0
poisson,15.514458698182807,14.619972308384726,,analytical,E3,E3-608c400d1048,15.115750788510843,15.290622825208727,request_throughput_rps,5,16,fcfs,mixed,2000,workload_seed,0.574082961737132
poisson,1946.5904573226467,1796.7012830582066,,analytical,E3,E3-608c400d1048,1869.2457899309004,1865.1407699503352,output_token_throughput_tps,5,16,fcfs,mixed,2000,workload_seed,98.04707309947015
poisson,15.184074349868434,14.739299871307633,,analytical,E3,E3-608c400d1048,14.967185342268817,15.007420544940725,observed_request_throughput_rps,5,16,fcfs,mixed,2000,workload_seed,0.2890180368528708
poisson,8.120256896103443,7.646849534086153,,analytical,E3,E3-608c400d1048,7.865555717532243,7.785947734824777,iteration_cv,5,16,fcfs,mixed,2000,workload_seed,0.2961811319363162
poisson,3463.278936015934,1768.8561295814804,,analytical,E3,E3-608c400d1048,2586.396986616977,2650.550393161766,max_wait_ms,5,16,fcfs,mixed,2000,workload_seed,1116.1198111224503
poisson,190.2,73.8,,analytical,E3,E3-608c400d1048,135.8,143.0,starvation_proxy_count,5,16,fcfs,mixed,2000,workload_seed,78.90627351484798
poisson,0.9290679589164649,0.825047680826102,,analytical,E3,E3-608c400d1048,0.8780921349704638,0.8601358433170715,waiting_satisfaction_jain,5,16,fcfs,mixed,2000,workload_seed,0.06968011512519574
poisson,3189.5676523304815,1466.928266151936,,analytical,E3,E3-608c400d1048,2303.0038797386055,2371.9632825576114,short_prompt_ttft_p95_ms,5,16,fcfs,mixed,2000,workload_seed,1131.3684078778115
poisson,3258.6443709966043,1467.474885488115,,analytical,E3,E3-608c400d1048,2363.0596282423594,2329.6747054811167,long_prompt_ttft_p95_ms,5,16,fcfs,mixed,2000,workload_seed,1148.6689050232435
poisson,0.3230000000000047,0.3230000000000004,,analytical,E3,E3-608c400d1048,0.32300000000000184,0.3230000000000004,primer_max_itl_ms,5,16,fcfs,mixed,2000,workload_seed,3.1776437161565094e-15
poisson,45.8,12.0,,analytical,E3,E3-608c400d1048,28.8,37.0,backlog_at_arrival_end,5,16,fcfs,mixed,2000,workload_seed,21.98181066245454
poisson,0.9949779807989259,0.9579704374091523,,analytical,E3,E3-608c400d1048,0.9799159721988884,0.9886181563110213,server_busy_fraction,5,16,fcfs,mixed,2000,workload_seed,0.025381638902249967
poisson,0.03125,0.03125,,analytical,E3,E3-608c400d1048,0.03125,0.03125,batch_slot_occupancy,5,16,fcfs,mixed,2000,workload_seed,0.0
poisson,818.4233999519544,42.31751645952445,,analytical,E3,E3-608c400d1048,321.3580219391646,86.97939096278606,ttft_p50_ms,5,16,mono,mixed,2000,workload_seed,551.8413441040811
poisson,1457.200203501247,258.42372196260146,,analytical,E3,E3-608c400d1048,853.234066396084,423.34445424655405,ttft_p95_ms,5,16,mono,mixed,2000,workload_seed,794.3538349490422
poisson,1689.059938130232,366.69289566432775,,analytical,E3,E3-608c400d1048,998.5341939454069,480.1836989407898,ttft_p99_ms,5,16,mono,mixed,2000,workload_seed,860.3089584128028
poisson,22.014626698267033,10.560701424350743,,analytical,E3,E3-608c400d1048,16.28766406130889,18.736564965694505,tpot_p95_ms,5,16,mono,mixed,2000,workload_seed,7.368867318127199
poisson,38.89589011652744,20.687097658632364,,analytical,E3,E3-608c400d1048,30.442248569754536,32.9643194444442,tpot_p99_ms,5,16,mono,mixed,2000,workload_seed,11.916395778616176
poisson,5867.657453506083,1888.303184771345,,analytical,E3,E3-608c400d1048,3875.05369273212,3987.488666623905,e2e_p95_ms,5,16,mono,mixed,2000,workload_seed,2515.0900213882687
poisson,36.09780000000028,8.34459999999981,,analytical,E3,E3-608c400d1048,21.88140000000003,21.405000000000655,itl_p95_ms,5,16,mono,mixed,2000,workload_seed,17.80650660011686
poisson,128.94399999999968,47.84599999999991,,analytical,E3,E3-608c400d1048,87.62999999999992,101.82600000000002,itl_p99_ms,5,16,mono,mixed,2000,workload_seed,53.59738414792254
poisson,16.01582129074092,15.088769213263657,,analytical,E3,E3-608c400d1048,15.52161078823438,15.290622825208727,request_throughput_rps,5,16,mono,mixed,2000,workload_seed,0.6364824055708578
poisson,2009.5615549391307,1827.8961989168952,,analytical,E3,E3-608c400d1048,1920.2255436552587,1964.5073677406663,output_token_throughput_tps,5,16,mono,mixed,2000,workload_seed,119.9658800882097
poisson,15.390311105135606,14.091595957546001,,analytical,E3,E3-608c400d1048,14.740953531340804,14.870366476037157,observed_request_throughput_rps,5,16,mono,mixed,2000,workload_seed,0.838208626631358
poisson,4.459089404435427,2.436946552809902,,analytical,E3,E3-608c400d1048,3.4810549657609315,3.164084954676486,iteration_cv,5,16,mono,mixed,2000,workload_seed,1.3222884266370563
poisson,1707.7268363271553,382.12812945477924,,analytical,E3,E3-608c400d1048,1009.8734385784832,477.706768611808,max_wait_ms,5,16,mono,mixed,2000,workload_seed,858.355945044325
poisson,112.6,0.0,,analytical,E3,E3-608c400d1048,43.4,0.0,starvation_proxy_count,5,16,mono,mixed,2000,workload_seed,74.91194831266905
poisson,0.9950602912177778,0.906448860352981,,analytical,E3,E3-608c400d1048,0.9566245360303632,0.9884770371447247,waiting_satisfaction_jain,5,16,mono,mixed,2000,workload_seed,0.05671129737772308
poisson,1410.301738326857,210.33732397871754,,analytical,E3,E3-608c400d1048,806.265445505929,427.62296140087255,short_prompt_ttft_p95_ms,5,16,mono,mixed,2000,workload_seed,786.8073510881136
poisson,1579.2276135141242,335.72475531575407,,analytical,E3,E3-608c400d1048,926.5978740062983,442.1953478503183,long_prompt_ttft_p95_ms,5,16,mono,mixed,2000,workload_seed,799.9341338992634
poisson,107.88859999999995,1.0466000000000002,,analytical,E3,E3-608c400d1048,49.44419999999998,3.940999999999999,primer_max_itl_ms,5,16,mono,mixed,2000,workload_seed,68.33327063151593
poisson,55.0,8.6,,analytical,E3,E3-608c400d1048,31.8,39.0,backlog_at_arrival_end,5,16,mono,mixed,2000,workload_seed,29.277978072264485
poisson,0.9900935862042214,0.8914561571857609,,analytical,E3,E3-608c400d1048,0.9407748716949911,0.9713039865204666,server_busy_fraction,5,16,mono,mixed,2000,workload_seed,0.06617548920328728
poisson,0.7841330345040397,0.2805004233365081,,analytical,E3,E3-608c400d1048,0.5308873773661787,0.6189891315418177,batch_slot_occupancy,5,16,mono,mixed,2000,workload_seed,0.3208992648087666
poisson,3872.8869074990375,3015.6054787217267,,piecewise,E3,E3-9df3e7e08d48,3381.722395837233,3333.506612182095,ttft_p50_ms,5,128,chunk_512,mixed,2000,workload_seed,576.9554151229848
poisson,6688.155471177857,5900.5088074151645,,piecewise,E3,E3-9df3e7e08d48,6282.495515052251,6191.380615332848,ttft_p95_ms,5,128,chunk_512,mixed,2000,workload_seed,522.7162165657916
poisson,6924.17136778,6124.043111922112,,piecewise,E3,E3-9df3e7e08d48,6519.10465169007,6399.952991269509,ttft_p99_ms,5,128,chunk_512,mixed,2000,workload_seed,521.1183762721123
poisson,9.90188253659675,9.585405422953544,,piecewise,E3,E3-9df3e7e08d48,9.756882635078501,9.862152483219873,tpot_p95_ms,5,128,chunk_512,mixed,2000,workload_seed,0.19908137163186118
poisson,10.401422637385352,10.246232314206914,,piecewise,E3,E3-9df3e7e08d48,10.318909273069597,10.28667069136038,tpot_p99_ms,5,128,chunk_512,mixed,2000,workload_seed,0.10304244074235173
poisson,7429.96299471266,6556.867272869202,,piecewise,E3,E3-9df3e7e08d48,6987.06174252184,6813.035673503766,e2e_p95_ms,5,128,chunk_512,mixed,2000,workload_seed,565.2377517991694
poisson,10.743540835500301,10.704511579999963,,piecewise,E3,E3-9df3e7e08d48,10.725128250000079,10.727229249999937,itl_p95_ms,5,128,chunk_512,mixed,2000,workload_seed,0.025193690177729013
poisson,10.845210740000038,10.807180520000111,,piecewise,E3,E3-9df3e7e08d48,10.826195630000075,10.815927499999816,itl_p99_ms,5,128,chunk_512,mixed,2000,workload_seed,0.024756156874706628
poisson,29.685529346995175,27.323505320207026,,piecewise,E3,E3-9df3e7e08d48,28.540909738756646,29.365179651535403,request_throughput_rps,5,128,chunk_512,mixed,2000,workload_seed,1.5653727287797705
poisson,3703.83139957892,3355.085720662729,,piecewise,E3,E3-9df3e7e08d48,3529.4585601208246,3496.6358254599754,output_token_throughput_tps,5,128,chunk_512,mixed,2000,workload_seed,231.91575952519665
poisson,22.011386144327354,14.871631844367542,,piecewise,E3,E3-9df3e7e08d48,18.206976851815664,17.54292081965674,observed_request_throughput_rps,5,128,chunk_512,mixed,2000,workload_seed,4.723512582597602
poisson,0.7211947147838749,0.6679198050478324,,piecewise,E3,E3-9df3e7e08d48,0.6940015162925016,0.6855481510043171,iteration_cv,5,128,chunk_512,mixed,2000,workload_seed,0.03484727589572924
poisson,6985.760398826611,6123.620844092869,,piecewise,E3,E3-9df3e7e08d48,6550.528479476687,6400.048728738391,max_wait_ms,5,128,chunk_512,mixed,2000,workload_seed,552.6896249491492
poisson,212.4,195.2,,piecewise,E3,E3-9df3e7e08d48,204.4,206.0,starvation_proxy_count,5,128,chunk_512,mixed,2000,workload_seed,11.610340218959994
poisson,0.7016816634766517,0.6711062212890406,,piecewise,E3,E3-9df3e7e08d48,0.6863939423828461,0.6875085886455166,waiting_satisfaction_jain,5,128,chunk_512,mixed,2000,workload_seed,0.019919703861479808
poisson,6671.885632014177,5870.565867797901,,piecewise,E3,E3-9df3e7e08d48,6256.637472160424,6156.588588999078,short_prompt_ttft_p95_ms,5,128,chunk_512,mixed,2000,workload_seed,534.504649413729
poisson,6552.481386009365,5866.629025075871,,piecewise,E3,E3-9df3e7e08d48,6204.407529349059,6132.650527616126,long_prompt_ttft_p95_ms,5,128,chunk_512,mixed,2000,workload_seed,451.10419710339477
poisson,10.582241990000067,9.904481150000004,,piecewise,E3,E3-9df3e7e08d48,10.228051830000032,10.17797255000005,primer_max_itl_ms,5,128,chunk_512,mixed,2000,workload_seed,0.44423617530689175
poisson,229.00999999999993,211.6,,piecewise,E3,E3-9df3e7e08d48,221.0,224.0,backlog_at_arrival_end,5,128,chunk_512,mixed,2000,workload_seed,11.76860229593982
poisson,1.0,0.9999999999999988,,piecewise,E3,E3-9df3e7e08d48,0.9999999999999994,1.0,server_busy_fraction,5,128,chunk_512,mixed,2000,workload_seed,8.17353399154273e-16
poisson,0.8472183088263894,0.7972578275825435,,piecewise,E3,E3-9df3e7e08d48,0.8259938060055717,0.8341598520486238,batch_slot_occupancy,5,128,chunk_512,mixed,2000,workload_seed,0.032357178031379434
poisson,15133.70033017809,13492.447655352258,,piecewise,E3,E3-9df3e7e08d48,14406.683713034532,15072.695721158896,ttft_p50_ms,5,128,fcfs,mixed,2000,workload_seed,1047.8262532838476
poisson,28081.8775720256,25483.44830705918,,piecewise,E3,E3-9df3e7e08d48,26637.858132765316,26637.740503213616,ttft_p95_ms,5,128,fcfs,mixed,2000,workload_seed,1682.637665611127
poisson,29088.800221335354,26229.142360093723,,piecewise,E3,E3-9df3e7e08d48,27472.987638413022,27282.63790031696,ttft_p99_ms,5,128,fcfs,mixed,2000,workload_seed,1841.1687177133722
poisson,0.8308672499999803,0.8245423750000022,,piecewise,E3,E3-9df3e7e08d48,0.8280807499999912,0.8300062500000007,tpot_p95_ms,5,128,fcfs,mixed,2000,workload_seed,0.004027656717338443
poisson,0.8319080056249927,0.8316418249999906,,piecewise,E3,E3-9df3e7e08d48,0.8317666499999918,0.8316976249999931,tpot_p99_ms,5,128,fcfs,mixed,2000,workload_seed,0.00016774020556484915
poisson,28118.528170275607,25531.267852615434,,piecewise,E3,E3-9df3e7e08d48,26687.366822015312,26736.846616963616,e2e_p95_ms,5,128,fcfs,mixed,2000,workload_seed,1681.484083276828
poisson,0.8315410000005613,0.8312419999991107,,piecewise,E3,E3-9df3e7e08d48,0.8313999999997577,0.8314949999999044,itl_p95_ms,5,128,fcfs,mixed,2000,workload_seed,0.00019656423959195412
poisson,0.8326860000002002,0.8322020000000444,,piecewise,E3,E3-9df3e7e08d48,0.8324440000001223,0.8324700000001554,itl_p99_ms,5,128,fcfs,mixed,2000,workload_seed,0.0003107531174972428
poisson,9.027493924823242,8.205134111450855,,piecewise,E3,E3-9df3e7e08d48,8.657496337091406,8.688847954551964,request_throughput_rps,5,128,fcfs,mixed,2000,workload_seed,0.5331255102806496
poisson,1079.6092921840552,1057.3290696755935,,piecewise,E3,E3-9df3e7e08d48,1068.4691809298242,1067.5993858723043,output_token_throughput_tps,5,128,fcfs,mixed,2000,workload_seed,14.49522223659475
poisson,9.195740150266264,7.887273767623656,,piecewise,E3,E3-9df3e7e08d48,8.523712453126551,7.968296321091874,observed_request_throughput_rps,5,128,fcfs,mixed,2000,workload_seed,0.852207740374128
poisson,2.842271356997402,2.585493817189041,,piecewise,E3,E3-9df3e7e08d48,2.7126286731249545,2.717798847989658,iteration_cv,5,128,fcfs,mixed,2000,workload_seed,0.1588426174385464
poisson,29366.662372757717,26313.45961450869,,piecewise,E3,E3-9df3e7e08d48,27616.6705107669,27390.51901904914,max_wait_ms,5,128,fcfs,mixed,2000,workload_seed,1984.747014216044
poisson,245.4,242.2,,piecewise,E3,E3-9df3e7e08d48,243.8,243.0,starvation_proxy_count,5,128,fcfs,mixed,2000,workload_seed,2.04939015319192
poisson,0.403677920947161,0.3905556230116213,,piecewise,E3,E3-9df3e7e08d48,0.39711677197939116,0.3920240366009319,waiting_satisfaction_jain,5,128,fcfs,mixed,2000,workload_seed,0.00869974368922837
poisson,28094.31301960473,25270.76211527275,,piecewise,E3,E3-9df3e7e08d48,26489.24723978915,26074.502079109254,short_prompt_ttft_p95_ms,5,128,fcfs,mixed,2000,workload_seed,1774.4386107565033
poisson,27530.925542423083,24907.224060660443,,piecewise,E3,E3-9df3e7e08d48,26061.277318467095,25500.629503741548,long_prompt_ttft_p95_ms,5,128,fcfs,mixed,2000,workload_seed,1653.1729606753956
poisson,0.8164010000000012,0.7915379999999985,,piecewise,E3,E3-9df3e7e08d48,0.8004950000000001,0.7920299999999969,primer_max_itl_ms,5,128,fcfs,mixed,2000,workload_seed,0.017574215487469153
poisson,241.6,237.8,,piecewise,E3,E3-9df3e7e08d48,239.8,240.0,backlog_at_arrival_end,5,128,fcfs,mixed,2000,workload_seed,2.4899799195977463
poisson,0.9999999999999993,0.999999999999998,,piecewise,E3,E3-9df3e7e08d48,0.9999999999999986,0.9999999999999988,server_busy_fraction,5,128,fcfs,mixed,2000,workload_seed,8.685322334937216e-16
poisson,0.03125,0.03125,,piecewise,E3,E3-9df3e7e08d48,0.03125,0.03125,batch_slot_occupancy,5,128,fcfs,mixed,2000,workload_seed,0.0
poisson,2863.0929465273643,2267.8608338349054,,piecewise,E3,E3-9df3e7e08d48,2536.131942020272,2535.4458851917516,ttft_p50_ms,5,128,mono,mixed,2000,workload_seed,389.8125268593422
poisson,5220.428788448078,4589.110194315499,,piecewise,E3,E3-9df3e7e08d48,4904.769491381789,4836.124938507844,ttft_p95_ms,5,128,mono,mixed,2000,workload_seed,407.8190424788507
poisson,5406.063505582198,4806.6060211686545,,piecewise,E3,E3-9df3e7e08d48,5093.592829876174,5015.850515152716,ttft_p99_ms,5,128,mono,mixed,2000,workload_seed,398.11013251249193
poisson,12.89959541459487,10.94599094593371,,piecewise,E3,E3-9df3e7e08d48,11.92279318026429,12.117535455038421,tpot_p95_ms,5,128,mono,mixed,2000,workload_seed,1.287424233331601
poisson,22.204043102770818,16.767101087473716,,piecewise,E3,E3-9df3e7e08d48,19.239349003889753,19.102665003639707,tpot_p99_ms,5,128,mono,mixed,2000,workload_seed,3.488217662859647
poisson,5986.913373939729,5305.848346670167,,piecewise,E3,E3-9df3e7e08d48,5630.554844915314,5465.386033619089,e2e_p95_ms,5,128,mono,mixed,2000,workload_seed,458.7930267145642
poisson,29.383308549999857,24.704014480000154,,piecewise,E3,E3-9df3e7e08d48,26.952738129999982,27.4933346,itl_p95_ms,5,128,mono,mixed,2000,workload_seed,2.934128386742577
poisson,90.71500680000008,80.32695304999997,,piecewise,E3,E3-9df3e7e08d48,87.24109305000002,90.69428779999998,itl_p99_ms,5,128,mono,mixed,2000,workload_seed,7.720385283947987
poisson,35.159487019831495,32.65046843981783,,piecewise,E3,E3-9df3e7e08d48,33.927329145074395,34.74377175778331,request_throughput_rps,5,128,mono,mixed,2000,workload_seed,1.6334095346582327
poisson,4361.233721343191,4026.8101678897365,,piecewise,E3,E3-9df3e7e08d48,4194.021944616464,4154.20250751888,output_token_throughput_tps,5,128,mono,mixed,2000,workload_seed,218.90328892451151
poisson,28.088281139891205,18.685785491904973,,piecewise,E3,E3-9df3e7e08d48,23.571377193781252,21.92865102457092,observed_request_throughput_rps,5,128,mono,mixed,2000,workload_seed,6.493386893492658
poisson,2.188361744673105,2.081490928050825,,piecewise,E3,E3-9df3e7e08d48,2.134166615709024,2.1048162061749567,iteration_cv,5,128,mono,mixed,2000,workload_seed,0.06980879493453117
poisson,5444.051781241077,4807.542157206415,,piecewise,E3,E3-9df3e7e08d48,5112.996105441419,5025.6628224133865,max_wait_ms,5,128,mono,mixed,2000,workload_seed,422.3308835976828
poisson,203.4,185.4,,piecewise,E3,E3-9df3e7e08d48,195.0,196.0,starvation_proxy_count,5,128,mono,mixed,2000,workload_seed,12.062338081814818
poisson,0.7375990150406209,0.7192095231632581,,piecewise,E3,E3-9df3e7e08d48,0.7287615980034697,0.7322088866819725,waiting_satisfaction_jain,5,128,mono,mixed,2000,workload_seed,0.012232908369714747
poisson,5169.829402767151,4573.860176149079,,piecewise,E3,E3-9df3e7e08d48,4871.844789458115,4809.547859089536,short_prompt_ttft_p95_ms,5,128,mono,mixed,2000,workload_seed,391.60493589523037
poisson,5063.3024976318575,4550.206516336264,,piecewise,E3,E3-9df3e7e08d48,4805.526129810807,4757.123249191123,long_prompt_ttft_p95_ms,5,128,mono,mixed,2000,workload_seed,344.7131211901578
poisson,90.74276354999998,54.62774332999999,,piecewise,E3,E3-9df3e7e08d48,78.60537080999998,90.73035404999996,primer_max_itl_ms,5,128,mono,mixed,2000,workload_seed,26.860240991784824
poisson,222.00499999999997,199.395,,piecewise,E3,E3-9df3e7e08d48,210.6,216.0,backlog_at_arrival_end,5,128,mono,mixed,2000,workload_seed,15.852444606432158
poisson,1.0,0.9999999999999994,,piecewise,E3,E3-9df3e7e08d48,0.9999999999999998,1.0,server_busy_fraction,5,128,mono,mixed,2000,workload_seed,3.3674731643402955e-16
poisson,0.9187962202998848,0.9057324925189958,,piecewise,E3,E3-9df3e7e08d48,0.9123283329128646,0.9113796601003595,batch_slot_occupancy,5,128,mono,mixed,2000,workload_seed,0.008427608935362818
poisson,6775.468562376501,5790.05199610223,,analytical,E3,E3-f9080197c058,6252.574703764529,6181.705773816768,ttft_p50_ms,5,128,chunk_512,mixed,2000,workload_seed,644.9715067133902
poisson,13281.9510329305,12088.175962449457,,analytical,E3,E3-f9080197c058,12671.27564627006,12593.279081615092,ttft_p95_ms,5,128,chunk_512,mixed,2000,workload_seed,762.2181408281199
poisson,13843.121062244583,12662.999594309318,,analytical,E3,E3-f9080197c058,13213.060736085434,13028.370536168657,ttft_p99_ms,5,128,chunk_512,mixed,2000,workload_seed,749.7276174321512
poisson,16.673026181973807,16.38279631482543,,analytical,E3,E3-f9080197c058,16.51449520547981,16.468825837468728,tpot_p95_ms,5,128,chunk_512,mixed,2000,workload_seed,0.18477587146649965
poisson,17.778522893795035,17.341069379395577,,analytical,E3,E3-f9080197c058,17.592643514228875,17.661203967390858,tpot_p99_ms,5,128,chunk_512,mixed,2000,workload_seed,0.29221091877323296
poisson,14894.603520534944,13373.476293164942,,analytical,E3,E3-f9080197c058,14040.60334446406,13644.299161014003,e2e_p95_ms,5,128,chunk_512,mixed,2000,workload_seed,952.774794222555
poisson,19.019000000000233,19.01899999999996,,analytical,E3,E3-f9080197c058,19.01900000000014,19.019000000000233,itl_p95_ms,5,128,chunk_512,mixed,2000,workload_seed,2.033691978340166e-13
poisson,19.019000000000233,19.019000000000233,,analytical,E3,E3-f9080197c058,19.019000000000233,19.019000000000233,itl_p99_ms,5,128,chunk_512,mixed,2000,workload_seed,0.0
poisson,16.6114471758786,15.223827196049399,,analytical,E3,E3-f9080197c058,15.973321758828343,16.187984999302433,request_throughput_rps,5,128,chunk_512,mixed,2000,workload_seed,0.8767503276618591
poisson,2026.4509766675844,1920.0334813058948,,analytical,E3,E3-f9080197c058,1972.8522757862115,1965.8754259380628,output_token_throughput_tps,5,128,chunk_512,mixed,2000,workload_seed,70.16628893979181
poisson,13.022378206884193,8.827978019623455,,analytical,E3,E3-f9080197c058,10.84177005871865,10.885165166886662,observed_request_throughput_rps,5,128,chunk_512,mixed,2000,workload_seed,2.573711768708619
poisson,0.6581519935728384,0.6014618842899396,,analytical,E3,E3-f9080197c058,0.629806938931389,0.6164026292929395,iteration_cv,5,128,chunk_512,mixed,2000,workload_seed,0.036335153255751367
poisson,14018.543084574596,12700.171635233772,,analytical,E3,E3-f9080197c058,13288.196612526812,13046.27267236411,max_wait_ms,5,128,chunk_512,mixed,2000,workload_seed,834.6374154861805
poisson,223.4,211.8,,analytical,E3,E3-f9080197c058,217.6,219.0,starvation_proxy_count,5,128,chunk_512,mixed,2000,workload_seed,7.503332592921628
poisson,0.5368091945965446,0.5104489583733173,,analytical,E3,E3-f9080197c058,0.523629076484931,0.5210061917373526,waiting_satisfaction_jain,5,128,chunk_512,mixed,2000,workload_seed,0.01718052074139369
poisson,13285.155936703199,11989.300325076129,,analytical,E3,E3-f9080197c058,12624.631057852077,12596.245159622147,short_prompt_ttft_p95_ms,5,128,chunk_512,mixed,2000,workload_seed,824.4537699240999
poisson,13012.14935486099,11906.6721074199,,analytical,E3,E3-f9080197c058,12489.045477470021,12730.3197310215,long_prompt_ttft_p95_ms,5,128,chunk_512,mixed,2000,workload_seed,739.9546690997976
poisson,17.096000000000014,11.408000000000012,,analytical,E3,E3-f9080197c058,14.117000000000022,13.604000000000042,primer_max_itl_ms,5,128,chunk_512,mixed,2000,workload_seed,3.680829729829959
poisson,239.8,230.0,,analytical,E3,E3-f9080197c058,235.2,236.0,backlog_at_arrival_end,5,128,chunk_512,mixed,2000,workload_seed,6.457553716385176
poisson,1.0,0.9999999999999964,,analytical,E3,E3-f9080197c058,0.9999999999999988,1.0,server_busy_fraction,5,128,chunk_512,mixed,2000,workload_seed,2.6084334968580714e-15
poisson,0.8829197334528388,0.8374151877639268,,analytical,E3,E3-f9080197c058,0.8619314111373152,0.8667301453063314,batch_slot_occupancy,5,128,chunk_512,mixed,2000,workload_seed,0.029565176179683312
poisson,8369.834062379368,7235.516705964394,,analytical,E3,E3-f9080197c058,7766.890403766936,7660.505056961556,ttft_p50_ms,5,128,fcfs,mixed,2000,workload_seed,734.3601554099392
poisson,14866.45802057275,13477.281519635111,,analytical,E3,E3-f9080197c058,14112.494032029164,13793.376769426824,ttft_p95_ms,5,128,fcfs,mixed,2000,workload_seed,900.0207709010958
poisson,15384.413495321558,13913.786754575292,,analytical,E3,E3-f9080197c058,14565.225934692586,14185.043383159475,ttft_p99_ms,5,128,fcfs,mixed,2000,workload_seed,925.7082705895155
poisson,0.32300000000032014,0.32300000000032014,,analytical,E3,E3-f9080197c058,0.32300000000032014,0.32300000000032014,tpot_p95_ms,5,128,fcfs,mixed,2000,workload_seed,0.0
poisson,0.32300000000032014,0.32300000000032014,,analytical,E3,E3-f9080197c058,0.32300000000032014,0.32300000000032014,tpot_p99_ms,5,128,fcfs,mixed,2000,workload_seed,0.0
poisson,14895.23443309499,13498.518769635131,,analytical,E3,E3-f9080197c058,14135.74906953659,13812.110769426843,e2e_p95_ms,5,128,fcfs,mixed,2000,workload_seed,901.3927563674379
poisson,0.32300000000032014,0.32300000000032014,,analytical,E3,E3-f9080197c058,0.32300000000032014,0.32300000000032014,itl_p95_ms,5,128,fcfs,mixed,2000,workload_seed,0.0
poisson,0.32300000000032014,0.32300000000032014,,analytical,E3,E3-f9080197c058,0.32300000000032014,0.32300000000032014,itl_p99_ms,5,128,fcfs,mixed,2000,workload_seed,0.0
poisson,16.0534500140129,14.728841944527531,,analytical,E3,E3-f9080197c058,15.439077609664087,15.691708917811647,request_throughput_rps,5,128,fcfs,mixed,2000,workload_seed,0.8345640966925804
poisson,1962.8356137906983,1851.6747356634285,,analytical,E3,E3-f9080197c058,1907.1141385896858,1899.577690907127,output_token_throughput_tps,5,128,fcfs,mixed,2000,workload_seed,73.58310729304618
poisson,17.269657689072794,12.89003524411476,,analytical,E3,E3-f9080197c058,15.20655679348484,15.666517463956355,observed_request_throughput_rps,5,128,fcfs,mixed,2000,workload_seed,2.7513402675112197
poisson,8.120256896103443,7.646849534086153,,analytical,E3,E3-f9080197c058,7.865555717532243,7.785947734824777,iteration_cv,5,128,fcfs,mixed,2000,workload_seed,0.2961811319363162
poisson,15560.914684582687,13931.95182519864,,analytical,E3,E3-f9080197c058,14639.686612534153,14195.26267237152,max_wait_ms,5,128,fcfs,mixed,2000,workload_seed,1020.1254480921076
poisson,240.4,233.6,,analytical,E3,E3-f9080197c058,237.0,236.0,starvation_proxy_count,5,128,fcfs,mixed,2000,workload_seed,4.527692569068709
poisson,0.5336393586820297,0.5166779387621502,,analytical,E3,E3-f9080197c058,0.5248570967500458,0.5198133763836918,waiting_satisfaction_jain,5,128,fcfs,mixed,2000,workload_seed,0.010848238413225865
poisson,14825.750173561284,13429.320244086044,,analytical,E3,E3-f9080197c058,14043.496680989329,13746.124359850988,short_prompt_ttft_p95_ms,5,128,fcfs,mixed,2000,workload_seed,885.3538335921996
poisson,14525.079036578472,13270.018917426123,,analytical,E3,E3-f9080197c058,13850.10381747677,13743.119422477756,long_prompt_ttft_p95_ms,5,128,fcfs,mixed,2000,workload_seed,784.5211727063578
poisson,0.3230000000000047,0.3230000000000004,,analytical,E3,E3-f9080197c058,0.32300000000000184,0.3230000000000004,primer_max_itl_ms,5,128,fcfs,mixed,2000,workload_seed,3.1776437161565094e-15
poisson,232.4,221.4,,analytical,E3,E3-f9080197c058,227.0,228.0,backlog_at_arrival_end,5,128,fcfs,mixed,2000,workload_seed,6.782329983125268
poisson,0.9999999999995834,0.9999999999995337,,analytical,E3,E3-f9080197c058,0.9999999999995592,0.9999999999995619,server_busy_fraction,5,128,fcfs,mixed,2000,workload_seed,3.19632418251196e-14
poisson,0.03125,0.03125,,analytical,E3,E3-f9080197c058,0.03125,0.03125,batch_slot_occupancy,5,128,fcfs,mixed,2000,workload_seed,0.0
poisson,6842.36405405094,5797.14199610226,,analytical,E3,E3-f9080197c058,6297.281503764559,6313.987773816813,ttft_p50_ms,5,128,mono,mixed,2000,workload_seed,667.617387487807
poisson,13539.348882930464,12341.701930780584,,analytical,E3,E3-f9080197c058,12907.828378200215,12697.66140026355,ttft_p95_ms,5,128,mono,mixed,2000,workload_seed,771.9428234425984
poisson,14059.833136364105,12900.157834816824,,analytical,E3,E3-f9080197c058,13436.639655735966,13200.376583152634,ttft_p99_ms,5,128,mono,mixed,2000,workload_seed,742.2105226061968
poisson,25.04031081196586,22.14593281394432,,analytical,E3,E3-f9080197c058,23.59312181295509,23.449832142857076,tpot_p95_ms,5,128,mono,mixed,2000,workload_seed,1.8690025741027934
poisson,37.779831673951,30.279393227862137,,analytical,E3,E3-f9080197c058,34.02961245090657,33.39583052884612,tpot_p99_ms,5,128,mono,mixed,2000,workload_seed,4.757655101385684
poisson,15120.768546971332,13627.70776631904,,analytical,E3,E3-f9080197c058,14291.398636281267,13855.543801834061,e2e_p95_ms,5,128,mono,mixed,2000,workload_seed,934.0472214788728
poisson,51.857799999999635,43.58420000000016,,analytical,E3,E3-f9080197c058,47.68160000000013,48.589,itl_p95_ms,5,128,mono,mixed,2000,workload_seed,5.305354351972979
poisson,157.17839999999995,139.65700000000015,,analytical,E3,E3-f9080197c058,151.2044,156.85599999999977,itl_p99_ms,5,128,mono,mixed,2000,workload_seed,12.870279748319206
poisson,16.344264549132742,15.015885420743121,,analytical,E3,E3-f9080197c058,15.727707680526771,15.990032213668762,request_throughput_rps,5,128,mono,mixed,2000,workload_seed,0.8366582741134859
poisson,2000.5739281240785,1885.1829064335047,,analytical,E3,E3-f9080197c058,1942.878417278792,1933.8548433316228,output_token_throughput_tps,5,128,mono,mixed,2000,workload_seed,76.172824019272
poisson,11.61251571439036,6.947322996113788,,analytical,E3,E3-f9080197c058,8.996333395679311,7.675027858599823,observed_request_throughput_rps,5,128,mono,mixed,2000,workload_seed,3.2113024358543436
poisson,1.7535394210651378,1.647310030106847,,analytical,E3,E3-f9080197c058,1.7004247255859923,1.6661749172324147,iteration_cv,5,128,mono,mixed,2000,workload_seed,0.06962490544924615
poisson,14178.715141736498,12926.322482353833,,analytical,E3,E3-f9080197c058,13494.458412526783,13237.171386554372,max_wait_ms,5,128,mono,mixed,2000,workload_seed,795.5370950866899
poisson,218.0,209.6,,analytical,E3,E3-f9080197c058,214.0,218.0,starvation_proxy_count,5,128,mono,mixed,2000,workload_seed,6.164414002968976
poisson,0.526667887741346,0.5013059246725827,,analytical,E3,E3-f9080197c058,0.5139869062069644,0.5102820843666326,waiting_satisfaction_jain,5,128,mono,mixed,2000,workload_seed,0.016837310467569956
poisson,13469.89115207201,12199.7655440797,,analytical,E3,E3-f9080197c058,12814.203893807058,12757.410059622109,short_prompt_ttft_p95_ms,5,128,mono,mixed,2000,workload_seed,783.210330964631
poisson,13116.13527486096,12034.542627419907,,analytical,E3,E3-f9080197c058,12595.774217470007,12786.793931021473,long_prompt_ttft_p95_ms,5,128,mono,mixed,2000,workload_seed,708.2999694494686
poisson,157.25900000000001,87.8618,,analytical,E3,E3-f9080197c058,133.37460000000002,157.25900000000001,primer_max_itl_ms,5,128,mono,mixed,2000,workload_seed,51.331065221754365
poisson,243.6,232.6,,analytical,E3,E3-f9080197c058,238.6,242.0,backlog_at_arrival_end,5,128,mono,mixed,2000,workload_seed,7.63544366752843
poisson,1.0,0.9999999999999984,,analytical,E3,E3-f9080197c058,0.9999999999999994,1.0,server_busy_fraction,5,128,mono,mixed,2000,workload_seed,1.2412670766236366e-15
poisson,0.9521045978200442,0.9379087229785649,,analytical,E3,E3-f9080197c058,0.9450066603993046,0.9488844793720466,batch_slot_occupancy,5,128,mono,mixed,2000,workload_seed,0.009156444752206797
poisson,1.9737999999997897,1.910541139770578,,analytical,E4,E4-1029fced10cc,1.937670569885188,1.9263528494267348,ttft_p50_ms,5,16,chunk_512,short_short,2000,workload_seed,0.042921770395292366
poisson,3.921510365438072,3.489371441430639,,analytical,E4,E4-1029fced10cc,3.6979901652800367,3.680199999999859,ttft_p95_ms,5,16,chunk_512,short_short,2000,workload_seed,0.27540688209425296
poisson,5.327047783413596,4.539467135425324,,analytical,E4,E4-1029fced10cc,4.830933929709055,4.623967278777464,ttft_p99_ms,5,16,chunk_512,short_short,2000,workload_seed,0.5463791435213347
poisson,0.7748754909091252,0.6343633536232325,,analytical,E4,E4-1029fced10cc,0.7038735172595826,0.6832309999999838,tpot_p95_ms,5,16,chunk_512,short_short,2000,workload_seed,0.09459847211453826
poisson,1.160562959736863,0.8397487896152935,,analytical,E4,E4-1029fced10cc,0.9697340811943109,0.9280110250000626,tpot_p99_ms,5,16,chunk_512,short_short,2000,workload_seed,0.21363863461974406
poisson,24.01440131906187,19.1519508888821,,analytical,E4,E4-1029fced10cc,21.57201542968979,21.561705157361367,e2e_p95_ms,5,16,chunk_512,short_short,2000,workload_seed,3.1455992407062654
poisson,0.693000000000211,0.5520000000000664,,analytical,E4,E4-1029fced10cc,0.5990000000001373,0.5520000000001346,itl_p95_ms,5,16,chunk_512,short_short,2000,workload_seed,0.10509519494255977
poisson,1.4392819999998705,0.9315999999999264,,analytical,E4,E4-1029fced10cc,1.165893999999947,1.02800000000002,itl_p99_ms,5,16,chunk_512,short_short,2000,workload_seed,0.35040956919009875
poisson,18.9938521722201,16.967088811859846,,analytical,E4,E4-1029fced10cc,17.94483624813614,18.25439555451171,request_throughput_rps,5,16,chunk_512,short_short,2000,workload_seed,1.3292694267117602
poisson,473.79777328838134,417.2389553281012,,analytical,E4,E4-1029fced10cc,443.4877892023158,443.5247669885267,output_token_throughput_tps,5,16,chunk_512,short_short,2000,workload_seed,35.81249377352076
poisson,18.885222050562206,16.857764500580394,,analytical,E4,E4-1029fced10cc,17.83337319855541,18.14153340326103,observed_request_throughput_rps,5,16,chunk_512,short_short,2000,workload_seed,1.3275920542580322
poisson,0.948108374095181,0.9181579042033061,,analytical,E4,E4-1029fced10cc,0.9358001954335098,0.9410383694361697,iteration_cv,5,16,chunk_512,short_short,2000,workload_seed,0.020485136585989917
poisson,2.631661905666533,1.6668753308841588,,analytical,E4,E4-1029fced10cc,2.157000492784573,2.4093453913915255,max_wait_ms,5,16,chunk_512,short_short,2000,workload_seed,0.6662657492569405
poisson,0.0,0.0,,analytical,E4,E4-1029fced10cc,0.0,0.0,starvation_proxy_count,5,16,chunk_512,short_short,2000,workload_seed,0.0
poisson,0.9999999573088285,0.9999998661285844,,analytical,E4,E4-1029fced10cc,0.9999999134435781,0.9999999347193841,waiting_satisfaction_jain,5,16,chunk_512,short_short,2000,workload_seed,6.138731484967177e-08
poisson,3.797340568799906,3.4326345733788792,,analytical,E4,E4-1029fced10cc,3.6254196762307784,3.6380720386698853,short_prompt_ttft_p95_ms,5,16,chunk_512,short_short,2000,workload_seed,0.26002416999665784
poisson,2.2706000000000004,0.3230000000000004,,analytical,E4,E4-1029fced10cc,1.1186000000000003,0.3230000000000004,primer_max_itl_ms,5,16,chunk_512,short_short,2000,workload_seed,1.2584819426594884
poisson,1.0,1.0,,analytical,E4,E4-1029fced10cc,1.0,1.0,backlog_at_arrival_end,5,16,chunk_512,short_short,2000,workload_seed,0.0
poisson,0.1801418008493163,0.15961130129843482,,analytical,E4,E4-1029fced10cc,0.1692024007819451,0.16768687413825836,server_busy_fraction,5,16,chunk_512,short_short,2000,workload_seed,0.01326720015349151
poisson,0.03902296906195581,0.035877702662536405,,analytical,E4,E4-1029fced10cc,0.03755911414064174,0.037275923916712285,batch_slot_occupancy,5,16,chunk_512,short_short,2000,workload_seed,0.0021255388203873997
poisson,2.078199999999936,1.9539099999998297,,analytical,E4,E4-1029fced10cc,2.0133999999999332,1.97199999999998,ttft_p50_ms,5,16,fcfs,short_short,2000,workload_seed,0.08287822391924585
poisson,11.29342723081462,8.95879117710204,,analytical,E4,E4-1029fced10cc,10.170536522656917,10.835892202575934,ttft_p95_ms,5,16,fcfs,short_short,2000,workload_seed,1.5520660666068533
poisson,22.550805629925485,14.853274480774667,,analytical,E4,E4-1029fced10cc,17.761656587122285,15.696660151397772,ttft_p99_ms,5,16,fcfs,short_short,2000,workload_seed,5.292710909209086
poisson,0.32300000000032014,0.32300000000032014,,analytical,E4,E4-1029fced10cc,0.32300000000032014,0.32300000000032014,tpot_p95_ms,5,16,fcfs,short_short,2000,workload_seed,0.0
poisson,0.32300000000032014,0.32300000000032014,,analytical,E4,E4-1029fced10cc,0.32300000000032014,0.32300000000032014,tpot_p99_ms,5,16,fcfs,short_short,2000,workload_seed,0.0
poisson,20.65090532492288,16.99789905885691,,analytical,E4,E4-1029fced10cc,18.607801921166548,18.34563637937748,e2e_p95_ms,5,16,fcfs,short_short,2000,workload_seed,2.303076866963679
poisson,0.32300000000032014,0.32300000000032014,,analytical,E4,E4-1029fced10cc,0.32300000000032014,0.32300000000032014,itl_p95_ms,5,16,fcfs,short_short,2000,workload_seed,0.0
poisson,0.32300000000032014,0.32300000000032014,,analytical,E4,E4-1029fced10cc,0.32300000000032014,0.32300000000032014,itl_p99_ms,5,16,fcfs,short_short,2000,workload_seed,0.0
poisson,18.9938521722201,16.967088811859846,,analytical,E4,E4-1029fced10cc,17.94483624813614,18.25439555451171,request_throughput_rps,5,16,fcfs,short_short,2000,workload_seed,1.3292694267117602
poisson,473.79777328838134,417.2389553281012,,analytical,E4,E4-1029fced10cc,443.4877892023158,443.5247669885267,output_token_throughput_tps,5,16,fcfs,short_short,2000,workload_seed,35.81249377352076
poisson,18.885222050562206,16.857764500580394,,analytical,E4,E4-1029fced10cc,17.83337319855541,18.14153340326103,observed_request_throughput_rps,5,16,fcfs,short_short,2000,workload_seed,1.3275920542580322
poisson,0.9463118036614869,0.9091751586395173,,analytical,E4,E4-1029fced10cc,0.9288756992009197,0.9388096717798395,iteration_cv,5,16,fcfs,short_short,2000,workload_seed,0.024318447769561664
poisson,22.50022921927755,13.746084002432145,,analytical,E4,E4-1029fced10cc,17.205406969285445,14.4937593531713,max_wait_ms,5,16,fcfs,short_short,2000,workload_seed,6.053498187069152
poisson,0.0,0.0,,analytical,E4,E4-1029fced10cc,0.0,0.0,starvation_proxy_count,5,16,fcfs,short_short,2000,workload_seed,0.0
poisson,0.9999929911300823,0.9999846709922204,,analytical,E4,E4-1029fced10cc,0.9999895476090532,0.9999902710686338,waiting_satisfaction_jain,5,16,fcfs,short_short,2000,workload_seed,5.525777981726002e-06
poisson,11.230981909939237,8.97781898167253,,analytical,E4,E4-1029fced10cc,10.117469775381375,10.483943140362726,short_prompt_ttft_p95_ms,5,16,fcfs,short_short,2000,workload_seed,1.505032148986834
poisson,0.3230000000000004,0.3230000000000004,,analytical,E4,E4-1029fced10cc,0.3230000000000004,0.3230000000000004,primer_max_itl_ms,5,16,fcfs,short_short,2000,workload_seed,0.0
poisson,1.0,1.0,,analytical,E4,E4-1029fced10cc,1.0,1.0,backlog_at_arrival_end,5,16,fcfs,short_short,2000,workload_seed,0.0
poisson,0.18485039139142598,0.16273860430815307,,analytical,E4,E4-1029fced10cc,0.17318069473798658,0.17355252483479794,server_busy_fraction,5,16,fcfs,short_short,2000,workload_seed,0.013974383810153816
poisson,0.03125,0.03125,,analytical,E4,E4-1029fced10cc,0.03125,0.03125,batch_slot_occupancy,5,16,fcfs,short_short,2000,workload_seed,0.0
poisson,1.9737999999997897,1.910541139770578,,analytical,E4,E4-1029fced10cc,1.937670569885188,1.9263528494267348,ttft_p50_ms,5,16,mono,short_short,2000,workload_seed,0.042921770395292366
poisson,3.921510365438072,3.489371441430639,,analytical,E4,E4-1029fced10cc,3.6979901652800367,3.680199999999859,ttft_p95_ms,5,16,mono,short_short,2000,workload_seed,0.27540688209425296
poisson,5.327047783413596,4.539467135425324,,analytical,E4,E4-1029fced10cc,4.830933929709055,4.623967278777464,ttft_p99_ms,5,16,mono,short_short,2000,workload_seed,0.5463791435213347
poisson,0.7748754909091252,0.6343633536232325,,analytical,E4,E4-1029fced10cc,0.7038735172595826,0.6832309999999838,tpot_p95_ms,5,16,mono,short_short,2000,workload_seed,0.09459847211453826
poisson,1.160562959736863,0.8397487896152935,,analytical,E4,E4-1029fced10cc,0.9697340811943109,0.9280110250000626,tpot_p99_ms,5,16,mono,short_short,2000,workload_seed,0.21363863461974406
poisson,24.01440131906187,19.1519508888821,,analytical,E4,E4-1029fced10cc,21.57201542968979,21.561705157361367,e2e_p95_ms,5,16,mono,short_short,2000,workload_seed,3.1455992407062654
poisson,0.693000000000211,0.5520000000000664,,analytical,E4,E4-1029fced10cc,0.5990000000001373,0.5520000000001346,itl_p95_ms,5,16,mono,short_short,2000,workload_seed,0.10509519494255977
poisson,1.4392819999998705,0.9315999999999264,,analytical,E4,E4-1029fced10cc,1.165893999999947,1.02800000000002,itl_p99_ms,5,16,mono,short_short,2000,workload_seed,0.35040956919009875
poisson,18.9938521722201,16.967088811859846,,analytical,E4,E4-1029fced10cc,17.94483624813614,18.25439555451171,request_throughput_rps,5,16,mono,short_short,2000,workload_seed,1.3292694267117602
poisson,473.79777328838134,417.2389553281012,,analytical,E4,E4-1029fced10cc,443.4877892023158,443.5247669885267,output_token_throughput_tps,5,16,mono,short_short,2000,workload_seed,35.81249377352076
poisson,18.885222050562206,16.857764500580394,,analytical,E4,E4-1029fced10cc,17.83337319855541,18.14153340326103,observed_request_throughput_rps,5,16,mono,short_short,2000,workload_seed,1.3275920542580322
poisson,0.948108374095181,0.9181579042033061,,analytical,E4,E4-1029fced10cc,0.9358001954335098,0.9410383694361697,iteration_cv,5,16,mono,short_short,2000,workload_seed,0.020485136585989917
poisson,2.631661905666533,1.6668753308841588,,analytical,E4,E4-1029fced10cc,2.157000492784573,2.4093453913915255,max_wait_ms,5,16,mono,short_short,2000,workload_seed,0.6662657492569405
poisson,0.0,0.0,,analytical,E4,E4-1029fced10cc,0.0,0.0,starvation_proxy_count,5,16,mono,short_short,2000,workload_seed,0.0
poisson,0.9999999573088285,0.9999998661285844,,analytical,E4,E4-1029fced10cc,0.9999999134435781,0.9999999347193841,waiting_satisfaction_jain,5,16,mono,short_short,2000,workload_seed,6.138731484967177e-08
poisson,3.797340568799906,3.4326345733788792,,analytical,E4,E4-1029fced10cc,3.6254196762307784,3.6380720386698853,short_prompt_ttft_p95_ms,5,16,mono,short_short,2000,workload_seed,0.26002416999665784
poisson,2.2706000000000004,0.3230000000000004,,analytical,E4,E4-1029fced10cc,1.1186000000000003,0.3230000000000004,primer_max_itl_ms,5,16,mono,short_short,2000,workload_seed,1.2584819426594884
poisson,1.0,1.0,,analytical,E4,E4-1029fced10cc,1.0,1.0,backlog_at_arrival_end,5,16,mono,short_short,2000,workload_seed,0.0
poisson,0.1801418008493163,0.15961130129843482,,analytical,E4,E4-1029fced10cc,0.1692024007819451,0.16768687413825836,server_busy_fraction,5,16,mono,short_short,2000,workload_seed,0.01326720015349151
poisson,0.03902296906195581,0.035877702662536405,,analytical,E4,E4-1029fced10cc,0.03755911414064174,0.037275923916712285,batch_slot_occupancy,5,16,mono,short_short,2000,workload_seed,0.0021255388203873997
poisson,2277.081914088823,1658.154696270359,,analytical,E4,E4-16cd539434f3,1967.6028767477233,1803.6319322050203,ttft_p50_ms,5,16,chunk_512,long_short,2000,workload_seed,401.67885160087087
poisson,4421.839370100522,3556.2863447730974,,analytical,E4,E4-16cd539434f3,3943.0886948256825,3700.3111841187006,ttft_p95_ms,5,16,chunk_512,long_short,2000,workload_seed,576.6574573751275
poisson,4538.305333430828,3698.0183504413494,,analytical,E4,E4-16cd539434f3,4082.958732355296,4034.470120928911,ttft_p99_ms,5,16,chunk_512,long_short,2000,workload_seed,540.4253810189042
poisson,10.025758006993284,9.926060752776722,,analytical,E4,E4-16cd539434f3,9.97453847667811,9.976087282608596,tpot_p95_ms,5,16,chunk_512,long_short,2000,workload_seed,0.06354091421815185
poisson,10.16649193529424,10.024700210526358,,analytical,E4,E4-16cd539434f3,10.101059123598297,10.155453676470993,tpot_p99_ms,5,16,chunk_512,long_short,2000,workload_seed,0.08990413501724241
poisson,4634.510764346861,3771.473786320878,,analytical,E4,E4-16cd539434f3,4155.14129645013,3920.7075341187056,e2e_p95_ms,5,16,chunk_512,long_short,2000,workload_seed,580.4360859716774
poisson,10.244000000000597,10.244000000000232,,analytical,E4,E4-16cd539434f3,10.244000000000415,10.244000000000597,itl_p95_ms,5,16,chunk_512,long_short,2000,workload_seed,2.490753820462333e-13
poisson,10.490999999999985,10.490999999999985,,analytical,E4,E4-16cd539434f3,10.490999999999985,10.490999999999985,itl_p99_ms,5,16,chunk_512,long_short,2000,workload_seed,0.0
poisson,11.595047527751419,11.214363644996114,,analytical,E4,E4-16cd539434f3,11.412269105849001,11.503244948570098,request_throughput_rps,5,16,chunk_512,long_short,2000,workload_seed,0.2441262776790715
poisson,284.9749851835994,277.3419716682379,,analytical,E4,E4-16cd539434f3,281.9192078785834,283.49792064671044,output_token_throughput_tps,5,16,chunk_512,long_short,2000,workload_seed,4.936433248280867
poisson,11.398626098459264,10.830991204528658,,analytical,E4,E4-16cd539434f3,11.149143593802421,11.362377499416711,observed_request_throughput_rps,5,16,chunk_512,long_short,2000,workload_seed,0.35867335487162716
poisson,0.2819736269320624,0.22820290481032904,,analytical,E4,E4-16cd539434f3,0.2532897194856698,0.23688068142749105,iteration_cv,5,16,chunk_512,long_short,2000,workload_seed,0.034418718139478124
poisson,4474.384610878479,3655.690512479791,,analytical,E4,E4-16cd539434f3,4033.5545397052397,3999.127866516754,max_wait_ms,5,16,chunk_512,long_short,2000,workload_seed,528.162380046094
poisson,100.0,91.6,,analytical,E4,E4-16cd539434f3,96.0,98.0,starvation_proxy_count,5,16,chunk_512,long_short,2000,workload_seed,5.338539126015656
poisson,0.8360231041976464,0.7748344916777543,,analytical,E4,E4-16cd539434f3,0.8085739126668784,0.8198424228999545,waiting_satisfaction_jain,5,16,chunk_512,long_short,2000,workload_seed,0.04027923417825948
poisson,4436.667872035109,3580.2195534363536,,analytical,E4,E4-16cd539434f3,3959.4787873434943,3759.4710946465157,long_prompt_ttft_p95_ms,5,16,chunk_512,long_short,2000,workload_seed,573.2867957979588
poisson,10.002999999999997,9.631799999999998,,analytical,E4,E4-16cd539434f3,9.817399999999997,10.002999999999986,primer_max_itl_ms,5,16,chunk_512,long_short,2000,workload_seed,0.25414326668239373
poisson,54.0,43.6,,analytical,E4,E4-16cd539434f3,48.2,48.0,backlog_at_arrival_end,5,16,chunk_512,long_short,2000,workload_seed,7.049822692805827
poisson,0.9999999999999953,0.9885136977263663,,analytical,E4,E4-16cd539434f3,0.9957541679739814,0.9999999999999944,server_busy_fraction,5,16,chunk_512,long_short,2000,workload_seed,0.007862909733789626
poisson,0.11212620135268496,0.1094377575275783,,analytical,E4,E4-16cd539434f3,0.11084321140857165,0.11117160409263122,batch_slot_occupancy,5,16,chunk_512,long_short,2000,workload_seed,0.0016956506779527633
poisson,2369.7056335524776,1762.028044193241,,analytical,E4,E4-16cd539434f3,2065.1105962113807,1898.0214322051374,ttft_p50_ms,5,16,fcfs,long_short,2000,workload_seed,394.38853191451165
poisson,4590.03296817746,3730.5599947735814,,analytical,E4,E4-16cd539434f3,4114.072931641689,3870.6469341191537,ttft_p95_ms,5,16,fcfs,long_short,2000,workload_seed,571.0871572984081
poisson,4707.103358762899,3873.6254195798656,,analytical,E4,E4-16cd539434f3,4257.401481290949,4210.20837092938,ttft_p99_ms,5,16,fcfs,long_short,2000,workload_seed,535.9981222739439
poisson,0.32300000000032014,0.32300000000032014,,analytical,E4,E4-16cd539434f3,0.32300000000032014,0.32300000000032014,tpot_p95_ms,5,16,fcfs,long_short,2000,workload_seed,0.0
poisson,0.32300000000032014,0.32300000000032014,,analytical,E4,E4-16cd539434f3,0.32300000000032014,0.32300000000032014,tpot_p99_ms,5,16,fcfs,long_short,2000,workload_seed,0.0
poisson,4599.215786162247,3738.076204773589,,analytical,E4,E4-16cd539434f3,4122.238335634085,3878.075934119161,e2e_p95_ms,5,16,fcfs,long_short,2000,workload_seed,572.3368790325717
poisson,0.32300000000032014,0.32300000000032014,,analytical,E4,E4-16cd539434f3,0.32300000000032014,0.32300000000032014,itl_p95_ms,5,16,fcfs,long_short,2000,workload_seed,0.0
poisson,0.32300000000032014,0.32300000000032014,,analytical,E4,E4-16cd539434f3,0.32300000000032014,0.32300000000032014,itl_p99_ms,5,16,fcfs,long_short,2000,workload_seed,0.0
poisson,11.412154240434958,11.046123932390998,,analytical,E4,E4-16cd539434f3,11.236616330705095,11.321753714883535,request_throughput_rps,5,16,fcfs,long_short,2000,workload_seed,0.23488198323864812
poisson,280.52537291229237,273.1223465733665,,analytical,E4,E4-16cd539434f3,277.58108086775803,279.32384526394577,output_token_throughput_tps,5,16,fcfs,long_short,2000,workload_seed,4.7711679814326375
poisson,11.597422030578025,11.096147949967293,,analytical,E4,E4-16cd539434f3,11.374664634416906,11.492979539639892,observed_request_throughput_rps,5,16,fcfs,long_short,2000,workload_seed,0.31417206434576184
poisson,4.876338142853642,4.773545413431114,,analytical,E4,E4-16cd539434f3,4.822312431148989,4.816689642050195,iteration_cv,5,16,fcfs,long_short,2000,workload_seed,0.06661424708683798
poisson,4648.070810878978,3839.459712480298,,analytical,E4,E4-16cd539434f3,4214.252939705737,4179.043866517226,max_wait_ms,5,16,fcfs,long_short,2000,workload_seed,521.3273094897476
poisson,101.2,94.0,,analytical,E4,E4-16cd539434f3,98.0,100.0,starvation_proxy_count,5,16,fcfs,long_short,2000,workload_seed,4.636809247747852
poisson,0.8281648071272523,0.7683456805166807,,analytical,E4,E4-16cd539434f3,0.8014590556902004,0.8124433921116101,waiting_satisfaction_jain,5,16,fcfs,long_short,2000,workload_seed,0.03935240779289177
poisson,4605.720088123495,3753.6639167808125,,analytical,E4,E4-16cd539434f3,4129.516900387926,3930.353094646969,long_prompt_ttft_p95_ms,5,16,fcfs,long_short,2000,workload_seed,568.126227287608
poisson,0.3230000000000004,0.32299999999999474,,analytical,E4,E4-16cd539434f3,0.32299999999999757,0.3230000000000004,primer_max_itl_ms,5,16,fcfs,long_short,2000,workload_seed,3.891802844472395e-15
poisson,52.2,41.8,,analytical,E4,E4-16cd539434f3,46.6,46.0,backlog_at_arrival_end,5,16,fcfs,long_short,2000,workload_seed,6.877499545619759
poisson,0.9999999999999512,0.9888554259883169,,analytical,E4,E4-16cd539434f3,0.9959590118462431,0.9999999999999499,server_busy_fraction,5,16,fcfs,long_short,2000,workload_seed,0.007741377431724131
poisson,0.03125,0.03125,,analytical,E4,E4-16cd539434f3,0.03125,0.03125,batch_slot_occupancy,5,16,fcfs,long_short,2000,workload_seed,0.0
poisson,2221.2521166784463,1607.3999647193814,,analytical,E4,E4-16cd539434f3,1914.3260406989139,1737.432274450069,ttft_p50_ms,5,16,mono,long_short,2000,workload_seed,399.5822403744098
poisson,4409.757208961125,3557.7388447730673,,analytical,E4,E4-16cd539434f3,3936.71076425597,3704.396834118674,ttft_p95_ms,5,16,mono,long_short,2000,workload_seed,567.152896765086
poisson,4519.770350762364,3696.638309579329,,analytical,E4,E4-16cd539434f3,4077.3897712904172,4039.148380928866,ttft_p99_ms,5,16,mono,long_short,2000,workload_seed,530.3514589191514
poisson,100.53661578656127,93.76867982329739,,analytical,E4,E4-16cd539434f3,96.54510179562938,95.28302099999995,tpot_p95_ms,5,16,mono,long_short,2000,workload_seed,4.484995690266274
poisson,105.84487255187162,96.48609393380038,,analytical,E4,E4-16cd539434f3,100.55108558593942,99.45897753588514,tpot_p99_ms,5,16,mono,long_short,2000,workload_seed,6.18540701380852
poisson,6061.919223477917,4929.430186962657,,analytical,E4,E4-16cd539434f3,5435.1243014699585,5266.607002500793,e2e_p95_ms,5,16,mono,long_short,2000,workload_seed,726.660296792442
poisson,154.1319999999996,152.01119999999955,,analytical,E4,E4-16cd539434f3,153.26179999999968,153.84799999999996,itl_p95_ms,5,16,mono,long_short,2000,workload_seed,1.388286966012506
poisson,155.15479999999988,154.7108000000002,,analytical,E4,E4-16cd539434f3,154.93220000000002,154.93099999999959,itl_p99_ms,5,16,mono,long_short,2000,workload_seed,0.2616346689564672
poisson,11.521673418843214,11.149487091135589,,analytical,E4,E4-16cd539434f3,11.342215271157745,11.430121638818688,request_throughput_rps,5,16,mono,long_short,2000,workload_seed,0.23909946106017751
poisson,283.16830014888944,275.7254401851163,,analytical,E4,E4-16cd539434f3,280.18876390511224,281.7560364791236,output_token_throughput_tps,5,16,mono,long_short,2000,workload_seed,4.80719030165199
poisson,8.440935542016586,7.6248415579562305,,analytical,E4,E4-16cd539434f3,8.112455716204956,8.25847522499988,observed_request_throughput_rps,5,16,mono,long_short,2000,workload_seed,0.5290778456374999
poisson,0.8683244865530234,0.6660850739530911,,analytical,E4,E4-16cd539434f3,0.7672047802530573,0.7635626979111517,iteration_cv,5,16,mono,long_short,2000,workload_seed,0.13152068410967738
poisson,4452.992210878442,3654.708712479757,,analytical,E4,E4-16cd539434f3,4026.437739705205,4002.4188665167094,max_wait_ms,5,16,mono,long_short,2000,workload_seed,516.147707503041
poisson,94.4,88.0,,analytical,E4,E4-16cd539434f3,91.4,94.0,starvation_proxy_count,5,16,mono,long_short,2000,workload_seed,4.09878030638384
poisson,0.8352418356479525,0.7753420366767325,,analytical,E4,E4-16cd539434f3,0.8079069700854065,0.8208347937717566,waiting_satisfaction_jain,5,16,mono,long_short,2000,workload_seed,0.039580657502403215
poisson,4425.447466940544,3580.0987734363216,,analytical,E4,E4-16cd539434f3,3953.2024347961997,3763.970394646486,long_prompt_ttft_p95_ms,5,16,mono,long_short,2000,workload_seed,565.1455270061091
poisson,150.08499999999998,93.67299999999999,,analytical,E4,E4-16cd539434f3,125.21079999999998,139.78699999999998,primer_max_itl_ms,5,16,mono,long_short,2000,workload_seed,39.175765993787536
poisson,75.6,64.6,,analytical,E4,E4-16cd539434f3,69.8,71.0,backlog_at_arrival_end,5,16,mono,long_short,2000,workload_seed,7.463243262818116
poisson,0.9999999999999997,0.988452100383973,,analytical,E4,E4-16cd539434f3,0.9956884548694985,0.9999999999999993,server_busy_fraction,5,16,mono,long_short,2000,workload_seed,0.007847802759898591
poisson,0.6986609789220583,0.6716583616157059,,analytical,E4,E4-16cd539434f3,0.686848094325515,0.6954040904601549,batch_slot_occupancy,5,16,mono,long_short,2000,workload_seed,0.017515816780076562
poisson,148.55591963543094,25.60034002911119,,piecewise,E4,E4-242e3caf5f21,71.06653515782105,37.651145710599394,ttft_p50_ms,5,16,chunk_512,mixed,2000,workload_seed,85.32904377436302
poisson,348.88058971447225,214.6821085906548,,piecewise,E4,E4-242e3caf5f21,271.9580854735617,239.84476134944825,ttft_p95_ms,5,16,chunk_512,mixed,2000,workload_seed,88.09527379303357
poisson,436.1595827860391,278.85988109492905,,piecewise,E4,E4-242e3caf5f21,357.66774202364445,289.5610737101778,ttft_p99_ms,5,16,chunk_512,mixed,2000,workload_seed,105.74810451698619
poisson,8.54684876177015,5.411747097311363,,piecewise,E4,E4-242e3caf5f21,7.045377910147496,7.285376037783209,tpot_p95_ms,5,16,chunk_512,mixed,2000,workload_seed,2.0628529557748934
poisson,9.626857982738887,8.688781006941445,,piecewise,E4,E4-242e3caf5f21,9.176175612007093,9.455500785556676,tpot_p99_ms,5,16,chunk_512,mixed,2000,workload_seed,0.6360562902224534
poisson,1770.0729464835058,872.5132196431034,,piecewise,E4,E4-242e3caf5f21,1216.5771772521805,1030.3489142317371,e2e_p95_ms,5,16,chunk_512,mixed,2000,workload_seed,622.6720901267852
poisson,10.19210257114975,9.62751599799996,,piecewise,E4,E4-242e3caf5f21,9.83250117399999,9.687582670000026,itl_p95_ms,5,16,chunk_512,mixed,2000,workload_seed,0.39912407250310417
poisson,10.367468900000222,9.86492262999991,,piecewise,E4,E4-242e3caf5f21,10.056413480000083,9.945583749999969,itl_p99_ms,5,16,chunk_512,mixed,2000,workload_seed,0.34034796177083504
poisson,18.46570110011075,16.34776919986099,,piecewise,E4,E4-242e3caf5f21,17.30173550618103,16.808760337276997,request_throughput_rps,5,16,chunk_512,mixed,2000,workload_seed,1.3449256324866783
poisson,2394.3617906537806,2009.4218728808087,,piecewise,E4,E4-242e3caf5f21,2201.8918317672947,2190.6369731396576,output_token_throughput_tps,5,16,chunk_512,mixed,2000,workload_seed,249.3917964914973
poisson,18.38100336307972,16.014891482185,,piecewise,E4,E4-242e3caf5f21,17.094480769492076,16.258873099218516,observed_request_throughput_rps,5,16,chunk_512,mixed,2000,workload_seed,1.489711411851931
poisson,1.4239330809379556,1.2773654033542043,,piecewise,E4,E4-242e3caf5f21,1.3667740071430339,1.4068723449595855,iteration_cv,5,16,chunk_512,mixed,2000,workload_seed,0.10052257023545841
poisson,417.2259205041406,249.7164220846098,,piecewise,E4,E4-242e3caf5f21,333.4711712943752,280.59847883347175,max_wait_ms,5,16,chunk_512,mixed,2000,workload_seed,111.10872163468414
poisson,0.0,0.0,,piecewise,E4,E4-242e3caf5f21,0.0,0.0,starvation_proxy_count,5,16,chunk_512,mixed,2000,workload_seed,0.0
poisson,0.9968782320191257,0.9910212403140738,,piecewise,E4,E4-242e3caf5f21,0.9944790499998664,0.9957103096684257,waiting_satisfaction_jain,5,16,chunk_512,mixed,2000,workload_seed,0.003854498691427256
poisson,297.7609305692243,149.33014447118927,,piecewise,E4,E4-242e3caf5f21,213.9760193702034,190.20670049224987,short_prompt_ttft_p95_ms,5,16,chunk_512,mixed,2000,workload_seed,94.58911920257096
poisson,417.99899818533896,267.964591142428,,piecewise,E4,E4-242e3caf5f21,340.5853846959104,283.80975843625157,long_prompt_ttft_p95_ms,5,16,chunk_512,mixed,2000,workload_seed,97.16594410196066
poisson,8.936613510000006,3.494113500000002,,piecewise,E4,E4-242e3caf5f21,6.238997010000003,5.458375100000001,primer_max_itl_ms,5,16,chunk_512,mixed,2000,workload_seed,3.7306744186935448
poisson,12.2,2.8,,piecewise,E4,E4-242e3caf5f21,6.2,4.0,backlog_at_arrival_end,5,16,chunk_512,mixed,2000,workload_seed,6.648308055437864
poisson,0.9828563235048137,0.9561890660209944,,piecewise,E4,E4-242e3caf5f21,0.9696895994751316,0.9698982632759692,server_busy_fraction,5,16,chunk_512,mixed,2000,workload_seed,0.017493367194823257
poisson,0.3074276021289497,0.13321746730941836,,piecewise,E4,E4-242e3caf5f21,0.1966893918337097,0.13701673749042112,batch_slot_occupancy,5,16,chunk_512,mixed,2000,workload_seed,0.12137077743756852
poisson,4632.079817984495,3310.5684731852643,,piecewise,E4,E4-242e3caf5f21,3971.3241455848793,4046.29515156005,ttft_p50_ms,5,16,fcfs,mixed,2000,workload_seed,864.6611095006957
poisson,8843.07702995579,6872.286679364607,,piecewise,E4,E4-242e3caf5f21,7863.5020361915795,7905.49617686824,ttft_p95_ms,5,16,fcfs,mixed,2000,workload_seed,1286.3286058916422
poisson,9082.948596384183,7124.097201856246,,piecewise,E4,E4-242e3caf5f21,8163.873847472123,8290.747073183722,ttft_p99_ms,5,16,fcfs,mixed,2000,workload_seed,1261.0242841293227
poisson,0.8308106499999995,0.8277415999999977,,piecewise,E4,E4-242e3caf5f21,0.8292761249999986,0.8291127500000056,tpot_p95_ms,5,16,fcfs,mixed,2000,workload_seed,0.001920854458715273
poisson,0.831829874999993,0.8315025649999945,,piecewise,E4,E4-242e3caf5f21,0.8316750699999934,0.8317319249999928,tpot_p99_ms,5,16,fcfs,mixed,2000,workload_seed,0.00020721060949460912
poisson,8918.670350104332,6940.464133199192,,piecewise,E4,E4-242e3caf5f21,7943.372173480706,8007.3828827450525,e2e_p95_ms,5,16,fcfs,mixed,2000,workload_seed,1286.131390483924
poisson,0.8317119999999705,0.8312204999998836,,piecewise,E4,E4-242e3caf5f21,0.8314542499999572,0.8314600000003338,itl_p95_ms,5,16,fcfs,mixed,2000,workload_seed,0.00032971057393934883
poisson,0.8326866799998062,0.8322779999997202,,piecewise,E4,E4-242e3caf5f21,0.8324923399997625,0.8326099999994767,itl_p99_ms,5,16,fcfs,mixed,2000,workload_seed,0.0002674198534500556
poisson,8.868641028692647,7.98027260052026,,piecewise,E4,E4-242e3caf5f21,8.374664138613818,8.005473459184023,request_throughput_rps,5,16,fcfs,mixed,2000,workload_seed,0.5659104846754318
poisson,1078.4502771247971,1043.4305727943367,,piecewise,E4,E4-242e3caf5f21,1061.0505215300266,1058.0594968849157,output_token_throughput_tps,5,16,fcfs,mixed,2000,workload_seed,21.814784618486446
poisson,9.07979993203951,7.849038454958352,,piecewise,E4,E4-242e3caf5f21,8.459381286056475,8.570803182643006,observed_request_throughput_rps,5,16,fcfs,mixed,2000,workload_seed,0.8054467456909519
poisson,3.000356513546576,2.6119955487872355,,piecewise,E4,E4-242e3caf5f21,2.796293944121974,2.7101214842106818,iteration_cv,5,16,fcfs,mixed,2000,workload_seed,0.24631351922532843
poisson,9099.140873332235,7193.429082089429,,piecewise,E4,E4-242e3caf5f21,8197.899068729783,8293.471868806235,max_wait_ms,5,16,fcfs,mixed,2000,workload_seed,1246.1410386043688
poisson,112.2,105.4,,piecewise,E4,E4-242e3caf5f21,109.2,111.0,starvation_proxy_count,5,16,fcfs,mixed,2000,workload_seed,4.43846820423443
poisson,0.6840129256406497,0.6375404705464451,,piecewise,E4,E4-242e3caf5f21,0.6607766980935474,0.6492308592292921,waiting_satisfaction_jain,5,16,fcfs,mixed,2000,workload_seed,0.029893325880801083
poisson,8830.022566322747,6841.903159165713,,piecewise,E4,E4-242e3caf5f21,7835.962862744231,7821.574734513883,short_prompt_ttft_p95_ms,5,16,fcfs,mixed,2000,workload_seed,1300.1642856799313
poisson,8699.971715931764,6438.519006043626,,piecewise,E4,E4-242e3caf5f21,7569.245360987695,7791.374951439524,long_prompt_ttft_p95_ms,5,16,fcfs,mixed,2000,workload_seed,1435.572576583081
poisson,0.8164010000000012,0.7915379999999985,,piecewise,E4,E4-242e3caf5f21,0.8004950000000001,0.7920299999999969,primer_max_itl_ms,5,16,fcfs,mixed,2000,workload_seed,0.017574215487469153
poisson,73.6,60.0,,piecewise,E4,E4-242e3caf5f21,67.4,69.0,backlog_at_arrival_end,5,16,fcfs,mixed,2000,workload_seed,8.324662155306966
poisson,0.9999999999999991,0.9959468094133864,,piecewise,E4,E4-242e3caf5f21,0.9986489364711278,0.9999999999999981,server_busy_fraction,5,16,fcfs,mixed,2000,workload_seed,0.0030210698924758076
poisson,0.03125,0.03125,,piecewise,E4,E4-242e3caf5f21,0.03125,0.03125,batch_slot_occupancy,5,16,fcfs,mixed,2000,workload_seed,0.0
poisson,17.568152396130152,12.323016600241848,,piecewise,E4,E4-242e3caf5f21,14.986660714806257,14.841712433183716,ttft_p50_ms,5,16,mono,mixed,2000,workload_seed,3.293045512772037
poisson,102.04754788083898,92.07329615122251,,piecewise,E4,E4-242e3caf5f21,96.60066119540814,95.68417765873737,ttft_p95_ms,5,16,mono,mixed,2000,workload_seed,6.676535738392252
poisson,169.07685062115237,128.55345941102738,,piecewise,E4,E4-242e3caf5f21,148.02814880151823,137.628083754661,ttft_p99_ms,5,16,mono,mixed,2000,workload_seed,26.24514828905418
poisson,5.072120224349787,3.295299215994457,,piecewise,E4,E4-242e3caf5f21,4.183709720172122,3.8038423583765404,tpot_p95_ms,5,16,mono,mixed,2000,workload_seed,1.146871468097649
poisson,17.90775646870444,5.608418290351797,,piecewise,E4,E4-242e3caf5f21,10.36688071078456,6.937448327105686,tpot_p99_ms,5,16,mono,mixed,2000,workload_seed,8.372779667700746
poisson,828.8117879965979,615.1945701048086,,piecewise,E4,E4-242e3caf5f21,705.0506933535999,648.8556999867033,e2e_p95_ms,5,16,mono,mixed,2000,workload_seed,138.62186928246015
poisson,1.511779000000206,1.2533070000001316,,piecewise,E4,E4-242e3caf5f21,1.3929590000001553,1.4419150000003356,itl_p95_ms,5,16,mono,mixed,2000,workload_seed,0.16467655109338364
poisson,26.021029360250047,10.28139624000005,,piecewise,E4,E4-242e3caf5f21,16.27559867000009,12.396123850000095,itl_p99_ms,5,16,mono,mixed,2000,workload_seed,10.878310874377105
poisson,18.526976687412848,16.532747879922464,,piecewise,E4,E4-242e3caf5f21,17.455557111792665,17.36920865948174,request_throughput_rps,5,16,mono,mixed,2000,workload_seed,1.304072811966201
poisson,2400.6739650863774,2040.71860222801,,piecewise,E4,E4-242e3caf5f21,2220.8402400907125,2194.693107369226,output_token_throughput_tps,5,16,mono,mixed,2000,workload_seed,239.8708977232672
poisson,18.49929487168916,16.47524890963945,,piecewise,E4,E4-242e3caf5f21,17.437018317146414,17.141606365286012,observed_request_throughput_rps,5,16,mono,mixed,2000,workload_seed,1.3074438317611456
poisson,3.60078166884241,3.2432318485573264,,piecewise,E4,E4-242e3caf5f21,3.422006758699868,3.3927584011537677,iteration_cv,5,16,mono,mixed,2000,workload_seed,0.22549063882442483
poisson,151.9337974222317,104.55087709757291,,piecewise,E4,E4-242e3caf5f21,126.14439010241313,120.81019593134306,max_wait_ms,5,16,mono,mixed,2000,workload_seed,29.41298813514363
poisson,0.0,0.0,,piecewise,E4,E4-242e3caf5f21,0.0,0.0,starvation_proxy_count,5,16,mono,mixed,2000,workload_seed,0.0
poisson,0.9995521905999485,0.9993182984475542,,piecewise,E4,E4-242e3caf5f21,0.9994340857448188,0.9994563372939121,waiting_satisfaction_jain,5,16,mono,mixed,2000,workload_seed,0.00015078075711938578
poisson,84.73475685815728,43.26014069704272,,piecewise,E4,E4-242e3caf5f21,64.90709194776053,65.91937223345938,short_prompt_ttft_p95_ms,5,16,mono,mixed,2000,workload_seed,24.712401029653726
poisson,161.4335624746278,122.40343355093249,,piecewise,E4,E4-242e3caf5f21,139.62209960229495,135.43311555834424,long_prompt_ttft_p95_ms,5,16,mono,mixed,2000,workload_seed,27.37950251462405
poisson,66.4191197,3.58721379,,piecewise,E4,E4-242e3caf5f21,31.8340661,5.4583826,primer_max_itl_ms,5,16,mono,mixed,2000,workload_seed,39.908657135482926
poisson,6.0,2.2,,piecewise,E4,E4-242e3caf5f21,3.8,3.0,backlog_at_arrival_end,5,16,mono,mixed,2000,workload_seed,2.4899799195977463
poisson,0.9580833850469584,0.9164205796085089,,piecewise,E4,E4-242e3caf5f21,0.9368401108979469,0.9440166873041654,server_busy_fraction,5,16,mono,mixed,2000,workload_seed,0.026309123614526073
poisson,0.16476344708697926,0.10872516051663714,,piecewise,E4,E4-242e3caf5f21,0.13004996851547831,0.1167056453388864,batch_slot_occupancy,5,16,mono,mixed,2000,workload_seed,0.038093712583217115
poisson,3.662672337376989,3.466866982933607,,piecewise,E4,E4-68a8cf9325fb,3.5535322649549244,3.521746922352804,ttft_p50_ms,5,16,chunk_512,short_long,2000,workload_seed,0.1261227540673387
poisson,6.422181648022071,5.895513260217943,,piecewise,E4,E4-68a8cf9325fb,6.122484885061046,6.086006159452174,ttft_p95_ms,5,16,chunk_512,short_long,2000,workload_seed,0.34335760972603435
poisson,7.784543072708591,6.910843283823577,,piecewise,E4,E4-68a8cf9325fb,7.387554832014541,7.407131148839135,ttft_p99_ms,5,16,chunk_512,short_long,2000,workload_seed,0.6040689361244274
poisson,1.317592932183632,1.1766530578476442,,piecewise,E4,E4-68a8cf9325fb,1.2448146175758061,1.2274944399843317,tpot_p95_ms,5,16,chunk_512,short_long,2000,workload_seed,0.09123991689843902
poisson,1.3650783959846353,1.206347906783464,,piecewise,E4,E4-68a8cf9325fb,1.2860600730455007,1.296910862168971,tpot_p99_ms,5,16,chunk_512,short_long,2000,workload_seed,0.09714339864020619
poisson,538.979437951253,493.3496628984587,,piecewise,E4,E4-68a8cf9325fb,512.9378840666717,500.79154782082503,e2e_p95_ms,5,16,chunk_512,short_long,2000,workload_seed,30.905864198358437
poisson,1.3029913849998165,1.1627850000000308,,piecewise,E4,E4-68a8cf9325fb,1.228776399999965,1.244445000000269,itl_p95_ms,5,16,chunk_512,short_long,2000,workload_seed,0.0949146082000969
poisson,3.089866380000058,2.7983006700000486,,piecewise,E4,E4-68a8cf9325fb,2.9095847000001185,2.847497800000383,itl_p99_ms,5,16,chunk_512,short_long,2000,workload_seed,0.2006572918894314
poisson,18.06645463754932,16.390694490315486,,piecewise,E4,E4-68a8cf9325fb,17.216364463197593,17.410798584890028,request_throughput_rps,5,16,chunk_512,short_long,2000,workload_seed,1.0842565251215897
poisson,4937.49819890099,4437.979574933193,,piecewise,E4,E4-68a8cf9325fb,4677.058819193906,4567.614191254744,output_token_throughput_tps,5,16,chunk_512,short_long,2000,workload_seed,323.3376185044145
poisson,18.641617280932742,16.639318165599786,,piecewise,E4,E4-68a8cf9325fb,17.578045831170254,17.570146524418163,observed_request_throughput_rps,5,16,chunk_512,short_long,2000,workload_seed,1.2856134617566204
poisson,0.3586897590861452,0.32956722441620057,,piecewise,E4,E4-68a8cf9325fb,0.34198814064266214,0.33939409156815065,iteration_cv,5,16,chunk_512,short_long,2000,workload_seed,0.01889942469127225
poisson,4.989009548539434,3.7573502704030033,,piecewise,E4,E4-68a8cf9325fb,4.373179909471219,4.3473842463527035,max_wait_ms,5,16,chunk_512,short_long,2000,workload_seed,0.8275939246852024
poisson,0.0,0.0,,piecewise,E4,E4-68a8cf9325fb,0.0,0.0,starvation_proxy_count,5,16,chunk_512,short_long,2000,workload_seed,0.0
poisson,0.9999997267754509,0.9999994941191469,,piecewise,E4,E4-68a8cf9325fb,0.9999996104472988,0.9999995916206057,waiting_satisfaction_jain,5,16,chunk_512,short_long,2000,workload_seed,1.5102903819656961e-07
poisson,6.203613321274654,5.655137589372361,,piecewise,E4,E4-68a8cf9325fb,5.945483901281781,6.052002995592317,short_prompt_ttft_p95_ms,5,16,chunk_512,short_long,2000,workload_seed,0.37286582284267455
poisson,5.335938380000016,3.2308481000000016,,piecewise,E4,E4-68a8cf9325fb,4.198770930000007,4.066838350000012,primer_max_itl_ms,5,16,chunk_512,short_long,2000,workload_seed,1.3847710090064256
poisson,4.0,2.0,,piecewise,E4,E4-68a8cf9325fb,2.8,2.0,backlog_at_arrival_end,5,16,chunk_512,short_long,2000,workload_seed,1.3038404810405297
poisson,0.9942525649917112,0.9777168384822111,,piecewise,E4,E4-68a8cf9325fb,0.9856970341768276,0.9860312499483019,server_busy_fraction,5,16,chunk_512,short_long,2000,workload_seed,0.011056926286239993
poisson,0.1691006309372253,0.1437446604041906,,piecewise,E4,E4-68a8cf9325fb,0.15489281336576716,0.1480011307918632,batch_slot_occupancy,5,16,chunk_512,short_long,2000,workload_seed,0.01670270070309246
poisson,10844.86228781081,9954.827791234986,,piecewise,E4,E4-68a8cf9325fb,10399.845039522897,10536.372809781156,ttft_p50_ms,5,16,fcfs,short_long,2000,workload_seed,575.9043280216316
poisson,20397.23555980947,19098.725094985886,,piecewise,E4,E4-68a8cf9325fb,19714.055780666073,19533.794905673265,ttft_p95_ms,5,16,fcfs,short_long,2000,workload_seed,839.5569561353315
poisson,20889.647999724086,19736.561928039035,,piecewise,E4,E4-68a8cf9325fb,20256.21966300969,19954.781936084302,ttft_p99_ms,5,16,fcfs,short_long,2000,workload_seed,722.0253416492969
poisson,0.7918348250000047,0.7918015750000045,,piecewise,E4,E4-68a8cf9325fb,0.7918160500000038,0.7918127500000042,tpot_p95_ms,5,16,fcfs,short_long,2000,workload_seed,2.319324389840773e-05
poisson,0.7922359850000072,0.7920695450000063,,piecewise,E4,E4-68a8cf9325fb,0.7921412500000058,0.7921009749999992,tpot_p99_ms,5,16,fcfs,short_long,2000,workload_seed,0.00011298304214529271
poisson,20663.077337332044,19347.762184756117,,piecewise,E4,E4-68a8cf9325fb,19948.21757550448,19673.579026268333,e2e_p95_ms,5,16,fcfs,short_long,2000,workload_seed,839.9310541352501
poisson,0.7925660000000789,0.7924910000005184,,piecewise,E4,E4-68a8cf9325fb,0.7925310000002355,0.7925499999983003,itl_p95_ms,5,16,fcfs,short_long,2000,workload_seed,4.8010415280442754e-05
poisson,0.7930618400004968,0.7929310000006808,,piecewise,E4,E4-68a8cf9325fb,0.7929928400004209,0.7929650000005495,itl_p99_ms,5,16,fcfs,short_long,2000,workload_seed,8.329962762420722e-05
poisson,4.696264280540708,4.544430849017368,,piecewise,E4,E4-68a8cf9325fb,4.60915632258576,4.586448079459748,request_throughput_rps,5,16,fcfs,short_long,2000,workload_seed,0.09529154518882577
poisson,1251.8801576356839,1251.261828483623,,piecewise,E4,E4-68a8cf9325fb,1251.5685668714293,1251.496158112012,output_token_throughput_tps,5,16,fcfs,short_long,2000,workload_seed,0.4036454316842435
poisson,4.784288881676476,4.40047176107728,,piecewise,E4,E4-68a8cf9325fb,4.594538658094233,4.571095030742937,observed_request_throughput_rps,5,16,fcfs,short_long,2000,workload_seed,0.24136114913254994
poisson,0.18127325254191554,0.17099830145250522,,piecewise,E4,E4-68a8cf9325fb,0.17667436591499608,0.1795277343811247,iteration_cv,5,16,fcfs,short_long,2000,workload_seed,0.006582238696345652
poisson,21007.880855825577,19804.21966717106,,piecewise,E4,E4-68a8cf9325fb,20341.918883178078,20026.015393060123,max_wait_ms,5,16,fcfs,short_long,2000,workload_seed,753.7230879446939
poisson,121.2,119.2,,piecewise,E4,E4-68a8cf9325fb,120.2,120.0,starvation_proxy_count,5,16,fcfs,short_long,2000,workload_seed,1.3038404810405297
poisson,0.4646110802071014,0.4421951537181107,,piecewise,E4,E4-68a8cf9325fb,0.4511374866228614,0.446319058133753,waiting_satisfaction_jain,5,16,fcfs,short_long,2000,workload_seed,0.01523588478910879
poisson,20398.815859442526,19009.707616888885,,piecewise,E4,E4-68a8cf9325fb,19687.1846188015,19537.90883943272,short_prompt_ttft_p95_ms,5,16,fcfs,short_long,2000,workload_seed,886.7032577211079
poisson,0.7919139999999913,0.7912250000000028,,piecewise,E4,E4-68a8cf9325fb,0.7915390000000002,0.791515000000004,primer_max_itl_ms,5,16,fcfs,short_long,2000,workload_seed,0.0004304706726282048
poisson,96.4,93.6,,piecewise,E4,E4-68a8cf9325fb,95.2,96.0,backlog_at_arrival_end,5,16,fcfs,short_long,2000,workload_seed,1.9235384061671346
poisson,0.9999999999999961,0.999999999999995,,piecewise,E4,E4-68a8cf9325fb,0.9999999999999956,0.9999999999999953,server_busy_fraction,5,16,fcfs,short_long,2000,workload_seed,6.502154576691376e-16
poisson,0.03125,0.03125,,piecewise,E4,E4-68a8cf9325fb,0.03125,0.03125,batch_slot_occupancy,5,16,fcfs,short_long,2000,workload_seed,0.0
poisson,3.662672337376989,3.466866982933607,,piecewise,E4,E4-68a8cf9325fb,3.5535322649549244,3.521746922352804,ttft_p50_ms,5,16,mono,short_long,2000,workload_seed,0.1261227540673387
poisson,6.422181648022071,5.895513260217943,,piecewise,E4,E4-68a8cf9325fb,6.122484885061046,6.086006159452174,ttft_p95_ms,5,16,mono,short_long,2000,workload_seed,0.34335760972603435
poisson,7.784543072708591,6.910843283823577,,piecewise,E4,E4-68a8cf9325fb,7.387554832014541,7.407131148839135,ttft_p99_ms,5,16,mono,short_long,2000,workload_seed,0.6040689361244274
poisson,1.317592932183632,1.1766530578476442,,piecewise,E4,E4-68a8cf9325fb,1.2448146175758061,1.2274944399843317,tpot_p95_ms,5,16,mono,short_long,2000,workload_seed,0.09123991689843902
poisson,1.3650783959846353,1.206347906783464,,piecewise,E4,E4-68a8cf9325fb,1.2860600730455007,1.296910862168971,tpot_p99_ms,5,16,mono,short_long,2000,workload_seed,0.09714339864020619
poisson,538.979437951253,493.3496628984587,,piecewise,E4,E4-68a8cf9325fb,512.9378840666717,500.79154782082503,e2e_p95_ms,5,16,mono,short_long,2000,workload_seed,30.905864198358437
poisson,1.3029913849998165,1.1627850000000308,,piecewise,E4,E4-68a8cf9325fb,1.228776399999965,1.244445000000269,itl_p95_ms,5,16,mono,short_long,2000,workload_seed,0.0949146082000969
poisson,3.089866380000058,2.7983006700000486,,piecewise,E4,E4-68a8cf9325fb,2.9095847000001185,2.847497800000383,itl_p99_ms,5,16,mono,short_long,2000,workload_seed,0.2006572918894314
poisson,18.06645463754932,16.390694490315486,,piecewise,E4,E4-68a8cf9325fb,17.216364463197593,17.410798584890028,request_throughput_rps,5,16,mono,short_long,2000,workload_seed,1.0842565251215897
poisson,4937.49819890099,4437.979574933193,,piecewise,E4,E4-68a8cf9325fb,4677.058819193906,4567.614191254744,output_token_throughput_tps,5,16,mono,short_long,2000,workload_seed,323.3376185044145
poisson,18.641617280932742,16.639318165599786,,piecewise,E4,E4-68a8cf9325fb,17.578045831170254,17.570146524418163,observed_request_throughput_rps,5,16,mono,short_long,2000,workload_seed,1.2856134617566204
poisson,0.3586897590861452,0.32956722441620057,,piecewise,E4,E4-68a8cf9325fb,0.34198814064266214,0.33939409156815065,iteration_cv,5,16,mono,short_long,2000,workload_seed,0.01889942469127225
poisson,4.989009548539434,3.7573502704030033,,piecewise,E4,E4-68a8cf9325fb,4.373179909471219,4.3473842463527035,max_wait_ms,5,16,mono,short_long,2000,workload_seed,0.8275939246852024
poisson,0.0,0.0,,piecewise,E4,E4-68a8cf9325fb,0.0,0.0,starvation_proxy_count,5,16,mono,short_long,2000,workload_seed,0.0
poisson,0.9999997267754509,0.9999994941191469,,piecewise,E4,E4-68a8cf9325fb,0.9999996104472988,0.9999995916206057,waiting_satisfaction_jain,5,16,mono,short_long,2000,workload_seed,1.5102903819656961e-07
poisson,6.203613321274654,5.655137589372361,,piecewise,E4,E4-68a8cf9325fb,5.945483901281781,6.052002995592317,short_prompt_ttft_p95_ms,5,16,mono,short_long,2000,workload_seed,0.37286582284267455
poisson,5.335938380000016,3.2308481000000016,,piecewise,E4,E4-68a8cf9325fb,4.198770930000007,4.066838350000012,primer_max_itl_ms,5,16,mono,short_long,2000,workload_seed,1.3847710090064256
poisson,4.0,2.0,,piecewise,E4,E4-68a8cf9325fb,2.8,2.0,backlog_at_arrival_end,5,16,mono,short_long,2000,workload_seed,1.3038404810405297
poisson,0.9942525649917112,0.9777168384822111,,piecewise,E4,E4-68a8cf9325fb,0.9856970341768276,0.9860312499483019,server_busy_fraction,5,16,mono,short_long,2000,workload_seed,0.011056926286239993
poisson,0.1691006309372253,0.1437446604041906,,piecewise,E4,E4-68a8cf9325fb,0.15489281336576716,0.1480011307918632,batch_slot_occupancy,5,16,mono,short_long,2000,workload_seed,0.01670270070309246
poisson,297.64930270848106,11.70999529487949,,analytical,E4,E4-7348934f06c5,108.55308256566097,16.300416183050856,ttft_p50_ms,5,16,chunk_512,short_long,2000,workload_seed,211.0634533030355
poisson,2499.870270953866,1713.157862021741,,analytical,E4,E4-7348934f06c5,2076.844116430374,1863.4308467804185,ttft_p95_ms,5,16,chunk_512,short_long,2000,workload_seed,495.7566112940333
poisson,2599.4602202806404,1891.4705422320665,,analytical,E4,E4-7348934f06c5,2212.995221640064,2012.7097106615802,ttft_p99_ms,5,16,chunk_512,short_long,2000,workload_seed,461.965034789628
poisson,10.405145761377597,10.361124461333162,,analytical,E4,E4-7348934f06c5,10.384750959869638,10.394308875035124,tpot_p95_ms,5,16,chunk_512,short_long,2000,workload_seed,0.027700409873808212
poisson,10.438289124314426,10.385477261091319,,analytical,E4,E4-7348934f06c5,10.411883192702872,10.402482232984875,tpot_p99_ms,5,16,chunk_512,short_long,2000,workload_seed,0.03418964956052898
poisson,5560.460506610417,4481.726646898575,,analytical,E4,E4-7348934f06c5,5006.250382343233,4888.825232101123,e2e_p95_ms,5,16,chunk_512,short_long,2000,workload_seed,691.114866957536
poisson,10.899599999999918,10.319600000000355,,analytical,E4,E4-7348934f06c5,10.609600000000137,10.75,itl_p95_ms,5,16,chunk_512,short_long,2000,workload_seed,0.3743772161868275
poisson,12.51740000000009,12.161000000000058,,analytical,E4,E4-7348934f06c5,12.333800000000156,12.377000000000407,itl_p99_ms,5,16,chunk_512,short_long,2000,workload_seed,0.23072321079624378
poisson,12.36207477933334,11.773732636017932,,analytical,E4,E4-7348934f06c5,12.017379141636793,11.937089301178409,request_throughput_rps,5,16,chunk_512,short_long,2000,workload_seed,0.3778524631410663
poisson,3293.815247736607,3241.4306588888253,,analytical,E4,E4-7348934f06c5,3262.625658428061,3251.9242494694618,output_token_throughput_tps,5,16,chunk_512,short_long,2000,workload_seed,34.444277877752725
poisson,10.590215673668835,9.55503988790951,,analytical,E4,E4-7348934f06c5,10.024499564540832,9.806939329687358,observed_request_throughput_rps,5,16,chunk_512,short_long,2000,workload_seed,0.6697178229193551
poisson,0.9919123033600314,0.817253339438804,,analytical,E4,E4-7348934f06c5,0.9240984889929615,0.9619771126651833,iteration_cv,5,16,chunk_512,short_long,2000,workload_seed,0.12008192340788476
poisson,2657.6678830221076,1906.648830060577,,analytical,E4,E4-7348934f06c5,2247.8095821481115,2054.455582478773,max_wait_ms,5,16,chunk_512,short_long,2000,workload_seed,487.357516151491
poisson,48.4,22.4,,analytical,E4,E4-7348934f06c5,35.4,32.0,starvation_proxy_count,5,16,chunk_512,short_long,2000,workload_seed,16.772000476985447
poisson,0.9245433033198449,0.8451576123838274,,analytical,E4,E4-7348934f06c5,0.8851476907831313,0.9019090723394085,waiting_satisfaction_jain,5,16,chunk_512,short_long,2000,workload_seed,0.05131322859239078
poisson,2488.319250116621,1709.4113515565957,,analytical,E4,E4-7348934f06c5,2065.8341579432135,1865.362612058153,short_prompt_ttft_p95_ms,5,16,chunk_512,short_long,2000,workload_seed,503.5742538515323
poisson,3.2098000000000013,2.2165999999999997,,analytical,E4,E4-7348934f06c5,2.7132000000000005,2.771000000000001,primer_max_itl_ms,5,16,chunk_512,short_long,2000,workload_seed,0.6695022031330452
poisson,63.2,50.4,,analytical,E4,E4-7348934f06c5,56.2,52.0,backlog_at_arrival_end,5,16,chunk_512,short_long,2000,workload_seed,8.043631020876083
poisson,0.9974220467750088,0.9856967143793284,,analytical,E4,E4-7348934f06c5,0.9914594865792947,0.9906589783623746,server_busy_fraction,5,16,chunk_512,short_long,2000,workload_seed,0.007841803012608258
poisson,0.7999224345622878,0.7166946779046903,,analytical,E4,E4-7348934f06c5,0.7587817065676691,0.7722877551632422,batch_slot_occupancy,5,16,chunk_512,short_long,2000,workload_seed,0.052570978085603605
poisson,2483.494219485944,1937.595413522733,,analytical,E4,E4-7348934f06c5,2237.1308106610077,2353.944587880747,ttft_p50_ms,5,16,fcfs,short_long,2000,workload_seed,342.72689089762815
poisson,4743.657119090249,3804.813036561144,,analytical,E4,E4-7348934f06c5,4215.57452069664,3942.349551919973,ttft_p95_ms,5,16,fcfs,short_long,2000,workload_seed,599.3276388294202
poisson,4818.275300217635,3932.878803569517,,analytical,E4,E4-7348934f06c5,4317.709102040317,4041.6539212406105,ttft_p99_ms,5,16,fcfs,short_long,2000,workload_seed,567.8152563052419
poisson,0.32300000000032014,0.32300000000032014,,analytical,E4,E4-7348934f06c5,0.32300000000032014,0.32300000000032014,tpot_p95_ms,5,16,fcfs,short_long,2000,workload_seed,0.0
poisson,0.32300000000032014,0.32300000000032014,,analytical,E4,E4-7348934f06c5,0.32300000000032014,0.32300000000032014,tpot_p99_ms,5,16,fcfs,short_long,2000,workload_seed,0.0
poisson,4833.121177855757,3882.066773310017,,analytical,E4,E4-7348934f06c5,4300.286908595876,4032.3234088966133,e2e_p95_ms,5,16,fcfs,short_long,2000,workload_seed,605.7459993175783
poisson,0.32300000000032014,0.32300000000032014,,analytical,E4,E4-7348934f06c5,0.32300000000032014,0.32300000000032014,itl_p95_ms,5,16,fcfs,short_long,2000,workload_seed,0.0
poisson,0.32300000000032014,0.32300000000032014,,analytical,E4,E4-7348934f06c5,0.32300000000032014,0.32300000000032014,itl_p99_ms,5,16,fcfs,short_long,2000,workload_seed,0.0
poisson,11.365954520321512,10.980995895464885,,analytical,E4,E4-7348934f06c5,11.14719829197253,11.119083648512454,request_throughput_rps,5,16,fcfs,short_long,2000,workload_seed,0.25832864374976877
poisson,3037.6771613063,3007.95103135083,,analytical,E4,E4-7348934f06c5,3026.8343396309238,3036.5062563043957,output_token_throughput_tps,5,16,fcfs,short_long,2000,workload_seed,21.06805654726607
poisson,11.210622419329896,10.780177899750651,,analytical,E4,E4-7348934f06c5,10.968108622454817,10.839248732812344,observed_request_throughput_rps,5,16,fcfs,short_long,2000,workload_seed,0.2874008548643493
poisson,0.3453811949738861,0.32867485707830085,,analytical,E4,E4-7348934f06c5,0.33761473508701867,0.34217291691275664,iteration_cv,5,16,fcfs,short_long,2000,workload_seed,0.010684262369315179
poisson,4890.691637426485,3981.838844311693,,analytical,E4,E4-7348934f06c5,4383.696511499978,4163.263926466752,max_wait_ms,5,16,fcfs,short_long,2000,workload_seed,587.410263582476
poisson,102.6,92.0,,analytical,E4,E4-7348934f06c5,97.0,94.0,starvation_proxy_count,5,16,fcfs,short_long,2000,workload_seed,6.708203932499369
poisson,0.8013769511125467,0.7563298635588975,,analytical,E4,E4-7348934f06c5,0.7813355402329206,0.7942147087050221,waiting_satisfaction_jain,5,16,fcfs,short_long,2000,workload_seed,0.029975184645471123
poisson,4731.741810655131,3774.8031365150587,,analytical,E4,E4-7348934f06c5,4203.892466031953,3943.3458410919407,short_prompt_ttft_p95_ms,5,16,fcfs,short_long,2000,workload_seed,610.2182746469942
poisson,0.3230000000000004,0.3230000000000004,,analytical,E4,E4-7348934f06c5,0.3230000000000004,0.3230000000000004,primer_max_itl_ms,5,16,fcfs,short_long,2000,workload_seed,0.0
poisson,53.6,45.6,,analytical,E4,E4-7348934f06c5,49.6,48.0,backlog_at_arrival_end,5,16,fcfs,short_long,2000,workload_seed,5.176871642217914
poisson,0.9999999999994348,0.9895389789389043,,analytical,E4,E4-7348934f06c5,0.9962573924903216,0.9999999999994278,server_busy_fraction,5,16,fcfs,short_long,2000,workload_seed,0.007344149070388885
poisson,0.03125,0.03125,,analytical,E4,E4-7348934f06c5,0.03125,0.03125,batch_slot_occupancy,5,16,fcfs,short_long,2000,workload_seed,0.0
poisson,297.64930270848106,11.70999529487949,,analytical,E4,E4-7348934f06c5,108.55308256566097,16.300416183050856,ttft_p50_ms,5,16,mono,short_long,2000,workload_seed,211.0634533030355
poisson,2499.870270953866,1713.157862021741,,analytical,E4,E4-7348934f06c5,2076.844116430374,1863.4308467804185,ttft_p95_ms,5,16,mono,short_long,2000,workload_seed,495.7566112940333
poisson,2599.4602202806404,1891.4705422320665,,analytical,E4,E4-7348934f06c5,2212.995221640064,2012.7097106615802,ttft_p99_ms,5,16,mono,short_long,2000,workload_seed,461.965034789628
poisson,10.405145761377597,10.361124461333162,,analytical,E4,E4-7348934f06c5,10.384750959869638,10.394308875035124,tpot_p95_ms,5,16,mono,short_long,2000,workload_seed,0.027700409873808212
poisson,10.438289124314426,10.385477261091319,,analytical,E4,E4-7348934f06c5,10.411883192702872,10.402482232984875,tpot_p99_ms,5,16,mono,short_long,2000,workload_seed,0.03418964956052898
poisson,5560.460506610417,4481.726646898575,,analytical,E4,E4-7348934f06c5,5006.250382343233,4888.825232101123,e2e_p95_ms,5,16,mono,short_long,2000,workload_seed,691.114866957536
poisson,10.899599999999918,10.319600000000355,,analytical,E4,E4-7348934f06c5,10.609600000000137,10.75,itl_p95_ms,5,16,mono,short_long,2000,workload_seed,0.3743772161868275
poisson,12.51740000000009,12.161000000000058,,analytical,E4,E4-7348934f06c5,12.333800000000156,12.377000000000407,itl_p99_ms,5,16,mono,short_long,2000,workload_seed,0.23072321079624378
poisson,12.36207477933334,11.773732636017932,,analytical,E4,E4-7348934f06c5,12.017379141636793,11.937089301178409,request_throughput_rps,5,16,mono,short_long,2000,workload_seed,0.3778524631410663
poisson,3293.815247736607,3241.4306588888253,,analytical,E4,E4-7348934f06c5,3262.625658428061,3251.9242494694618,output_token_throughput_tps,5,16,mono,short_long,2000,workload_seed,34.444277877752725
poisson,10.590215673668835,9.55503988790951,,analytical,E4,E4-7348934f06c5,10.024499564540832,9.806939329687358,observed_request_throughput_rps,5,16,mono,short_long,2000,workload_seed,0.6697178229193551
poisson,0.9919123033600314,0.817253339438804,,analytical,E4,E4-7348934f06c5,0.9240984889929615,0.9619771126651833,iteration_cv,5,16,mono,short_long,2000,workload_seed,0.12008192340788476
poisson,2657.6678830221076,1906.648830060577,,analytical,E4,E4-7348934f06c5,2247.8095821481115,2054.455582478773,max_wait_ms,5,16,mono,short_long,2000,workload_seed,487.357516151491
poisson,48.4,22.4,,analytical,E4,E4-7348934f06c5,35.4,32.0,starvation_proxy_count,5,16,mono,short_long,2000,workload_seed,16.772000476985447
poisson,0.9245433033198449,0.8451576123838274,,analytical,E4,E4-7348934f06c5,0.8851476907831313,0.9019090723394085,waiting_satisfaction_jain,5,16,mono,short_long,2000,workload_seed,0.05131322859239078
poisson,2488.319250116621,1709.4113515565957,,analytical,E4,E4-7348934f06c5,2065.8341579432135,1865.362612058153,short_prompt_ttft_p95_ms,5,16,mono,short_long,2000,workload_seed,503.5742538515323
poisson,3.2098000000000013,2.2165999999999997,,analytical,E4,E4-7348934f06c5,2.7132000000000005,2.771000000000001,primer_max_itl_ms,5,16,mono,short_long,2000,workload_seed,0.6695022031330452
poisson,63.2,50.4,,analytical,E4,E4-7348934f06c5,56.2,52.0,backlog_at_arrival_end,5,16,mono,short_long,2000,workload_seed,8.043631020876083
poisson,0.9974220467750088,0.9856967143793284,,analytical,E4,E4-7348934f06c5,0.9914594865792947,0.9906589783623746,server_busy_fraction,5,16,mono,short_long,2000,workload_seed,0.007841803012608258
poisson,0.7999224345622878,0.7166946779046903,,analytical,E4,E4-7348934f06c5,0.7587817065676691,0.7722877551632422,batch_slot_occupancy,5,16,mono,short_long,2000,workload_seed,0.052570978085603605
poisson,2156.7483772707174,1520.6512233873505,,piecewise,E4,E4-ae0c7989a94d,1837.6532547312222,1678.1561446050368,ttft_p50_ms,5,16,chunk_512,long_short,2000,workload_seed,411.4219202618394
poisson,4194.7775284124245,3319.649051866014,,piecewise,E4,E4-ae0c7989a94d,3712.0705663239996,3469.16631772617,ttft_p95_ms,5,16,chunk_512,long_short,2000,workload_seed,584.4117955179903
poisson,4310.174817682197,3461.103388993068,,piecewise,E4,E4-ae0c7989a94d,3848.784880813112,3799.844169793108,ttft_p99_ms,5,16,chunk_512,long_short,2000,workload_seed,546.241855768723
poisson,9.613380840089652,9.58302738722966,,piecewise,E4,E4-ae0c7989a94d,9.599805237763448,9.607506515775045,tpot_p95_ms,5,16,chunk_512,long_short,2000,workload_seed,0.019577947077222026
poisson,9.645545416859022,9.618841957825754,,piecewise,E4,E4-ae0c7989a94d,9.632340382565335,9.638542035964287,tpot_p99_ms,5,16,chunk_512,long_short,2000,workload_seed,0.01806300352883827
poisson,4396.839125490775,3533.4967805938913,,piecewise,E4,E4-ae0c7989a94d,3917.928362029488,3687.9988096411685,e2e_p95_ms,5,16,chunk_512,long_short,2000,workload_seed,582.9392288112601
poisson,9.734886755000044,9.720747702499894,,piecewise,E4,E4-ae0c7989a94d,9.729173117499961,9.732504074999815,itl_p95_ms,5,16,chunk_512,long_short,2000,workload_seed,0.009737895768545777
poisson,9.806957585000138,9.792008187500066,,piecewise,E4,E4-ae0c7989a94d,9.799585892500101,9.802116925000291,itl_p99_ms,5,16,chunk_512,long_short,2000,workload_seed,0.010292125366747385
poisson,11.846554298099694,11.440455573490146,,piecewise,E4,E4-ae0c7989a94d,11.652083053722325,11.752200872164522,request_throughput_rps,5,16,chunk_512,long_short,2000,workload_seed,0.2590473038415747
poisson,291.17592012745956,283.0340528710232,,piecewise,E4,E4-ae0c7989a94d,287.84221244960855,289.12697297271876,output_token_throughput_tps,5,16,chunk_512,long_short,2000,workload_seed,5.2549849745342225
poisson,11.806481292517137,11.151154759198194,,piecewise,E4,E4-ae0c7989a94d,11.512930539576729,11.623581579863073,observed_request_throughput_rps,5,16,chunk_512,long_short,2000,workload_seed,0.40880561824537803
poisson,0.2563946739269971,0.20478785652412626,,piecewise,E4,E4-ae0c7989a94d,0.22865007198701254,0.210251112103226,iteration_cv,5,16,chunk_512,long_short,2000,workload_seed,0.033613548403202013
poisson,4243.015223578441,3417.4055202647564,,piecewise,E4,E4-ae0c7989a94d,3798.1887268202036,3765.236034641701,max_wait_ms,5,16,chunk_512,long_short,2000,workload_seed,532.924280996452
poisson,96.2,87.8,,piecewise,E4,E4-ae0c7989a94d,92.2,95.0,starvation_proxy_count,5,16,chunk_512,long_short,2000,workload_seed,5.357238094391549
poisson,0.8498563457150443,0.7867097991073987,,piecewise,E4,E4-ae0c7989a94d,0.8214142944462388,0.8335014534752846,waiting_satisfaction_jain,5,16,chunk_512,long_short,2000,workload_seed,0.04156293116621325
poisson,4206.165676726924,3338.773577840385,,piecewise,E4,E4-ae0c7989a94d,3728.704840472243,3528.3543003314808,long_prompt_ttft_p95_ms,5,16,chunk_512,long_short,2000,workload_seed,580.6839429755992
poisson,9.724940590000006,9.586801320000006,,piecewise,E4,E4-ae0c7989a94d,9.651665020000006,9.643762400000014,primer_max_itl_ms,5,16,chunk_512,long_short,2000,workload_seed,0.08926512264843948
poisson,51.8,40.6,,piecewise,E4,E4-ae0c7989a94d,45.6,44.0,backlog_at_arrival_end,5,16,chunk_512,long_short,2000,workload_seed,7.300684899377592
poisson,1.0,0.9893085291875294,,piecewise,E4,E4-ae0c7989a94d,0.9961622630192375,0.9999999999999998,server_busy_fraction,5,16,chunk_512,long_short,2000,workload_seed,0.007486064571300997
poisson,0.1112576668403857,0.10839730068379219,,piecewise,E4,E4-ae0c7989a94d,0.1099147725242815,0.11035360139554251,batch_slot_occupancy,5,16,chunk_512,long_short,2000,workload_seed,0.0017703423525002701
poisson,1190.5113534030636,625.3097737701354,,piecewise,E4,E4-ae0c7989a94d,907.9105635865996,804.2139346758527,ttft_p50_ms,5,16,fcfs,long_short,2000,workload_seed,364.8175072089679
poisson,2424.460102950379,1487.7981797964446,,piecewise,E4,E4-ae0c7989a94d,1883.0882881690734,1621.6071998942218,ttft_p95_ms,5,16,fcfs,long_short,2000,workload_seed,620.827051249592
poisson,2523.050888555789,1589.7420796775348,,piecewise,E4,E4-ae0c7989a94d,1986.9781134685695,1804.623841583376,ttft_p99_ms,5,16,fcfs,long_short,2000,workload_seed,618.7792702909126
poisson,0.8310173750000281,0.8307556000000019,,piecewise,E4,E4-ae0c7989a94d,0.8309280750000145,0.8310132500000322,tpot_p95_ms,5,16,fcfs,long_short,2000,workload_seed,0.0001928211120536314
poisson,0.8310399349999944,0.8310354199999951,,piecewise,E4,E4-ae0c7989a94d,0.8310373399999957,0.8310361500000039,tpot_p99_ms,5,16,fcfs,long_short,2000,workload_seed,2.964825034116933e-06
poisson,2447.8456520503787,1508.8906507363042,,piecewise,E4,E4-ae0c7989a94d,1904.1664485913254,1640.5807508942225,e2e_p95_ms,5,16,fcfs,long_short,2000,workload_seed,625.4161207370198
poisson,0.8310145999998895,0.8309833000000708,,piecewise,E4,E4-ae0c7989a94d,0.8310022999999547,0.8310099999998783,itl_p95_ms,5,16,fcfs,long_short,2000,workload_seed,2.1335416476449015e-05
poisson,0.8310819999998784,0.831073000000069,,piecewise,E4,E4-ae0c7989a94d,0.8310769999999925,0.8310750000000553,itl_p99_ms,5,16,fcfs,long_short,2000,workload_seed,5.700877000325965e-06
poisson,14.471550509418098,14.001169626989048,,piecewise,E4,E4-ae0c7989a94d,14.236360068203572,14.336238328938245,request_throughput_rps,5,16,fcfs,long_short,2000,workload_seed,0.3040125264284799
poisson,354.7663812093024,347.11229832808885,,piecewise,E4,E4-ae0c7989a94d,351.66820831437656,353.47787629788365,output_token_throughput_tps,5,16,fcfs,long_short,2000,workload_seed,4.953808297869472
poisson,14.598344567546615,13.977981695673217,,piecewise,E4,E4-ae0c7989a94d,14.288163131609915,14.366224424549864,observed_request_throughput_rps,5,16,fcfs,long_short,2000,workload_seed,0.394180374659928
poisson,3.77981426096479,3.699308478297092,,piecewise,E4,E4-ae0c7989a94d,3.7407511474093225,3.743367874521053,iteration_cv,5,16,fcfs,long_short,2000,workload_seed,0.05399131417497769
poisson,2501.9197632173755,1566.2843306299972,,piecewise,E4,E4-ae0c7989a94d,1971.3638075224917,1788.1413773722543,max_wait_ms,5,16,fcfs,long_short,2000,workload_seed,619.9365150473349
poisson,69.4,27.0,,piecewise,E4,E4-ae0c7989a94d,48.2,39.0,starvation_proxy_count,5,16,fcfs,long_short,2000,workload_seed,27.04071004984891
poisson,0.9490546741033082,0.8778700654918786,,piecewise,E4,E4-ae0c7989a94d,0.918456535679217,0.9447849536331896,waiting_satisfaction_jain,5,16,fcfs,long_short,2000,workload_seed,0.04557613637725209
poisson,2429.134980357276,1494.1284412335006,,piecewise,E4,E4-ae0c7989a94d,1892.9575252044583,1661.9098360620326,long_prompt_ttft_p95_ms,5,16,fcfs,long_short,2000,workload_seed,619.8951307072955
poisson,0.810842000000001,0.8052220000000005,,piecewise,E4,E4-ae0c7989a94d,0.8075820000000007,0.8060550000000006,primer_max_itl_ms,5,16,fcfs,long_short,2000,workload_seed,0.0036382200318292035
poisson,32.4,20.6,,piecewise,E4,E4-ae0c7989a94d,25.8,25.0,backlog_at_arrival_end,5,16,fcfs,long_short,2000,workload_seed,7.886697661252142
poisson,0.9976508300884568,0.9800968699094577,,piecewise,E4,E4-ae0c7989a94d,0.9890548683044349,0.9907863718381025,server_busy_fraction,5,16,fcfs,long_short,2000,workload_seed,0.011479627055476019
poisson,0.03125,0.03125,,piecewise,E4,E4-ae0c7989a94d,0.03125,0.03125,batch_slot_occupancy,5,16,fcfs,long_short,2000,workload_seed,0.0
poisson,271.8059775114909,115.49141614572832,,piecewise,E4,E4-ae0c7989a94d,172.26902927864853,131.26738035598646,ttft_p50_ms,5,16,mono,long_short,2000,workload_seed,108.8378429663149
poisson,764.0618869619508,342.5545851420202,,piecewise,E4,E4-ae0c7989a94d,523.6908316182305,429.0801404588759,ttft_p95_ms,5,16,mono,long_short,2000,workload_seed,277.54667990676325
poisson,865.3362461853701,409.39868489534507,,piecewise,E4,E4-ae0c7989a94d,602.7424032045326,465.264113999925,ttft_p99_ms,5,16,mono,long_short,2000,workload_seed,297.5742242409291
poisson,57.5281577839576,53.34292776864297,,piecewise,E4,E4-ae0c7989a94d,55.07993513668005,54.468254593035695,tpot_p95_ms,5,16,mono,long_short,2000,workload_seed,2.751126946133173
poisson,61.91128040149873,55.97211331454186,,piecewise,E4,E4-ae0c7989a94d,58.5131762982035,57.715952538400686,tpot_p99_ms,5,16,mono,long_short,2000,workload_seed,3.805559313880411
poisson,1905.1224184174266,1418.5944988383776,,piecewise,E4,E4-ae0c7989a94d,1595.7046936769743,1450.0371279608985,e2e_p95_ms,5,16,mono,long_short,2000,workload_seed,341.11320697400464
poisson,87.73455733,74.30483858999987,,piecewise,E4,E4-ae0c7989a94d,81.37452407999994,82.31956779999996,itl_p95_ms,5,16,mono,long_short,2000,workload_seed,8.993012390745475
poisson,90.46567555000028,90.09284104999998,,piecewise,E4,E4-ae0c7989a94d,90.27925830000012,90.37983655000016,itl_p99_ms,5,16,mono,long_short,2000,workload_seed,0.25566128785329856
poisson,18.041616821880858,16.492302147126434,,piecewise,E4,E4-ae0c7989a94d,17.25950147995306,16.763878738521424,request_throughput_rps,5,16,mono,long_short,2000,workload_seed,1.019184342783968
poisson,448.79483886535536,405.568422154142,,piecewise,E4,E4-ae0c7989a94d,426.5559463497002,407.30986622501274,output_token_throughput_tps,5,16,mono,long_short,2000,workload_seed,28.579585437720493
poisson,16.883900821733125,13.919485785036116,,piecewise,E4,E4-ae0c7989a94d,15.337664016531084,15.054613092251545,observed_request_throughput_rps,5,16,mono,long_short,2000,workload_seed,1.9011930959635954
poisson,2.0541069908189833,1.3407922941661292,,piecewise,E4,E4-ae0c7989a94d,1.755941032370357,1.9366394658357564,iteration_cv,5,16,mono,long_short,2000,workload_seed,0.4770294725727158
poisson,832.5017597706004,377.96861735252,,piecewise,E4,E4-ae0c7989a94d,570.3886451292744,437.0684335128635,max_wait_ms,5,16,mono,long_short,2000,workload_seed,292.1769116080662
poisson,1.8,0.0,,piecewise,E4,E4-ae0c7989a94d,0.6,0.0,starvation_proxy_count,5,16,mono,long_short,2000,workload_seed,1.3416407864998738
poisson,0.9935108079079817,0.9777577863786191,,piecewise,E4,E4-ae0c7989a94d,0.9872871074695168,0.99149650377463,waiting_satisfaction_jain,5,16,mono,long_short,2000,workload_seed,0.01072328476506301
poisson,771.3450504206381,347.764978227248,,piecewise,E4,E4-ae0c7989a94d,533.6267945719482,437.69828916120514,long_prompt_ttft_p95_ms,5,16,mono,long_short,2000,workload_seed,277.1375397750158
poisson,83.16133622,51.184691199999996,,piecewise,E4,E4-ae0c7989a94d,67.17301370999999,66.90686779999999,primer_max_itl_ms,5,16,mono,long_short,2000,workload_seed,21.26296270855008
poisson,30.0,6.8,,piecewise,E4,E4-ae0c7989a94d,18.4,22.0,backlog_at_arrival_end,5,16,mono,long_short,2000,workload_seed,14.724129855444769
poisson,0.9674325565081311,0.8994720819419646,,piecewise,E4,E4-ae0c7989a94d,0.9321647965945917,0.923618206754527,server_busy_fraction,5,16,mono,long_short,2000,workload_seed,0.04416707482102607
poisson,0.5139557480874306,0.2753907539390184,,piecewise,E4,E4-ae0c7989a94d,0.36692776299167934,0.3092739874577434,batch_slot_occupancy,5,16,mono,long_short,2000,workload_seed,0.16129541640149872
poisson,494.4662590357263,29.17452402279281,,analytical,E4,E4-e26f4cd760c4,196.15476861106217,36.99216665596734,ttft_p50_ms,5,16,chunk_512,mixed,2000,workload_seed,329.38026584735286
poisson,1324.1194555238285,286.3918354058643,,analytical,E4,E4-e26f4cd760c4,657.0288116457242,375.90041125078346,ttft_p95_ms,5,16,chunk_512,mixed,2000,workload_seed,734.1592488049469
poisson,1469.8446908077326,354.45471514977817,,analytical,E4,E4-e26f4cd760c4,767.131420733575,464.03704431045156,ttft_p99_ms,5,16,chunk_512,mixed,2000,workload_seed,784.7084428940672
poisson,13.95046117842846,8.333815494436543,,analytical,E4,E4-e26f4cd760c4,11.12787301684688,9.781487046331934,tpot_p95_ms,5,16,chunk_512,mixed,2000,workload_seed,3.787494451778122
poisson,14.962049904761908,10.549900019672222,,analytical,E4,E4-e26f4cd760c4,12.74864906307269,10.845054666666687,tpot_p99_ms,5,16,chunk_512,mixed,2000,workload_seed,2.966294610907322
poisson,3618.7009002209365,1364.2343527968105,,analytical,E4,E4-e26f4cd760c4,2452.5129892912055,1478.7390533044838,e2e_p95_ms,5,16,chunk_512,mixed,2000,workload_seed,1485.468033991196
poisson,16.52820000000029,11.222199999999793,,analytical,E4,E4-e26f4cd760c4,13.87520000000004,12.09900000000016,itl_p95_ms,5,16,chunk_512,mixed,2000,workload_seed,3.4643822248709712
poisson,17.731400000000214,12.752800000000207,,analytical,E4,E4-e26f4cd760c4,15.201800000000185,13.291000000000167,itl_p99_ms,5,16,chunk_512,mixed,2000,workload_seed,3.332601791393564
poisson,16.064607643555068,14.782661007171749,,analytical,E4,E4-e26f4cd760c4,15.504783750818635,15.592830888778492,request_throughput_rps,5,16,chunk_512,mixed,2000,workload_seed,0.8435471382178508
poisson,2111.5736182019255,1838.9754909121664,,analytical,E4,E4-e26f4cd760c4,1971.7352869845358,1957.1444510274898,output_token_throughput_tps,5,16,chunk_512,mixed,2000,workload_seed,181.03462753393157
poisson,15.496156945944094,12.772233732625562,,analytical,E4,E4-e26f4cd760c4,14.262890474060844,14.366224424549864,observed_request_throughput_rps,5,16,chunk_512,mixed,2000,workload_seed,1.7693850213108302
poisson,1.6234481780097596,1.1799017106393233,,analytical,E4,E4-e26f4cd760c4,1.4025020638634567,1.4161400868256924,iteration_cv,5,16,chunk_512,mixed,2000,workload_seed,0.298038604445102
poisson,1440.0580045228928,315.27859195415704,,analytical,E4,E4-e26f4cd760c4,742.5218311637279,452.50059719600085,max_wait_ms,5,16,chunk_512,mixed,2000,workload_seed,778.6297615905244
poisson,31.2,0.0,,analytical,E4,E4-e26f4cd760c4,10.4,0.0,starvation_proxy_count,5,16,chunk_512,mixed,2000,workload_seed,23.25510696599781
poisson,0.9949481847163228,0.9211658577347471,,analytical,E4,E4-e26f4cd760c4,0.9694986456616498,0.9921628829494352,waiting_satisfaction_jain,5,16,chunk_512,mixed,2000,workload_seed,0.05353761602019471
poisson,1213.8191164827433,212.6176828837662,,analytical,E4,E4-e26f4cd760c4,583.8645702969482,317.9127537871109,short_prompt_ttft_p95_ms,5,16,chunk_512,mixed,2000,workload_seed,691.7252120558886
poisson,1438.000541684691,330.9865561920888,,analytical,E4,E4-e26f4cd760c4,727.5801564859835,386.94784894453124,long_prompt_ttft_p95_ms,5,16,chunk_512,mixed,2000,workload_seed,795.3676011361101
poisson,9.915800000000008,1.0466000000000002,,analytical,E4,E4-e26f4cd760c4,5.481200000000003,3.940999999999999,primer_max_itl_ms,5,16,chunk_512,mixed,2000,workload_seed,5.617077460744159
poisson,41.0,12.4,,analytical,E4,E4-e26f4cd760c4,25.4,20.0,backlog_at_arrival_end,5,16,chunk_512,mixed,2000,workload_seed,18.742998692845283
poisson,0.9860357481919217,0.9015081680840048,,analytical,E4,E4-e26f4cd760c4,0.9496556616900091,0.9685898263074553,server_busy_fraction,5,16,chunk_512,mixed,2000,workload_seed,0.056606389914201576
poisson,0.48527758145950584,0.20221912961295757,,analytical,E4,E4-e26f4cd760c4,0.340483509578957,0.2357759058210645,batch_slot_occupancy,5,16,chunk_512,mixed,2000,workload_seed,0.19072944439247919
poisson,1509.541910238771,465.5334239982183,,analytical,E4,E4-e26f4cd760c4,943.1605494666425,856.2485851063022,ttft_p50_ms,5,16,fcfs,mixed,2000,workload_seed,653.3881062241837
poisson,2776.55378659879,1263.751896809663,,analytical,E4,E4-e26f4cd760c4,1917.8816494604496,1521.210168019421,ttft_p95_ms,5,16,fcfs,mixed,2000,workload_seed,994.2442556903599
poisson,2906.571774043504,1353.8837489247587,,analytical,E4,E4-e26f4cd760c4,2034.1459529822446,1763.6781223215726,ttft_p99_ms,5,16,fcfs,mixed,2000,workload_seed,1016.7922310575193
poisson,0.32300000000032014,0.32300000000032014,,analytical,E4,E4-e26f4cd760c4,0.32300000000032014,0.32300000000032014,tpot_p95_ms,5,16,fcfs,mixed,2000,workload_seed,0.0
poisson,0.32300000000032014,0.32300000000032014,,analytical,E4,E4-e26f4cd760c4,0.32300000000032014,0.32300000000032014,tpot_p99_ms,5,16,fcfs,mixed,2000,workload_seed,0.0
poisson,2811.823951791314,1296.0246946633067,,analytical,E4,E4-e26f4cd760c4,1955.515613012057,1561.5292441411539,e2e_p95_ms,5,16,fcfs,mixed,2000,workload_seed,989.4914413225736
poisson,0.32300000000032014,0.32300000000032014,,analytical,E4,E4-e26f4cd760c4,0.32300000000032014,0.32300000000032014,itl_p95_ms,5,16,fcfs,mixed,2000,workload_seed,0.0
poisson,0.32300000000032014,0.32300000000032014,,analytical,E4,E4-e26f4cd760c4,0.32300000000032014,0.32300000000032014,itl_p99_ms,5,16,fcfs,mixed,2000,workload_seed,0.0
poisson,14.835707458873111,13.720889407003131,,analytical,E4,E4-e26f4cd760c4,14.345042155428999,14.500200481925976,request_throughput_rps,5,16,fcfs,mixed,2000,workload_seed,0.7063692949155683
poisson,1917.2582806663918,1732.997850204321,,analytical,E4,E4-e26f4cd760c4,1821.8073488556997,1786.3876323888799,output_token_throughput_tps,5,16,fcfs,mixed,2000,workload_seed,121.5596336520224
poisson,14.985566701623796,13.29471115995423,,analytical,E4,E4-e26f4cd760c4,14.213452142489363,14.581370319140415,observed_request_throughput_rps,5,16,fcfs,mixed,2000,workload_seed,1.1170274646444702
poisson,8.399616243896958,7.6899458246928205,,analytical,E4,E4-e26f4cd760c4,8.044781034294889,7.887456260960454,iteration_cv,5,16,fcfs,mixed,2000,workload_seed,0.45349515012451536
poisson,2919.4281417888824,1368.7112891410395,,analytical,E4,E4-e26f4cd760c4,2058.055729504728,1790.7403763755756,max_wait_ms,5,16,fcfs,mixed,2000,workload_seed,1015.2357636985837
poisson,67.6,18.4,,analytical,E4,E4-e26f4cd760c4,43.0,42.0,starvation_proxy_count,5,16,fcfs,mixed,2000,workload_seed,31.096623610932426
poisson,0.9526725352197148,0.8557600160303602,,analytical,E4,E4-e26f4cd760c4,0.9089442213145702,0.9338187316024703,waiting_satisfaction_jain,5,16,fcfs,mixed,2000,workload_seed,0.06288333215185359
poisson,2703.9835090266142,1239.1711462434878,,analytical,E4,E4-e26f4cd760c4,1878.7352416095741,1499.2149324181682,short_prompt_ttft_p95_ms,5,16,fcfs,mixed,2000,workload_seed,976.2393053380329
poisson,2769.1033003493553,1160.38409533683,,analytical,E4,E4-e26f4cd760c4,1846.4458027261135,1268.1947468532803,long_prompt_ttft_p95_ms,5,16,fcfs,mixed,2000,workload_seed,1038.547843034987
poisson,0.3230000000000047,0.3230000000000004,,analytical,E4,E4-e26f4cd760c4,0.32300000000000184,0.3230000000000004,primer_max_itl_ms,5,16,fcfs,mixed,2000,workload_seed,3.1776437161565094e-15
poisson,37.8,16.0,,analytical,E4,E4-e26f4cd760c4,26.0,21.0,backlog_at_arrival_end,5,16,fcfs,mixed,2000,workload_seed,13.96424004376894
poisson,0.9907873787793262,0.9388387045181746,,analytical,E4,E4-e26f4cd760c4,0.9683448844645974,0.9787226374333317,server_busy_fraction,5,16,fcfs,mixed,2000,workload_seed,0.035216705159715415
poisson,0.03125,0.03125,,analytical,E4,E4-e26f4cd760c4,0.03125,0.03125,batch_slot_occupancy,5,16,fcfs,mixed,2000,workload_seed,0.0
poisson,281.08869065802526,26.783502245033834,,analytical,E4,E4-e26f4cd760c4,118.08554147087725,34.81923345484029,ttft_p50_ms,5,16,mono,mixed,2000,workload_seed,181.76101301842274
poisson,1270.5343760034666,215.05123559882463,,analytical,E4,E4-e26f4cd760c4,579.2995528765782,261.53361719146847,ttft_p95_ms,5,16,mono,mixed,2000,workload_seed,767.7721463263842
poisson,1424.0380997512616,289.4393646502938,,analytical,E4,E4-e26f4cd760c4,693.595834606544,339.97230358335077,ttft_p99_ms,5,16,mono,mixed,2000,workload_seed,809.5602029557645
poisson,23.347891502598223,11.430880915608052,,analytical,E4,E4-e26f4cd760c4,16.967674520978065,18.02523970099661,tpot_p95_ms,5,16,mono,mixed,2000,workload_seed,7.998144928359895
poisson,40.47260995590073,18.12350040417286,,analytical,E4,E4-e26f4cd760c4,29.298055180036794,24.722414545454562,tpot_p99_ms,5,16,mono,mixed,2000,workload_seed,14.419622274342933
poisson,4321.473724866307,1430.9939761256926,,analytical,E4,E4-e26f4cd760c4,2790.921324991295,1636.4735604199184,e2e_p95_ms,5,16,mono,mixed,2000,workload_seed,1865.8557640630827
poisson,33.70468000000012,5.326799999999821,,analytical,E4,E4-e26f4cd760c4,17.343879999999917,6.391999999999825,itl_p95_ms,5,16,mono,mixed,2000,workload_seed,18.35200823539504
poisson,120.2163999999998,37.803800000000045,,analytical,E4,E4-e26f4cd760c4,76.65159999999987,58.34900000000016,itl_p99_ms,5,16,mono,mixed,2000,workload_seed,52.35784864564242
poisson,16.045934584617005,14.554787419694794,,analytical,E4,E4-e26f4cd760c4,15.39962841104133,15.560432043302,request_throughput_rps,5,16,mono,mixed,2000,workload_seed,0.9726757997465323
poisson,2102.0578977347695,1816.6960961642003,,analytical,E4,E4-e26f4cd760c4,1958.1849455553518,1953.4811120147826,output_token_throughput_tps,5,16,mono,mixed,2000,workload_seed,188.94359705566777
poisson,15.272133875971882,12.444415081574602,,analytical,E4,E4-e26f4cd760c4,14.031846215718323,14.235622384326684,observed_request_throughput_rps,5,16,mono,mixed,2000,workload_seed,1.8136187494267761
poisson,4.712964423238459,3.1361990437586234,,analytical,E4,E4-e26f4cd760c4,3.924581733498541,4.219245088285426,iteration_cv,5,16,mono,mixed,2000,workload_seed,1.0467528563105037
poisson,1396.9023163034612,257.46085484143714,,analytical,E4,E4-e26f4cd760c4,673.1018574715869,336.6935971959956,max_wait_ms,5,16,mono,mixed,2000,workload_seed,808.6959958286749
poisson,28.8,0.0,,analytical,E4,E4-e26f4cd760c4,9.6,0.0,starvation_proxy_count,5,16,mono,mixed,2000,workload_seed,21.46625258399798
poisson,0.9967194013925115,0.9259339727568097,,analytical,E4,E4-e26f4cd760c4,0.9727046362744012,0.9951394577545981,waiting_satisfaction_jain,5,16,mono,mixed,2000,workload_seed,0.05209330351137768
poisson,1177.0032523667196,161.17813313133354,,analytical,E4,E4-e26f4cd760c4,524.0390840210538,226.91552940095076,short_prompt_ttft_p95_ms,5,16,mono,mixed,2000,workload_seed,722.1075836534028
poisson,1388.4523773010105,262.80149632738846,,analytical,E4,E4-e26f4cd760c4,658.1238153603034,270.0515801628233,long_prompt_ttft_p95_ms,5,16,mono,mixed,2000,workload_seed,804.786151592743
poisson,107.88859999999995,1.0466000000000002,,analytical,E4,E4-e26f4cd760c4,49.44419999999998,3.940999999999999,primer_max_itl_ms,5,16,mono,mixed,2000,workload_seed,68.33327063151593
poisson,42.6,13.4,,analytical,E4,E4-e26f4cd760c4,27.0,24.0,backlog_at_arrival_end,5,16,mono,mixed,2000,workload_seed,19.248376554920156
poisson,0.9861130846239632,0.9012110621690208,,analytical,E4,E4-e26f4cd760c4,0.9496258898735558,0.9685808181550912,server_busy_fraction,5,16,mono,mixed,2000,workload_seed,0.05683900764351539
poisson,0.5880004107647266,0.21824796957480608,,analytical,E4,E4-e26f4cd760c4,0.3938297661729118,0.25970019494706253,batch_slot_occupancy,5,16,mono,mixed,2000,workload_seed,0.23983680186804862
poisson,3.014833824109587,2.8683703582820272,,piecewise,E4,E4-febc6f65bf64,2.941602091195807,2.938349510852049,ttft_p50_ms,5,16,chunk_512,short_short,2000,workload_seed,0.09273618331318342
poisson,5.644527638159752,5.197436965346105,,piecewise,E4,E4-febc6f65bf64,5.416545260995898,5.342083009999986,ttft_p95_ms,5,16,chunk_512,short_short,2000,workload_seed,0.3124490814612034
poisson,7.267977823640906,6.502740981675903,,piecewise,E4,E4-febc6f65bf64,6.861041963294781,6.720852660000121,ttft_p99_ms,5,16,chunk_512,short_short,2000,workload_seed,0.5185666992087091
poisson,1.0852457078439461,0.999518791501977,,piecewise,E4,E4-febc6f65bf64,1.0377710052149638,1.0149071358664574,tpot_p95_ms,5,16,chunk_512,short_short,2000,workload_seed,0.055572416013966626
poisson,1.3364190152599016,1.1267193175629564,,piecewise,E4,E4-febc6f65bf64,1.2333145853182892,1.2721359627757591,tpot_p99_ms,5,16,chunk_512,short_short,2000,workload_seed,0.13623232246709396
poisson,36.1470799985618,34.771560604000015,,piecewise,E4,E4-febc6f65bf64,35.29714202466896,34.95224015222488,e2e_p95_ms,5,16,chunk_512,short_short,2000,workload_seed,0.9360755758326101
poisson,0.8959359999999379,0.8480684999999539,,piecewise,E4,E4-febc6f65bf64,0.8720724999998766,0.8721349999996164,itl_p95_ms,5,16,chunk_512,short_short,2000,workload_seed,0.028249223551280928
poisson,2.868742039000211,2.6553556320000418,,piecewise,E4,E4-febc6f65bf64,2.769107767000116,2.8506208950000813,itl_p99_ms,5,16,chunk_512,short_short,2000,workload_seed,0.13593923954541764
poisson,18.940120169041126,16.937176482082172,,piecewise,E4,E4-febc6f65bf64,17.90686526744695,18.21496090670911,request_throughput_rps,5,16,chunk_512,short_short,2000,workload_seed,1.3166259512181024
poisson,472.4964180669678,416.5039440554224,,piecewise,E4,E4-febc6f65bf64,442.5475517492384,442.56662828019785,output_token_throughput_tps,5,16,chunk_512,short_short,2000,workload_seed,35.47993168359636
poisson,18.885222050562206,16.857764500580394,,piecewise,E4,E4-febc6f65bf64,17.83337319855541,18.14153340326103,observed_request_throughput_rps,5,16,chunk_512,short_short,2000,workload_seed,1.3275920542580322
poisson,0.5886876034131203,0.5569079547021231,,piecewise,E4,E4-febc6f65bf64,0.5727906220522094,0.5717518743128498,iteration_cv,5,16,chunk_512,short_short,2000,workload_seed,0.021476661423717437
poisson,4.403530859665625,2.9101288631885835,,piecewise,E4,E4-febc6f65bf64,3.6954414672033638,3.7823866579028618,max_wait_ms,5,16,chunk_512,short_short,2000,workload_seed,1.004349170594744
poisson,0.0,0.0,,piecewise,E4,E4-febc6f65bf64,0.0,0.0,starvation_proxy_count,5,16,chunk_512,short_short,2000,workload_seed,0.0
poisson,0.9999998135831252,0.999999592066507,,piecewise,E4,E4-febc6f65bf64,0.9999997034137857,0.9999997598845642,waiting_satisfaction_jain,5,16,chunk_512,short_short,2000,workload_seed,1.495337226123711e-07
poisson,5.516860657446259,5.029284865461426,,piecewise,E4,E4-febc6f65bf64,5.274815817560706,5.300440196008684,short_prompt_ttft_p95_ms,5,16,chunk_512,short_short,2000,workload_seed,0.30393340351731307
poisson,3.7032034000000005,1.0234885699999996,,piecewise,E4,E4-febc6f65bf64,2.3597574900000002,1.9553228500000004,primer_max_itl_ms,5,16,chunk_512,short_short,2000,workload_seed,1.6988978258858605
poisson,1.0,1.0,,piecewise,E4,E4-febc6f65bf64,1.0,1.0,backlog_at_arrival_end,5,16,chunk_512,short_short,2000,workload_seed,0.0
poisson,0.3459528890221302,0.31368027659958064,,piecewise,E4,E4-febc6f65bf64,0.32846818588450244,0.3197906121002197,server_busy_fraction,5,16,chunk_512,short_short,2000,workload_seed,0.021054243585397616
poisson,0.04032996087849235,0.03818258737061349,,piecewise,E4,E4-febc6f65bf64,0.03923000784302862,0.03883413531590423,batch_slot_occupancy,5,16,chunk_512,short_short,2000,workload_seed,0.0014453003237079626
poisson,4.226290880000033,3.323882588035849,,piecewise,E4,E4-febc6f65bf64,3.719107268035805,3.6164957401788342,ttft_p50_ms,5,16,fcfs,short_short,2000,workload_seed,0.577203168654514
poisson,44.02594259804357,33.350915195989245,,piecewise,E4,E4-febc6f65bf64,39.61126503122284,40.85180856929027,ttft_p95_ms,5,16,fcfs,short_short,2000,workload_seed,7.138621460877706
poisson,61.939544950862455,42.02898744891483,,piecewise,E4,E4-febc6f65bf64,52.82417689619621,54.98648338691768,ttft_p99_ms,5,16,fcfs,short_short,2000,workload_seed,12.069751443114837
poisson,0.7910263750000034,0.7909329500000002,,piecewise,E4,E4-febc6f65bf64,0.790982325000006,0.7910023750000106,tpot_p95_ms,5,16,fcfs,short_short,2000,workload_seed,6.392608035994717e-05
poisson,0.7912820350000003,0.7911942049999964,,piecewise,E4,E4-febc6f65bf64,0.7912381199999983,0.791230374999997,tpot_p99_ms,5,16,fcfs,short_short,2000,workload_seed,5.5310067463639375e-05
poisson,64.03744299136778,50.815030323378025,,piecewise,E4,E4-febc6f65bf64,58.444542457646776,60.87922242717113,e2e_p95_ms,5,16,fcfs,short_short,2000,workload_seed,8.546194310621491
poisson,0.7910519999999451,0.7909559999998692,,piecewise,E4,E4-febc6f65bf64,0.7910039999999299,0.7910199999998895,itl_p95_ms,5,16,fcfs,short_short,2000,workload_seed,6.551717341172904e-05
poisson,0.7915138400000206,0.7912526999997862,,piecewise,E4,E4-febc6f65bf64,0.7913832699999034,0.7913300000000163,itl_p99_ms,5,16,fcfs,short_short,2000,workload_seed,0.0001688146714546769
poisson,18.940120169041126,16.937176482082172,,piecewise,E4,E4-febc6f65bf64,17.90686526744695,18.21496090670911,request_throughput_rps,5,16,fcfs,short_short,2000,workload_seed,1.3166259512181024
poisson,472.4964180669678,416.5039440554224,,piecewise,E4,E4-febc6f65bf64,442.5475517492384,442.56662828019785,output_token_throughput_tps,5,16,fcfs,short_short,2000,workload_seed,35.47993168359636
poisson,18.885222050562206,16.857764500580394,,piecewise,E4,E4-febc6f65bf64,17.83337319855541,18.14153340326103,observed_request_throughput_rps,5,16,fcfs,short_short,2000,workload_seed,1.3275920542580322
poisson,0.5389505415163571,0.5125070536941162,,piecewise,E4,E4-febc6f65bf64,0.5271030198376878,0.5350608061383537,iteration_cv,5,16,fcfs,short_short,2000,workload_seed,0.017464359914071546
poisson,69.29923616013097,41.7838856223686,,piecewise,E4,E4-febc6f65bf64,55.77658627309097,55.63910987530812,max_wait_ms,5,16,fcfs,short_short,2000,workload_seed,16.588115175943262
poisson,0.0,0.0,,piecewise,E4,E4-febc6f65bf64,0.0,0.0,starvation_proxy_count,5,16,fcfs,short_short,2000,workload_seed,0.0
poisson,0.9998857222075822,0.9998208626507292,,piecewise,E4,E4-febc6f65bf64,0.9998445939015864,0.9998279823343162,waiting_satisfaction_jain,5,16,fcfs,short_short,2000,workload_seed,4.607194634090607e-05
poisson,44.04334266277417,33.36306768498743,,piecewise,E4,E4-febc6f65bf64,39.57906400613309,40.85180856929027,short_prompt_ttft_p95_ms,5,16,fcfs,short_short,2000,workload_seed,7.093109108001654
poisson,0.7905760000000001,0.7904769999999995,,piecewise,E4,E4-febc6f65bf64,0.7905259999999995,0.7905349999999984,primer_max_itl_ms,5,16,fcfs,short_short,2000,workload_seed,6.646427611920639e-05
poisson,1.0,1.0,,piecewise,E4,E4-febc6f65bf64,1.0,1.0,backlog_at_arrival_end,5,16,fcfs,short_short,2000,workload_seed,0.0
poisson,0.41339595758104863,0.3639139862798352,,piecewise,E4,E4-febc6f65bf64,0.38718021789635504,0.38759108241604684,server_busy_fraction,5,16,fcfs,short_short,2000,workload_seed,0.031067784279889984
poisson,0.03125,0.03125,,piecewise,E4,E4-febc6f65bf64,0.03125,0.03125,batch_slot_occupancy,5,16,fcfs,short_short,2000,workload_seed,0.0
poisson,3.014833824109587,2.8683703582820272,,piecewise,E4,E4-febc6f65bf64,2.941602091195807,2.938349510852049,ttft_p50_ms,5,16,mono,short_short,2000,workload_seed,0.09273618331318342
poisson,5.644527638159752,5.197436965346105,,piecewise,E4,E4-febc6f65bf64,5.416545260995898,5.342083009999986,ttft_p95_ms,5,16,mono,short_short,2000,workload_seed,0.3124490814612034
poisson,7.267977823640906,6.502740981675903,,piecewise,E4,E4-febc6f65bf64,6.861041963294781,6.720852660000121,ttft_p99_ms,5,16,mono,short_short,2000,workload_seed,0.5185666992087091
poisson,1.0852457078439461,0.999518791501977,,piecewise,E4,E4-febc6f65bf64,1.0377710052149638,1.0149071358664574,tpot_p95_ms,5,16,mono,short_short,2000,workload_seed,0.055572416013966626
poisson,1.3364190152599016,1.1267193175629564,,piecewise,E4,E4-febc6f65bf64,1.2333145853182892,1.2721359627757591,tpot_p99_ms,5,16,mono,short_short,2000,workload_seed,0.13623232246709396
poisson,36.1470799985618,34.771560604000015,,piecewise,E4,E4-febc6f65bf64,35.29714202466896,34.95224015222488,e2e_p95_ms,5,16,mono,short_short,2000,workload_seed,0.9360755758326101
poisson,0.8959359999999379,0.8480684999999539,,piecewise,E4,E4-febc6f65bf64,0.8720724999998766,0.8721349999996164,itl_p95_ms,5,16,mono,short_short,2000,workload_seed,0.028249223551280928
poisson,2.868742039000211,2.6553556320000418,,piecewise,E4,E4-febc6f65bf64,2.769107767000116,2.8506208950000813,itl_p99_ms,5,16,mono,short_short,2000,workload_seed,0.13593923954541764
poisson,18.940120169041126,16.937176482082172,,piecewise,E4,E4-febc6f65bf64,17.90686526744695,18.21496090670911,request_throughput_rps,5,16,mono,short_short,2000,workload_seed,1.3166259512181024
poisson,472.4964180669678,416.5039440554224,,piecewise,E4,E4-febc6f65bf64,442.5475517492384,442.56662828019785,output_token_throughput_tps,5,16,mono,short_short,2000,workload_seed,35.47993168359636
poisson,18.885222050562206,16.857764500580394,,piecewise,E4,E4-febc6f65bf64,17.83337319855541,18.14153340326103,observed_request_throughput_rps,5,16,mono,short_short,2000,workload_seed,1.3275920542580322
poisson,0.5886876034131203,0.5569079547021231,,piecewise,E4,E4-febc6f65bf64,0.5727906220522094,0.5717518743128498,iteration_cv,5,16,mono,short_short,2000,workload_seed,0.021476661423717437
poisson,4.403530859665625,2.9101288631885835,,piecewise,E4,E4-febc6f65bf64,3.6954414672033638,3.7823866579028618,max_wait_ms,5,16,mono,short_short,2000,workload_seed,1.004349170594744
poisson,0.0,0.0,,piecewise,E4,E4-febc6f65bf64,0.0,0.0,starvation_proxy_count,5,16,mono,short_short,2000,workload_seed,0.0
poisson,0.9999998135831252,0.999999592066507,,piecewise,E4,E4-febc6f65bf64,0.9999997034137857,0.9999997598845642,waiting_satisfaction_jain,5,16,mono,short_short,2000,workload_seed,1.495337226123711e-07
poisson,5.516860657446259,5.029284865461426,,piecewise,E4,E4-febc6f65bf64,5.274815817560706,5.300440196008684,short_prompt_ttft_p95_ms,5,16,mono,short_short,2000,workload_seed,0.30393340351731307
poisson,3.7032034000000005,1.0234885699999996,,piecewise,E4,E4-febc6f65bf64,2.3597574900000002,1.9553228500000004,primer_max_itl_ms,5,16,mono,short_short,2000,workload_seed,1.6988978258858605
poisson,1.0,1.0,,piecewise,E4,E4-febc6f65bf64,1.0,1.0,backlog_at_arrival_end,5,16,mono,short_short,2000,workload_seed,0.0
poisson,0.3459528890221302,0.31368027659958064,,piecewise,E4,E4-febc6f65bf64,0.32846818588450244,0.3197906121002197,server_busy_fraction,5,16,mono,short_short,2000,workload_seed,0.021054243585397616
poisson,0.04032996087849235,0.03818258737061349,,piecewise,E4,E4-febc6f65bf64,0.03923000784302862,0.03883413531590423,batch_slot_occupancy,5,16,mono,short_short,2000,workload_seed,0.0014453003237079626
head_of_line,308.55060000000026,299.4706,,analytical,E5,E5-78d585594dd1,304.0046000000001,303.07200000000034,ttft_p50_ms,5,16,chunk_64,mixed,2000,workload_seed,5.930001658937457
head_of_line,452.6227500000003,441.4189900000001,,analytical,E5,E5-78d585594dd1,447.0208700000002,445.19355000000013,ttft_p95_ms,5,16,chunk_64,mixed,2000,workload_seed,7.320021557311217
head_of_line,463.4071920000003,451.8882580000001,,analytical,E5,E5-78d585594dd1,457.71911800000026,454.2154300000002,ttft_p99_ms,5,16,chunk_64,mixed,2000,workload_seed,7.565477850867793
head_of_line,4.149286249999999,4.000666636580086,,analytical,E5,E5-78d585594dd1,4.066244679112552,4.037626190476186,tpot_p95_ms,5,16,chunk_64,mixed,2000,workload_seed,0.09733557139393574
head_of_line,4.311180160256407,4.0831521210714286,,analytical,E5,E5-78d585594dd1,4.188094381135529,4.109229285714277,tpot_p99_ms,5,16,chunk_64,mixed,2000,workload_seed,0.1469427609359385
head_of_line,485.9959200000003,477.9492800000003,,analytical,E5,E5-78d585594dd1,482.24392000000023,481.5214000000002,e2e_p95_ms,5,16,chunk_64,mixed,2000,workload_seed,5.364912870867571
head_of_line,4.619000000000028,4.495940000000013,,analytical,E5,E5-78d585594dd1,4.565980000000019,4.619000000000028,itl_p95_ms,5,16,chunk_64,mixed,2000,workload_seed,0.07858817977279682
head_of_line,5.043999999999994,4.679200000000026,,analytical,E5,E5-78d585594dd1,4.861000000000013,4.920000000000016,itl_p99_ms,5,16,chunk_64,mixed,2000,workload_seed,0.2539911415777913
head_of_line,130.75007749279106,128.65969856790082,,analytical,E5,E5-78d585594dd1,129.6590193069381,129.80980834798765,request_throughput_rps,5,16,chunk_64,mixed,2000,workload_seed,1.4105358276617916
head_of_line,2241.652411106016,2230.864934044715,,analytical,E5,E5-78d585594dd1,2236.3734546202913,2236.95432257329,output_token_throughput_tps,5,16,chunk_64,mixed,2000,workload_seed,7.11885491712172
head_of_line,0.0,0.0,,analytical,E5,E5-78d585594dd1,0.0,0.0,observed_request_throughput_rps,5,16,chunk_64,mixed,2000,workload_seed,0.0
head_of_line,0.5443711272618009,0.5138109702128633,,analytical,E5,E5-78d585594dd1,0.5282678044550515,0.5223249268314153,iteration_cv,5,16,chunk_64,mixed,2000,workload_seed,0.019320953541661672
head_of_line,462.1300000000003,449.9000000000002,,analytical,E5,E5-78d585594dd1,456.0350000000002,452.8060000000002,max_wait_ms,5,16,chunk_64,mixed,2000,workload_seed,7.9438501685266765
head_of_line,0.0,0.0,,analytical,E5,E5-78d585594dd1,0.0,0.0,starvation_proxy_count,5,16,chunk_64,mixed,2000,workload_seed,0.0
head_of_line,0.9934755582279673,0.9931395319509022,,analytical,E5,E5-78d585594dd1,0.9932925505882849,0.993195247438113,waiting_satisfaction_jain,5,16,chunk_64,mixed,2000,workload_seed,0.00022330434206519102
head_of_line,452.98730000000035,441.6894600000002,,analytical,E5,E5-78d585594dd1,447.33838000000026,445.5157000000002,short_prompt_ttft_p95_ms,5,16,chunk_64,mixed,2000,workload_seed,7.362977577855375
head_of_line,181.3170000000001,181.3170000000001,,analytical,E5,E5-78d585594dd1,181.3170000000001,181.3170000000001,long_prompt_ttft_p95_ms,5,16,chunk_64,mixed,2000,workload_seed,0.0
head_of_line,1.4750000000000014,1.4750000000000014,,analytical,E5,E5-78d585594dd1,1.4750000000000014,1.4750000000000014,primer_max_itl_ms,5,16,chunk_64,mixed,2000,workload_seed,0.0
head_of_line,64.0,64.0,,analytical,E5,E5-78d585594dd1,64.0,64.0,backlog_at_arrival_end,5,16,chunk_64,mixed,2000,workload_seed,0.0
head_of_line,0.9999999999999998,0.9999999999999994,,analytical,E5,E5-78d585594dd1,0.9999999999999997,0.9999999999999996,server_busy_fraction,5,16,chunk_64,mixed,2000,workload_seed,2.5316980181136773e-16
head_of_line,0.24242560701296684,0.23326638576921757,,analytical,E5,E5-78d585594dd1,0.2373379367597165,0.23629886675803624,batch_slot_occupancy,5,16,chunk_64,mixed,2000,workload_seed,0.0059237740101737695
head_of_line,166.49419999999995,156.3799,,analytical,E5,E5-78d585594dd1,161.61289999999994,165.31199999999993,ttft_p50_ms,5,16,chunk_64_aging,mixed,2000,workload_seed,6.4940719256103066
head_of_line,292.12352999999996,285.76597375,,analytical,E5,E5-78d585594dd1,288.9455999999999,288.3419500000001,ttft_p95_ms,5,16,chunk_64_aging,mixed,2000,workload_seed,4.249554386785727
head_of_line,375.04044600000003,367.15423599999997,,analytical,E5,E5-78d585594dd1,371.454774,373.01686999999987,ttft_p99_ms,5,16,chunk_64_aging,mixed,2000,workload_seed,5.010203136199179
head_of_line,4.609872474358978,4.4167689344968775,,analytical,E5,E5-78d585594dd1,4.505981372225818,4.461455203619918,tpot_p95_ms,5,16,chunk_64_aging,mixed,2000,workload_seed,0.12158933555218207
head_of_line,4.721493633333343,4.564563000000005,,analytical,E5,E5-78d585594dd1,4.643028316666674,4.61711500000001,tpot_p99_ms,5,16,chunk_64_aging,mixed,2000,workload_seed,0.10077849627841462
head_of_line,353.80100000000016,343.2123800000001,,analytical,E5,E5-78d585594dd1,348.74476000000016,348.7986,e2e_p95_ms,5,16,chunk_64_aging,mixed,2000,workload_seed,6.941651107121433
head_of_line,5.104199999999986,4.9199999999999875,,analytical,E5,E5-78d585594dd1,4.981399999999991,4.9199999999999875,itl_p95_ms,5,16,chunk_64_aging,mixed,2000,workload_seed,0.1372945738184785
head_of_line,5.5400000000000205,5.289599999999984,,analytical,E5,E5-78d585594dd1,5.414800000000002,5.5400000000000205,itl_p99_ms,5,16,chunk_64_aging,mixed,2000,workload_seed,0.17143716049914165
head_of_line,129.70385574147247,127.46819075770205,,analytical,E5,E5-78d585594dd1,128.58778235113428,128.78792452222666,request_throughput_rps,5,16,chunk_64_aging,mixed,2000,workload_seed,1.3919456921992157
head_of_line,2223.3850512198865,2212.4115891034407,,analytical,E5,E5-78d585594dd1,2217.898320161664,2219.1261814792124,output_token_throughput_tps,5,16,chunk_64_aging,mixed,2000,workload_seed,7.2997414138518755
head_of_line,0.0,0.0,,analytical,E5,E5-78d585594dd1,0.0,0.0,observed_request_throughput_rps,5,16,chunk_64_aging,mixed,2000,workload_seed,0.0
head_of_line,0.592813624790258,0.5747214884042606,,analytical,E5,E5-78d585594dd1,0.5829582612627512,0.5797488173717648,iteration_cv,5,16,chunk_64_aging,mixed,2000,workload_seed,0.011872684322700694
head_of_line,222.522,212.21939999999995,,analytical,E5,E5-78d585594dd1,217.50759999999997,215.547,max_wait_ms,5,16,chunk_64_aging,mixed,2000,workload_seed,7.150125054850436
head_of_line,0.0,0.0,,analytical,E5,E5-78d585594dd1,0.0,0.0,starvation_proxy_count,5,16,chunk_64_aging,mixed,2000,workload_seed,0.0
head_of_line,0.9966301888384793,0.9963846979705459,,analytical,E5,E5-78d585594dd1,0.9965074434045125,0.9965282903081135,waiting_satisfaction_jain,5,16,chunk_64_aging,mixed,2000,workload_seed,0.00016080174177635979
head_of_line,288.0323199999999,281.9422659999999,,analytical,E5,E5-78d585594dd1,285.05815999999993,284.3888000000001,short_prompt_ttft_p95_ms,5,16,chunk_64_aging,mixed,2000,workload_seed,4.1238325533415985
head_of_line,498.86120000000136,490.1978000000013,,analytical,E5,E5-78d585594dd1,494.5002000000013,493.68000000000137,long_prompt_ttft_p95_ms,5,16,chunk_64_aging,mixed,2000,workload_seed,5.3964367132395985
head_of_line,5.5400000000000205,5.289599999999984,,analytical,E5,E5-78d585594dd1,5.414800000000002,5.5400000000000205,primer_max_itl_ms,5,16,chunk_64_aging,mixed,2000,workload_seed,0.17143716049914165
head_of_line,64.0,64.0,,analytical,E5,E5-78d585594dd1,64.0,64.0,backlog_at_arrival_end,5,16,chunk_64_aging,mixed,2000,workload_seed,0.0
head_of_line,0.9999999999999977,0.9999999999999976,,analytical,E5,E5-78d585594dd1,0.9999999999999977,0.9999999999999977,server_busy_fraction,5,16,chunk_64_aging,mixed,2000,workload_seed,1.447553722489536e-16
head_of_line,0.273350815744139,0.26769236858399076,,analytical,E5,E5-78d585594dd1,0.270998403887099,0.2719461330673857,batch_slot_occupancy,5,16,chunk_64_aging,mixed,2000,workload_seed,0.0037632081037277916
head_of_line,358.26149999999575,349.7687999999963,,analytical,E5,E5-78d585594dd1,353.96439999999603,352.6739999999958,ttft_p50_ms,5,16,fcfs,mixed,2000,workload_seed,5.605367755553321
head_of_line,529.3033999999867,521.0907699999871,,analytical,E5,E5-78d585594dd1,525.4131399999869,525.4920999999869,ttft_p95_ms,5,16,fcfs,mixed,2000,workload_seed,5.453712253181044
head_of_line,543.7674756499857,533.6637063499863,,analytical,E5,E5-78d585594dd1,538.8131039999861,536.6723899999863,ttft_p99_ms,5,16,fcfs,mixed,2000,workload_seed,6.989518201001041
head_of_line,0.3230000000000075,0.3230000000000075,,analytical,E5,E5-78d585594dd1,0.3230000000000075,0.3230000000000075,tpot_p95_ms,5,16,fcfs,mixed,2000,workload_seed,0.0
head_of_line,0.3230000000000075,0.3230000000000075,,analytical,E5,E5-78d585594dd1,0.3230000000000075,0.3230000000000075,tpot_p99_ms,5,16,fcfs,mixed,2000,workload_seed,0.0
head_of_line,534.3283499999864,525.120879999987,,analytical,E5,E5-78d585594dd1,529.8673099999867,529.0289499999867,e2e_p95_ms,5,16,fcfs,mixed,2000,workload_seed,6.17245629150143
head_of_line,0.3230000000000075,0.3230000000000075,,analytical,E5,E5-78d585594dd1,0.3230000000000075,0.3230000000000075,itl_p95_ms,5,16,fcfs,mixed,2000,workload_seed,0.0
head_of_line,0.3230000000000075,0.3230000000000075,,analytical,E5,E5-78d585594dd1,0.3230000000000075,0.3230000000000075,itl_p99_ms,5,16,fcfs,mixed,2000,workload_seed,0.0
head_of_line,116.4617893555106,114.51485010621863,,analytical,E5,E5-78d585594dd1,115.50962466664484,115.68571805583224,request_throughput_rps,5,16,fcfs,mixed,2000,workload_seed,1.295849321581413
head_of_line,1997.3892613889846,1987.4405666354546,,analytical,E5,E5-78d585594dd1,1992.316318327369,1992.699939846421,output_token_throughput_tps,5,16,fcfs,mixed,2000,workload_seed,6.087546739809303
head_of_line,0.0,0.0,,analytical,E5,E5-78d585594dd1,0.0,0.0,observed_request_throughput_rps,5,16,fcfs,mixed,2000,workload_seed,0.0
head_of_line,8.861901694160325,8.795877401607287,,analytical,E5,E5-78d585594dd1,8.831825409339306,8.845216449107753,iteration_cv,5,16,fcfs,mixed,2000,workload_seed,0.04490765704800702
head_of_line,546.9371999999856,536.5177749999862,,analytical,E5,E5-78d585594dd1,541.5691999999859,539.7519999999861,max_wait_ms,5,16,fcfs,mixed,2000,workload_seed,6.934820451893153
head_of_line,0.0,0.0,,analytical,E5,E5-78d585594dd1,0.0,0.0,starvation_proxy_count,5,16,fcfs,mixed,2000,workload_seed,0.0
head_of_line,0.9909919729306175,0.9905810636204286,,analytical,E5,E5-78d585594dd1,0.990783491091926,0.9908150787076626,waiting_satisfaction_jain,5,16,fcfs,mixed,2000,workload_seed,0.0002705482517964785
head_of_line,529.5483999999867,521.4325799999871,,analytical,E5,E5-78d585594dd1,525.739759999987,525.9283999999869,short_prompt_ttft_p95_ms,5,16,fcfs,mixed,2000,workload_seed,5.378308899458774
head_of_line,177.91700000000003,177.91700000000003,,analytical,E5,E5-78d585594dd1,177.91700000000003,177.91700000000003,long_prompt_ttft_p95_ms,5,16,fcfs,mixed,2000,workload_seed,0.0
head_of_line,0.3230000000000004,0.3230000000000004,,analytical,E5,E5-78d585594dd1,0.3230000000000004,0.3230000000000004,primer_max_itl_ms,5,16,fcfs,mixed,2000,workload_seed,0.0
head_of_line,64.0,64.0,,analytical,E5,E5-78d585594dd1,64.0,64.0,backlog_at_arrival_end,5,16,fcfs,mixed,2000,workload_seed,0.0
head_of_line,1.0,1.0,,analytical,E5,E5-78d585594dd1,1.0,1.0,server_busy_fraction,5,16,fcfs,mixed,2000,workload_seed,0.0
head_of_line,0.03125,0.03125,,analytical,E5,E5-78d585594dd1,0.03125,0.03125,batch_slot_occupancy,5,16,fcfs,mixed,2000,workload_seed,0.0
head_of_line,273.9803999999999,267.57499999999993,,analytical,E5,E5-78d585594dd1,270.8170999999999,271.9999999999999,ttft_p50_ms,5,16,mono,mixed,2000,workload_seed,4.109621399837233
head_of_line,434.75582999999995,426.0056699999999,,analytical,E5,E5-78d585594dd1,430.3807499999999,428.4407499999999,ttft_p95_ms,5,16,mono,mixed,2000,workload_seed,5.9891971965156285
head_of_line,447.860614,437.8972259999999,,analytical,E5,E5-78d585594dd1,442.91619999999995,440.41946999999993,ttft_p99_ms,5,16,mono,mixed,2000,workload_seed,6.485392051476223
head_of_line,6.058929047619047,5.719833730957763,,analytical,E5,E5-78d585594dd1,5.904913242862529,5.941019047619048,tpot_p95_ms,5,16,mono,mixed,2000,workload_seed,0.22278167856573539
head_of_line,6.155811139141411,5.890887096969696,,analytical,E5,E5-78d585594dd1,6.026051727195026,6.005952307692308,tpot_p99_ms,5,16,mono,mixed,2000,workload_seed,0.17987400619897576
head_of_line,486.8194,476.1117599999999,,analytical,E5,E5-78d585594dd1,481.48167999999987,480.6334,e2e_p95_ms,5,16,mono,mixed,2000,workload_seed,6.820806171707348
head_of_line,6.604399999999987,6.3344000000000165,,analytical,E5,E5-78d585594dd1,6.4928,6.543999999999983,itl_p95_ms,5,16,mono,mixed,2000,workload_seed,0.1803654623257847
head_of_line,6.913200000000006,6.6916000000000055,,analytical,E5,E5-78d585594dd1,6.798800000000005,6.742000000000019,itl_p99_ms,5,16,mono,mixed,2000,workload_seed,0.14361302169371382
head_of_line,130.30079699493865,128.1350042445029,,analytical,E5,E5-78d585594dd1,129.225009971702,129.6893332549795,request_throughput_rps,5,16,mono,mixed,2000,workload_seed,1.5203611599267504
head_of_line,2236.2179376435965,2222.740072460469,,analytical,E5,E5-78d585594dd1,2228.8744489432975,2228.345610524118,output_token_throughput_tps,5,16,mono,mixed,2000,workload_seed,8.814739805104432
head_of_line,0.0,0.0,,analytical,E5,E5-78d585594dd1,0.0,0.0,observed_request_throughput_rps,5,16,mono,mixed,2000,workload_seed,0.0
head_of_line,2.890141780762875,2.8404566628143177,,analytical,E5,E5-78d585594dd1,2.8654910114291705,2.8732044520528657,iteration_cv,5,16,mono,mixed,2000,workload_seed,0.03416690510315813
head_of_line,445.94680000000005,436.1137999999999,,analytical,E5,E5-78d585594dd1,441.0476,438.56899999999996,max_wait_ms,5,16,mono,mixed,2000,workload_seed,6.412355947699804
head_of_line,0.0,0.0,,analytical,E5,E5-78d585594dd1,0.0,0.0,starvation_proxy_count,5,16,mono,mixed,2000,workload_seed,0.0
head_of_line,0.9932649814769142,0.9929178855139495,,analytical,E5,E5-78d585594dd1,0.9930901473211243,0.993090420889457,waiting_satisfaction_jain,5,16,mono,mixed,2000,workload_seed,0.00022768089175541535
head_of_line,435.04522,426.2753799999999,,analytical,E5,E5-78d585594dd1,430.6602999999999,428.72049999999996,short_prompt_ttft_p95_ms,5,16,mono,mixed,2000,workload_seed,5.990567628781145
head_of_line,148.10099999999997,148.10099999999997,,analytical,E5,E5-78d585594dd1,148.10099999999997,148.10099999999997,long_prompt_ttft_p95_ms,5,16,mono,mixed,2000,workload_seed,0.0
head_of_line,147.77899999999997,147.77899999999997,,analytical,E5,E5-78d585594dd1,147.77899999999997,147.77899999999997,primer_max_itl_ms,5,16,mono,mixed,2000,workload_seed,0.0
head_of_line,64.0,64.0,,analytical,E5,E5-78d585594dd1,64.0,64.0,backlog_at_arrival_end,5,16,mono,mixed,2000,workload_seed,0.0
head_of_line,1.0,1.0,,analytical,E5,E5-78d585594dd1,1.0,1.0,server_busy_fraction,5,16,mono,mixed,2000,workload_seed,0.0
head_of_line,0.36024727602219253,0.3490007336057645,,analytical,E5,E5-78d585594dd1,0.3543893070726617,0.3518082370724527,batch_slot_occupancy,5,16,mono,mixed,2000,workload_seed,0.007287419492244359
head_of_line,332.9852532075,326.894261795,,piecewise,E5,E5-e2753f3e6ed1,330.1223585475,330.93226133750017,ttft_p50_ms,5,16,chunk_64,mixed,2000,workload_seed,3.9630555388718567
head_of_line,404.6101044454998,399.1369109875,,piecewise,E5,E5-e2753f3e6ed1,402.03389854424995,403.41503655249994,ttft_p95_ms,5,16,chunk_64,mixed,2000,workload_seed,3.4923515055721666
head_of_line,410.44111146510005,404.51599397135,,piecewise,E5,E5-e2753f3e6ed1,407.48269959989995,407.89659946499995,ttft_p99_ms,5,16,chunk_64,mixed,2000,workload_seed,3.856497515816388
head_of_line,1.9587035791090144,1.923624200801882,,piecewise,E5,E5-e2753f3e6ed1,1.9416271932376439,1.9457094229265863,tpot_p95_ms,5,16,chunk_64,mixed,2000,workload_seed,0.02340407835621088
head_of_line,2.022197291199995,1.9931871841599988,,piecewise,E5,E5-e2753f3e6ed1,2.0085480740999975,2.011172622749998,tpot_p99_ms,5,16,chunk_64,mixed,2000,workload_seed,0.018439006792293596
head_of_line,423.73960773924995,417.53392382000004,,piecewise,E5,E5-e2753f3e6ed1,420.37911812999994,417.89837120000004,e2e_p95_ms,5,16,chunk_64,mixed,2000,workload_seed,4.005856612680705
head_of_line,2.3912602500000046,2.3671661500000134,,piecewise,E5,E5-e2753f3e6ed1,2.379213250000009,2.3910992500000248,itl_p95_ms,5,16,chunk_64,mixed,2000,workload_seed,0.016460133310325597
head_of_line,2.4332947500000044,2.3972727500000017,,piecewise,E5,E5-e2753f3e6ed1,2.4152784999999994,2.4212517500000104,itl_p99_ms,5,16,chunk_64,mixed,2000,workload_seed,0.02509924735238836
head_of_line,147.74431231117674,146.23247671424318,,piecewise,E5,E5-e2753f3e6ed1,147.1458748778066,147.5667875757678,request_throughput_rps,5,16,chunk_64,mixed,2000,workload_seed,1.0366146396711744
head_of_line,2550.693147412455,2520.3702401058,,piecewise,E5,E5-e2753f3e6ed1,2538.107734864471,2547.862683993394,output_token_throughput_tps,5,16,chunk_64,mixed,2000,workload_seed,19.410716078347996
head_of_line,0.0,0.0,,piecewise,E5,E5-e2753f3e6ed1,0.0,0.0,observed_request_throughput_rps,5,16,chunk_64,mixed,2000,workload_seed,0.0
head_of_line,0.22237364183895503,0.21265893890686258,,piecewise,E5,E5-e2753f3e6ed1,0.2172175270236456,0.21619933118880083,iteration_cv,5,16,chunk_64,mixed,2000,workload_seed,0.006142970011345577
head_of_line,409.78320540000004,403.36822469500004,,piecewise,E5,E5-e2753f3e6ed1,406.62381766,407.00620564999997,max_wait_ms,5,16,chunk_64,mixed,2000,workload_seed,4.103160314403388
head_of_line,0.0,0.0,,piecewise,E5,E5-e2753f3e6ed1,0.0,0.0,starvation_proxy_count,5,16,chunk_64,mixed,2000,workload_seed,0.0
head_of_line,0.9958041744411764,0.9956642693833956,,piecewise,E5,E5-e2753f3e6ed1,0.9957351680914224,0.995725154073861,waiting_satisfaction_jain,5,16,chunk_64,mixed,2000,workload_seed,8.727548715042008e-05
head_of_line,404.7943064669999,399.29852895500005,,piecewise,E5,E5-e2753f3e6ed1,402.1951199245,403.59816833499997,short_prompt_ttft_p95_ms,5,16,chunk_64,mixed,2000,workload_seed,3.514858709593967
head_of_line,257.3154056,257.3154056,,piecewise,E5,E5-e2753f3e6ed1,257.3154056,257.3154056,long_prompt_ttft_p95_ms,5,16,chunk_64,mixed,2000,workload_seed,0.0
head_of_line,2.068869150000012,2.068869150000012,,piecewise,E5,E5-e2753f3e6ed1,2.068869150000012,2.068869150000012,primer_max_itl_ms,5,16,chunk_64,mixed,2000,workload_seed,0.0
head_of_line,64.0,64.0,,piecewise,E5,E5-e2753f3e6ed1,64.0,64.0,backlog_at_arrival_end,5,16,chunk_64,mixed,2000,workload_seed,0.0
head_of_line,1.0,1.0,,piecewise,E5,E5-e2753f3e6ed1,1.0,1.0,server_busy_fraction,5,16,chunk_64,mixed,2000,workload_seed,4.965068306494546e-17
head_of_line,0.16487917293051726,0.16035630830474482,,piecewise,E5,E5-e2753f3e6ed1,0.16261774061763104,0.16152022453202683,batch_slot_occupancy,5,16,chunk_64,mixed,2000,workload_seed,0.002988290134923105
head_of_line,106.65588998749999,100.07963865999999,,piecewise,E5,E5-e2753f3e6ed1,103.14347946749999,100.91051739999999,ttft_p50_ms,5,16,chunk_64_aging,mixed,2000,workload_seed,4.161276147889066
head_of_line,159.71680414724997,154.58852128349994,,piecewise,E5,E5-e2753f3e6ed1,157.06282945349997,156.68095824999995,ttft_p95_ms,5,16,chunk_64_aging,mixed,2000,workload_seed,3.323844271975936
head_of_line,254.88939400359936,249.26996793499933,,piecewise,E5,E5-e2753f3e6ed1,252.07968096929935,251.69562119999938,ttft_p99_ms,5,16,chunk_64_aging,mixed,2000,workload_seed,3.6295789432108494
head_of_line,2.184375422069697,2.148671416969291,,piecewise,E5,E5-e2753f3e6ed1,2.166523419519494,2.170185983541671,tpot_p95_ms,5,16,chunk_64_aging,mixed,2000,workload_seed,0.022443151409142253
head_of_line,2.288667028744872,2.2254271005615403,,piecewise,E5,E5-e2753f3e6ed1,2.252101990060745,2.2461671978571407,tpot_p99_ms,5,16,chunk_64_aging,mixed,2000,workload_seed,0.04220864521375725
head_of_line,197.23338774299992,189.44952682099998,,piecewise,E5,E5-e2753f3e6ed1,193.34145728199996,192.34274375500001,e2e_p95_ms,5,16,chunk_64_aging,mixed,2000,workload_seed,5.125965207209703
head_of_line,2.4404511199999943,2.423699409999995,,piecewise,E5,E5-e2753f3e6ed1,2.4294453199999966,2.4242630999999903,itl_p95_ms,5,16,chunk_64_aging,mixed,2000,workload_seed,0.01226749798418557
head_of_line,2.483404310000003,2.4593318100000032,,piecewise,E5,E5-e2753f3e6ed1,2.471368060000003,2.482353450000005,itl_p99_ms,5,16,chunk_64_aging,mixed,2000,workload_seed,0.016253051839823927
head_of_line,155.21804048943918,153.3368749550769,,piecewise,E5,E5-e2753f3e6ed1,154.32559036342064,154.374749725515,request_throughput_rps,5,16,chunk_64_aging,mixed,2000,workload_seed,1.2715188510655473
head_of_line,2677.59501606882,2644.8647998001484,,piecewise,E5,E5-e2753f3e6ed1,2661.933971297359,2670.2007491585173,output_token_throughput_tps,5,16,chunk_64_aging,mixed,2000,workload_seed,20.920629180485047
head_of_line,0.0,0.0,,piecewise,E5,E5-e2753f3e6ed1,0.0,0.0,observed_request_throughput_rps,5,16,chunk_64_aging,mixed,2000,workload_seed,0.0
head_of_line,0.18035219510857714,0.17512603606134786,,piecewise,E5,E5-e2753f3e6ed1,0.1780850988775445,0.17901967409027852,iteration_cv,5,16,chunk_64_aging,mixed,2000,workload_seed,0.0035330700033622394
head_of_line,131.462045255,125.09510851999997,,piecewise,E5,E5-e2753f3e6ed1,128.46806981999998,128.91659662499998,max_wait_ms,5,16,chunk_64_aging,mixed,2000,workload_seed,4.1218213687134675
head_of_line,0.0,0.0,,piecewise,E5,E5-e2753f3e6ed1,0.0,0.0,starvation_proxy_count,5,16,chunk_64_aging,mixed,2000,workload_seed,0.0
head_of_line,0.9987712503798033,0.9986731083251383,,piecewise,E5,E5-e2753f3e6ed1,0.9987319180915545,0.9987589191045863,waiting_satisfaction_jain,5,16,chunk_64_aging,mixed,2000,workload_seed,6.797236322048938e-05
head_of_line,158.59690121147494,153.56898332849997,,piecewise,E5,E5-e2753f3e6ed1,155.91609802149998,155.28680349249996,short_prompt_ttft_p95_ms,5,16,chunk_64_aging,mixed,2000,workload_seed,3.220580113450812
head_of_line,410.59473404500005,405.50974523,,piecewise,E5,E5-e2753f3e6ed1,407.913405555,407.75871090000004,long_prompt_ttft_p95_ms,5,16,chunk_64_aging,mixed,2000,workload_seed,3.434030310474173
head_of_line,2.483404310000003,2.4593318100000032,,piecewise,E5,E5-e2753f3e6ed1,2.471368060000003,2.482353450000005,primer_max_itl_ms,5,16,chunk_64_aging,mixed,2000,workload_seed,0.016253051839823927
head_of_line,64.0,64.0,,piecewise,E5,E5-e2753f3e6ed1,64.0,64.0,backlog_at_arrival_end,5,16,chunk_64_aging,mixed,2000,workload_seed,0.0
head_of_line,1.0,1.0,,piecewise,E5,E5-e2753f3e6ed1,1.0,1.0,server_busy_fraction,5,16,chunk_64_aging,mixed,2000,workload_seed,0.0
head_of_line,0.17950554151234716,0.17579615424360817,,piecewise,E5,E5-e2753f3e6ed1,0.17769657088105645,0.17817148637314945,batch_slot_occupancy,5,16,chunk_64_aging,mixed,2000,workload_seed,0.002453523251567974
head_of_line,576.5560814200007,557.3823279600006,,piecewise,E5,E5-e2753f3e6ed1,566.9692046900007,567.5541685000005,ttft_p50_ms,5,16,fcfs,mixed,2000,workload_seed,12.654526854306992
head_of_line,967.5887139810014,949.3369881060016,,piecewise,E5,E5-e2753f3e6ed1,959.4321136190016,960.0571470250011,ttft_p95_ms,5,16,fcfs,mixed,2000,workload_seed,12.177396242999915
head_of_line,1001.1667231964018,978.9545463100019,,piecewise,E5,E5-e2753f3e6ed1,990.1684560430016,985.3920985610011,ttft_p99_ms,5,16,fcfs,mixed,2000,workload_seed,15.258625965339405
head_of_line,0.7905121499999999,0.7904978250000017,,piecewise,E5,E5-e2753f3e6ed1,0.7905041000000009,0.7905017500000021,tpot_p95_ms,5,16,fcfs,mixed,2000,workload_seed,9.031801452956345e-06
head_of_line,0.8054961850000011,0.8054851600000024,,piecewise,E5,E5-e2753f3e6ed1,0.8054914600000019,0.8054933500000024,tpot_p99_ms,5,16,fcfs,mixed,2000,workload_seed,7.251844592403749e-06
head_of_line,979.9422384190015,959.0661482060017,,piecewise,E5,E5-e2753f3e6ed1,970.3321293690017,968.7123780250012,e2e_p95_ms,5,16,fcfs,mixed,2000,workload_seed,13.992779578541827
head_of_line,0.7905299999999897,0.790520000000015,,piecewise,E5,E5-e2753f3e6ed1,0.7905259999999998,0.7905299999999897,itl_p95_ms,5,16,fcfs,mixed,2000,workload_seed,6.519202388743245e-06
head_of_line,0.7906186600000036,0.7906175800000034,,piecewise,E5,E5-e2753f3e6ed1,0.7906180500000035,0.7906179000000034,itl_p99_ms,5,16,fcfs,mixed,2000,workload_seed,7.088723441501326e-07
head_of_line,63.59497327783106,62.34780350227986,,piecewise,E5,E5-e2753f3e6ed1,62.95564142865295,62.9609742946807,request_throughput_rps,5,16,fcfs,mixed,2000,workload_seed,0.8306958919780065
head_of_line,1087.5510605622214,1084.4964725234015,,piecewise,E5,E5-e2753f3e6ed1,1085.8388224042042,1085.7401229776942,output_token_throughput_tps,5,16,fcfs,mixed,2000,workload_seed,1.9954919831170883
head_of_line,0.0,0.0,,piecewise,E5,E5-e2753f3e6ed1,0.0,0.0,observed_request_throughput_rps,5,16,fcfs,mixed,2000,workload_seed,0.0
head_of_line,2.918005732213579,2.8887474580527033,,piecewise,E5,E5-e2753f3e6ed1,2.904037773140126,2.9079489227768485,iteration_cv,5,16,fcfs,mixed,2000,workload_seed,0.019355498475737143
head_of_line,1008.3535126200019,986.4701994475018,,piecewise,E5,E5-e2753f3e6ed1,997.3375749000018,993.3123388000013,max_wait_ms,5,16,fcfs,mixed,2000,workload_seed,14.854501944600777
head_of_line,0.8,0.0,,piecewise,E5,E5-e2753f3e6ed1,0.4,0.0,starvation_proxy_count,5,16,fcfs,mixed,2000,workload_seed,0.5477225575051661
head_of_line,0.9704891183465378,0.9689354999420399,,piecewise,E5,E5-e2753f3e6ed1,0.9697087986081678,0.9696892296460886,waiting_satisfaction_jain,5,16,fcfs,mixed,2000,workload_seed,0.0009536332512139376
head_of_line,968.1048831140015,950.1475996640017,,piecewise,E5,E5-e2753f3e6ed1,960.1667203860015,961.0465332500012,short_prompt_ttft_p95_ms,5,16,fcfs,mixed,2000,workload_seed,11.988267051728775
head_of_line,164.5039056,164.5039056,,piecewise,E5,E5-e2753f3e6ed1,164.5039056,164.5039056,long_prompt_ttft_p95_ms,5,16,fcfs,mixed,2000,workload_seed,0.0
head_of_line,0.7906349999999946,0.7906349999999946,,piecewise,E5,E5-e2753f3e6ed1,0.7906349999999946,0.7906349999999946,primer_max_itl_ms,5,16,fcfs,mixed,2000,workload_seed,0.0
head_of_line,64.0,64.0,,piecewise,E5,E5-e2753f3e6ed1,64.0,64.0,backlog_at_arrival_end,5,16,fcfs,mixed,2000,workload_seed,0.0
head_of_line,0.9999999999999986,0.9999999999999982,,piecewise,E5,E5-e2753f3e6ed1,0.9999999999999984,0.9999999999999984,server_busy_fraction,5,16,fcfs,mixed,2000,workload_seed,3.563106817568154e-16
head_of_line,0.03125,0.03125,,piecewise,E5,E5-e2753f3e6ed1,0.03125,0.03125,batch_slot_occupancy,5,16,fcfs,mixed,2000,workload_seed,0.0
head_of_line,155.6226160575,151.223814365,,piecewise,E5,E5-e2753f3e6ed1,153.59749065750003,154.4255163875,ttft_p50_ms,5,16,mono,mixed,2000,workload_seed,2.8923826354613604
head_of_line,221.37906596375007,217.2011160185,,piecewise,E5,E5-e2753f3e6ed1,219.30038433625003,218.54509157500004,ttft_p95_ms,5,16,mono,mixed,2000,workload_seed,2.7609699227793656
head_of_line,226.85788257325007,222.24132454825,,piecewise,E5,E5-e2753f3e6ed1,224.54960356075003,223.51272163875004,ttft_p99_ms,5,16,mono,mixed,2000,workload_seed,3.0717117983450333
head_of_line,2.6478344574282304,2.5028860952424123,,piecewise,E5,E5-e2753f3e6ed1,2.5662883383181327,2.546080463347355,tpot_p95_ms,5,16,mono,mixed,2000,workload_seed,0.09041245324584685
head_of_line,2.7165190761068545,2.642803730668754,,piecewise,E5,E5-e2753f3e6ed1,2.6765939950245725,2.66500249911483,tpot_p99_ms,5,16,mono,mixed,2000,workload_seed,0.04754995222586413
head_of_line,245.7949740600001,239.42848928000004,,piecewise,E5,E5-e2753f3e6ed1,242.21958979000004,241.01493805,e2e_p95_ms,5,16,mono,mixed,2000,workload_seed,4.1284256031351205
head_of_line,3.234892430000002,3.11872965,,piecewise,E5,E5-e2753f3e6ed1,3.1768110400000014,3.1768582500000093,itl_p95_ms,5,16,mono,mixed,2000,workload_seed,0.07518154131909963
head_of_line,3.341815349999996,3.2898188499999947,,piecewise,E5,E5-e2753f3e6ed1,3.316854799999999,3.321847749999989,itl_p99_ms,5,16,mono,mixed,2000,workload_seed,0.03375085005753887
head_of_line,244.9009600393959,241.0032959667422,,piecewise,E5,E5-e2753f3e6ed1,242.97884771855433,243.97553614984514,request_throughput_rps,5,16,mono,mixed,2000,workload_seed,2.640296559589107
head_of_line,4215.020103360394,4170.285171768662,,piecewise,E5,E5-e2753f3e6ed1,4190.98822417386,4189.517409823122,output_token_throughput_tps,5,16,mono,mixed,2000,workload_seed,28.739431793442545
head_of_line,0.0,0.0,,piecewise,E5,E5-e2753f3e6ed1,0.0,0.0,observed_request_throughput_rps,5,16,mono,mixed,2000,workload_seed,0.0
head_of_line,3.2842358593752636,3.2311033521472567,,piecewise,E5,E5-e2753f3e6ed1,3.2581701521925743,3.271966040361446,iteration_cv,5,16,mono,mixed,2000,workload_seed,0.035998649955153755
head_of_line,226.0557939850001,221.40044534500004,,piecewise,E5,E5-e2753f3e6ed1,223.72811966500004,222.76055487500005,max_wait_ms,5,16,mono,mixed,2000,workload_seed,3.133815289222963
head_of_line,0.0,0.0,,piecewise,E5,E5-e2753f3e6ed1,0.0,0.0,starvation_proxy_count,5,16,mono,mixed,2000,workload_seed,0.0
head_of_line,0.9981996227949113,0.9981027903675417,,piecewise,E5,E5-e2753f3e6ed1,0.9981495751843529,0.9981676645047496,waiting_satisfaction_jain,5,16,mono,mixed,2000,workload_seed,6.709935010645608e-05
head_of_line,221.51377746750003,217.32155418400004,,piecewise,E5,E5-e2753f3e6ed1,219.43424568250003,218.69517667500006,short_prompt_ttft_p95_ms,5,16,mono,mixed,2000,workload_seed,2.769721508723026
head_of_line,89.59594685,89.59594685,,piecewise,E5,E5-e2753f3e6ed1,89.59594685,89.59594685,long_prompt_ttft_p95_ms,5,16,mono,mixed,2000,workload_seed,0.0
head_of_line,89.54589405,89.54589405,,piecewise,E5,E5-e2753f3e6ed1,89.54589405,89.54589405,primer_max_itl_ms,5,16,mono,mixed,2000,workload_seed,0.0
head_of_line,64.0,64.0,,piecewise,E5,E5-e2753f3e6ed1,64.0,64.0,backlog_at_arrival_end,5,16,mono,mixed,2000,workload_seed,0.0
head_of_line,1.0,0.9999999999999997,,piecewise,E5,E5-e2753f3e6ed1,0.9999999999999998,0.9999999999999998,server_busy_fraction,5,16,mono,mixed,2000,workload_seed,2.7194799110210365e-16
head_of_line,0.3079553489123572,0.29850021563136275,,piecewise,E5,E5-e2753f3e6ed1,0.3033162444152786,0.3014824526764107,batch_slot_occupancy,5,16,mono,mixed,2000,workload_seed,0.006118539530988508
burst,299.80820000000205,223.42690000001548,,analytical,E6,E6-2cbf13889343,258.57370000000674,244.80550000001028,ttft_p50_ms,5,16,chunk_512,mixed,2000,workload_seed,48.45838663300759
burst,747.7240300000019,563.3665599999946,,analytical,E6,E6-2cbf13889343,655.2635600000002,670.7419999999864,ttft_p95_ms,5,16,chunk_512,mixed,2000,workload_seed,120.70863841787173
burst,898.6558939999904,707.3153659999973,,analytical,E6,E6-2cbf13889343,794.0660639999976,789.6649600000337,ttft_p99_ms,5,16,chunk_512,mixed,2000,workload_seed,121.09128467906409
burst,12.937309807692344,10.465166305555563,,analytical,E6,E6-2cbf13889343,11.486381035103827,11.141681388888804,tpot_p95_ms,5,16,chunk_512,mixed,2000,workload_seed,1.604753967346745
burst,14.837317366260264,11.798732664210673,,analytical,E6,E6-2cbf13889343,12.951256895858288,12.11594050000014,tpot_p99_ms,5,16,chunk_512,mixed,2000,workload_seed,2.1155429368305705
burst,2834.220870000004,1526.076270499996,,analytical,E6,E6-2cbf13889343,2047.763470000017,1724.554200000026,e2e_p95_ms,5,16,chunk_512,mixed,2000,workload_seed,892.1334867182338
burst,14.872400000000335,12.161000000000058,,analytical,E6,E6-2cbf13889343,13.244400000000088,12.40899999999965,itl_p95_ms,5,16,chunk_512,mixed,2000,workload_seed,1.7894051525579018
burst,16.806199999999897,13.309000000000378,,analytical,E6,E6-2cbf13889343,14.746000000000004,14.247999999999593,itl_p99_ms,5,16,chunk_512,mixed,2000,workload_seed,2.281059293398414
burst,16.047362514059518,15.582924063402155,,analytical,E6,E6-2cbf13889343,15.805663786267933,15.758207637825638,request_throughput_rps,5,16,chunk_512,mixed,2000,workload_seed,0.3127698842917439
burst,2089.085262702847,1921.6441988990587,,analytical,E6,E6-2cbf13889343,1999.0803915180982,1972.730618660297,output_token_throughput_tps,5,16,chunk_512,mixed,2000,workload_seed,105.96374627454935
burst,15.933333333333334,14.777777777777777,,analytical,E6,E6-2cbf13889343,15.422222222222222,15.666666666666666,observed_request_throughput_rps,5,16,chunk_512,mixed,2000,workload_seed,0.7428673177976349
burst,1.354075914101976,1.0875352496629778,,analytical,E6,E6-2cbf13889343,1.248470973053158,1.333137997434023,iteration_cv,5,16,chunk_512,mixed,2000,workload_seed,0.17873770709357142
burst,910.3539999999899,722.2941999999878,,analytical,E6,E6-2cbf13889343,815.3567999999973,811.7709999999834,max_wait_ms,5,16,chunk_512,mixed,2000,workload_seed,115.90435196186456
burst,0.0,0.0,,analytical,E6,E6-2cbf13889343,0.0,0.0,starvation_proxy_count,5,16,chunk_512,mixed,2000,workload_seed,0.0
burst,0.9820528932443366,0.9729530274259398,,analytical,E6,E6-2cbf13889343,0.9777418262634263,0.9771120278094549,waiting_satisfaction_jain,5,16,chunk_512,mixed,2000,workload_seed,0.006049614450854526
burst,737.2012099999965,529.4588600000003,,analytical,E6,E6-2cbf13889343,636.6061699999976,669.9510499999859,short_prompt_ttft_p95_ms,5,16,chunk_512,mixed,2000,workload_seed,138.9804750122925
burst,744.7332154999924,620.0742500000022,,analytical,E6,E6-2cbf13889343,672.9128999999991,653.8241499999893,long_prompt_ttft_p95_ms,5,16,chunk_512,mixed,2000,workload_seed,78.37674275770964
burst,12.682999999999993,12.273599999999998,,analytical,E6,E6-2cbf13889343,12.507200000000001,12.682999999999993,primer_max_itl_ms,5,16,chunk_512,mixed,2000,workload_seed,0.2615113764255739
burst,27.0,16.6,,analytical,E6,E6-2cbf13889343,21.2,19.0,backlog_at_arrival_end,5,16,chunk_512,mixed,2000,workload_seed,6.685805860178712
burst,0.9824096762814637,0.9011887153928015,,analytical,E6,E6-2cbf13889343,0.9421638996688003,0.9421477786984098,server_busy_fraction,5,16,chunk_512,mixed,2000,workload_seed,0.0543936321147141
burst,0.41721589936686965,0.27045696206750997,,analytical,E6,E6-2cbf13889343,0.32835836622155773,0.27449243299735315,batch_slot_occupancy,5,16,chunk_512,mixed,2000,workload_seed,0.09739461437558196
burst,1299.7525000012001,712.1004000004175,,analytical,E6,E6-2cbf13889343,986.7695000012109,996.9065000025557,ttft_p50_ms,5,16,fcfs,mixed,2000,workload_seed,374.0114317521094
burst,2084.1893900035643,1424.2847500015407,,analytical,E6,E6-2cbf13889343,1742.452170002582,1699.5756500035504,ttft_p95_ms,5,16,fcfs,mixed,2000,workload_seed,448.98001984729024
burst,2264.415894003057,1563.5858800019034,,analytical,E6,E6-2cbf13889343,1915.3524640029232,1905.7642800036997,ttft_p99_ms,5,16,fcfs,mixed,2000,workload_seed,450.65992294813844
burst,0.32300000000032014,0.32300000000032014,,analytical,E6,E6-2cbf13889343,0.32300000000032014,0.32300000000032014,tpot_p95_ms,5,16,fcfs,mixed,2000,workload_seed,0.0
burst,0.32300000000032014,0.32300000000032014,,analytical,E6,E6-2cbf13889343,0.32300000000032014,0.32300000000032014,tpot_p99_ms,5,16,fcfs,mixed,2000,workload_seed,0.0
burst,2125.5549500036136,1453.1064800026775,,analytical,E6,E6-2cbf13889343,1775.4475700029143,1713.9871500031354,e2e_p95_ms,5,16,fcfs,mixed,2000,workload_seed,458.3463147061583
burst,0.32300000000032014,0.32300000000032014,,analytical,E6,E6-2cbf13889343,0.32300000000032014,0.32300000000032014,itl_p95_ms,5,16,fcfs,mixed,2000,workload_seed,0.0
burst,0.32300000000032014,0.32300000000032014,,analytical,E6,E6-2cbf13889343,0.32300000000032014,0.32300000000032014,itl_p99_ms,5,16,fcfs,mixed,2000,workload_seed,0.0
burst,15.334614364384175,14.375260343772629,,analytical,E6,E6-2cbf13889343,14.776717584087738,14.621291195254516,request_throughput_rps,5,16,fcfs,mixed,2000,workload_seed,0.6333501287349164
burst,1923.5256948578183,1813.0325258744676,,analytical,E6,E6-2cbf13889343,1866.9100446091888,1830.4028915059248,output_token_throughput_tps,5,16,fcfs,mixed,2000,workload_seed,72.2395377250482
burst,14.933333333333334,13.666666666666666,,analytical,E6,E6-2cbf13889343,14.377777777777776,14.666666666666666,observed_request_throughput_rps,5,16,fcfs,mixed,2000,workload_seed,0.8663817195385747
burst,8.23435361385503,7.664528696835805,,analytical,E6,E6-2cbf13889343,7.949441155345417,7.777500579610528,iteration_cv,5,16,fcfs,mixed,2000,workload_seed,0.3698082503103132
burst,2289.8720000032054,1628.7624000021865,,analytical,E6,E6-2cbf13889343,1957.2786000030778,1919.849000003711,max_wait_ms,5,16,fcfs,mixed,2000,workload_seed,442.8558241379099
burst,102.2,45.6,,analytical,E6,E6-2cbf13889343,72.8,75.0,starvation_proxy_count,5,16,fcfs,mixed,2000,workload_seed,36.46505176192679
burst,0.9445023634489121,0.9173030437514932,,analytical,E6,E6-2cbf13889343,0.9321730912743128,0.9357463964976237,waiting_satisfaction_jain,5,16,fcfs,mixed,2000,workload_seed,0.018437415438891925
burst,2093.909960002783,1394.250360001677,,analytical,E6,E6-2cbf13889343,1738.7927000026634,1793.1186000034163,short_prompt_ttft_p95_ms,5,16,fcfs,mixed,2000,workload_seed,452.59680596939745
burst,1995.3151800022338,1344.7161000010128,,analytical,E6,E6-2cbf13889343,1649.0338600021691,1655.5434000038358,long_prompt_ttft_p95_ms,5,16,fcfs,mixed,2000,workload_seed,408.9558868935181
burst,0.3230000000000047,0.3230000000000004,,analytical,E6,E6-2cbf13889343,0.32300000000000184,0.3230000000000004,primer_max_itl_ms,5,16,fcfs,mixed,2000,workload_seed,3.1776437161565094e-15
burst,37.0,25.6,,analytical,E6,E6-2cbf13889343,30.6,28.0,backlog_at_arrival_end,5,16,fcfs,mixed,2000,workload_seed,7.797435475847172
burst,0.9979807251028842,0.9600191784218557,,analytical,E6,E6-2cbf13889343,0.9818720595582505,0.9899036255159341,server_busy_fraction,5,16,fcfs,mixed,2000,workload_seed,0.024778200004788996
burst,0.03125,0.03125,,analytical,E6,E6-2cbf13889343,0.03125,0.03125,batch_slot_occupancy,5,16,fcfs,mixed,2000,workload_seed,0.0
burst,247.11039999999866,204.48260000000568,,analytical,E6,E6-2cbf13889343,225.50840000000213,220.15400000001455,ttft_p50_ms,5,16,mono,mixed,2000,workload_seed,27.40455909013636
burst,651.3010599999992,491.21356999999915,,analytical,E6,E6-2cbf13889343,572.3329999999994,591.0326999999993,ttft_p95_ms,5,16,mono,mixed,2000,workload_seed,105.88747076275705
burst,753.5146679499993,629.0445739999998,,analytical,E6,E6-2cbf13889343,688.9852359999996,683.9019800000011,ttft_p99_ms,5,16,mono,mixed,2000,workload_seed,79.52239572835792
burst,27.147959559523763,20.218673925703435,,analytical,E6,E6-2cbf13889343,23.41942948418245,23.704551923076906,tpot_p95_ms,5,16,mono,mixed,2000,workload_seed,4.599300830510741
burst,40.34920692669693,35.30490531538465,,analytical,E6,E6-2cbf13889343,37.979485303619974,39.19046994117656,tpot_p99_ms,5,16,mono,mixed,2000,workload_seed,3.2003108193963357
burst,3232.0472700000105,1639.6905300000103,,analytical,E6,E6-2cbf13889343,2245.0068700000143,1723.8260500000274,e2e_p95_ms,5,16,mono,mixed,2000,workload_seed,1102.956641260557
burst,16.628845000000048,6.89152000000003,,analytical,E6,E6-2cbf13889343,10.391439999999994,7.444999999999709,itl_p95_ms,5,16,mono,mixed,2000,workload_seed,6.937723961646365
burst,101.24440000000023,59.356600000000164,,analytical,E6,E6-2cbf13889343,75.09920000000011,63.748999999999796,itl_p99_ms,5,16,mono,mixed,2000,workload_seed,28.327455316353532
burst,16.016334496662882,15.446053953093662,,analytical,E6,E6-2cbf13889343,15.74187873266958,15.74815704731483,request_throughput_rps,5,16,mono,mixed,2000,workload_seed,0.37747563669956286
burst,2077.4879195984886,1914.4568850479468,,analytical,E6,E6-2cbf13889343,1990.8884645455353,1971.4724103607252,output_token_throughput_tps,5,16,mono,mixed,2000,workload_seed,106.20190763000197
burst,15.933333333333334,14.777777777777777,,analytical,E6,E6-2cbf13889343,15.422222222222222,15.666666666666666,observed_request_throughput_rps,5,16,mono,mixed,2000,workload_seed,0.7428673177976349
burst,3.8589157236169256,3.022000411544041,,analytical,E6,E6-2cbf13889343,3.48678320868871,3.6679928802100856,iteration_cv,5,16,mono,mixed,2000,workload_seed,0.5459703108593266
burst,800.7078,646.0985999999996,,analytical,E6,E6-2cbf13889343,719.7122,720.8549999999987,max_wait_ms,5,16,mono,mixed,2000,workload_seed,97.37320045679883
burst,0.0,0.0,,analytical,E6,E6-2cbf13889343,0.0,0.0,starvation_proxy_count,5,16,mono,mixed,2000,workload_seed,0.0
burst,0.9856392487681884,0.9789719483263906,,analytical,E6,E6-2cbf13889343,0.9823055985472895,0.9805194288896666,waiting_satisfaction_jain,5,16,mono,mixed,2000,workload_seed,0.004512358052514755
burst,658.7550959999995,466.2111799999997,,analytical,E6,E6-2cbf13889343,566.7376299999995,586.1389499999993,short_prompt_ttft_p95_ms,5,16,mono,mixed,2000,workload_seed,124.73303213842638
burst,615.7799699999993,546.35046075,,analytical,E6,E6-2cbf13889343,581.9305399999997,583.0213500000002,long_prompt_ttft_p95_ms,5,16,mono,mixed,2000,workload_seed,41.97186419721209
burst,150.4172,64.39059999999999,,analytical,E6,E6-2cbf13889343,108.40799999999999,148.98399999999998,primer_max_itl_ms,5,16,mono,mixed,2000,workload_seed,57.350149027705235
burst,27.0,16.6,,analytical,E6,E6-2cbf13889343,21.2,19.0,backlog_at_arrival_end,5,16,mono,mixed,2000,workload_seed,6.685805860178712
burst,0.9832279254170601,0.9038080836093011,,analytical,E6,E6-2cbf13889343,0.9442304690536855,0.9449240687843938,server_busy_fraction,5,16,mono,mixed,2000,workload_seed,0.05319361560747642
burst,0.4867483285930695,0.30324008985536194,,analytical,E6,E6-2cbf13889343,0.37381088522178707,0.30637556635944185,batch_slot_occupancy,5,16,mono,mixed,2000,workload_seed,0.12280487730713653
poisson,673.1812912260766,41.239966425825784,,analytical,E6,E6-b1679823bb0c,269.0945468567295,75.02504391762704,ttft_p50_ms,5,16,chunk_512,mixed,2000,workload_seed,447.10375092004807
poisson,1366.692352095568,357.9093049241872,,analytical,E6,E6-b1679823bb0c,744.313155870484,526.2518077927504,ttft_p95_ms,5,16,chunk_512,mixed,2000,workload_seed,689.4289893066928
poisson,1532.066304612638,453.6122385050294,,analytical,E6,E6-b1679823bb0c,864.9540087723453,639.1539453273579,ttft_p99_ms,5,16,chunk_512,mixed,2000,workload_seed,733.304240667689
poisson,14.597858780257173,8.812989960937816,,analytical,E6,E6-b1679823bb0c,11.753730404896343,12.713261625970988,tpot_p95_ms,5,16,chunk_512,mixed,2000,workload_seed,3.73478184114421
poisson,15.698885712748867,11.125365557916766,,analytical,E6,E6-b1679823bb0c,13.364134001971976,13.941215983657921,tpot_p99_ms,5,16,chunk_512,mixed,2000,workload_seed,2.9412457045196345
poisson,4241.068701703838,1630.7588775135223,,analytical,E6,E6-b1679823bb0c,2918.293370570268,2331.0048944971877,e2e_p95_ms,5,16,chunk_512,mixed,2000,workload_seed,1711.7642063029023
poisson,17.94459999999999,11.854199999999901,,analytical,E6,E6-b1679823bb0c,14.899399999999924,15.259000000000015,itl_p95_ms,5,16,chunk_512,mixed,2000,workload_seed,3.8118043365315417
poisson,18.553400000000146,13.714199999999982,,analytical,E6,E6-b1679823bb0c,16.081600000000073,16.690999999999804,itl_p99_ms,5,16,chunk_512,mixed,2000,workload_seed,3.124825403122635
poisson,16.125483066808247,15.304808084778383,,analytical,E6,E6-b1679823bb0c,15.746951004138694,15.867040183191259,request_throughput_rps,5,16,chunk_512,mixed,2000,workload_seed,0.5470550330346545
poisson,2077.0447734812415,1908.7114234002572,,analytical,E6,E6-b1679823bb0c,1991.0920786691709,1986.3550929332557,output_token_throughput_tps,5,16,chunk_512,mixed,2000,workload_seed,107.74607217817251
poisson,15.530781202477971,13.540764158402757,,analytical,E6,E6-b1679823bb0c,14.642329309200477,14.860950651441371,observed_request_throughput_rps,5,16,chunk_512,mixed,2000,workload_seed,1.317713002295123
poisson,1.5650862151149187,1.1492267941388825,,analytical,E6,E6-b1679823bb0c,1.358994272464867,1.3725149248095467,iteration_cv,5,16,chunk_512,mixed,2000,workload_seed,0.28131891450302304
poisson,1514.4543832995469,461.65526921425226,,analytical,E6,E6-b1679823bb0c,862.5515500815734,631.0430680310828,max_wait_ms,5,16,chunk_512,mixed,2000,workload_seed,713.9514314341828
poisson,49.8,0.0,,analytical,E6,E6-b1679823bb0c,16.6,0.0,starvation_proxy_count,5,16,chunk_512,mixed,2000,workload_seed,37.11872842649651
poisson,0.992445242721508,0.9196530679563104,,analytical,E6,E6-b1679823bb0c,0.9661736157274635,0.9840893405046791,waiting_satisfaction_jain,5,16,chunk_512,mixed,2000,workload_seed,0.05195760623357936
poisson,1236.0366415827998,287.31816052879924,,analytical,E6,E6-b1679823bb0c,672.7351859226761,572.6174349636956,short_prompt_ttft_p95_ms,5,16,chunk_512,mixed,2000,workload_seed,645.2715779566059
poisson,1485.1055589083803,383.8515890887209,,analytical,E6,E6-b1679823bb0c,788.3433631201234,507.28023066551896,long_prompt_ttft_p95_ms,5,16,chunk_512,mixed,2000,workload_seed,762.1767769324938
poisson,9.915800000000008,1.0466000000000002,,analytical,E6,E6-b1679823bb0c,5.481200000000003,3.940999999999999,primer_max_itl_ms,5,16,chunk_512,mixed,2000,workload_seed,5.617077460744159
poisson,42.6,15.8,,analytical,E6,E6-b1679823bb0c,28.6,31.0,backlog_at_arrival_end,5,16,chunk_512,mixed,2000,workload_seed,17.966635745180564
poisson,0.9875069205143395,0.9149507325428796,,analytical,E6,E6-b1679823bb0c,0.9547537687662766,0.9563133416110327,server_busy_fraction,5,16,chunk_512,mixed,2000,workload_seed,0.046835870196755995
poisson,0.5660733150812817,0.22700200376356566,,analytical,E6,E6-b1679823bb0c,0.3956533196912557,0.3340323187999641,batch_slot_occupancy,5,16,chunk_512,mixed,2000,workload_seed,0.21582736215159667
poisson,1824.0075350743246,552.1147511347787,,analytical,E6,E6-b1679823bb0c,1130.4417575728428,909.5533977011969,ttft_p50_ms,5,16,fcfs,mixed,2000,workload_seed,833.6788373971827
poisson,2885.380805705515,1453.7469086053661,,analytical,E6,E6-b1679823bb0c,2169.5638571554405,2360.3528931039655,ttft_p95_ms,5,16,fcfs,mixed,2000,workload_seed,969.1760435479857
poisson,3066.4255601318296,1650.6342511226874,,analytical,E6,E6-b1679823bb0c,2327.384655058596,2457.1747367786224,ttft_p99_ms,5,16,fcfs,mixed,2000,workload_seed,946.1922517262516
poisson,0.32300000000032014,0.32300000000032014,,analytical,E6,E6-b1679823bb0c,0.32300000000032014,0.32300000000032014,tpot_p95_ms,5,16,fcfs,mixed,2000,workload_seed,0.0
poisson,0.32300000000032014,0.32300000000032014,,analytical,E6,E6-b1679823bb0c,0.32300000000032014,0.32300000000032014,tpot_p99_ms,5,16,fcfs,mixed,2000,workload_seed,0.0
poisson,2944.8684796509983,1530.1552215474826,,analytical,E6,E6-b1679823bb0c,2233.210850043299,2401.628473484093,e2e_p95_ms,5,16,fcfs,mixed,2000,workload_seed,954.0477520257566
poisson,0.32300000000032014,0.32300000000032014,,analytical,E6,E6-b1679823bb0c,0.32300000000032014,0.32300000000032014,itl_p95_ms,5,16,fcfs,mixed,2000,workload_seed,0.0
poisson,0.32300000000032014,0.32300000000032014,,analytical,E6,E6-b1679823bb0c,0.32300000000032014,0.32300000000032014,itl_p99_ms,5,16,fcfs,mixed,2000,workload_seed,0.0
poisson,15.176678697060478,14.253051693698215,,analytical,E6,E6-b1679823bb0c,14.656211383910051,14.537443092719029,request_throughput_rps,5,16,fcfs,mixed,2000,workload_seed,0.5702211933836494
poisson,1914.8831706897422,1790.6424570836093,,analytical,E6,E6-b1679823bb0c,1852.2025281259564,1819.1013160024754,output_token_throughput_tps,5,16,fcfs,mixed,2000,workload_seed,80.7093338376505
poisson,14.896203544073387,13.658276366983904,,analytical,E6,E6-b1679823bb0c,14.346403295923057,14.392889213600697,observed_request_throughput_rps,5,16,fcfs,mixed,2000,workload_seed,0.794728437282272
poisson,8.23435361385503,7.664528696835805,,analytical,E6,E6-b1679823bb0c,7.949441155345417,7.777500579610528,iteration_cv,5,16,fcfs,mixed,2000,workload_seed,0.3698082503103132
poisson,3086.7325583915813,1681.6437667786427,,analytical,E6,E6-b1679823bb0c,2356.428696531046,2511.194040964875,max_wait_ms,5,16,fcfs,mixed,2000,workload_seed,944.626146417068
poisson,96.6,34.0,,analytical,E6,E6-b1679823bb0c,65.0,56.0,starvation_proxy_count,5,16,fcfs,mixed,2000,workload_seed,41.42463035441596
poisson,0.9362300228869461,0.8381697099757947,,analytical,E6,E6-b1679823bb0c,0.8911244635317237,0.9055126275636355,waiting_satisfaction_jain,5,16,fcfs,mixed,2000,workload_seed,0.06322155126490751
poisson,2873.9381769321476,1378.3596864702563,,analytical,E6,E6-b1679823bb0c,2126.148931701202,2404.622702509008,short_prompt_ttft_p95_ms,5,16,fcfs,mixed,2000,workload_seed,995.3117739514863
poisson,2909.3269529641766,1523.6903072497112,,analytical,E6,E6-b1679823bb0c,2152.3028435259644,2241.3455092978024,long_prompt_ttft_p95_ms,5,16,fcfs,mixed,2000,workload_seed,925.6335419914523
poisson,0.3230000000000047,0.3230000000000004,,analytical,E6,E6-b1679823bb0c,0.32300000000000184,0.3230000000000004,primer_max_itl_ms,5,16,fcfs,mixed,2000,workload_seed,3.1776437161565094e-15
poisson,42.8,21.6,,analytical,E6,E6-b1679823bb0c,31.4,30.0,backlog_at_arrival_end,5,16,fcfs,mixed,2000,workload_seed,13.612494260788505
poisson,0.9925062970067454,0.9494572061392083,,analytical,E6,E6-b1679823bb0c,0.9740862116065904,0.9829263302792247,server_busy_fraction,5,16,fcfs,mixed,2000,workload_seed,0.02914825565920285
poisson,0.03125,0.03125,,analytical,E6,E6-b1679823bb0c,0.03125,0.03125,batch_slot_occupancy,5,16,fcfs,mixed,2000,workload_seed,0.0
poisson,643.9679810782856,31.541100586910215,,analytical,E6,E6-b1679823bb0c,244.52397045748057,45.54260920271554,ttft_p50_ms,5,16,mono,mixed,2000,workload_seed,443.55827828753036
poisson,1289.5577245298568,257.13719408256776,,analytical,E6,E6-b1679823bb0c,654.4975659899458,364.3699963543803,ttft_p95_ms,5,16,mono,mixed,2000,workload_seed,704.2819565863717
poisson,1461.294277803423,366.2925626897425,,analytical,E6,E6-b1679823bb0c,781.6673899465267,431.1344741416281,ttft_p99_ms,5,16,mono,mixed,2000,workload_seed,763.9933417658456
poisson,23.95507464326964,12.620238914484398,,analytical,E6,E6-b1679823bb0c,18.28937307210186,17.940369813829644,tpot_p95_ms,5,16,mono,mixed,2000,workload_seed,6.8668442197791935
poisson,40.402949882578,21.310679891787558,,analytical,E6,E6-b1679823bb0c,30.988357503435424,32.828597222222015,tpot_p99_ms,5,16,mono,mixed,2000,workload_seed,12.411749571512422
poisson,4841.391311544028,1784.6278927866879,,analytical,E6,E6-b1679823bb0c,3253.4613780048203,2594.756225390095,e2e_p95_ms,5,16,mono,mixed,2000,workload_seed,2001.4464253689018
poisson,30.617799999999896,6.879399999999987,,analytical,E6,E6-b1679823bb0c,17.990800000000036,13.221999999999753,itl_p95_ms,5,16,mono,mixed,2000,workload_seed,15.313231393144799
poisson,126.17619999999988,50.74579999999969,,analytical,E6,E6-b1679823bb0c,86.70139999999984,95.53399999999965,itl_p99_ms,5,16,mono,mixed,2000,workload_seed,47.954208713104656
poisson,16.089466920875648,15.088213181388886,,analytical,E6,E6-b1679823bb0c,15.632514778960621,15.759273579815828,request_throughput_rps,5,16,mono,mixed,2000,workload_seed,0.6541622750758339
poisson,2067.295169546788,1888.9089511801787,,analytical,E6,E6-b1679823bb0c,1976.5006275517262,1972.864061273194,output_token_throughput_tps,5,16,mono,mixed,2000,workload_seed,114.13403931403423
poisson,15.366481504053173,13.186084999486985,,analytical,E6,E6-b1679823bb0c,14.340157054280308,14.158858494680361,observed_request_throughput_rps,5,16,mono,mixed,2000,workload_seed,1.4918106882600377
poisson,4.447989944800048,2.8582802406616765,,analytical,E6,E6-b1679823bb0c,3.6531350927308615,3.8454754617428475,iteration_cv,5,16,mono,mixed,2000,workload_seed,1.035061491561645
poisson,1464.7778311600764,356.83391253179286,,analytical,E6,E6-b1679823bb0c,792.4547049581748,445.66697004430534,max_wait_ms,5,16,mono,mixed,2000,workload_seed,757.2314259269851
poisson,48.0,0.0,,analytical,E6,E6-b1679823bb0c,16.0,0.0,starvation_proxy_count,5,16,mono,mixed,2000,workload_seed,35.77708763999664
poisson,0.9952447140479075,0.916402182688062,,analytical,E6,E6-b1679823bb0c,0.9672400007141609,0.9920454502784397,waiting_satisfaction_jain,5,16,mono,mixed,2000,workload_seed,0.05637379505623796
poisson,1216.3363523750213,202.13178199729913,,analytical,E6,E6-b1679823bb0c,613.5324262845677,362.37982273933875,short_prompt_ttft_p95_ms,5,16,mono,mixed,2000,workload_seed,672.410009925141
poisson,1420.7204440983783,321.85198078463156,,analytical,E6,E6-b1679823bb0c,730.0250848588324,395.86379723981827,long_prompt_ttft_p95_ms,5,16,mono,mixed,2000,workload_seed,766.1099248171043
poisson,107.88859999999995,1.0466000000000002,,analytical,E6,E6-b1679823bb0c,49.44419999999998,3.940999999999999,primer_max_itl_ms,5,16,mono,mixed,2000,workload_seed,68.33327063151593
poisson,46.4,16.6,,analytical,E6,E6-b1679823bb0c,31.2,33.0,backlog_at_arrival_end,5,16,mono,mixed,2000,workload_seed,19.75348070594142
poisson,0.9875690254486127,0.9147286845814065,,analytical,E6,E6-b1679823bb0c,0.9547588879775452,0.9562831741772541,server_busy_fraction,5,16,mono,mixed,2000,workload_seed,0.047029146611328
poisson,0.6482956515138985,0.2526077787034667,,analytical,E6,E6-b1679823bb0c,0.44963009307501933,0.3912686627992023,batch_slot_occupancy,5,16,mono,mixed,2000,workload_seed,0.2522601087259932
poisson,112.84639640697802,28.975572717293925,,piecewise,E6,E6-c5cbc773a604,59.65873937142443,35.92575990925434,ttft_p50_ms,5,16,chunk_512,mixed,2000,workload_seed,58.323834739624424
poisson,351.87382832395315,222.3581632665232,,piecewise,E6,E6-c5cbc773a604,276.8390934188662,255.99889017438176,ttft_p95_ms,5,16,chunk_512,mixed,2000,workload_seed,83.9812779979974
poisson,435.33999850971105,291.23404376502566,,piecewise,E6,E6-c5cbc773a604,364.2150023613437,337.50187272704176,ttft_p99_ms,5,16,chunk_512,mixed,2000,workload_seed,92.90304180719328
poisson,8.741200510999462,5.614379041142394,,piecewise,E6,E6-c5cbc773a604,7.177789776070928,8.046153716500056,tpot_p95_ms,5,16,chunk_512,mixed,2000,workload_seed,2.0371218343540223
poisson,9.5975829168856,8.49651494571963,,piecewise,E6,E6-c5cbc773a604,9.121189440678377,9.418868453683956,tpot_p99_ms,5,16,chunk_512,mixed,2000,workload_seed,0.7536918224345935
poisson,1558.6628137556972,923.1558256382657,,piecewise,E6,E6-c5cbc773a604,1168.1128268443067,1020.794116883252,e2e_p95_ms,5,16,chunk_512,mixed,2000,workload_seed,435.76021052625333
poisson,10.18224545999983,9.638544169499877,,piecewise,E6,E6-c5cbc773a604,9.835742699499754,9.662187199999607,itl_p95_ms,5,16,chunk_512,mixed,2000,workload_seed,0.38099335900659675
poisson,10.36033836000006,9.862819590000072,,piecewise,E6,E6-c5cbc773a604,10.052174070000001,9.938182449999658,itl_p99_ms,5,16,chunk_512,mixed,2000,workload_seed,0.33896337553771816
poisson,17.916947066524575,16.547703685983116,,piecewise,E6,E6-c5cbc773a604,17.232325376253844,17.34760640668637,request_throughput_rps,5,16,chunk_512,mixed,2000,workload_seed,0.900186891561004
poisson,2311.2983221021777,2036.0454858236433,,piecewise,E6,E6-c5cbc773a604,2181.670020773222,2216.40802284913,output_token_throughput_tps,5,16,chunk_512,mixed,2000,workload_seed,185.75552909664802
poisson,17.804601228251492,16.198622991274156,,piecewise,E6,E6-c5cbc773a604,16.963697647034913,17.084242481184567,observed_request_throughput_rps,5,16,chunk_512,mixed,2000,workload_seed,1.0592570926274507
poisson,1.4195632031257561,1.3862614993430749,,piecewise,E6,E6-c5cbc773a604,1.4037028309100703,1.4039028593284082,iteration_cv,5,16,chunk_512,mixed,2000,workload_seed,0.022007715285198088
poisson,424.81843568515086,278.8546900851159,,piecewise,E6,E6-c5cbc773a604,353.15905382052745,331.7859640924635,max_wait_ms,5,16,chunk_512,mixed,2000,workload_seed,95.29924473466505
poisson,0.0,0.0,,piecewise,E6,E6-c5cbc773a604,0.0,0.0,starvation_proxy_count,5,16,chunk_512,mixed,2000,workload_seed,0.0
poisson,0.9965987114836065,0.990810074972187,,piecewise,E6,E6-c5cbc773a604,0.9942061136796948,0.9950876246793404,waiting_satisfaction_jain,5,16,chunk_512,mixed,2000,workload_seed,0.003832505710056268
poisson,290.9577177364785,165.30979105845964,,piecewise,E6,E6-c5cbc773a604,217.9728333736773,171.96868171716392,short_prompt_ttft_p95_ms,5,16,chunk_512,mixed,2000,workload_seed,81.33803112251199
poisson,417.2656099394753,278.590292533494,,piecewise,E6,E6-c5cbc773a604,346.8274739178981,316.8395333826884,long_prompt_ttft_p95_ms,5,16,chunk_512,mixed,2000,workload_seed,89.2737530805972
poisson,8.936613510000006,3.494113500000002,,piecewise,E6,E6-c5cbc773a604,6.238997010000003,5.458375100000001,primer_max_itl_ms,5,16,chunk_512,mixed,2000,workload_seed,3.7306744186935448
poisson,13.0,4.2,,piecewise,E6,E6-c5cbc773a604,8.6,7.0,backlog_at_arrival_end,5,16,chunk_512,mixed,2000,workload_seed,5.683308895353129
poisson,0.9716500527854077,0.9531997039415137,,piecewise,E6,E6-c5cbc773a604,0.9632042523874649,0.964224252298359,server_busy_fraction,5,16,chunk_512,mixed,2000,workload_seed,0.011815342479664676
poisson,0.264641502041579,0.1369583555845324,,piecewise,E6,E6-c5cbc773a604,0.1855579165225153,0.15974545124034586,batch_slot_occupancy,5,16,chunk_512,mixed,2000,workload_seed,0.0873767124336856
poisson,5861.369447597212,3983.419899580058,,piecewise,E6,E6-c5cbc773a604,4959.827996106831,5463.6182961696395,ttft_p50_ms,5,16,fcfs,mixed,2000,workload_seed,1195.9731525838768
poisson,10363.103400299404,8471.354622009807,,piecewise,E6,E6-c5cbc773a604,9610.961422084949,10078.234098569445,ttft_p95_ms,5,16,fcfs,mixed,2000,workload_seed,1285.101853556813
poisson,10804.970580603851,8788.837819762299,,piecewise,E6,E6-c5cbc773a604,10024.47010785847,10453.635828056065,ttft_p99_ms,5,16,fcfs,mixed,2000,workload_seed,1406.844810800129
poisson,0.8305942750000005,0.8259159750000034,,piecewise,E6,E6-c5cbc773a604,0.8282551250000019,0.8282733749999981,tpot_p95_ms,5,16,fcfs,mixed,2000,workload_seed,0.003066377103204621
poisson,0.8318117309999935,0.8314852899999959,,piecewise,E6,E6-c5cbc773a604,0.8316515349999944,0.8316585249999942,tpot_p99_ms,5,16,fcfs,mixed,2000,workload_seed,0.00020096032304138084
poisson,10458.361224278111,8593.491753607963,,piecewise,E6,E6-c5cbc773a604,9732.331063830417,10222.690923811699,e2e_p95_ms,5,16,fcfs,mixed,2000,workload_seed,1267.3091248210176
poisson,0.8317026499999065,0.8311579999998685,,piecewise,E6,E6-c5cbc773a604,0.8313835499998913,0.8312350000001061,itl_p95_ms,5,16,fcfs,mixed,2000,workload_seed,0.0003658464671904055
poisson,0.8326569999995732,0.8322246300001888,,piecewise,E6,E6-c5cbc773a604,0.8324458999999511,0.8324458499999855,itl_p99_ms,5,16,fcfs,mixed,2000,workload_seed,0.00028900086253027683
poisson,8.89489506419538,8.122075855460917,,piecewise,E6,E6-c5cbc773a604,8.448728362856235,8.268709520509052,request_throughput_rps,5,16,fcfs,mixed,2000,workload_seed,0.5172499352657689
poisson,1075.4520420698814,1055.7747232817478,,piecewise,E6,E6-c5cbc773a604,1066.0722661028128,1065.8882267817787,output_token_throughput_tps,5,16,fcfs,mixed,2000,workload_seed,12.599295661348386
poisson,8.954169777061312,7.677373362464091,,piecewise,E6,E6-c5cbc773a604,8.29671092476264,8.424298648068708,observed_request_throughput_rps,5,16,fcfs,mixed,2000,workload_seed,0.8727254129507946
poisson,2.8863888286701016,2.607754554192715,,piecewise,E6,E6-c5cbc773a604,2.7437960878921857,2.662412816944687,iteration_cv,5,16,fcfs,mixed,2000,workload_seed,0.1790759589382126
poisson,10902.455852675681,8878.958015670703,,piecewise,E6,E6-c5cbc773a604,10097.430913044647,10464.262701601521,max_wait_ms,5,16,fcfs,mixed,2000,workload_seed,1402.972145618308
poisson,144.2,137.4,,piecewise,E6,E6-c5cbc773a604,141.2,143.0,starvation_proxy_count,5,16,fcfs,mixed,2000,workload_seed,4.43846820423443
poisson,0.6306686684316679,0.5939840610423585,,piecewise,E6,E6-c5cbc773a604,0.6123022692735415,0.5991033518443556,waiting_satisfaction_jain,5,16,fcfs,mixed,2000,workload_seed,0.02422808693139809
poisson,10514.309842754472,8583.369824632991,,piecewise,E6,E6-c5cbc773a604,9597.684179428823,10324.360629838447,short_prompt_ttft_p95_ms,5,16,fcfs,mixed,2000,workload_seed,1355.6478845747
poisson,9952.255306547533,8208.160232691243,,piecewise,E6,E6-c5cbc773a604,9223.13350069537,9457.257962258309,long_prompt_ttft_p95_ms,5,16,fcfs,mixed,2000,workload_seed,1161.4283201312926
poisson,0.8164010000000012,0.7915379999999985,,piecewise,E6,E6-c5cbc773a604,0.8004950000000001,0.7920299999999969,primer_max_itl_ms,5,16,fcfs,mixed,2000,workload_seed,0.017574215487469153
poisson,93.4,77.4,,piecewise,E6,E6-c5cbc773a604,85.6,88.0,backlog_at_arrival_end,5,16,fcfs,mixed,2000,workload_seed,10.737783756436894
poisson,0.9999999999999989,0.9967214881048679,,piecewise,E6,E6-c5cbc773a604,0.9989071627016217,0.9999999999999984,server_busy_fraction,5,16,fcfs,mixed,2000,workload_seed,0.002443658487517951
poisson,0.03125,0.03125,,piecewise,E6,E6-c5cbc773a604,0.03125,0.03125,batch_slot_occupancy,5,16,fcfs,mixed,2000,workload_seed,0.0
poisson,14.866952208077013,12.505141253764169,,piecewise,E6,E6-c5cbc773a604,13.77323966678066,14.080209965855374,ttft_p50_ms,5,16,mono,mixed,2000,workload_seed,1.5256236563949366
poisson,101.15885479038022,91.57894098327063,,piecewise,E6,E6-c5cbc773a604,96.23569616772355,92.82958493439494,ttft_p95_ms,5,16,mono,mixed,2000,workload_seed,6.196030512469079
poisson,166.7773805001874,131.77239360708924,,piecewise,E6,E6-c5cbc773a604,148.2589271163847,148.52546692567574,ttft_p99_ms,5,16,mono,mixed,2000,workload_seed,23.57528726079202
poisson,4.569700098288914,3.28075483828513,,piecewise,E6,E6-c5cbc773a604,3.925227468287022,3.8963886558096488,tpot_p95_ms,5,16,mono,mixed,2000,workload_seed,0.838272445458061
poisson,15.99616230025102,5.637847817844481,,piecewise,E6,E6-c5cbc773a604,9.776444690010187,7.4326505193459935,tpot_p99_ms,5,16,mono,mixed,2000,workload_seed,7.005590582625576
poisson,781.9752333970844,603.2434792377403,,piecewise,E6,E6-c5cbc773a604,684.9552803437441,669.073672854262,e2e_p95_ms,5,16,mono,mixed,2000,workload_seed,116.11428029911107
poisson,1.5024919999998019,1.2737562999998953,,piecewise,E6,E6-c5cbc773a604,1.387722649999805,1.4016149999997651,itl_p95_ms,5,16,mono,mixed,2000,workload_seed,0.15215454806943973
poisson,24.71503217000018,12.023584384000287,,piecewise,E6,E6-c5cbc773a604,16.44955508400012,12.33027626999979,itl_p99_ms,5,16,mono,mixed,2000,workload_seed,9.13795435558888
poisson,18.143996820758108,16.73890117631953,,piecewise,E6,E6-c5cbc773a604,17.44144899853882,17.372637720622933,request_throughput_rps,5,16,mono,mixed,2000,workload_seed,0.8818657892916246
poisson,2327.0522572961813,2062.8354619337742,,piecewise,E6,E6-c5cbc773a604,2208.1404764077224,2283.426874598714,output_token_throughput_tps,5,16,mono,mixed,2000,workload_seed,184.50393761093224
poisson,18.091591003570674,16.34317384661369,,piecewise,E6,E6-c5cbc773a604,17.217382425092183,17.286223199933193,observed_request_throughput_rps,5,16,mono,mixed,2000,workload_seed,1.1171433693042632
poisson,3.5457299227346426,3.248484381874141,,piecewise,E6,E6-c5cbc773a604,3.3922852585536205,3.2846984989555104,iteration_cv,5,16,mono,mixed,2000,workload_seed,0.1910366243350051
poisson,152.85808036980825,106.18542608421085,,piecewise,E6,E6-c5cbc773a604,128.63226158158167,125.43161066922585,max_wait_ms,5,16,mono,mixed,2000,workload_seed,29.37506458998892
poisson,0.0,0.0,,piecewise,E6,E6-c5cbc773a604,0.0,0.0,starvation_proxy_count,5,16,mono,mixed,2000,workload_seed,0.0
poisson,0.9995162630694949,0.9993028575145491,,piecewise,E6,E6-c5cbc773a604,0.9994146450099282,0.9994847877678231,waiting_satisfaction_jain,5,16,mono,mixed,2000,workload_seed,0.0001362587243873823
poisson,74.85881419603069,67.41424909437004,,piecewise,E6,E6-c5cbc773a604,70.89169381667541,70.45247999691583,short_prompt_ttft_p95_ms,5,16,mono,mixed,2000,workload_seed,4.824207299677664
poisson,164.01298695420323,125.58454508983577,,piecewise,E6,E6-c5cbc773a604,141.76477533002992,128.05756404747854,long_prompt_ttft_p95_ms,5,16,mono,mixed,2000,workload_seed,24.994836516251596
poisson,66.4191197,3.58721379,,piecewise,E6,E6-c5cbc773a604,31.8340661,5.4583826,primer_max_itl_ms,5,16,mono,mixed,2000,workload_seed,39.908657135482926
poisson,10.2,3.6,,piecewise,E6,E6-c5cbc773a604,6.4,5.0,backlog_at_arrival_end,5,16,mono,mixed,2000,workload_seed,4.09878030638384
poisson,0.9464676189320059,0.9187134670426731,,piecewise,E6,E6-c5cbc773a604,0.9317507857412826,0.9250757221771084,server_busy_fraction,5,16,mono,mixed,2000,workload_seed,0.018579542251739137
poisson,0.15070743748305465,0.11024346062700227,,piecewise,E6,E6-c5cbc773a604,0.1265749472003755,0.11681219269728067,batch_slot_occupancy,5,16,mono,mixed,2000,workload_seed,0.02664380096768682
burst,234.81385368749926,207.98300851749937,,piecewise,E6,E6-cad9749cf3cb,221.3984311024993,223.15783688749843,ttft_p50_ms,5,16,chunk_512,mixed,2000,workload_seed,17.01942013751143
burst,664.9823237400002,495.80549111150333,,piecewise,E6,E6-cad9749cf3cb,586.833005848501,621.118685412499,ttft_p95_ms,5,16,chunk_512,mixed,2000,workload_seed,108.1099968032374
burst,769.6581447169968,647.6559776499018,,piecewise,E6,E6-cad9749cf3cb,709.632477411301,709.745669156009,ttft_p99_ms,5,16,chunk_512,mixed,2000,workload_seed,79.37591012016473
burst,9.05754746788761,8.7814961291336,,piecewise,E6,E6-cad9749cf3cb,8.923926627576233,8.938104821848292,tpot_p95_ms,5,16,chunk_512,mixed,2000,workload_seed,0.17813696083770653
burst,9.659208820355811,9.493929868189532,,piecewise,E6,E6-cad9749cf3cb,9.592580939554583,9.626002005100078,tpot_p99_ms,5,16,chunk_512,mixed,2000,workload_seed,0.10881047699890808
burst,1022.8540296227482,870.5055552470025,,piecewise,E6,E6-cad9749cf3cb,939.6566145260028,930.3185468500085,e2e_p95_ms,5,16,chunk_512,mixed,2000,workload_seed,97.82594227063382
burst,9.863980929999707,9.779885520000244,,piecewise,E6,E6-cad9749cf3cb,9.818093409999893,9.81228740000006,itl_p95_ms,5,16,chunk_512,mixed,2000,workload_seed,0.05141069268960892
burst,10.01224626000012,9.964430568749892,,piecewise,E6,E6-cad9749cf3cb,9.985429759999988,9.98046609999983,itl_p99_ms,5,16,chunk_512,mixed,2000,workload_seed,0.03000478686883578
burst,16.540491410545762,15.92848497520283,,piecewise,E6,E6-cad9749cf3cb,16.245884722412626,16.347764546791986,request_throughput_rps,5,16,chunk_512,mixed,2000,workload_seed,0.3820496827974426
burst,2150.302278719878,1970.6195326225516,,piecewise,E6,E6-cad9749cf3cb,2055.0463343487945,2072.283503362719,output_token_throughput_tps,5,16,chunk_512,mixed,2000,workload_seed,118.72657227186987
burst,16.0,16.0,,piecewise,E6,E6-cad9749cf3cb,16.0,16.0,observed_request_throughput_rps,5,16,chunk_512,mixed,2000,workload_seed,0.0
burst,1.388146142643053,1.3374043421276054,,piecewise,E6,E6-cad9749cf3cb,1.3696604496165161,1.3869582967574452,iteration_cv,5,16,chunk_512,mixed,2000,workload_seed,0.035430396626093236
burst,818.1994104200005,664.2915441000001,,piecewise,E6,E6-cad9749cf3cb,740.8808621300011,750.1917372499975,max_wait_ms,5,16,chunk_512,mixed,2000,workload_seed,97.79449695336562
burst,0.0,0.0,,piecewise,E6,E6-cad9749cf3cb,0.0,0.0,starvation_proxy_count,5,16,chunk_512,mixed,2000,workload_seed,0.0
burst,0.9855385602255545,0.9788420308332114,,piecewise,E6,E6-cad9749cf3cb,0.9820845364054758,0.9796759437553657,waiting_satisfaction_jain,5,16,chunk_512,mixed,2000,workload_seed,0.004393500268782297
burst,666.7266245407503,479.4567972429992,,piecewise,E6,E6-cad9749cf3cb,578.4762205267496,611.8423537937497,short_prompt_ttft_p95_ms,5,16,chunk_512,mixed,2000,workload_seed,122.3201529697145
burst,635.4066581025006,567.6480752894998,,piecewise,E6,E6-cad9749cf3cb,603.6711190555001,606.4600556124996,long_prompt_ttft_p95_ms,5,16,chunk_512,mixed,2000,workload_seed,40.91162711497422
burst,10.018377539999994,9.84059254,,piecewise,E6,E6-cad9749cf3cb,9.929485039999998,9.899753799999985,primer_max_itl_ms,5,16,chunk_512,mixed,2000,workload_seed,0.11406874869206508
burst,16.0,16.0,,piecewise,E6,E6-cad9749cf3cb,16.0,16.0,backlog_at_arrival_end,5,16,chunk_512,mixed,2000,workload_seed,0.0
burst,0.8621302342905753,0.7937528250259182,,piecewise,E6,E6-cad9749cf3cb,0.8347161368544505,0.8488561108956831,server_busy_fraction,5,16,chunk_512,mixed,2000,workload_seed,0.045395034755218014
burst,0.217223585546758,0.19478040361799462,,piecewise,E6,E6-cad9749cf3cb,0.20533679429427187,0.20777140576789674,batch_slot_occupancy,5,16,chunk_512,mixed,2000,workload_seed,0.015125303168795219
burst,5584.342979910015,4206.976401120019,,piecewise,E6,E6-cad9749cf3cb,4938.841421470017,5216.499706950025,ttft_p50_ms,5,16,fcfs,mixed,2000,workload_seed,873.4939742866547
burst,9886.627562487027,8295.94329118804,,piecewise,E6,E6-cad9749cf3cb,9164.854371212026,9344.329996415017,ttft_p95_ms,5,16,fcfs,mixed,2000,workload_seed,1071.797133217412
burst,10580.560366312031,8868.385675213049,,piecewise,E6,E6-cad9749cf3cb,9856.224969579034,10217.076895846021,ttft_p99_ms,5,16,fcfs,mixed,2000,workload_seed,1152.1344679920737
burst,0.8305942750000005,0.8259159750000034,,piecewise,E6,E6-cad9749cf3cb,0.8282551250000019,0.8282733749999981,tpot_p95_ms,5,16,fcfs,mixed,2000,workload_seed,0.003066377103204621
burst,0.8318117309999935,0.8314852899999959,,piecewise,E6,E6-cad9749cf3cb,0.8316515349999944,0.8316585249999942,tpot_p99_ms,5,16,fcfs,mixed,2000,workload_seed,0.00020096032304138084
burst,9990.501790687025,8350.45150255204,,piecewise,E6,E6-cad9749cf3cb,9249.641582974027,9378.13944191502,e2e_p95_ms,5,16,fcfs,mixed,2000,workload_seed,1097.6582109918459
burst,0.8317026499999065,0.8311579999998685,,piecewise,E6,E6-cad9749cf3cb,0.8313835499998913,0.8312350000001061,itl_p95_ms,5,16,fcfs,mixed,2000,workload_seed,0.0003658464671904055
burst,0.8326569999995732,0.8322246300001888,,piecewise,E6,E6-cad9749cf3cb,0.8324458999999511,0.8324458499999855,itl_p99_ms,5,16,fcfs,mixed,2000,workload_seed,0.00028900086253027683
burst,8.925636331819069,8.122075855460917,,piecewise,E6,E6-cad9749cf3cb,8.458975452064132,8.268709520509052,request_throughput_rps,5,16,fcfs,mixed,2000,workload_seed,0.5390080906469816
burst,1076.5333415454304,1056.0645972628038,,piecewise,E6,E6-cad9749cf3cb,1067.2435083992755,1071.7444382640915,output_token_throughput_tps,5,16,fcfs,mixed,2000,workload_seed,12.847661544213716
burst,9.422222222222222,7.911111111111111,,piecewise,E6,E6-cad9749cf3cb,8.644444444444444,8.444444444444445,observed_request_throughput_rps,5,16,fcfs,mixed,2000,workload_seed,0.9667305215180533
burst,2.8863888286701016,2.607754554192715,,piecewise,E6,E6-cad9749cf3cb,2.7437960878921857,2.662412816944687,iteration_cv,5,16,fcfs,mixed,2000,workload_seed,0.1790759589382126
burst,10655.99463728003,8949.942135140049,,piecewise,E6,E6-cad9749cf3cb,9932.878964360036,10330.479484600022,max_wait_ms,5,16,fcfs,mixed,2000,workload_seed,1139.1669307235893
burst,149.0,142.79500000000002,,piecewise,E6,E6-cad9749cf3cb,146.0,147.0,starvation_proxy_count,5,16,fcfs,mixed,2000,workload_seed,4.06201920231798
burst,0.6823708975803754,0.6423874388741563,,piecewise,E6,E6-cad9749cf3cb,0.6613801718652,0.6467887741624514,waiting_satisfaction_jain,5,16,fcfs,mixed,2000,workload_seed,0.025580481290806555
burst,9939.360162877027,8326.271489602039,,piecewise,E6,E6-cad9749cf3cb,9238.56530826503,9572.648948435019,short_prompt_ttft_p95_ms,5,16,fcfs,mixed,2000,workload_seed,1044.5715411261317
burst,9618.72293429203,7840.888432015685,,piecewise,E6,E6-cad9749cf3cb,8676.131094700035,8600.567192250035,long_prompt_ttft_p95_ms,5,16,fcfs,mixed,2000,workload_seed,1153.4126310945528
burst,0.8164010000000012,0.7915379999999985,,piecewise,E6,E6-cad9749cf3cb,0.8004950000000001,0.7920299999999969,primer_max_itl_ms,5,16,fcfs,mixed,2000,workload_seed,0.017574215487469153
burst,88.8,75.2,,piecewise,E6,E6-cad9749cf3cb,82.2,84.0,backlog_at_arrival_end,5,16,fcfs,mixed,2000,workload_seed,8.700574693662482
burst,0.9999999999999989,0.9999999999999973,,piecewise,E6,E6-cad9749cf3cb,0.9999999999999982,0.9999999999999984,server_busy_fraction,5,16,fcfs,mixed,2000,workload_seed,1.012679207245471e-15
burst,0.03125,0.03125,,piecewise,E6,E6-cad9749cf3cb,0.03125,0.03125,batch_slot_occupancy,5,16,fcfs,mixed,2000,workload_seed,0.0
burst,152.36461769081197,136.12335079500008,,piecewise,E6,E6-cad9749cf3cb,144.18586092999985,143.876872025,ttft_p50_ms,5,16,mono,mixed,2000,workload_seed,10.448289104976709
burst,401.75980689312496,310.06162678100003,,piecewise,E6,E6-cad9749cf3cb,358.7073030525001,372.9320044750006,ttft_p95_ms,5,16,mono,mixed,2000,workload_seed,59.18537224088367
burst,469.0254000203345,397.9335865360989,,piecewise,E6,E6-cad9749cf3cb,434.4138061349996,433.9480600369994,ttft_p99_ms,5,16,mono,mixed,2000,workload_seed,46.37541192206781
burst,16.347061658160932,12.041984464527067,,piecewise,E6,E6-cad9749cf3cb,14.088100241405261,14.17724071331721,tpot_p95_ms,5,16,mono,mixed,2000,workload_seed,2.67968111205658
burst,24.904083272234566,21.18198068948037,,piecewise,E6,E6-cad9749cf3cb,23.04303198085747,22.603569879209573,tpot_p99_ms,5,16,mono,mixed,2000,workload_seed,2.4283585380144608
burst,780.4205098552427,688.3354320649989,,piecewise,E6,E6-cad9749cf3cb,734.3050195832486,741.2775580225085,e2e_p95_ms,5,16,mono,mixed,2000,workload_seed,59.305909467651226
burst,3.2903352099999226,2.4993809235745434,,piecewise,E6,E6-cad9749cf3cb,2.913949996999783,2.9632140000000007,itl_p95_ms,5,16,mono,mixed,2000,workload_seed,0.4774745617859567
burst,35.61669251000003,29.62184579275028,,piecewise,E6,E6-cad9749cf3cb,32.23457635000004,31.689833349999844,itl_p99_ms,5,16,mono,mixed,2000,workload_seed,3.783488001030204
burst,16.7116334272154,16.24484424634582,,piecewise,E6,E6-cad9749cf3cb,16.478565062940024,16.501292154583403,request_throughput_rps,5,16,mono,mixed,2000,workload_seed,0.3058708870006063
burst,2178.0544445987507,1993.3236903141594,,piecewise,E6,E6-cad9749cf3cb,2084.4714275871365,2091.7450467453787,output_token_throughput_tps,5,16,mono,mixed,2000,workload_seed,115.991999739078
burst,16.0,16.0,,piecewise,E6,E6-cad9749cf3cb,16.0,16.0,observed_request_throughput_rps,5,16,mono,mixed,2000,workload_seed,0.0
burst,3.5171125658600815,3.2988977805718123,,piecewise,E6,E6-cad9749cf3cb,3.4080051732159466,3.335733459418014,iteration_cv,5,16,mono,mixed,2000,workload_seed,0.1433308791424663
burst,497.0270251249996,409.31787980499905,,piecewise,E6,E6-cad9749cf3cb,452.90756646999944,459.99446850000095,max_wait_ms,5,16,mono,mixed,2000,workload_seed,56.39195914583081
burst,0.0,0.0,,piecewise,E6,E6-cad9749cf3cb,0.0,0.0,starvation_proxy_count,5,16,mono,mixed,2000,workload_seed,0.0
burst,0.9933253265337338,0.9904341950632967,,piecewise,E6,E6-cad9749cf3cb,0.9918611010264742,0.9908819239324277,waiting_satisfaction_jain,5,16,mono,mixed,2000,workload_seed,0.0019151074595639864
burst,408.9147253210008,301.90741247000005,,piecewise,E6,E6-cad9749cf3cb,357.29561347275,371.87910666875064,short_prompt_ttft_p95_ms,5,16,mono,mixed,2000,workload_seed,69.06272071789193
burst,382.1987416150004,345.4362072355001,,piecewise,E6,E6-cad9749cf3cb,365.6841056245001,367.3560843625004,long_prompt_ttft_p95_ms,5,16,mono,mixed,2000,workload_seed,23.336611753665014
burst,89.8673633,39.40530961999999,,piecewise,E6,E6-cad9749cf3cb,65.2396098,89.70931780000001,primer_max_itl_ms,5,16,mono,mixed,2000,workload_seed,33.7588079115559
burst,16.0,16.0,,piecewise,E6,E6-cad9749cf3cb,16.0,16.0,backlog_at_arrival_end,5,16,mono,mixed,2000,workload_seed,0.0
burst,0.7461761170570815,0.6875298570320854,,piecewise,E6,E6-cad9749cf3cb,0.721287386514495,0.7291689608084169,server_busy_fraction,5,16,mono,mixed,2000,workload_seed,0.03959420187256443
burst,0.21496876286045735,0.19518587042532443,,piecewise,E6,E6-cad9749cf3cb,0.20583378939005673,0.20812986090911206,batch_slot_occupancy,5,16,mono,mixed,2000,workload_seed,0.01267876493597719
poisson,4335.707183818854,3138.7669361498465,,analytical,E7,E7-034cca16994d,3668.942732886241,3455.1280937254105,ttft_p50_ms,5,64,chunk_512,mixed,2000,workload_seed,810.4595846883167
poisson,8200.732185519177,7326.981138084147,,analytical,E7,E7-034cca16994d,7756.635982723218,7700.404569509344,ttft_p95_ms,5,64,chunk_512,mixed,2000,workload_seed,586.3008532994039
poisson,8673.518575495607,7649.17392499191,,analytical,E7,E7-034cca16994d,8158.2470816555915,8104.674134045075,ttft_p99_ms,5,64,chunk_512,mixed,2000,workload_seed,691.7784776320752
poisson,16.817295078395055,16.50061653358851,,analytical,E7,E7-034cca16994d,16.658955805991784,16.73757874999982,tpot_p95_ms,5,64,chunk_512,mixed,2000,workload_seed,0.20329499018118286
poisson,17.80053514848465,17.570630768687018,,analytical,E7,E7-034cca16994d,17.691364902020137,17.75236399999969,tpot_p99_ms,5,64,chunk_512,mixed,2000,workload_seed,0.14561644676654167
poisson,10159.68052862109,8817.041838865096,,analytical,E7,E7-034cca16994d,9545.986790060855,9729.12134956485,e2e_p95_ms,5,64,chunk_512,mixed,2000,workload_seed,914.9881570794381
poisson,19.019000000000233,19.01899999999987,,analytical,E7,E7-034cca16994d,19.01900000000005,19.019000000000233,itl_p95_ms,5,64,chunk_512,mixed,2000,workload_seed,2.490753820462333e-13
poisson,19.019000000000233,19.019000000000233,,analytical,E7,E7-034cca16994d,19.019000000000233,19.019000000000233,itl_p99_ms,5,64,chunk_512,mixed,2000,workload_seed,0.0
poisson,16.883650506448216,15.224430847479315,,analytical,E7,E7-034cca16994d,15.905735203220413,15.708799439457609,request_throughput_rps,5,64,chunk_512,mixed,2000,workload_seed,1.135586350400239
poisson,2033.2860958071574,1961.5521199096772,,analytical,E7,E7-034cca16994d,1997.4191078584176,1976.6824974050212,output_token_throughput_tps,5,64,chunk_512,mixed,2000,workload_seed,46.58683374460851
poisson,13.809484437175632,9.997740517935991,,analytical,E7,E7-034cca16994d,11.671734275669948,11.11193709226486,observed_request_throughput_rps,5,64,chunk_512,mixed,2000,workload_seed,2.4536475228013876
poisson,0.7236682946045775,0.6831074057646924,,analytical,E7,E7-034cca16994d,0.703387850184635,0.6900354911203074,iteration_cv,5,64,chunk_512,mixed,2000,workload_seed,0.02672588128330749
poisson,8693.859343222299,7738.735655555048,,analytical,E7,E7-034cca16994d,8217.023843486933,8173.588078400864,max_wait_ms,5,64,chunk_512,mixed,2000,workload_seed,641.8932412571793
poisson,152.8,141.6,,analytical,E7,E7-034cca16994d,147.2,152.0,starvation_proxy_count,5,64,chunk_512,mixed,2000,workload_seed,8.043631020876083
poisson,0.6445415642510983,0.6115199664663937,,analytical,E7,E7-034cca16994d,0.6282321853920474,0.6275634913175898,waiting_satisfaction_jain,5,64,chunk_512,mixed,2000,workload_seed,0.021658469370485486
poisson,8116.721742882159,7202.572703110571,,analytical,E7,E7-034cca16994d,7648.0786424174785,7548.7398206038915,short_prompt_ttft_p95_ms,5,64,chunk_512,mixed,2000,workload_seed,590.6474667674682
poisson,8199.057797941898,7288.308799482416,,analytical,E7,E7-034cca16994d,7743.683298712157,7555.890403077123,long_prompt_ttft_p95_ms,5,64,chunk_512,mixed,2000,workload_seed,614.2211261088753
poisson,16.1184,6.243799999999998,,analytical,E7,E7-034cca16994d,11.319199999999999,12.09899999999999,primer_max_itl_ms,5,64,chunk_512,mixed,2000,workload_seed,6.181670178843256
poisson,165.2,153.0,,analytical,E7,E7-034cca16994d,159.6,161.0,backlog_at_arrival_end,5,64,chunk_512,mixed,2000,workload_seed,7.700649323271382
poisson,0.9999999999999986,0.999163594480794,,analytical,E7,E7-034cca16994d,0.9997211981602628,0.9999999999999964,server_busy_fraction,5,64,chunk_512,mixed,2000,workload_seed,0.0006234198658982804
poisson,0.8517045072311724,0.8076395494060467,,analytical,E7,E7-034cca16994d,0.8322854252584762,0.8437045585136007,batch_slot_occupancy,5,64,chunk_512,mixed,2000,workload_seed,0.029940854687133648
poisson,4165.690136736225,2946.2982120642187,,analytical,E7,E7-034cca16994d,3500.0112529395255,3267.612013412309,ttft_p50_ms,5,64,chunk_512_aging,mixed,2000,workload_seed,800.4227622893642
poisson,8165.632499915082,7342.056256053201,,analytical,E7,E7-034cca16994d,7749.4962738187005,7669.056716732026,ttft_p95_ms,5,64,chunk_512_aging,mixed,2000,workload_seed,560.2209340356674
poisson,8602.572687186843,7729.22876725489,,analytical,E7,E7-034cca16994d,8164.491189491256,8103.334054045093,ttft_p99_ms,5,64,chunk_512_aging,mixed,2000,workload_seed,590.1401921193062
poisson,16.881664472016023,16.54786852680887,,analytical,E7,E7-034cca16994d,16.72366556091491,16.68845475594502,tpot_p95_ms,5,64,chunk_512_aging,mixed,2000,workload_seed,0.22487810142547413
poisson,17.807505378030424,17.317054803030484,,analytical,E7,E7-034cca16994d,17.533889228030436,17.43040500000009,tpot_p99_ms,5,64,chunk_512_aging,mixed,2000,workload_seed,0.3078306402835096
poisson,10205.565771177611,8912.919705184155,,analytical,E7,E7-034cca16994d,9618.523463139389,9767.779798551437,e2e_p95_ms,5,64,chunk_512_aging,mixed,2000,workload_seed,880.418865737363
poisson,19.019000000000233,19.01899999999996,,analytical,E7,E7-034cca16994d,19.01900000000014,19.019000000000233,itl_p95_ms,5,64,chunk_512_aging,mixed,2000,workload_seed,2.033691978340166e-13
poisson,19.019000000000233,19.019000000000233,,analytical,E7,E7-034cca16994d,19.019000000000233,19.019000000000233,itl_p99_ms,5,64,chunk_512_aging,mixed,2000,workload_seed,0.0
poisson,16.863819067950804,15.229821810614435,,analytical,E7,E7-034cca16994d,15.900527384336652,15.691616582213785,request_throughput_rps,5,64,chunk_512_aging,mixed,2000,workload_seed,1.116127772966653
poisson,2032.3772583377583,1961.4115375140136,,analytical,E7,E7-034cca16994d,1996.894397925886,1972.5216527277662,output_token_throughput_tps,5,64,chunk_512_aging,mixed,2000,workload_seed,46.69497341380549
poisson,14.250852241517691,11.403780281895378,,analytical,E7,E7-034cca16994d,12.697838721847129,11.954301118884127,observed_request_throughput_rps,5,64,chunk_512_aging,mixed,2000,workload_seed,1.9593150015661542
poisson,0.7313229211484339,0.6885375908629217,,analytical,E7,E7-034cca16994d,0.7099302560056777,0.7007628295963572,iteration_cv,5,64,chunk_512_aging,mixed,2000,workload_seed,0.02897777234192522
poisson,8555.07630150265,7588.186944570763,,analytical,E7,E7-034cca16994d,8075.78547811928,8099.108489068154,max_wait_ms,5,64,chunk_512_aging,mixed,2000,workload_seed,648.0491747718092
poisson,143.0,132.6,,analytical,E7,E7-034cca16994d,138.0,139.0,starvation_proxy_count,5,64,chunk_512_aging,mixed,2000,workload_seed,7.0710678118654755
poisson,0.6278235456338119,0.5837985923517557,,analytical,E7,E7-034cca16994d,0.6052420383402641,0.6014473367682002,waiting_satisfaction_jain,5,64,chunk_512_aging,mixed,2000,workload_seed,0.02920485897497089
poisson,7998.114909891735,7069.080736828504,,analytical,E7,E7-034cca16994d,7533.597823360118,7521.849915769149,short_prompt_ttft_p95_ms,5,64,chunk_512_aging,mixed,2000,workload_seed,591.0602822834381
poisson,8329.168481310404,7439.074239543987,,analytical,E7,E7-034cca16994d,7880.676302302323,7770.596104245419,long_prompt_ttft_p95_ms,5,64,chunk_512_aging,mixed,2000,workload_seed,596.7151159567669
poisson,16.37599999999987,6.6182,,analytical,E7,E7-034cca16994d,11.693599999999956,12.682999999999993,primer_max_itl_ms,5,64,chunk_512_aging,mixed,2000,workload_seed,6.327350772637724
poisson,161.4,152.2,,analytical,E7,E7-034cca16994d,156.8,159.0,backlog_at_arrival_end,5,64,chunk_512_aging,mixed,2000,workload_seed,6.418722614352485
poisson,0.9999999999999967,0.9991653550839515,,analytical,E7,E7-034cca16994d,0.9997217850279807,0.9999999999999932,server_busy_fraction,5,64,chunk_512_aging,mixed,2000,workload_seed,0.0006221075897827253
poisson,0.8651550015202376,0.814753068954108,,analytical,E7,E7-034cca16994d,0.844063325133128,0.8623259063154917,batch_slot_occupancy,5,64,chunk_512_aging,mixed,2000,workload_seed,0.03296743113561618
poisson,4335.707183818854,3138.7669361498465,,analytical,E7,E7-034cca16994d,3668.942732886241,3455.1280937254105,ttft_p50_ms,5,64,chunk_512_prefill_first,mixed,2000,workload_seed,810.4595846883167
poisson,8200.732185519177,7326.981138084147,,analytical,E7,E7-034cca16994d,7756.635982723218,7700.404569509344,ttft_p95_ms,5,64,chunk_512_prefill_first,mixed,2000,workload_seed,586.3008532994039
poisson,8673.518575495607,7649.17392499191,,analytical,E7,E7-034cca16994d,8158.2470816555915,8104.674134045075,ttft_p99_ms,5,64,chunk_512_prefill_first,mixed,2000,workload_seed,691.7784776320752
poisson,16.817295078395055,16.50061653358851,,analytical,E7,E7-034cca16994d,16.658955805991784,16.73757874999982,tpot_p95_ms,5,64,chunk_512_prefill_first,mixed,2000,workload_seed,0.20329499018118286
poisson,17.80053514848465,17.570630768687018,,analytical,E7,E7-034cca16994d,17.691364902020137,17.75236399999969,tpot_p99_ms,5,64,chunk_512_prefill_first,mixed,2000,workload_seed,0.14561644676654167
poisson,10159.68052862109,8817.041838865096,,analytical,E7,E7-034cca16994d,9545.986790060855,9729.12134956485,e2e_p95_ms,5,64,chunk_512_prefill_first,mixed,2000,workload_seed,914.9881570794381
poisson,19.019000000000233,19.01899999999987,,analytical,E7,E7-034cca16994d,19.01900000000005,19.019000000000233,itl_p95_ms,5,64,chunk_512_prefill_first,mixed,2000,workload_seed,2.490753820462333e-13
poisson,19.019000000000233,19.019000000000233,,analytical,E7,E7-034cca16994d,19.019000000000233,19.019000000000233,itl_p99_ms,5,64,chunk_512_prefill_first,mixed,2000,workload_seed,0.0
poisson,16.883650506448216,15.224430847479315,,analytical,E7,E7-034cca16994d,15.905735203220413,15.708799439457609,request_throughput_rps,5,64,chunk_512_prefill_first,mixed,2000,workload_seed,1.135586350400239
poisson,2033.2860958071574,1961.5521199096772,,analytical,E7,E7-034cca16994d,1997.4191078584176,1976.6824974050212,output_token_throughput_tps,5,64,chunk_512_prefill_first,mixed,2000,workload_seed,46.58683374460851
poisson,13.809484437175632,9.997740517935991,,analytical,E7,E7-034cca16994d,11.671734275669948,11.11193709226486,observed_request_throughput_rps,5,64,chunk_512_prefill_first,mixed,2000,workload_seed,2.4536475228013876
poisson,0.7236682946045775,0.6831074057646924,,analytical,E7,E7-034cca16994d,0.703387850184635,0.6900354911203074,iteration_cv,5,64,chunk_512_prefill_first,mixed,2000,workload_seed,0.02672588128330749
poisson,8693.859343222299,7738.735655555048,,analytical,E7,E7-034cca16994d,8217.023843486933,8173.588078400864,max_wait_ms,5,64,chunk_512_prefill_first,mixed,2000,workload_seed,641.8932412571793
poisson,152.8,141.6,,analytical,E7,E7-034cca16994d,147.2,152.0,starvation_proxy_count,5,64,chunk_512_prefill_first,mixed,2000,workload_seed,8.043631020876083
poisson,0.6445415642510983,0.6115199664663937,,analytical,E7,E7-034cca16994d,0.6282321853920474,0.6275634913175898,waiting_satisfaction_jain,5,64,chunk_512_prefill_first,mixed,2000,workload_seed,0.021658469370485486
poisson,8116.721742882159,7202.572703110571,,analytical,E7,E7-034cca16994d,7648.0786424174785,7548.7398206038915,short_prompt_ttft_p95_ms,5,64,chunk_512_prefill_first,mixed,2000,workload_seed,590.6474667674682
poisson,8199.057797941898,7288.308799482416,,analytical,E7,E7-034cca16994d,7743.683298712157,7555.890403077123,long_prompt_ttft_p95_ms,5,64,chunk_512_prefill_first,mixed,2000,workload_seed,614.2211261088753
poisson,16.1184,6.243799999999998,,analytical,E7,E7-034cca16994d,11.319199999999999,12.09899999999999,primer_max_itl_ms,5,64,chunk_512_prefill_first,mixed,2000,workload_seed,6.181670178843256
poisson,165.2,153.0,,analytical,E7,E7-034cca16994d,159.6,161.0,backlog_at_arrival_end,5,64,chunk_512_prefill_first,mixed,2000,workload_seed,7.700649323271382
poisson,0.9999999999999986,0.999163594480794,,analytical,E7,E7-034cca16994d,0.9997211981602628,0.9999999999999964,server_busy_fraction,5,64,chunk_512_prefill_first,mixed,2000,workload_seed,0.0006234198658982804
poisson,0.8517045072311724,0.8076395494060467,,analytical,E7,E7-034cca16994d,0.8322854252584762,0.8437045585136007,batch_slot_occupancy,5,64,chunk_512_prefill_first,mixed,2000,workload_seed,0.029940854687133648
poisson,5659.223986669907,4414.829940725239,,analytical,E7,E7-034cca16994d,5040.098723459588,4983.382671072031,ttft_p50_ms,5,64,fcfs,mixed,2000,workload_seed,812.7520910128172
poisson,9818.888189992529,8594.081834737672,,analytical,E7,E7-034cca16994d,9260.76514102578,9572.540752761548,ttft_p95_ms,5,64,fcfs,mixed,2000,workload_seed,840.4342409050765
poisson,10253.555944921136,8925.373122822306,,analytical,E7,E7-034cca16994d,9678.18440880469,9937.533067308716,ttft_p99_ms,5,64,fcfs,mixed,2000,workload_seed,902.8138173499665
poisson,0.32300000000032014,0.32300000000032014,,analytical,E7,E7-034cca16994d,0.32300000000032014,0.32300000000032014,tpot_p95_ms,5,64,fcfs,mixed,2000,workload_seed,0.0
poisson,0.32300000000032014,0.32300000000032014,,analytical,E7,E7-034cca16994d,0.32300000000032014,0.32300000000032014,tpot_p99_ms,5,64,fcfs,mixed,2000,workload_seed,0.0
poisson,9864.905305242308,8614.71468941314,,analytical,E7,E7-034cca16994d,9293.83126433771,9618.47508761966,e2e_p95_ms,5,64,fcfs,mixed,2000,workload_seed,859.5601048604999
poisson,0.32300000000032014,0.32300000000032014,,analytical,E7,E7-034cca16994d,0.32300000000032014,0.32300000000032014,itl_p95_ms,5,64,fcfs,mixed,2000,workload_seed,0.0
poisson,0.32300000000032014,0.32300000000032014,,analytical,E7,E7-034cca16994d,0.32300000000032014,0.32300000000032014,itl_p99_ms,5,64,fcfs,mixed,2000,workload_seed,0.0
poisson,16.218913714315796,14.596352842524684,,analytical,E7,E7-034cca16994d,15.281639285737706,15.089571934773362,request_throughput_rps,5,64,fcfs,mixed,2000,workload_seed,1.1069494743689585
poisson,1958.3524122985195,1879.759189194897,,analytical,E7,E7-034cca16994d,1919.0558007467084,1902.7080490599938,output_token_throughput_tps,5,64,fcfs,mixed,2000,workload_seed,50.53612490817146
poisson,16.911397107453855,15.017226821307071,,analytical,E7,E7-034cca16994d,15.820004677086473,15.498994262383357,observed_request_throughput_rps,5,64,fcfs,mixed,2000,workload_seed,1.2307574915510757
poisson,8.073568793302803,7.566942622267691,,analytical,E7,E7-034cca16994d,7.819963680828349,7.590395875567414,iteration_cv,5,64,fcfs,mixed,2000,workload_seed,0.34151757704159147
poisson,10337.540505522664,9037.438148589692,,analytical,E7,E7-034cca16994d,9774.964270881845,9979.145452861274,max_wait_ms,5,64,fcfs,mixed,2000,workload_seed,884.1495884673209
poisson,174.0,164.6,,analytical,E7,E7-034cca16994d,169.6,170.0,starvation_proxy_count,5,64,fcfs,mixed,2000,workload_seed,6.188699378706321
poisson,0.6242009682862003,0.598222495096917,,analytical,E7,E7-034cca16994d,0.6111892843295144,0.606463156925263,waiting_satisfaction_jain,5,64,fcfs,mixed,2000,workload_seed,0.017648210693250156
poisson,9773.871290580084,8548.049344240966,,analytical,E7,E7-034cca16994d,9152.28991442116,9184.479409262825,short_prompt_ttft_p95_ms,5,64,fcfs,mixed,2000,workload_seed,819.732005693972
poisson,9783.840287946747,8476.882613045265,,analytical,E7,E7-034cca16994d,9143.557118716453,9383.453153081195,long_prompt_ttft_p95_ms,5,64,fcfs,mixed,2000,workload_seed,868.1599338408153
poisson,0.3230000000000047,0.3230000000000004,,analytical,E7,E7-034cca16994d,0.32300000000000184,0.3230000000000004,primer_max_itl_ms,5,64,fcfs,mixed,2000,workload_seed,3.1776437161565094e-15
poisson,151.6,144.6,,analytical,E7,E7-034cca16994d,148.2,149.0,backlog_at_arrival_end,5,64,fcfs,mixed,2000,workload_seed,4.764451699828638
poisson,0.9999999999996101,0.9992103659225184,,analytical,E7,E7-034cca16994d,0.9997367886405681,0.9999999999995822,server_busy_fraction,5,64,fcfs,mixed,2000,workload_seed,0.0005885584912311215
poisson,0.03125,0.03125,,analytical,E7,E7-034cca16994d,0.03125,0.03125,batch_slot_occupancy,5,64,fcfs,mixed,2000,workload_seed,0.0
poisson,4443.61738381887,3140.9060609706366,,analytical,E7,E7-034cca16994d,3720.6492435622836,3592.4370937254303,ttft_p50_ms,5,64,mono,mixed,2000,workload_seed,846.7005327122312
poisson,8391.061111072731,7424.304351930368,,analytical,E7,E7-034cca16994d,7909.173294926381,7913.024752757345,ttft_p95_ms,5,64,mono,mixed,2000,workload_seed,634.7148418035722
poisson,8710.30941094448,7749.275093870509,,analytical,E7,E7-034cca16994d,8237.515843902325,8297.418311311265,ttft_p99_ms,5,64,mono,mixed,2000,workload_seed,647.3564236118852
poisson,25.65949345717893,23.27146011232728,,analytical,E7,E7-034cca16994d,24.271673702042754,23.830164423076923,tpot_p95_ms,5,64,mono,mixed,2000,workload_seed,1.565482449649784
poisson,37.23054157323706,30.744223154914483,,analytical,E7,E7-034cca16994d,33.786762021367466,32.542016105769235,tpot_p99_ms,5,64,mono,mixed,2000,workload_seed,4.090667900624637
poisson,10412.932686595695,9052.444838440737,,analytical,E7,E7-034cca16994d,9790.7202760985,9936.456649564858,e2e_p95_ms,5,64,mono,mixed,2000,workload_seed,921.7593480271393
poisson,45.28100000000004,41.99919999999995,,analytical,E7,E7-034cca16994d,43.63720000000001,43.80500000000029,itl_p95_ms,5,64,mono,mixed,2000,workload_seed,2.0640799887601764
poisson,156.55279999999985,130.20395999999965,,analytical,E7,E7-034cca16994d,144.8509599999996,154.53399999999965,itl_p99_ms,5,64,mono,mixed,2000,workload_seed,16.72145438973547
poisson,16.60630559856163,14.96243004166059,,analytical,E7,E7-034cca16994d,15.660945284584153,15.491515530930057,request_throughput_rps,5,64,mono,mixed,2000,workload_seed,1.1198877116303905
poisson,2006.672361047568,1926.8878528426321,,analytical,E7,E7-034cca16994d,1966.7801069451002,1946.2502009224274,output_token_throughput_tps,5,64,mono,mixed,2000,workload_seed,51.70392128404337
poisson,13.232777673924158,8.42333262300906,,analytical,E7,E7-034cca16994d,10.561483934390528,9.537443138309559,observed_request_throughput_rps,5,64,mono,mixed,2000,workload_seed,3.181359437467587
poisson,1.8349876050907183,1.7363484689832442,,analytical,E7,E7-034cca16994d,1.7894212798356037,1.7974874731472532,iteration_cv,5,64,mono,mixed,2000,workload_seed,0.06378143394064674
poisson,8802.445432237992,7841.629744570766,,analytical,E7,E7-034cca16994d,8330.696959582769,8374.008078400857,max_wait_ms,5,64,mono,mixed,2000,workload_seed,642.4864057298965
poisson,150.0,139.4,,analytical,E7,E7-034cca16994d,144.8,144.0,starvation_proxy_count,5,64,mono,mixed,2000,workload_seed,7.259476565152615
poisson,0.6336406863218877,0.6012815233827323,,analytical,E7,E7-034cca16994d,0.6175242005945817,0.619091328552521,waiting_satisfaction_jain,5,64,mono,mixed,2000,workload_seed,0.021464539911558445
poisson,8269.848290103879,7307.692912865728,,analytical,E7,E7-034cca16994d,7776.871670765143,7691.172515769137,short_prompt_ttft_p95_ms,5,64,mono,mixed,2000,workload_seed,627.5493085254004
poisson,8310.483687941909,7301.988949482447,,analytical,E7,E7-034cca16994d,7806.236318712178,7663.107753077141,long_prompt_ttft_p95_ms,5,64,mono,mixed,2000,workload_seed,662.7667510915733
poisson,157.1784,37.0496,,analytical,E7,E7-034cca16994d,97.114,156.856,primer_max_itl_ms,5,64,mono,mixed,2000,workload_seed,82.25396217812246
poisson,169.2,154.6,,analytical,E7,E7-034cca16994d,162.6,166.0,backlog_at_arrival_end,5,64,mono,mixed,2000,workload_seed,9.710818709048171
poisson,0.999999999999998,0.9991764714809014,,analytical,E7,E7-034cca16994d,0.9997254904936316,0.9999999999999958,server_busy_fraction,5,64,mono,mixed,2000,workload_seed,0.0006138219167019779
poisson,0.9230450230016215,0.9097876891886305,,analytical,E7,E7-034cca16994d,0.916621060965484,0.9161766587085228,batch_slot_occupancy,5,64,mono,mixed,2000,workload_seed,0.008343011543602402
poisson,2350.9533204455333,1332.341964711153,,piecewise,E7,E7-e400e0103dd3,1780.3458995323563,1636.8127127671478,ttft_p50_ms,5,64,chunk_512,mixed,2000,workload_seed,669.1679388077536
poisson,3733.5019447152263,3030.8538741966863,,piecewise,E7,E7-e400e0103dd3,3356.5817532378032,3354.857816185778,ttft_p95_ms,5,64,chunk_512,mixed,2000,workload_seed,473.7806407725622
poisson,3883.0033653828386,3130.409048190571,,piecewise,E7,E7-e400e0103dd3,3484.7733522840012,3548.0690167139464,ttft_p99_ms,5,64,chunk_512,mixed,2000,workload_seed,507.81048121278747
poisson,9.905319815507484,9.63461779471343,,piecewise,E7,E7-e400e0103dd3,9.777319241435402,9.757779229182695,tpot_p95_ms,5,64,chunk_512,mixed,2000,workload_seed,0.1825165791639121
poisson,10.454940923368696,10.267120484258369,,piecewise,E7,E7-e400e0103dd3,10.36942256249769,10.440354979999983,tpot_p99_ms,5,64,chunk_512,mixed,2000,workload_seed,0.11918637178964012
poisson,4959.244590040683,4033.704638813736,,piecewise,E7,E7-e400e0103dd3,4526.348236072238,4719.639514710804,e2e_p95_ms,5,64,chunk_512,mixed,2000,workload_seed,617.9782029122598
poisson,10.726397960000032,10.691882349999833,,piecewise,E7,E7-e400e0103dd3,10.711606689999963,10.713436300000012,itl_p95_ms,5,64,chunk_512,mixed,2000,workload_seed,0.0229973569757431
poisson,10.82480895000008,10.806276846499914,,piecewise,E7,E7-e400e0103dd3,10.815655479999986,10.818582449999667,itl_p99_ms,5,64,chunk_512,mixed,2000,workload_seed,0.012455415358470579
poisson,29.918090511599644,26.687222329929035,,piecewise,E7,E7-e400e0103dd3,28.118735252700123,27.550801816260265,request_throughput_rps,5,64,chunk_512,mixed,2000,workload_seed,2.1047659984025855
poisson,3658.202024271358,3406.856010314509,,piecewise,E7,E7-e400e0103dd3,3532.5290172929335,3496.9714121829716,output_token_throughput_tps,5,64,chunk_512,mixed,2000,workload_seed,161.80199151990476
poisson,24.5136833958154,17.098372611124375,,piecewise,E7,E7-e400e0103dd3,20.97994416117756,20.545178440833755,observed_request_throughput_rps,5,64,chunk_512,mixed,2000,workload_seed,4.924463226673392
poisson,0.7738023842798605,0.7545164595284881,,piecewise,E7,E7-e400e0103dd3,0.7629223905692741,0.7593036439802665,iteration_cv,5,64,chunk_512,mixed,2000,workload_seed,0.012374829902413642
poisson,3892.417518366636,3171.9695023313116,,piecewise,E7,E7-e400e0103dd3,3508.7050888527483,3543.2660706832785,max_wait_ms,5,64,chunk_512,mixed,2000,workload_seed,476.5019592363726
poisson,144.2,113.4,,piecewise,E7,E7-e400e0103dd3,130.2,132.0,starvation_proxy_count,5,64,chunk_512,mixed,2000,workload_seed,20.717142660125695
poisson,0.8224979306796737,0.7742498869761145,,piecewise,E7,E7-e400e0103dd3,0.8011684694301293,0.8154758975107493,waiting_satisfaction_jain,5,64,chunk_512,mixed,2000,workload_seed,0.030922456247373907
poisson,3719.3786262228423,2990.86512845054,,piecewise,E7,E7-e400e0103dd3,3331.033607664075,3340.132986933244,short_prompt_ttft_p95_ms,5,64,chunk_512,mixed,2000,workload_seed,465.4987040911092
poisson,3743.660433052155,3023.3283110836,,piecewise,E7,E7-e400e0103dd3,3368.2323662143926,3437.1033657993667,long_prompt_ttft_p95_ms,5,64,chunk_512,mixed,2000,workload_seed,474.9380404453933
poisson,10.404837290000065,5.554092019999996,,piecewise,E7,E7-e400e0103dd3,8.56245852000002,9.67710654999999,primer_max_itl_ms,5,64,chunk_512,mixed,2000,workload_seed,3.3207475644007642
poisson,145.8,122.2,,piecewise,E7,E7-e400e0103dd3,133.6,135.0,backlog_at_arrival_end,5,64,chunk_512,mixed,2000,workload_seed,15.630099167951558
poisson,1.0,0.9997408550053709,,piecewise,E7,E7-e400e0103dd3,0.9999136183351236,1.0,server_busy_fraction,5,64,chunk_512,mixed,2000,workload_seed,0.0001931552746731256
poisson,0.8110949922422449,0.7637565868390354,,piecewise,E7,E7-e400e0103dd3,0.7911668983723275,0.8054956978879423,batch_slot_occupancy,5,64,chunk_512,mixed,2000,workload_seed,0.03174940126681963
poisson,2269.06761589616,1248.6545492356026,,piecewise,E7,E7-e400e0103dd3,1709.996733459615,1444.1550032773566,ttft_p50_ms,5,64,chunk_512_aging,mixed,2000,workload_seed,700.6363291982696
poisson,3702.860046029531,3004.976388587482,,piecewise,E7,E7-e400e0103dd3,3334.828023565578,3340.6395976202116,ttft_p95_ms,5,64,chunk_512_aging,mixed,2000,workload_seed,474.8890496563469
poisson,3815.9824988785176,3155.470443152247,,piecewise,E7,E7-e400e0103dd3,3483.514253776364,3545.1037761115153,ttft_p99_ms,5,64,chunk_512_aging,mixed,2000,workload_seed,453.2888408368719
poisson,9.885370573904899,9.668322686483389,,piecewise,E7,E7-e400e0103dd3,9.781275991259005,9.830187339877424,tpot_p95_ms,5,64,chunk_512_aging,mixed,2000,workload_seed,0.1422315929634287
poisson,10.33525153715451,10.015689885551222,,piecewise,E7,E7-e400e0103dd3,10.191044397293,10.276560652260681,tpot_p99_ms,5,64,chunk_512_aging,mixed,2000,workload_seed,0.20027189532921208
poisson,4998.544082971163,4085.749723459988,,piecewise,E7,E7-e400e0103dd3,4580.063423738131,4755.192166417038,e2e_p95_ms,5,64,chunk_512_aging,mixed,2000,workload_seed,620.4580860410113
poisson,10.82846894000013,10.78818935600015,,piecewise,E7,E7-e400e0103dd3,10.808329148000139,10.796268600000076,itl_p95_ms,5,64,chunk_512_aging,mixed,2000,workload_seed,0.02639803670563741
poisson,10.964860889999727,10.934026869999979,,piecewise,E7,E7-e400e0103dd3,10.951043629999822,10.959528149999642,itl_p99_ms,5,64,chunk_512_aging,mixed,2000,workload_seed,0.020255950186283882
poisson,29.990810971406535,26.750514098959297,,piecewise,E7,E7-e400e0103dd3,28.192438113664025,27.59141124513087,request_throughput_rps,5,64,chunk_512_aging,mixed,2000,workload_seed,2.1215456127472327
poisson,3669.8409467247825,3413.704276971799,,piecewise,E7,E7-e400e0103dd3,3541.7726118482906,3506.3766277459627,output_token_throughput_tps,5,64,chunk_512_aging,mixed,2000,workload_seed,164.1596702627486
poisson,24.429510480151958,18.205466362284177,,piecewise,E7,E7-e400e0103dd3,21.664284962558835,22.37630890141858,observed_request_throughput_rps,5,64,chunk_512_aging,mixed,2000,workload_seed,4.089789884633474
poisson,0.7705807260021842,0.756997113558638,,piecewise,E7,E7-e400e0103dd3,0.7632883582259898,0.7584166087283286,iteration_cv,5,64,chunk_512_aging,mixed,2000,workload_seed,0.008609839854172859
poisson,3838.628722202786,3055.450414242174,,piecewise,E7,E7-e400e0103dd3,3418.4463672703023,3371.194496584453,max_wait_ms,5,64,chunk_512_aging,mixed,2000,workload_seed,515.4145917315592
poisson,126.4,105.6,,piecewise,E7,E7-e400e0103dd3,118.2,122.0,starvation_proxy_count,5,64,chunk_512_aging,mixed,2000,workload_seed,14.411800720243116
poisson,0.8015947741432676,0.732724844909136,,piecewise,E7,E7-e400e0103dd3,0.771907737031077,0.7761921703158379,waiting_satisfaction_jain,5,64,chunk_512_aging,mixed,2000,workload_seed,0.044842896729948546
poisson,3632.048165321719,2898.583744554179,,piecewise,E7,E7-e400e0103dd3,3228.413346198528,3230.6961435086905,short_prompt_ttft_p95_ms,5,64,chunk_512_aging,mixed,2000,workload_seed,474.7675166592373
poisson,3782.439797592758,3088.3812601133936,,piecewise,E7,E7-e400e0103dd3,3444.2426262293184,3512.2359204828153,long_prompt_ttft_p95_ms,5,64,chunk_512_aging,mixed,2000,workload_seed,469.86472911364643
poisson,10.514599939999917,5.522130110000001,,piecewise,E7,E7-e400e0103dd3,8.577738629999972,9.67710654999999,primer_max_itl_ms,5,64,chunk_512_aging,mixed,2000,workload_seed,3.3452786944082376
poisson,143.2,122.99,,piecewise,E7,E7-e400e0103dd3,131.8,131.0,backlog_at_arrival_end,5,64,chunk_512_aging,mixed,2000,workload_seed,13.198484761517134
poisson,0.9999999999999997,0.9997401580266851,,piecewise,E7,E7-e400e0103dd3,0.9999133860088947,0.9999999999999992,server_busy_fraction,5,64,chunk_512_aging,mixed,2000,workload_seed,0.00019367477191269695
poisson,0.8312712059550961,0.7779058036159359,,piecewise,E7,E7-e400e0103dd3,0.8094235259933363,0.8297581489166675,batch_slot_occupancy,5,64,chunk_512_aging,mixed,2000,workload_seed,0.034744433845624735
poisson,2350.9533204455333,1332.341964711153,,piecewise,E7,E7-e400e0103dd3,1780.3458995323563,1636.8127127671478,ttft_p50_ms,5,64,chunk_512_prefill_first,mixed,2000,workload_seed,669.1679388077536
poisson,3733.5019447152263,3030.8538741966863,,piecewise,E7,E7-e400e0103dd3,3356.5817532378032,3354.857816185778,ttft_p95_ms,5,64,chunk_512_prefill_first,mixed,2000,workload_seed,473.7806407725622
poisson,3883.0033653828386,3130.409048190571,,piecewise,E7,E7-e400e0103dd3,3484.7733522840012,3548.0690167139464,ttft_p99_ms,5,64,chunk_512_prefill_first,mixed,2000,workload_seed,507.81048121278747
poisson,9.905319815507484,9.63461779471343,,piecewise,E7,E7-e400e0103dd3,9.777319241435402,9.757779229182695,tpot_p95_ms,5,64,chunk_512_prefill_first,mixed,2000,workload_seed,0.1825165791639121
poisson,10.454940923368696,10.267120484258369,,piecewise,E7,E7-e400e0103dd3,10.36942256249769,10.440354979999983,tpot_p99_ms,5,64,chunk_512_prefill_first,mixed,2000,workload_seed,0.11918637178964012
poisson,4959.244590040683,4033.704638813736,,piecewise,E7,E7-e400e0103dd3,4526.348236072238,4719.639514710804,e2e_p95_ms,5,64,chunk_512_prefill_first,mixed,2000,workload_seed,617.9782029122598
poisson,10.726397960000032,10.691882349999833,,piecewise,E7,E7-e400e0103dd3,10.711606689999963,10.713436300000012,itl_p95_ms,5,64,chunk_512_prefill_first,mixed,2000,workload_seed,0.0229973569757431
poisson,10.82480895000008,10.806276846499914,,piecewise,E7,E7-e400e0103dd3,10.815655479999986,10.818582449999667,itl_p99_ms,5,64,chunk_512_prefill_first,mixed,2000,workload_seed,0.012455415358470579
poisson,29.918090511599644,26.687222329929035,,piecewise,E7,E7-e400e0103dd3,28.118735252700123,27.550801816260265,request_throughput_rps,5,64,chunk_512_prefill_first,mixed,2000,workload_seed,2.1047659984025855
poisson,3658.202024271358,3406.856010314509,,piecewise,E7,E7-e400e0103dd3,3532.5290172929335,3496.9714121829716,output_token_throughput_tps,5,64,chunk_512_prefill_first,mixed,2000,workload_seed,161.80199151990476
poisson,24.5136833958154,17.098372611124375,,piecewise,E7,E7-e400e0103dd3,20.97994416117756,20.545178440833755,observed_request_throughput_rps,5,64,chunk_512_prefill_first,mixed,2000,workload_seed,4.924463226673392
poisson,0.7738023842798605,0.7545164595284881,,piecewise,E7,E7-e400e0103dd3,0.7629223905692741,0.7593036439802665,iteration_cv,5,64,chunk_512_prefill_first,mixed,2000,workload_seed,0.012374829902413642
poisson,3892.417518366636,3171.9695023313116,,piecewise,E7,E7-e400e0103dd3,3508.7050888527483,3543.2660706832785,max_wait_ms,5,64,chunk_512_prefill_first,mixed,2000,workload_seed,476.5019592363726
poisson,144.2,113.4,,piecewise,E7,E7-e400e0103dd3,130.2,132.0,starvation_proxy_count,5,64,chunk_512_prefill_first,mixed,2000,workload_seed,20.717142660125695
poisson,0.8224979306796737,0.7742498869761145,,piecewise,E7,E7-e400e0103dd3,0.8011684694301293,0.8154758975107493,waiting_satisfaction_jain,5,64,chunk_512_prefill_first,mixed,2000,workload_seed,0.030922456247373907
poisson,3719.3786262228423,2990.86512845054,,piecewise,E7,E7-e400e0103dd3,3331.033607664075,3340.132986933244,short_prompt_ttft_p95_ms,5,64,chunk_512_prefill_first,mixed,2000,workload_seed,465.4987040911092
poisson,3743.660433052155,3023.3283110836,,piecewise,E7,E7-e400e0103dd3,3368.2323662143926,3437.1033657993667,long_prompt_ttft_p95_ms,5,64,chunk_512_prefill_first,mixed,2000,workload_seed,474.9380404453933
poisson,10.404837290000065,5.554092019999996,,piecewise,E7,E7-e400e0103dd3,8.56245852000002,9.67710654999999,primer_max_itl_ms,5,64,chunk_512_prefill_first,mixed,2000,workload_seed,3.3207475644007642
poisson,145.8,122.2,,piecewise,E7,E7-e400e0103dd3,133.6,135.0,backlog_at_arrival_end,5,64,chunk_512_prefill_first,mixed,2000,workload_seed,15.630099167951558
poisson,1.0,0.9997408550053709,,piecewise,E7,E7-e400e0103dd3,0.9999136183351236,1.0,server_busy_fraction,5,64,chunk_512_prefill_first,mixed,2000,workload_seed,0.0001931552746731256
poisson,0.8110949922422449,0.7637565868390354,,piecewise,E7,E7-e400e0103dd3,0.7911668983723275,0.8054956978879423,batch_slot_occupancy,5,64,chunk_512_prefill_first,mixed,2000,workload_seed,0.03174940126681963
poisson,10675.527060027642,9093.0205325534,,piecewise,E7,E7-e400e0103dd3,9934.399561204445,10441.453159947785,ttft_p50_ms,5,64,fcfs,mixed,2000,workload_seed,1007.3327387153615
poisson,19434.026062076202,17470.079470126115,,piecewise,E7,E7-e400e0103dd3,18601.211496125474,18768.741119502974,ttft_p95_ms,5,64,fcfs,mixed,2000,workload_seed,1335.433364540298
poisson,20416.5677731162,18125.639078715823,,piecewise,E7,E7-e400e0103dd3,19466.287222031766,19956.890449338163,ttft_p99_ms,5,64,fcfs,mixed,2000,workload_seed,1538.1706317298683
poisson,0.8296282749999999,0.8231063250000034,,piecewise,E7,E7-e400e0103dd3,0.8263273250000017,0.8236086250000058,tpot_p95_ms,5,64,fcfs,mixed,2000,workload_seed,0.004403398856456076
poisson,0.831878404374993,0.8315231649999945,,piecewise,E7,E7-e400e0103dd3,0.8317006749999937,0.8316535249999933,tpot_p99_ms,5,64,fcfs,mixed,2000,workload_seed,0.0002330951234201925
poisson,19534.156448407437,17529.931412576116,,piecewise,E7,E7-e400e0103dd3,18683.178176575475,18830.776197467345,e2e_p95_ms,5,64,fcfs,mixed,2000,workload_seed,1366.3801924618615
poisson,0.8316104999999107,0.8311020000001008,,piecewise,E7,E7-e400e0103dd3,0.8313305000000719,0.8312850000002072,itl_p95_ms,5,64,fcfs,mixed,2000,workload_seed,0.000325626319476395
poisson,0.8326384800001196,0.8321367999999711,,piecewise,E7,E7-e400e0103dd3,0.832385380000027,0.8322245000001203,itl_p99_ms,5,64,fcfs,mixed,2000,workload_seed,0.000336404253938251
poisson,9.089883252767015,8.142943882319743,,piecewise,E7,E7-e400e0103dd3,8.532564591406365,8.273537948921026,request_throughput_rps,5,64,fcfs,mixed,2000,workload_seed,0.6459603806338632
poisson,1078.8618888202825,1063.7493227658974,,piecewise,E7,E7-e400e0103dd3,1071.0543624785655,1066.8946138154201,output_token_throughput_tps,5,64,fcfs,mixed,2000,workload_seed,9.645801318258385
poisson,9.832378651724493,7.368730668577946,,piecewise,E7,E7-e400e0103dd3,8.656301890538964,9.011043175804279,observed_request_throughput_rps,5,64,fcfs,mixed,2000,workload_seed,1.5724152286716573
poisson,2.8018075458244693,2.5694644079310307,,piecewise,E7,E7-e400e0103dd3,2.6856359768777502,2.624665458189079,iteration_cv,5,64,fcfs,mixed,2000,workload_seed,0.14934770277000317
poisson,20720.12434975996,18311.194584630663,,piecewise,E7,E7-e400e0103dd3,19683.790833431518,20138.16143530081,max_wait_ms,5,64,fcfs,mixed,2000,workload_seed,1572.4739990422129
poisson,181.0,177.4,,piecewise,E7,E7-e400e0103dd3,179.2,179.0,starvation_proxy_count,5,64,fcfs,mixed,2000,workload_seed,2.3874672772626644
poisson,0.4750852956018076,0.45829924541694866,,piecewise,E7,E7-e400e0103dd3,0.4666922705093782,0.46099843447149597,waiting_satisfaction_jain,5,64,fcfs,mixed,2000,workload_seed,0.010974494294061887
poisson,19272.223541713523,17307.378116303655,,piecewise,E7,E7-e400e0103dd3,18358.91153582124,18647.42022002909,short_prompt_ttft_p95_ms,5,64,fcfs,mixed,2000,workload_seed,1294.0735743528683
poisson,19284.868645927927,17193.40440791491,,piecewise,E7,E7-e400e0103dd3,18239.13652692142,18331.037248277138,long_prompt_ttft_p95_ms,5,64,fcfs,mixed,2000,workload_seed,1413.569636487332
poisson,0.8164010000000012,0.7915379999999985,,piecewise,E7,E7-e400e0103dd3,0.8004950000000001,0.7920299999999969,primer_max_itl_ms,5,64,fcfs,mixed,2000,workload_seed,0.017574215487469153
poisson,172.00499999999997,164.4,,piecewise,E7,E7-e400e0103dd3,168.0,167.0,backlog_at_arrival_end,5,64,fcfs,mixed,2000,workload_seed,4.847679857416329
poisson,0.9999999999999993,0.9999999999999977,,piecewise,E7,E7-e400e0103dd3,0.9999999999999984,0.999999999999998,server_busy_fraction,5,64,fcfs,mixed,2000,workload_seed,1.0723857927035896e-15
poisson,0.03125,0.03125,,piecewise,E7,E7-e400e0103dd3,0.03125,0.03125,batch_slot_occupancy,5,64,fcfs,mixed,2000,workload_seed,0.0
poisson,1561.9339219751455,817.2882339785394,,piecewise,E7,E7-e400e0103dd3,1147.0372431405208,1027.6418949661802,ttft_p50_ms,5,64,mono,mixed,2000,workload_seed,489.64118718683613
poisson,2560.495783401071,2049.649656670976,,piecewise,E7,E7-e400e0103dd3,2307.9466069665896,2348.142039233612,ttft_p95_ms,5,64,mono,mixed,2000,workload_seed,341.453899497318
poisson,2629.5134092888,2124.5054243359036,,piecewise,E7,E7-e400e0103dd3,2376.425826836247,2433.183569084455,ttft_p99_ms,5,64,mono,mixed,2000,workload_seed,347.18154193247074
poisson,14.28080119095423,11.27903660733073,,piecewise,E7,E7-e400e0103dd3,12.4753874742826,11.840677152068038,tpot_p95_ms,5,64,mono,mixed,2000,workload_seed,1.981427546260095
poisson,21.82367226964714,16.146005965197634,,piecewise,E7,E7-e400e0103dd3,18.829201206561624,18.49622457309377,tpot_p99_ms,5,64,mono,mixed,2000,workload_seed,3.3938240446164305
poisson,3830.850090476938,3159.7860188947298,,piecewise,E7,E7-e400e0103dd3,3559.536380602811,3736.69757460258,e2e_p95_ms,5,64,mono,mixed,2000,workload_seed,455.5465019939942
poisson,25.53769826000007,23.49496784999992,,piecewise,E7,E7-e400e0103dd3,24.564529519999997,24.52250550000008,itl_p95_ms,5,64,mono,mixed,2000,workload_seed,1.336938364714045
poisson,90.44566956000003,74.67815097999976,,piecewise,E7,E7-e400e0103dd3,83.43860048999981,89.34957660000009,itl_p99_ms,5,64,mono,mixed,2000,workload_seed,10.022085969575155
poisson,35.317376809381344,32.027271418678694,,piecewise,E7,E7-e400e0103dd3,33.40604732280292,32.74914195891947,request_throughput_rps,5,64,mono,mixed,2000,workload_seed,2.1749579228718052
poisson,4324.779265631424,4085.138855654849,,piecewise,E7,E7-e400e0103dd3,4197.719654546766,4112.626563788052,output_token_throughput_tps,5,64,mono,mixed,2000,workload_seed,152.81879896033078
poisson,29.11044380580334,23.18978759176033,,piecewise,E7,E7-e400e0103dd3,26.873010008219598,28.474338798928706,observed_request_throughput_rps,5,64,mono,mixed,2000,workload_seed,4.098891769773929
poisson,2.2887972255840734,2.16342602781917,,piecewise,E7,E7-e400e0103dd3,2.225833052603678,2.1878708908847533,iteration_cv,5,64,mono,mixed,2000,workload_seed,0.08174591732868829
poisson,2649.4813087388475,2157.5184421563085,,piecewise,E7,E7-e400e0103dd3,2405.791325382746,2428.5075632082735,max_wait_ms,5,64,mono,mixed,2000,workload_seed,333.7081714772142
poisson,120.2,89.4,,piecewise,E7,E7-e400e0103dd3,103.2,97.0,starvation_proxy_count,5,64,mono,mixed,2000,workload_seed,20.27806696901852
poisson,0.868963539984696,0.826021797616727,,piecewise,E7,E7-e400e0103dd3,0.8507603337773677,0.8545358383353431,waiting_satisfaction_jain,5,64,mono,mixed,2000,workload_seed,0.02804605094760551
poisson,2555.8254411969215,2005.7200105751479,,piecewise,E7,E7-e400e0103dd3,2277.895928805189,2303.0201419579025,short_prompt_ttft_p95_ms,5,64,mono,mixed,2000,workload_seed,341.1274882468723
poisson,2565.011954651856,2026.903738949124,,piecewise,E7,E7-e400e0103dd3,2298.028441148414,2373.644652952089,long_prompt_ttft_p95_ms,5,64,mono,mixed,2000,workload_seed,349.99722231329685
poisson,77.19414800999999,11.813524741000002,,piecewise,E7,E7-e400e0103dd3,43.70607885,24.286706349999996,primer_max_itl_ms,5,64,mono,mixed,2000,workload_seed,43.338803279258336
poisson,129.6,109.8,,piecewise,E7,E7-e400e0103dd3,117.4,114.0,backlog_at_arrival_end,5,64,mono,mixed,2000,workload_seed,13.575713609236164
poisson,1.0,0.9996952315409073,,piecewise,E7,E7-e400e0103dd3,0.9998984105136357,0.9999999999999999,server_busy_fraction,5,64,mono,mixed,2000,workload_seed,0.00022716099730954174
poisson,0.8782547124476123,0.8680481885936228,,piecewise,E7,E7-e400e0103dd3,0.8727494526880542,0.8700559798938245,batch_slot_occupancy,5,64,mono,mixed,2000,workload_seed,0.00642762967471243
poisson,1884.434634838098,788.7805149632583,,a_p1_d1,E8,E8-15aa229558b4,1299.5610141032255,1123.678894237706,ttft_p50_ms,5,32,chunk_512,mixed,2000,workload_seed,707.5698608409045
poisson,4124.51087505879,2825.955341155824,,a_p1_d1,E8,E8-15aa229558b4,3401.3949007090123,3122.8743921412643,ttft_p95_ms,5,32,chunk_512,mixed,2000,workload_seed,856.2746598232421
poisson,4262.324873193567,2929.9293767056615,,a_p1_d1,E8,E8-15aa229558b4,3536.823373662649,3404.4036371339516,ttft_p99_ms,5,32,chunk_512,mixed,2000,workload_seed,864.7335029138303
poisson,16.88721068236846,16.45184431328851,,a_p1_d1,E8,E8-15aa229558b4,16.674080179139487,16.69766030303026,tpot_p95_ms,5,32,chunk_512,mixed,2000,workload_seed,0.2811294409739468
poisson,17.76138630411267,17.32762772485841,,a_p1_d1,E8,E8-15aa229558b4,17.54413018040301,17.47081333333343,tpot_p99_ms,5,32,chunk_512,mixed,2000,workload_seed,0.2823142065528089
poisson,6326.061537525432,4959.623964581376,,a_p1_d1,E8,E8-15aa229558b4,5642.842751053404,5884.885671986671,e2e_p95_ms,5,32,chunk_512,mixed,2000,workload_seed,867.0725666937503
poisson,18.857799999999997,18.377800000000025,,a_p1_d1,E8,E8-15aa229558b4,18.617200000000004,18.615999999999985,itl_p95_ms,5,32,chunk_512,mixed,2000,workload_seed,0.2828474854051048
poisson,19.019000000000233,19.01899999999996,,a_p1_d1,E8,E8-15aa229558b4,19.01900000000014,19.019000000000233,itl_p99_ms,5,32,chunk_512,mixed,2000,workload_seed,2.033691978340166e-13
poisson,16.681436024232138,14.708490890460004,,a_p1_d1,E8,E8-15aa229558b4,15.650734741393261,15.569554368944459,request_throughput_rps,5,32,chunk_512,mixed,2000,workload_seed,1.2635599598352198
poisson,2068.599892750345,1886.9979832270321,,a_p1_d1,E8,E8-15aa229558b4,1983.429219687212,1999.5025372576572,output_token_throughput_tps,5,32,chunk_512,mixed,2000,workload_seed,109.20416359707684
poisson,14.270546496797348,11.131653207980271,,a_p1_d1,E8,E8-15aa229558b4,12.58564304727311,11.999124455700208,observed_request_throughput_rps,5,32,chunk_512,mixed,2000,workload_seed,2.115240514606001
poisson,1.1776923531738352,0.7961104642037503,,a_p1_d1,E8,E8-15aa229558b4,0.9869014086887928,1.0461006340429861,iteration_cv,5,32,chunk_512,mixed,2000,workload_seed,0.242237928113359
poisson,4265.095735413197,2935.546725562962,,a_p1_d1,E8,E8-15aa229558b4,3545.4778658407427,3398.8979332583503,max_wait_ms,5,32,chunk_512,mixed,2000,workload_seed,856.2489822820864
poisson,81.6,53.2,,a_p1_d1,E8,E8-15aa229558b4,69.2,71.0,starvation_proxy_count,5,32,chunk_512,mixed,2000,workload_seed,19.240582111776142
poisson,0.8519562788303426,0.7701264764815244,,a_p1_d1,E8,E8-15aa229558b4,0.813499651981458,0.8186828183244352,waiting_satisfaction_jain,5,32,chunk_512,mixed,2000,workload_seed,0.05244109626860196
poisson,4132.4965807436165,2778.9072131277,,a_p1_d1,E8,E8-15aa229558b4,3391.592248063434,3123.211011279816,short_prompt_ttft_p95_ms,5,32,chunk_512,mixed,2000,workload_seed,879.306891077575
poisson,4054.6247713209973,2778.241952896703,,a_p1_d1,E8,E8-15aa229558b4,3346.7557860950815,3048.915937350174,long_prompt_ttft_p95_ms,5,32,chunk_512,mixed,2000,workload_seed,859.8169354443987
poisson,14.400200000000002,2.5324,,a_p1_d1,E8,E8-15aa229558b4,7.6839999999999975,4.134,primer_max_itl_ms,5,32,chunk_512,mixed,2000,workload_seed,7.4211666198785755
poisson,90.40499999999997,74.6,,a_p1_d1,E8,E8-15aa229558b4,82.6,86.0,backlog_at_arrival_end,5,32,chunk_512,mixed,2000,workload_seed,10.691117808723277
poisson,0.9999999999999956,0.9959822300726721,,a_p1_d1,E8,E8-15aa229558b4,0.9986607433575523,0.9999999999999897,server_busy_fraction,5,32,chunk_512,mixed,2000,workload_seed,0.0029946688918143444
poisson,0.7798418130696085,0.6936099237566232,,a_p1_d1,E8,E8-15aa229558b4,0.7351208454917625,0.7125157654162827,batch_slot_occupancy,5,32,chunk_512,mixed,2000,workload_seed,0.05540208328309029
poisson,3046.018673136855,2027.240657166388,,a_p1_d1,E8,E8-15aa229558b4,2507.180835428633,2569.2866372250264,ttft_p50_ms,5,32,fcfs,mixed,2000,workload_seed,669.9576446132705
poisson,5694.96542390579,4292.138620915725,,a_p1_d1,E8,E8-15aa229558b4,4922.833278576923,4600.408826153783,ttft_p95_ms,5,32,fcfs,mixed,2000,workload_seed,909.0234420333542
poisson,5836.110618138625,4457.156147281574,,a_p1_d1,E8,E8-15aa229558b4,5092.1885027638045,4905.3027917743275,ttft_p99_ms,5,32,fcfs,mixed,2000,workload_seed,887.8266852414584
poisson,0.32300000000032014,0.32300000000032014,,a_p1_d1,E8,E8-15aa229558b4,0.32300000000032014,0.32300000000032014,tpot_p95_ms,5,32,fcfs,mixed,2000,workload_seed,0.0
poisson,0.32300000000032014,0.32300000000032014,,a_p1_d1,E8,E8-15aa229558b4,0.32300000000032014,0.32300000000032014,tpot_p99_ms,5,32,fcfs,mixed,2000,workload_seed,0.0
poisson,5723.178364299992,4343.4648943759275,,a_p1_d1,E8,E8-15aa229558b4,4964.896089239203,4647.425167658366,e2e_p95_ms,5,32,fcfs,mixed,2000,workload_seed,898.0398198933922
poisson,0.32300000000032014,0.32300000000032014,,a_p1_d1,E8,E8-15aa229558b4,0.32300000000032014,0.32300000000032014,itl_p95_ms,5,32,fcfs,mixed,2000,workload_seed,0.0
poisson,0.32300000000032014,0.32300000000032014,,a_p1_d1,E8,E8-15aa229558b4,0.32300000000032014,0.32300000000032014,itl_p99_ms,5,32,fcfs,mixed,2000,workload_seed,0.0
poisson,15.71454992942321,13.912873726781829,,a_p1_d1,E8,E8-15aa229558b4,14.824144427043692,14.815433839302772,request_throughput_rps,5,32,fcfs,mixed,2000,workload_seed,1.1531026937445583
poisson,1962.7150231956641,1784.0881774334134,,a_p1_d1,E8,E8-15aa229558b4,1879.3190571437146,1889.9831674029601,output_token_throughput_tps,5,32,fcfs,mixed,2000,workload_seed,110.56897068396263
poisson,16.771411860826415,13.940483713152698,,a_p1_d1,E8,E8-15aa229558b4,15.263777470047742,14.891527817915533,observed_request_throughput_rps,5,32,fcfs,mixed,2000,workload_seed,1.8472699843147997
poisson,8.399616243896958,7.6899458246928205,,a_p1_d1,E8,E8-15aa229558b4,8.044781034294889,7.887456260960454,iteration_cv,5,32,fcfs,mixed,2000,workload_seed,0.45349515012451536
poisson,5844.720042360864,4476.0600529355925,,a_p1_d1,E8,E8-15aa229558b4,5104.859410347233,4939.838933260389,max_wait_ms,5,32,fcfs,mixed,2000,workload_seed,880.7429269418672
poisson,106.2,91.6,,a_p1_d1,E8,E8-15aa229558b4,99.0,99.0,starvation_proxy_count,5,32,fcfs,mixed,2000,workload_seed,9.513148795220223
poisson,0.7768281977774492,0.7289534863371446,,a_p1_d1,E8,E8-15aa229558b4,0.754015456446982,0.7574125243225719,waiting_satisfaction_jain,5,32,fcfs,mixed,2000,workload_seed,0.032583861911801376
poisson,5699.54603074632,4282.554122032604,,a_p1_d1,E8,E8-15aa229558b4,4915.511373991262,4545.009443279309,short_prompt_ttft_p95_ms,5,32,fcfs,mixed,2000,workload_seed,917.1613404539559
poisson,5551.907359403203,4103.543070059343,,a_p1_d1,E8,E8-15aa229558b4,4774.047452375338,4508.595493341992,long_prompt_ttft_p95_ms,5,32,fcfs,mixed,2000,workload_seed,913.6412597909491
poisson,0.3230000000000047,0.3230000000000004,,a_p1_d1,E8,E8-15aa229558b4,0.32300000000000184,0.3230000000000004,primer_max_itl_ms,5,32,fcfs,mixed,2000,workload_seed,3.1776437161565094e-15
poisson,80.2,66.2,,a_p1_d1,E8,E8-15aa229558b4,73.2,73.0,backlog_at_arrival_end,5,32,fcfs,mixed,2000,workload_seed,9.444575162494075
poisson,0.9999999999997261,0.9962136472251215,,a_p1_d1,E8,E8-15aa229558b4,0.9987378824081772,0.9999999999996871,server_busy_fraction,5,32,fcfs,mixed,2000,workload_seed,0.0028221807302514458
poisson,0.03125,0.03125,,a_p1_d1,E8,E8-15aa229558b4,0.03125,0.03125,batch_slot_occupancy,5,32,fcfs,mixed,2000,workload_seed,0.0
poisson,1848.4319655079612,765.1519980013678,,a_p1_d1,E8,E8-15aa229558b4,1281.8236292731367,1245.4930243902872,ttft_p50_ms,5,32,mono,mixed,2000,workload_seed,717.2765078752614
poisson,4205.647409674491,2740.7822445106954,,a_p1_d1,E8,E8-15aa229558b4,3389.1281599233016,3122.814592059373,ttft_p95_ms,5,32,mono,mixed,2000,workload_seed,942.2836306513569
poisson,4292.5686242310185,2872.876711728453,,a_p1_d1,E8,E8-15aa229558b4,3536.8434442300904,3464.297434627207,ttft_p99_ms,5,32,mono,mixed,2000,workload_seed,913.3482009416437
poisson,27.432993390479083,23.032989799922472,,a_p1_d1,E8,E8-15aa229558b4,25.126896291387425,25.275301851851825,tpot_p95_ms,5,32,mono,mixed,2000,workload_seed,2.952660335902269
poisson,37.263202360427975,27.46163566112969,,a_p1_d1,E8,E8-15aa229558b4,32.288381674676934,32.005825000000016,tpot_p99_ms,5,32,mono,mixed,2000,workload_seed,6.234396660176438
poisson,6627.404486686282,5290.040488604342,,a_p1_d1,E8,E8-15aa229558b4,5958.722487645313,6015.069422709554,e2e_p95_ms,5,32,mono,mixed,2000,workload_seed,846.8081903362812
poisson,51.91220000000003,34.1304000000001,,a_p1_d1,E8,E8-15aa229558b4,41.97479999999996,38.027000000000044,itl_p95_ms,5,32,mono,mixed,2000,workload_seed,11.490494906660897
poisson,156.47339999999986,141.8336,,a_p1_d1,E8,E8-15aa229558b4,150.28419999999988,154.13699999999972,itl_p99_ms,5,32,mono,mixed,2000,workload_seed,9.515093783037491
poisson,16.352694399053416,14.394673975616579,,a_p1_d1,E8,E8-15aa229558b4,15.37197339308291,15.373190812644697,request_throughput_rps,5,32,mono,mixed,2000,workload_seed,1.2510860422503138
poisson,2038.2151355460906,1845.6891137825708,,a_p1_d1,E8,E8-15aa229558b4,1948.4008746183288,1968.7110187689677,output_token_throughput_tps,5,32,mono,mixed,2000,workload_seed,115.97570240220867
poisson,13.451291125800868,9.269542195557184,,a_p1_d1,E8,E8-15aa229558b4,11.327755664847222,10.856350698014474,observed_request_throughput_rps,5,32,mono,mixed,2000,workload_seed,2.6930488091135625
poisson,2.6257046279286635,2.017633628117674,,a_p1_d1,E8,E8-15aa229558b4,2.316357247494535,2.233939620645285,iteration_cv,5,32,mono,mixed,2000,workload_seed,0.39828523211383615
poisson,4292.062914098929,2897.834734491678,,a_p1_d1,E8,E8-15aa229558b4,3550.5602799671556,3524.3066142791513,max_wait_ms,5,32,mono,mixed,2000,workload_seed,904.0585588767808
poisson,78.4,52.0,,a_p1_d1,E8,E8-15aa229558b4,66.8,70.0,starvation_proxy_count,5,32,mono,mixed,2000,workload_seed,17.8801565988668
poisson,0.84498411022246,0.7573616062837049,,a_p1_d1,E8,E8-15aa229558b4,0.8034642675537583,0.8089688692465301,waiting_satisfaction_jain,5,32,mono,mixed,2000,workload_seed,0.056420890750910516
poisson,4200.493271152056,2718.8393516401875,,a_p1_d1,E8,E8-15aa229558b4,3385.944213723039,3105.3795112798566,short_prompt_ttft_p95_ms,5,32,mono,mixed,2000,workload_seed,941.3655561131754
poisson,4063.0710311256953,2649.597090474987,,a_p1_d1,E8,E8-15aa229558b4,3264.0442671091896,2917.7237373502076,long_prompt_ttft_p95_ms,5,32,mono,mixed,2000,workload_seed,907.0930838351029
poisson,114.02180000000001,2.5324,,a_p1_d1,E8,E8-15aa229558b4,52.0096,4.134,primer_max_itl_ms,5,32,mono,mixed,2000,workload_seed,70.97145071646767
poisson,96.0,77.8,,a_p1_d1,E8,E8-15aa229558b4,87.0,90.0,backlog_at_arrival_end,5,32,mono,mixed,2000,workload_seed,12.328828005937952
poisson,0.9999999999999943,0.9960559254934441,,a_p1_d1,E8,E8-15aa229558b4,0.9986853084978093,0.9999999999999905,server_busy_fraction,5,32,mono,mixed,2000,workload_seed,0.0029397395683218226
poisson,0.8607108206446481,0.8105703080104127,,a_p1_d1,E8,E8-15aa229558b4,0.836158782144613,0.8440293709614598,batch_slot_occupancy,5,32,mono,mixed,2000,workload_seed,0.03308788419034439
poisson,1174.4430963392979,375.266323921427,,a_p1_d0.5,E8,E8-25d93aed137e,733.4834547041935,548.8423441732073,ttft_p50_ms,5,32,chunk_512,mixed,2000,workload_seed,516.6084823111312
poisson,2418.52323036267,1237.4552947562684,,a_p1_d0.5,E8,E8-25d93aed137e,1751.0966095525691,1647.3917885419767,ttft_p95_ms,5,32,chunk_512,mixed,2000,workload_seed,785.3312288705367
poisson,2487.41108399526,1339.289402697369,,a_p1_d0.5,E8,E8-25d93aed137e,1855.8350556056162,1828.0200063317538,ttft_p99_ms,5,32,chunk_512,mixed,2000,workload_seed,769.385800072455
poisson,12.518039728932106,12.079047697241617,,a_p1_d0.5,E8,E8-25d93aed137e,12.304755824042378,12.261947750000006,tpot_p95_ms,5,32,chunk_512,mixed,2000,workload_seed,0.29897219152639365
poisson,13.321657985909141,12.948980695419607,,a_p1_d0.5,E8,E8-25d93aed137e,13.126548517785585,13.056520375000044,tpot_p99_ms,5,32,chunk_512,mixed,2000,workload_seed,0.23688151042620015
poisson,4057.0626447455957,2881.1531595095116,,a_p1_d0.5,E8,E8-25d93aed137e,3472.063465866902,3545.382824674352,e2e_p95_ms,5,32,chunk_512,mixed,2000,workload_seed,764.1577867086756
poisson,14.086899999999696,13.614099999999961,,a_p1_d0.5,E8,E8-25d93aed137e,13.88899999999985,13.965999999999894,itl_p95_ms,5,32,chunk_512,mixed,2000,workload_seed,0.2978839958774643
poisson,14.167500000000018,13.927499999999872,,a_p1_d0.5,E8,E8-25d93aed137e,14.08749999999991,14.167500000000018,itl_p99_ms,5,32,chunk_512,mixed,2000,workload_seed,0.17888543819997302
poisson,23.048284083162493,20.196316201340903,,a_p1_d0.5,E8,E8-25d93aed137e,21.702450644831877,21.903468742326037,request_throughput_rps,5,32,chunk_512,mixed,2000,workload_seed,1.859782411093814
poisson,2927.054576378638,2569.40489951153,,a_p1_d0.5,E8,E8-25d93aed137e,2752.921472918156,2771.9695594575805,output_token_throughput_tps,5,32,chunk_512,mixed,2000,workload_seed,219.27631258942083
poisson,19.387214142862504,14.601314132329367,,a_p1_d0.5,E8,E8-25d93aed137e,17.110572021742552,16.935463008609823,observed_request_throughput_rps,5,32,chunk_512,mixed,2000,workload_seed,3.1781761238812383
poisson,1.5300804812842015,0.9597386134791236,,a_p1_d0.5,E8,E8-25d93aed137e,1.2620731146295365,1.45283042469237,iteration_cv,5,32,chunk_512,mixed,2000,workload_seed,0.362725385210816
poisson,2475.359492363456,1337.800423685893,,a_p1_d0.5,E8,E8-25d93aed137e,1847.2331983610663,1823.1181881865932,max_wait_ms,5,32,chunk_512,mixed,2000,workload_seed,764.234995526027
poisson,60.6,15.4,,a_p1_d0.5,E8,E8-25d93aed137e,37.0,30.0,starvation_proxy_count,5,32,chunk_512,mixed,2000,workload_seed,29.614185789921695
poisson,0.9439105285898302,0.855713482989834,,a_p1_d0.5,E8,E8-25d93aed137e,0.9052316269759263,0.9169515746524345,waiting_satisfaction_jain,5,32,chunk_512,mixed,2000,workload_seed,0.057049966925892044
poisson,2396.2631152681147,1218.0414057266737,,a_p1_d0.5,E8,E8-25d93aed137e,1734.7281526580275,1648.8186662080607,short_prompt_ttft_p95_ms,5,32,chunk_512,mixed,2000,workload_seed,784.8076038075817
poisson,2431.8027697180937,1248.5522966730787,,a_p1_d0.5,E8,E8-25d93aed137e,1755.6475107997885,1614.967492278419,long_prompt_ttft_p95_ms,5,32,chunk_512,mixed,2000,workload_seed,784.2759122638357
poisson,10.653900000000013,1.172699999999999,,a_p1_d0.5,E8,E8-25d93aed137e,5.795100000000005,3.8294999999999995,primer_max_itl_ms,5,32,chunk_512,mixed,2000,workload_seed,6.146064496895562
poisson,77.6,54.8,,a_p1_d0.5,E8,E8-25d93aed137e,66.2,70.0,backlog_at_arrival_end,5,32,chunk_512,mixed,2000,workload_seed,15.530614926653742
poisson,0.998927909915885,0.9832569449344367,,a_p1_d0.5,E8,E8-25d93aed137e,0.9913497571252508,0.9946395495794671,server_busy_fraction,5,32,chunk_512,mixed,2000,workload_seed,0.010048981171019277
poisson,0.7578354270985967,0.6140626774770167,,a_p1_d0.5,E8,E8-25d93aed137e,0.6857817654273883,0.6942248157950306,batch_slot_occupancy,5,32,chunk_512,mixed,2000,workload_seed,0.09115662480996863
poisson,2155.885863097936,1178.6288445129296,,a_p1_d0.5,E8,E8-25d93aed137e,1642.4875432484082,1600.2664942816955,ttft_p50_ms,5,32,fcfs,mixed,2000,workload_seed,613.055965008975
poisson,3896.028386509107,2678.132680158361,,a_p1_d0.5,E8,E8-25d93aed137e,3226.28481301887,2992.4699840098615,ttft_p95_ms,5,32,fcfs,mixed,2000,workload_seed,815.8553496404436
poisson,4036.883178081893,2777.2945982604606,,a_p1_d0.5,E8,E8-25d93aed137e,3349.4180338622878,3247.357580394143,ttft_p99_ms,5,32,fcfs,mixed,2000,workload_seed,812.1793848980487
poisson,0.21150000000034197,0.21150000000034197,,a_p1_d0.5,E8,E8-25d93aed137e,0.21150000000034197,0.21150000000034197,tpot_p95_ms,5,32,fcfs,mixed,2000,workload_seed,0.0
poisson,0.21150000000034197,0.21150000000034197,,a_p1_d0.5,E8,E8-25d93aed137e,0.21150000000034197,0.21150000000034197,tpot_p99_ms,5,32,fcfs,mixed,2000,workload_seed,0.0
poisson,3935.44738137709,2707.642605178419,,a_p1_d0.5,E8,E8-25d93aed137e,3260.2238805203565,3020.0807469888064,e2e_p95_ms,5,32,fcfs,mixed,2000,workload_seed,820.1392121282935
poisson,0.21150000000034197,0.21150000000034197,,a_p1_d0.5,E8,E8-25d93aed137e,0.21150000000034197,0.21150000000034197,itl_p95_ms,5,32,fcfs,mixed,2000,workload_seed,0.0
poisson,0.21150000000034197,0.21150000000034197,,a_p1_d0.5,E8,E8-25d93aed137e,0.21150000000034197,0.21150000000034197,itl_p99_ms,5,32,fcfs,mixed,2000,workload_seed,0.0
poisson,19.70880004030338,17.455948518959975,,a_p1_d0.5,E8,E8-25d93aed137e,18.65934255680082,18.975401676299658,request_throughput_rps,5,32,fcfs,mixed,2000,workload_seed,1.512682097259923
poisson,2510.573768430154,2220.8475402302056,,a_p1_d0.5,E8,E8-25d93aed137e,2366.9172479889758,2367.1937755291833,output_token_throughput_tps,5,32,fcfs,mixed,2000,workload_seed,177.01614754627235
poisson,21.3311861659784,16.89716101205159,,a_p1_d0.5,E8,E8-25d93aed137e,19.067177333369848,18.687407457776356,observed_request_throughput_rps,5,32,fcfs,mixed,2000,workload_seed,2.958811471393807
poisson,10.51384851626361,9.833301190609394,,a_p1_d0.5,E8,E8-25d93aed137e,10.168229216882526,10.021715052363446,iteration_cv,5,32,fcfs,mixed,2000,workload_seed,0.4433088204067804
poisson,4032.500576565474,2786.997129240576,,a_p1_d0.5,E8,E8-25d93aed137e,3354.5113823170554,3273.4931881881193,max_wait_ms,5,32,fcfs,mixed,2000,workload_seed,805.1019778783286
poisson,87.4,64.6,,a_p1_d0.5,E8,E8-25d93aed137e,78.0,85.0,starvation_proxy_count,5,32,fcfs,mixed,2000,workload_seed,16.077935190813527
poisson,0.8616700332928939,0.792664876238156,,a_p1_d0.5,E8,E8-25d93aed137e,0.8281880290891465,0.8284888734331609,waiting_satisfaction_jain,5,32,fcfs,mixed,2000,workload_seed,0.041670558594384656
poisson,3915.1499427745775,2650.5090791137623,,a_p1_d0.5,E8,E8-25d93aed137e,3219.9703150334694,2978.3748662092244,short_prompt_ttft_p95_ms,5,32,fcfs,mixed,2000,workload_seed,836.8775069241459
poisson,3871.94759951597,2579.8178340000904,,a_p1_d0.5,E8,E8-25d93aed137e,3151.0536930668395,2742.7724922791904,long_prompt_ttft_p95_ms,5,32,fcfs,mixed,2000,workload_seed,839.8939949249574
poisson,0.2115000000000009,0.2115000000000009,,a_p1_d0.5,E8,E8-25d93aed137e,0.2115000000000009,0.2115000000000009,primer_max_itl_ms,5,32,fcfs,mixed,2000,workload_seed,0.0
poisson,70.4,48.4,,a_p1_d0.5,E8,E8-25d93aed137e,59.4,59.0,backlog_at_arrival_end,5,32,fcfs,mixed,2000,workload_seed,14.38054240979804
poisson,0.9999999999997717,0.9882879205588979,,a_p1_d0.5,E8,E8-25d93aed137e,0.9951081901100629,0.9999999999997422,server_busy_fraction,5,32,fcfs,mixed,2000,workload_seed,0.007515991090690992
poisson,0.03125,0.03125,,a_p1_d0.5,E8,E8-25d93aed137e,0.03125,0.03125,batch_slot_occupancy,5,32,fcfs,mixed,2000,workload_seed,0.0
poisson,1166.0386273689128,348.59322737822157,,a_p1_d0.5,E8,E8-25d93aed137e,716.6253768066374,580.7728329386613,ttft_p50_ms,5,32,mono,mixed,2000,workload_seed,520.7565620095488
poisson,2407.892963261724,1207.4440183524807,,a_p1_d0.5,E8,E8-25d93aed137e,1737.8911731234682,1650.0894470695112,ttft_p95_ms,5,32,mono,mixed,2000,workload_seed,798.7946958529311
poisson,2453.2687142902496,1298.7772039925435,,a_p1_d0.5,E8,E8-25d93aed137e,1833.7952204916066,1859.4258945554016,ttft_p99_ms,5,32,mono,mixed,2000,workload_seed,779.227513265114
poisson,23.731760683993752,16.865089717759997,,a_p1_d0.5,E8,E8-25d93aed137e,19.86190426052695,18.79236649305554,tpot_p95_ms,5,32,mono,mixed,2000,workload_seed,4.307234638325321
poisson,33.661843850000004,26.19409674999998,,a_p1_d0.5,E8,E8-25d93aed137e,29.833143323351642,29.849841250000022,tpot_p99_ms,5,32,mono,mixed,2000,workload_seed,4.788825797428603
poisson,4449.791007698312,3144.877561643893,,a_p1_d0.5,E8,E8-25d93aed137e,3763.3728151309997,3670.349320242542,e2e_p95_ms,5,32,mono,mixed,2000,workload_seed,827.072261026737
poisson,44.677500000000144,24.42659999999996,,a_p1_d0.5,E8,E8-25d93aed137e,34.33320000000003,33.17549999999983,itl_p95_ms,5,32,mono,mixed,2000,workload_seed,13.060482359009645
poisson,150.12348399999988,129.76589999999982,,a_p1_d0.5,E8,E8-25d93aed137e,139.94469199999986,141.53549999999996,itl_p99_ms,5,32,mono,mixed,2000,workload_seed,12.990620039833408
poisson,22.842250216128257,19.90981535865802,,a_p1_d0.5,E8,E8-25d93aed137e,21.46651375930223,21.615373409750966,request_throughput_rps,5,32,mono,mixed,2000,workload_seed,1.8674601740035246
poisson,2901.899228729326,2535.67138026282,,a_p1_d0.5,E8,E8-25d93aed137e,2723.2626699781345,2741.3451248527213,output_token_throughput_tps,5,32,mono,mixed,2000,workload_seed,225.22942763700598
poisson,18.335085924108686,13.301725182403455,,a_p1_d0.5,E8,E8-25d93aed137e,16.04745669852455,16.35148152555431,observed_request_throughput_rps,5,32,mono,mixed,2000,workload_seed,3.2478095485869547
poisson,4.093690721065011,2.9163542044989654,,a_p1_d0.5,E8,E8-25d93aed137e,3.5273479520791162,3.6992663303426547,iteration_cv,5,32,mono,mixed,2000,workload_seed,0.7494990876790624
poisson,2451.8387809309793,1298.4694490113066,,a_p1_d0.5,E8,E8-25d93aed137e,1838.145793627767,1874.7861881865947,max_wait_ms,5,32,mono,mixed,2000,workload_seed,779.1754348658937
poisson,59.2,13.6,,a_p1_d0.5,E8,E8-25d93aed137e,34.8,34.0,starvation_proxy_count,5,32,mono,mixed,2000,workload_seed,29.54995769878529
poisson,0.9445961431901557,0.8513161270432736,,a_p1_d0.5,E8,E8-25d93aed137e,0.9020271278156772,0.9130770094781188,waiting_satisfaction_jain,5,32,mono,mixed,2000,workload_seed,0.06038782921562752
poisson,2402.0229904356893,1182.7542297518544,,a_p1_d0.5,E8,E8-25d93aed137e,1728.1376077802063,1642.6984162080632,short_prompt_ttft_p95_ms,5,32,mono,mixed,2000,workload_seed,808.4752626599956
poisson,2402.374965099131,1181.7440402822317,,a_p1_d0.5,E8,E8-25d93aed137e,1712.627006202621,1550.1144922784224,long_prompt_ttft_p95_ms,5,32,mono,mixed,2000,workload_seed,803.209570444543
poisson,110.42190000000001,1.172699999999999,,a_p1_d0.5,E8,E8-25d93aed137e,50.267100000000006,3.8294999999999995,primer_max_itl_ms,5,32,mono,mixed,2000,workload_seed,69.81733725085769
poisson,81.8,58.8,,a_p1_d0.5,E8,E8-25d93aed137e,70.0,72.0,backlog_at_arrival_end,5,32,mono,mixed,2000,workload_seed,15.346009253222807
poisson,0.9989292900673435,0.9833507835896679,,a_p1_d0.5,E8,E8-25d93aed137e,0.9914039116522881,0.9946464503367346,server_busy_fraction,5,32,mono,mixed,2000,workload_seed,0.00998782679166454
poisson,0.8401271777528523,0.7215032237630459,,a_p1_d0.5,E8,E8-25d93aed137e,0.7860726807832678,0.8060779231714952,batch_slot_occupancy,5,32,mono,mixed,2000,workload_seed,0.07886975143674725
poisson,2242.0293969495647,1247.2892680049893,,a_p0.5_d2,E8,E8-47be6e7bfc8c,1754.378110434311,1699.6431126948564,ttft_p50_ms,5,32,chunk_512,mixed,2000,workload_seed,671.5637049139656
poisson,5755.055777240998,4589.171109376955,,a_p0.5_d2,E8,E8-47be6e7bfc8c,5159.09483086706,5066.300365820125,ttft_p95_ms,5,32,chunk_512,mixed,2000,workload_seed,752.4183150017354
poisson,5950.2245164729975,4777.97731674876,,a_p0.5_d2,E8,E8-47be6e7bfc8c,5349.949498674004,5191.420383041975,ttft_p99_ms,5,32,chunk_512,mixed,2000,workload_seed,774.1224404289943
poisson,22.09211724450546,21.5897297252698,,a_p0.5_d2,E8,E8-47be6e7bfc8c,21.79311736031203,21.72517386363622,tpot_p95_ms,5,32,chunk_512,mixed,2000,workload_seed,0.3322679073937883
poisson,22.639779711919125,22.17573362020203,,a_p0.5_d2,E8,E8-47be6e7bfc8c,22.3713323692929,22.190174000000034,tpot_p99_ms,5,32,chunk_512,mixed,2000,workload_seed,0.2964146526838885
poisson,9233.142821151996,7470.7898325419255,,a_p0.5_d2,E8,E8-47be6e7bfc8c,8356.289873624231,8911.42589997855,e2e_p95_ms,5,32,chunk_512,mixed,2000,workload_seed,1129.8967763083294
poisson,23.791599999999743,23.307999999999993,,a_p0.5_d2,E8,E8-47be6e7bfc8c,23.46919999999991,23.307999999999993,itl_p95_ms,5,32,chunk_512,mixed,2000,workload_seed,0.36045415797278063
poisson,24.114000000000033,24.11399999999976,,a_p0.5_d2,E8,E8-47be6e7bfc8c,24.11399999999994,24.114000000000033,itl_p99_ms,5,32,chunk_512,mixed,2000,workload_seed,2.033691978340166e-13
poisson,12.200073246894474,10.847062280032327,,a_p0.5_d2,E8,E8-47be6e7bfc8c,11.490479272456202,11.105255787877098,request_throughput_rps,5,32,chunk_512,mixed,2000,workload_seed,0.8692222314514096
poisson,1469.6407914213437,1438.0286942785358,,a_p0.5_d2,E8,E8-47be6e7bfc8c,1455.013109193882,1461.6369525471507,output_token_throughput_tps,5,32,chunk_512,mixed,2000,workload_seed,20.03517379825042
poisson,11.494041772576885,9.453807037071298,,a_p0.5_d2,E8,E8-47be6e7bfc8c,10.18589792967159,9.548861978906112,observed_request_throughput_rps,5,32,chunk_512,mixed,2000,workload_seed,1.4666411177302208
poisson,0.8782035601372741,0.6872875276372701,,a_p0.5_d2,E8,E8-47be6e7bfc8c,0.7866824463644224,0.8311640534558864,iteration_cv,5,32,chunk_512,mixed,2000,workload_seed,0.12171825373797805
poisson,5944.231102288674,4769.758252933736,,a_p0.5_d2,E8,E8-47be6e7bfc8c,5367.69887253988,5305.805710740305,max_wait_ms,5,32,chunk_512,mixed,2000,workload_seed,777.8799382976092
poisson,82.2,62.8,,a_p0.5_d2,E8,E8-47be6e7bfc8c,73.6,75.0,starvation_proxy_count,5,32,chunk_512,mixed,2000,workload_seed,13.107249902248755
poisson,0.7625200135787484,0.6962452436230043,,a_p0.5_d2,E8,E8-47be6e7bfc8c,0.7306376554392605,0.7353781628196535,waiting_satisfaction_jain,5,32,chunk_512,mixed,2000,workload_seed,0.044520625661174915
poisson,5777.565608895534,4560.128725675728,,a_p0.5_d2,E8,E8-47be6e7bfc8c,5145.897743416726,4979.645243276904,short_prompt_ttft_p95_ms,5,32,chunk_512,mixed,2000,workload_seed,777.7838910919701
poisson,5620.040240566105,4479.105290474952,,a_p0.5_d2,E8,E8-47be6e7bfc8c,5020.891996303637,4922.878893339724,long_prompt_ttft_p95_ms,5,32,chunk_512,mixed,2000,workload_seed,729.729900465218
poisson,17.301200000000016,3.1603999999999983,,a_p0.5_d2,E8,E8-47be6e7bfc8c,8.981200000000003,6.081999999999994,primer_max_itl_ms,5,32,chunk_512,mixed,2000,workload_seed,8.913101547721773
poisson,96.0,85.4,,a_p0.5_d2,E8,E8-47be6e7bfc8c,91.4,94.0,backlog_at_arrival_end,5,32,chunk_512,mixed,2000,workload_seed,7.300684899377592
poisson,0.9999999999999962,0.9975708976763193,,a_p0.5_d2,E8,E8-47be6e7bfc8c,0.9991902992254353,0.9999999999999902,server_busy_fraction,5,32,chunk_512,mixed,2000,workload_seed,0.0018105459733453563
poisson,0.799276876951895,0.7202254405288782,,a_p0.5_d2,E8,E8-47be6e7bfc8c,0.7593686347674948,0.746226381221792,batch_slot_occupancy,5,32,chunk_512,mixed,2000,workload_seed,0.051185682737355256
poisson,3855.497789727769,2955.930856489713,,a_p0.5_d2,E8,E8-47be6e7bfc8c,3404.537022680066,3395.9709983699554,ttft_p50_ms,5,32,fcfs,mixed,2000,workload_seed,588.411711476104
poisson,7332.148333560252,6026.2897607954665,,a_p0.5_d2,E8,E8-47be6e7bfc8c,6679.560660580525,6773.239801472656,ttft_p95_ms,5,32,fcfs,mixed,2000,workload_seed,859.5913692059894
poisson,7529.396483056819,6232.073226992211,,a_p0.5_d2,E8,E8-47be6e7bfc8c,6928.551392959815,7100.054691127285,ttft_p99_ms,5,32,fcfs,mixed,2000,workload_seed,835.5528023541164
poisson,0.5460000000002765,0.5460000000002765,,a_p0.5_d2,E8,E8-47be6e7bfc8c,0.5460000000002765,0.5460000000002765,tpot_p95_ms,5,32,fcfs,mixed,2000,workload_seed,0.0
poisson,0.5460000000002765,0.5460000000002765,,a_p0.5_d2,E8,E8-47be6e7bfc8c,0.5460000000002765,0.5460000000002765,tpot_p99_ms,5,32,fcfs,mixed,2000,workload_seed,0.0
poisson,7383.572069711528,6083.1186071774855,,a_p0.5_d2,E8,E8-47be6e7bfc8c,6736.968214053757,6820.128117658228,e2e_p95_ms,5,32,fcfs,mixed,2000,workload_seed,854.3576555760156
poisson,0.5460000000002765,0.5460000000002765,,a_p0.5_d2,E8,E8-47be6e7bfc8c,0.5460000000002765,0.5460000000002765,itl_p95_ms,5,32,fcfs,mixed,2000,workload_seed,0.0
poisson,0.5460000000002765,0.5460000000002765,,a_p0.5_d2,E8,E8-47be6e7bfc8c,0.5460000000002765,0.5460000000002765,itl_p99_ms,5,32,fcfs,mixed,2000,workload_seed,0.0
poisson,12.914833647507066,11.581313250818392,,a_p0.5_d2,E8,E8-47be6e7bfc8c,12.170052916605846,11.637191992845551,request_throughput_rps,5,32,fcfs,mixed,2000,workload_seed,0.8498663534572204
poisson,1569.4307576947003,1509.4585975774053,,a_p0.5_d2,E8,E8-47be6e7bfc8c,1541.8428875760023,1545.0287337970103,output_token_throughput_tps,5,32,fcfs,mixed,2000,workload_seed,37.442889127029694
poisson,13.155566635467151,11.976347075271665,,a_p0.5_d2,E8,E8-47be6e7bfc8c,12.449209302461309,12.263611144165733,observed_request_throughput_rps,5,32,fcfs,mixed,2000,workload_seed,0.7997090278083788
poisson,3.524272396657026,3.0629781517592822,,a_p0.5_d2,E8,E8-47be6e7bfc8c,3.283995853390448,3.177444140331573,iteration_cv,5,32,fcfs,mixed,2000,workload_seed,0.2933773422062104
poisson,7558.149341071168,6268.442260540084,,a_p0.5_d2,E8,E8-47be6e7bfc8c,6956.183861640931,7101.0155416134,max_wait_ms,5,32,fcfs,mixed,2000,workload_seed,838.7645560751112
poisson,110.6,103.0,,a_p0.5_d2,E8,E8-47be6e7bfc8c,107.4,109.0,starvation_proxy_count,5,32,fcfs,mixed,2000,workload_seed,4.979959839195493
poisson,0.7135353631676141,0.676829091760909,,a_p0.5_d2,E8,E8-47be6e7bfc8c,0.6951822274642615,0.6855700103691095,waiting_satisfaction_jain,5,32,fcfs,mixed,2000,workload_seed,0.023679376963197777
poisson,7341.616633348209,6018.296085677524,,a_p0.5_d2,E8,E8-47be6e7bfc8c,6679.956359512867,6725.434243279172,short_prompt_ttft_p95_ms,5,32,fcfs,mixed,2000,workload_seed,863.889305186363
poisson,7170.452297516798,5714.56461330231,,a_p0.5_d2,E8,E8-47be6e7bfc8c,6442.508455409555,6640.9787074706555,long_prompt_ttft_p95_ms,5,32,fcfs,mixed,2000,workload_seed,925.5431966409882
poisson,0.5460000000000044,0.546,,a_p0.5_d2,E8,E8-47be6e7bfc8c,0.5460000000000018,0.5460000000000012,primer_max_itl_ms,5,32,fcfs,mixed,2000,workload_seed,2.6939785314722364e-15
poisson,87.00499999999997,79.2,,a_p0.5_d2,E8,E8-47be6e7bfc8c,83.4,85.0,backlog_at_arrival_end,5,32,fcfs,mixed,2000,workload_seed,5.319774431308154
poisson,0.9999999999997884,0.9974323084257273,,a_p0.5_d2,E8,E8-47be6e7bfc8c,0.9991441028084287,0.999999999999771,server_busy_fraction,5,32,fcfs,mixed,2000,workload_seed,0.0019138443016107187
poisson,0.03125,0.03125,,a_p0.5_d2,E8,E8-47be6e7bfc8c,0.03125,0.03125,batch_slot_occupancy,5,32,fcfs,mixed,2000,workload_seed,0.0
poisson,2144.076250665454,1171.0104099936007,,a_p0.5_d2,E8,E8-47be6e7bfc8c,1715.047894251879,1923.4385243902989,ttft_p50_ms,5,32,mono,mixed,2000,workload_seed,660.6443795344524
poisson,5835.97210708128,4455.0166997544875,,a_p0.5_d2,E8,E8-47be6e7bfc8c,5109.259743057226,4827.011236366537,ttft_p95_ms,5,32,mono,mixed,2000,workload_seed,887.9785806580805
poisson,6050.5619447128065,4818.081523428651,,a_p0.5_d2,E8,E8-47be6e7bfc8c,5424.564286267641,5375.445634627139,ttft_p99_ms,5,32,mono,mixed,2000,workload_seed,820.4228515046517
poisson,27.78365603735138,25.211956315127374,,a_p0.5_d2,E8,E8-47be6e7bfc8c,26.297419736860455,26.027509499999834,tpot_p95_ms,5,32,mono,mixed,2000,workload_seed,1.6863310632575197
poisson,31.850943259298514,27.310419552167627,,a_p0.5_d2,E8,E8-47be6e7bfc8c,29.295366248603138,27.787988636363362,tpot_p99_ms,5,32,mono,mixed,2000,workload_seed,2.842500320884372
poisson,9575.508276268145,8030.049900806376,,a_p0.5_d2,E8,E8-47be6e7bfc8c,8817.974426866556,9437.058568449464,e2e_p95_ms,5,32,mono,mixed,2000,workload_seed,1013.5342217265965
poisson,40.25459999999985,32.38500000000003,,a_p0.5_d2,E8,E8-47be6e7bfc8c,35.73479999999999,33.94200000000001,itl_p95_ms,5,32,mono,mixed,2000,workload_seed,5.235259850284222
poisson,92.51820000000006,80.67739999999995,,a_p0.5_d2,E8,E8-47be6e7bfc8c,86.6268,91.26699999999983,itl_p99_ms,5,32,mono,mixed,2000,workload_seed,7.8297597472719955
poisson,11.886786753086557,10.610010459980302,,a_p0.5_d2,E8,E8-47be6e7bfc8c,11.191996613837766,10.677702071757748,request_throughput_rps,5,32,mono,mixed,2000,workload_seed,0.8145090589378005
poisson,1439.96894092017,1391.9720139178926,,a_p0.5_d2,E8,E8-47be6e7bfc8c,1417.5919033441064,1420.4799533910789,output_token_throughput_tps,5,32,mono,mixed,2000,workload_seed,28.778140411298807
poisson,10.875303627882682,8.325749818482604,,a_p0.5_d2,E8,E8-47be6e7bfc8c,9.375364157581833,8.467731504304911,observed_request_throughput_rps,5,32,mono,mixed,2000,workload_seed,1.8156888728111134
poisson,1.199415059244795,0.9695568864981325,,a_p0.5_d2,E8,E8-47be6e7bfc8c,1.0868385270292644,1.0672662214672706,iteration_cv,5,32,mono,mixed,2000,workload_seed,0.15120861044029796
poisson,6080.453443573327,4894.032159520187,,a_p0.5_d2,E8,E8-47be6e7bfc8c,5510.358318545502,5592.486614279085,max_wait_ms,5,32,mono,mixed,2000,workload_seed,796.1226448196815
poisson,78.6,61.0,,a_p0.5_d2,E8,E8-47be6e7bfc8c,71.2,76.0,starvation_proxy_count,5,32,mono,mixed,2000,workload_seed,11.945710527214361
poisson,0.7536391391823366,0.6815142792887161,,a_p0.5_d2,E8,E8-47be6e7bfc8c,0.7169956275679918,0.717293369023344,waiting_satisfaction_jain,5,32,mono,mixed,2000,workload_seed,0.048224961899714626
poisson,5890.223325767084,4453.8333997699965,,a_p0.5_d2,E8,E8-47be6e7bfc8c,5131.180858632642,4782.216629167532,short_prompt_ttft_p95_ms,5,32,mono,mixed,2000,workload_seed,914.8931569044194
poisson,5512.209563743303,4201.898650474928,,a_p0.5_d2,E8,E8-47be6e7bfc8c,4857.054107109116,4733.612093339701,long_prompt_ttft_p95_ms,5,32,mono,mixed,2000,workload_seed,845.1659492505345
poisson,66.41419999999992,8.273109999999996,,a_p0.5_d2,E8,E8-47be6e7bfc8c,33.398399999999974,19.230999999999995,primer_max_itl_ms,5,32,mono,mixed,2000,workload_seed,37.58854977649439
poisson,99.8,87.6,,a_p0.5_d2,E8,E8-47be6e7bfc8c,94.2,99.0,backlog_at_arrival_end,5,32,mono,mixed,2000,workload_seed,8.64291617453276
poisson,0.9999999999999936,0.9976365868430515,,a_p0.5_d2,E8,E8-47be6e7bfc8c,0.9992121956143448,0.9999999999999925,server_busy_fraction,5,32,mono,mixed,2000,workload_seed,0.0017615841592777258
poisson,0.8640975623893186,0.8394397851783697,,a_p0.5_d2,E8,E8-47be6e7bfc8c,0.8510692148107823,0.8481407096734475,batch_slot_occupancy,5,32,mono,mixed,2000,workload_seed,0.015688888105667077
poisson,3288.634190973152,1651.6762592863051,,a_p2_d0.5,E8,E8-4aca8fb9bcdf,2390.5082133332367,2088.0149666375764,ttft_p50_ms,5,32,chunk_512,mixed,2000,workload_seed,1057.2621536496135
poisson,6192.170873652726,4218.424940456417,,a_p2_d0.5,E8,E8-4aca8fb9bcdf,5056.563824076822,4788.721472069515,ttft_p95_ms,5,32,chunk_512,mixed,2000,workload_seed,1307.1641125863964
poisson,6309.291871283808,4327.708513667827,,a_p2_d0.5,E8,E8-4aca8fb9bcdf,5212.205784457065,5156.555882062206,ttft_p99_ms,5,32,chunk_512,mixed,2000,workload_seed,1329.4035292520457
poisson,21.054141937592895,20.397753559905613,,a_p2_d0.5,E8,E8-4aca8fb9bcdf,20.73281447419648,20.824166648629127,tpot_p95_ms,5,32,chunk_512,mixed,2000,workload_seed,0.4311304489552006
poisson,22.45440064283227,21.91166571442895,,a_p2_d0.5,E8,E8-4aca8fb9bcdf,22.172979197214516,22.021668400000067,tpot_p99_ms,5,32,chunk_512,mixed,2000,workload_seed,0.34697038589846735
poisson,7857.614708538761,6146.53966483924,,a_p2_d0.5,E8,E8-4aca8fb9bcdf,6933.790787528202,6523.472521986598,e2e_p95_ms,5,32,chunk_512,mixed,2000,workload_seed,1081.5070372451864
poisson,23.302899999999863,23.18199999999979,,a_p2_d0.5,E8,E8-4aca8fb9bcdf,23.222299999999812,23.18199999999979,itl_p95_ms,5,32,chunk_512,mixed,2000,workload_seed,0.09011353949329684
poisson,23.383499999999913,23.383499999999913,,a_p2_d0.5,E8,E8-4aca8fb9bcdf,23.383499999999913,23.383499999999913,itl_p99_ms,5,32,chunk_512,mixed,2000,workload_seed,0.0
poisson,14.836963287468086,12.59680414328435,,a_p2_d0.5,E8,E8-4aca8fb9bcdf,13.82355291341654,13.926601850270561,request_throughput_rps,5,32,chunk_512,mixed,2000,workload_seed,1.447653280027906
poisson,1902.392313241265,1596.4720722727204,,a_p2_d0.5,E8,E8-4aca8fb9bcdf,1754.115838456631,1772.8792747307218,output_token_throughput_tps,5,32,chunk_512,mixed,2000,workload_seed,184.84467497626272
poisson,10.683956009558894,7.045300567889205,,a_p2_d0.5,E8,E8-4aca8fb9bcdf,8.72762025560522,8.516552575781127,observed_request_throughput_rps,5,32,chunk_512,mixed,2000,workload_seed,2.4424673121321767
poisson,1.440339498495835,0.9833089185526779,,a_p2_d0.5,E8,E8-4aca8fb9bcdf,1.21210934416318,1.3322572039012526,iteration_cv,5,32,chunk_512,mixed,2000,workload_seed,0.2938142013019761
poisson,6296.473876825925,4314.705556088073,,a_p2_d0.5,E8,E8-4aca8fb9bcdf,5202.671561838345,5152.693188186604,max_wait_ms,5,32,chunk_512,mixed,2000,workload_seed,1329.1449578259521
poisson,100.8,75.2,,a_p2_d0.5,E8,E8-4aca8fb9bcdf,87.6,90.0,starvation_proxy_count,5,32,chunk_512,mixed,2000,workload_seed,17.271363582531635
poisson,0.7899027116896564,0.7007434335720237,,a_p2_d0.5,E8,E8-4aca8fb9bcdf,0.7492263090747,0.765199865307558,waiting_satisfaction_jain,5,32,chunk_512,mixed,2000,workload_seed,0.056770650494060056
poisson,6199.262892689757,4165.415007713901,,a_p2_d0.5,E8,E8-4aca8fb9bcdf,5042.876424049073,4787.622466208068,short_prompt_ttft_p95_ms,5,32,chunk_512,mixed,2000,workload_seed,1343.052410572132
poisson,6035.197085598851,4122.601222892996,,a_p2_d0.5,E8,E8-4aca8fb9bcdf,4953.817358567567,4704.492192278424,long_prompt_ttft_p95_ms,5,32,chunk_512,mixed,2000,workload_seed,1257.9327069038318
poisson,19.504299999999944,4.5616,,a_p2_d0.5,E8,E8-4aca8fb9bcdf,11.69119999999998,7.490000000000002,primer_max_itl_ms,5,32,chunk_512,mixed,2000,workload_seed,9.642655570432838
poisson,103.8,87.8,,a_p2_d0.5,E8,E8-4aca8fb9bcdf,96.4,98.0,backlog_at_arrival_end,5,32,chunk_512,mixed,2000,workload_seed,10.761040841851685
poisson,1.0,0.9959909611457773,,a_p2_d0.5,E8,E8-4aca8fb9bcdf,0.9984067259732248,1.0,server_busy_fraction,5,32,chunk_512,mixed,2000,workload_seed,0.002621786361331473
poisson,0.7745405346619247,0.7160338492336833,,a_p2_d0.5,E8,E8-4aca8fb9bcdf,0.7434161212521966,0.7415819521290488,batch_slot_occupancy,5,32,chunk_512,mixed,2000,workload_seed,0.03657161818195136
poisson,4227.85355846263,2561.065701690027,,a_p2_d0.5,E8,E8-4aca8fb9bcdf,3353.9876690029364,3196.831517507253,ttft_p50_ms,5,32,fcfs,mixed,2000,workload_seed,1057.6175546407696
poisson,7717.641159636822,5648.763391524122,,a_p2_d0.5,E8,E8-4aca8fb9bcdf,6547.6274347467015,6152.385942060042,ttft_p95_ms,5,32,fcfs,mixed,2000,workload_seed,1359.365279359008
poisson,7881.2344900015,5840.222630882538,,a_p2_d0.5,E8,E8-4aca8fb9bcdf,6732.745771762611,6606.935556772465,ttft_p99_ms,5,32,fcfs,mixed,2000,workload_seed,1352.2199336762174
poisson,0.21150000000034197,0.21150000000034197,,a_p2_d0.5,E8,E8-4aca8fb9bcdf,0.21150000000034197,0.21150000000034197,tpot_p95_ms,5,32,fcfs,mixed,2000,workload_seed,0.0
poisson,0.21150000000034197,0.21150000000034197,,a_p2_d0.5,E8,E8-4aca8fb9bcdf,0.21150000000034197,0.21150000000034197,tpot_p99_ms,5,32,fcfs,mixed,2000,workload_seed,0.0
poisson,7744.75545963675,5676.878834443449,,a_p2_d0.5,E8,E8-4aca8fb9bcdf,6572.005275539892,6180.198192059967,e2e_p95_ms,5,32,fcfs,mixed,2000,workload_seed,1358.4614267935574
poisson,0.21150000000034197,0.21150000000034197,,a_p2_d0.5,E8,E8-4aca8fb9bcdf,0.21150000000034197,0.21150000000034197,itl_p95_ms,5,32,fcfs,mixed,2000,workload_seed,0.0
poisson,0.21150000000034197,0.21150000000034197,,a_p2_d0.5,E8,E8-4aca8fb9bcdf,0.21150000000034197,0.21150000000034197,itl_p99_ms,5,32,fcfs,mixed,2000,workload_seed,0.0
poisson,13.389246010838017,11.440416608452242,,a_p2_d0.5,E8,E8-4aca8fb9bcdf,12.517211284514541,12.656378579969017,request_throughput_rps,5,32,fcfs,mixed,2000,workload_seed,1.253358594042882
poisson,1711.4322994828617,1454.3510041509858,,a_p2_d0.5,E8,E8-4aca8fb9bcdf,1588.0953205974274,1604.222480593677,output_token_throughput_tps,5,32,fcfs,mixed,2000,workload_seed,156.25623105450333
poisson,14.699174977467521,12.344296021303489,,a_p2_d0.5,E8,E8-4aca8fb9bcdf,13.36607382937122,12.645790188281067,observed_request_throughput_rps,5,32,fcfs,mixed,2000,workload_seed,1.5654577052470788
poisson,13.91464758326731,13.290137844520734,,a_p2_d0.5,E8,E8-4aca8fb9bcdf,13.572932501382748,13.520019688664128,iteration_cv,5,32,fcfs,mixed,2000,workload_seed,0.4043930762286062
poisson,7871.780582738281,5845.888981958314,,a_p2_d0.5,E8,E8-4aca8fb9bcdf,6735.7604182849755,6624.20543325849,max_wait_ms,5,32,fcfs,mixed,2000,workload_seed,1344.435725549756
poisson,112.4,95.8,,a_p2_d0.5,E8,E8-4aca8fb9bcdf,104.4,106.0,starvation_proxy_count,5,32,fcfs,mixed,2000,workload_seed,10.667708282475669
poisson,0.7265606104818134,0.6614255181020265,,a_p2_d0.5,E8,E8-4aca8fb9bcdf,0.6939930642919199,0.6776878548307159,waiting_satisfaction_jain,5,32,fcfs,mixed,2000,workload_seed,0.044493452944906364
poisson,7727.744150093642,5615.291150498478,,a_p2_d0.5,E8,E8-4aca8fb9bcdf,6530.014194886099,6137.145911280561,short_prompt_ttft_p95_ms,5,32,fcfs,mixed,2000,workload_seed,1385.9266777077107
poisson,7461.757365363766,5502.968763106745,,a_p2_d0.5,E8,E8-4aca8fb9bcdf,6363.2050775825355,5852.453937351572,long_prompt_ttft_p95_ms,5,32,fcfs,mixed,2000,workload_seed,1304.361447700745
poisson,0.2115000000000009,0.2115000000000009,,a_p2_d0.5,E8,E8-4aca8fb9bcdf,0.2115000000000009,0.2115000000000009,primer_max_itl_ms,5,32,fcfs,mixed,2000,workload_seed,0.0
poisson,86.2,73.8,,a_p2_d0.5,E8,E8-4aca8fb9bcdf,80.0,80.0,backlog_at_arrival_end,5,32,fcfs,mixed,2000,workload_seed,8.306623862918075
poisson,0.9999999999999979,0.9967210760208228,,a_p2_d0.5,E8,E8-4aca8fb9bcdf,0.9989070253402567,0.999999999999989,server_busy_fraction,5,32,fcfs,mixed,2000,workload_seed,0.002443965636819447
poisson,0.03125,0.03125,,a_p2_d0.5,E8,E8-4aca8fb9bcdf,0.03125,0.03125,batch_slot_occupancy,5,32,fcfs,mixed,2000,workload_seed,0.0
poisson,3229.7367979680785,1638.8017196585647,,a_p2_d0.5,E8,E8-4aca8fb9bcdf,2369.1208549035086,2123.4748633896525,ttft_p50_ms,5,32,mono,mixed,2000,workload_seed,1031.9168658123556
poisson,6202.864080643667,4189.122120005008,,a_p2_d0.5,E8,E8-4aca8fb9bcdf,5046.704369643538,4773.986171987578,ttft_p95_ms,5,32,mono,mixed,2000,workload_seed,1331.9637375606221
poisson,6306.972791963089,4324.607084649367,,a_p2_d0.5,E8,E8-4aca8fb9bcdf,5210.410806033514,5203.441766700566,ttft_p99_ms,5,32,mono,mixed,2000,workload_seed,1340.520639211064
poisson,42.48619685690687,36.111043120749116,,a_p2_d0.5,E8,E8-4aca8fb9bcdf,39.11380765318611,36.818052256944426,tpot_p95_ms,5,32,mono,mixed,2000,workload_seed,4.077979601440857
poisson,55.770077206617636,49.93785722499998,,a_p2_d0.5,E8,E8-4aca8fb9bcdf,52.660599154769976,51.68923301282052,tpot_p99_ms,5,32,mono,mixed,2000,workload_seed,3.7446391624693627
poisson,8365.868643897027,6471.0971147108485,,a_p2_d0.5,E8,E8-4aca8fb9bcdf,7292.357801355785,6802.506192554807,e2e_p95_ms,5,32,mono,mixed,2000,workload_seed,1232.6806069174838
poisson,93.47623999999743,59.1474000000002,,a_p2_d0.5,E8,E8-4aca8fb9bcdf,74.58777999999921,74.15800000000036,itl_p95_ms,5,32,mono,mixed,2000,workload_seed,22.436865482213054
poisson,298.9347000000001,266.1249799999857,,a_p2_d0.5,E8,E8-4aca8fb9bcdf,282.52983999999293,295.21950000000015,itl_p99_ms,5,32,mono,mixed,2000,workload_seed,21.737083122590132
poisson,14.719946138931665,12.499247229836296,,a_p2_d0.5,E8,E8-4aca8fb9bcdf,13.721393239830695,13.810395827462923,request_throughput_rps,5,32,mono,mixed,2000,workload_seed,1.444651542074014
poisson,1890.6326849777274,1583.1235066094591,,a_p2_d0.5,E8,E8-4aca8fb9bcdf,1741.2799828745744,1758.215470988103,output_token_throughput_tps,5,32,mono,mixed,2000,workload_seed,186.14814523093017
poisson,9.761240215212974,5.031764424666327,,a_p2_d0.5,E8,E8-4aca8fb9bcdf,7.388571552843132,7.142335985535838,observed_request_throughput_rps,5,32,mono,mixed,2000,workload_seed,3.0954089435407792
poisson,4.3943530539933295,3.390194657718939,,a_p2_d0.5,E8,E8-4aca8fb9bcdf,3.8922738558561347,4.029344558885447,iteration_cv,5,32,mono,mixed,2000,workload_seed,0.6465584298533219
poisson,6286.656098406762,4319.904886908345,,a_p2_d0.5,E8,E8-4aca8fb9bcdf,5203.286679056486,5220.405688186618,max_wait_ms,5,32,mono,mixed,2000,workload_seed,1331.7256699745171
poisson,93.2,74.4,,a_p2_d0.5,E8,E8-4aca8fb9bcdf,84.2,90.0,starvation_proxy_count,5,32,mono,mixed,2000,workload_seed,13.16054710108968
poisson,0.7885339376109366,0.6999716651033449,,a_p2_d0.5,E8,E8-4aca8fb9bcdf,0.7484447408238947,0.7654755348125705,waiting_satisfaction_jain,5,32,mono,mixed,2000,workload_seed,0.05630101744432893
poisson,6210.517387689757,4134.887869536344,,a_p2_d0.5,E8,E8-4aca8fb9bcdf,5033.51792087152,4760.598816208061,short_prompt_ttft_p95_ms,5,32,mono,mixed,2000,workload_seed,1366.3629389094451
poisson,6011.616360598847,4059.1668428929916,,a_p2_d0.5,E8,E8-4aca8fb9bcdf,4909.339243567565,4625.58779227842,long_prompt_ttft_p95_ms,5,32,mono,mixed,2000,workload_seed,1278.5484817428223
poisson,241.38880000000012,4.5616,,a_p2_d0.5,E8,E8-4aca8fb9bcdf,122.97520000000006,7.490000000000002,primer_max_itl_ms,5,32,mono,mixed,2000,workload_seed,161.503365505026
poisson,110.40999999999995,91.4,,a_p2_d0.5,E8,E8-4aca8fb9bcdf,101.0,103.0,backlog_at_arrival_end,5,32,mono,mixed,2000,workload_seed,12.884098726725126
poisson,1.0,0.9960219908859249,,a_p2_d0.5,E8,E8-4aca8fb9bcdf,0.9984177744874497,1.0,server_busy_fraction,5,32,mono,mixed,2000,workload_seed,0.002600444257522919
poisson,0.864622738318334,0.8375859260026044,,a_p2_d0.5,E8,E8-4aca8fb9bcdf,0.8512309593807361,0.8575900846647188,batch_slot_occupancy,5,32,mono,mixed,2000,workload_seed,0.017424987780924862
poisson,3308.1059546348215,2014.5869846771923,,a_p1_d2,E8,E8-7ea095234336,2628.639454953949,2489.44661269486,ttft_p50_ms,5,32,chunk_512,mixed,2000,workload_seed,872.1335216481016
poisson,7722.488199181632,6144.445358394185,,a_p1_d2,E8,E8-7ea095234336,6856.245150559264,6549.278417655972,ttft_p95_ms,5,32,chunk_512,mixed,2000,workload_seed,992.8811673785556
poisson,7920.028904274572,6371.332298961626,,a_p1_d2,E8,E8-7ea095234336,7085.643711518717,6809.105257133945,ttft_p99_ms,5,32,chunk_512,mixed,2000,workload_seed,989.4535634322855
poisson,25.77032555734603,25.14310770169618,,a_p1_d2,E8,E8-7ea095234336,25.47106082226635,25.50658625000007,tpot_p95_ms,5,32,chunk_512,mixed,2000,workload_seed,0.3766791043430128
poisson,26.884747555165834,26.41627393546894,,a_p1_d2,E8,E8-7ea095234336,26.669325611096895,26.627659772079777,tpot_p99_ms,5,32,chunk_512,mixed,2000,workload_seed,0.31620143709935455
poisson,11037.804261121699,9148.419657364737,,a_p1_d2,E8,E8-7ea095234336,10102.871112141214,10648.576368449438,e2e_p95_ms,5,32,chunk_512,mixed,2000,workload_seed,1223.189438363888
poisson,28.399599999999918,27.91599999999962,,a_p1_d2,E8,E8-7ea095234336,28.077199999999902,27.916000000000167,itl_p95_ms,5,32,chunk_512,mixed,2000,workload_seed,0.3604541579728823
poisson,28.722000000000026,28.721999999999753,,a_p1_d2,E8,E8-7ea095234336,28.721999999999845,28.721999999999753,itl_p99_ms,5,32,chunk_512,mixed,2000,workload_seed,2.033691978340166e-13
poisson,10.548724970684704,9.404331564144025,,a_p1_d2,E8,E8-7ea095234336,9.934856919568599,9.595861305019119,request_throughput_rps,5,32,chunk_512,mixed,2000,workload_seed,0.7295681230347265
poisson,1289.8669789796102,1224.9828637917203,,a_p1_d2,E8,E8-7ea095234336,1258.5878066585867,1259.1470313201298,output_token_throughput_tps,5,32,chunk_512,mixed,2000,workload_seed,38.95762509572492
poisson,9.732566230494877,7.073769513396935,,a_p1_d2,E8,E8-7ea095234336,8.113099963116591,7.299768538193889,observed_request_throughput_rps,5,32,chunk_512,mixed,2000,workload_seed,1.789350029284887
poisson,0.872965718618115,0.6934203938861677,,a_p1_d2,E8,E8-7ea095234336,0.7854789961426978,0.8395759373898601,iteration_cv,5,32,chunk_512,mixed,2000,workload_seed,0.11561732578469475
poisson,7930.614376317535,6400.4838990580565,,a_p1_d2,E8,E8-7ea095234336,7105.626878421567,6812.658710740315,max_wait_ms,5,32,chunk_512,mixed,2000,workload_seed,981.614701131259
poisson,88.8,77.6,,a_p1_d2,E8,E8-7ea095234336,83.2,88.0,starvation_proxy_count,5,32,chunk_512,mixed,2000,workload_seed,8.043631020876083
poisson,0.7118487627725578,0.6525201921290773,,a_p1_d2,E8,E8-7ea095234336,0.6810166561511014,0.6736307179480706,waiting_satisfaction_jain,5,32,chunk_512,mixed,2000,workload_seed,0.039692663587058835
poisson,7743.253088895556,6112.034525675733,,a_p1_d2,E8,E8-7ea095234336,6839.659103416736,6449.869843276912,short_prompt_ttft_p95_ms,5,32,chunk_512,mixed,2000,workload_seed,1022.0805704613383
poisson,7448.066362071166,5996.6165704749565,,a_p1_d2,E8,E8-7ea095234336,6654.620832581912,6350.24889333973,long_prompt_ttft_p95_ms,5,32,chunk_512,mixed,2000,workload_seed,933.6917062429228
poisson,22.015200000000128,5.509600000000005,,a_p1_d2,E8,E8-7ea095234336,13.173600000000047,12.689999999999998,primer_max_itl_ms,5,32,chunk_512,mixed,2000,workload_seed,10.09471786629035
poisson,103.6,92.0,,a_p1_d2,E8,E8-7ea095234336,98.8,101.0,backlog_at_arrival_end,5,32,chunk_512,mixed,2000,workload_seed,7.9498427657407165
poisson,0.9999999999999956,0.9980089628915367,,a_p1_d2,E8,E8-7ea095234336,0.9993363209638412,0.9999999999999932,server_busy_fraction,5,32,chunk_512,mixed,2000,workload_seed,0.0014840314400775827
poisson,0.8034066167340772,0.7331905466076205,,a_p1_d2,E8,E8-7ea095234336,0.7693712662458833,0.7746038344639239,batch_slot_occupancy,5,32,chunk_512,mixed,2000,workload_seed,0.045135569113060596
poisson,4882.312021950695,3670.412067981717,,a_p1_d2,E8,E8-7ea095234336,4266.407561956267,4327.1334983701945,ttft_p50_ms,5,32,fcfs,mixed,2000,workload_seed,786.2344898916377
poisson,9224.644596744663,7542.779544547166,,a_p1_d2,E8,E8-7ea095234336,8351.058706819278,8250.308930215102,ttft_p95_ms,5,32,fcfs,mixed,2000,workload_seed,1075.3759615234146
poisson,9441.956942695138,7850.369436992498,,a_p1_d2,E8,E8-7ea095234336,8635.953146960037,8603.681811127442,ttft_p99_ms,5,32,fcfs,mixed,2000,workload_seed,1032.497443115521
poisson,0.5460000000002765,0.5460000000002765,,a_p1_d2,E8,E8-7ea095234336,0.5460000000002765,0.5460000000002765,tpot_p95_ms,5,32,fcfs,mixed,2000,workload_seed,0.0
poisson,0.5460000000002765,0.5460000000002765,,a_p1_d2,E8,E8-7ea095234336,0.5460000000002765,0.5460000000002765,tpot_p99_ms,5,32,fcfs,mixed,2000,workload_seed,0.0
poisson,9286.734046032956,7581.922716296962,,a_p1_d2,E8,E8-7ea095234336,8401.07037405398,8294.155317658388,e2e_p95_ms,5,32,fcfs,mixed,2000,workload_seed,1083.763761867788
poisson,0.5460000000002765,0.5460000000002765,,a_p1_d2,E8,E8-7ea095234336,0.5460000000002765,0.5460000000002765,itl_p95_ms,5,32,fcfs,mixed,2000,workload_seed,0.0
poisson,0.5460000000002765,0.5460000000002765,,a_p1_d2,E8,E8-7ea095234336,0.5460000000002765,0.5460000000002765,itl_p99_ms,5,32,fcfs,mixed,2000,workload_seed,0.0
poisson,11.075559359578,9.924833068720337,,a_p1_d2,E8,E8-7ea095234336,10.470500406294448,10.23197485747759,request_throughput_rps,5,32,fcfs,mixed,2000,workload_seed,0.7643384395685165
poisson,1367.937659862964,1278.5920484225762,,a_p1_d2,E8,E8-7ea095234336,1326.8936256360362,1334.3161251317542,output_token_throughput_tps,5,32,fcfs,mixed,2000,workload_seed,55.3591215995746
poisson,11.582419859305833,10.497221355322798,,a_p1_d2,E8,E8-7ea095234336,10.980459976435217,10.570657258593041,observed_request_throughput_rps,5,32,fcfs,mixed,2000,workload_seed,0.7692376346138041
poisson,5.990052227969767,5.3560324609378265,,a_p1_d2,E8,E8-7ea095234336,5.671059387282247,5.525061647314928,iteration_cv,5,32,fcfs,mixed,2000,workload_seed,0.4097660248215873
poisson,9475.650185228926,7887.007660540371,,a_p1_d2,E8,E8-7ea095234336,8668.968895467038,8604.49471074299,max_wait_ms,5,32,fcfs,mixed,2000,workload_seed,1036.3265595290845
poisson,113.8,107.4,,a_p1_d2,E8,E8-7ea095234336,110.6,111.0,starvation_proxy_count,5,32,fcfs,mixed,2000,workload_seed,4.159326868617084
poisson,0.6659614427450842,0.6277742332453367,,a_p1_d2,E8,E8-7ea095234336,0.6479366759714115,0.6515166651003175,waiting_satisfaction_jain,5,32,fcfs,mixed,2000,workload_seed,0.02369740990692821
poisson,9239.266860470894,7535.386125677773,,a_p1_d2,E8,E8-7ea095234336,8344.018469513088,8193.51244327933,short_prompt_ttft_p95_ms,5,32,fcfs,mixed,2000,workload_seed,1092.1058819677269
poisson,8925.866998870348,7201.805973302558,,a_p1_d2,E8,E8-7ea095234336,8057.629915409777,8072.263107470813,long_prompt_ttft_p95_ms,5,32,fcfs,mixed,2000,workload_seed,1104.7067566173703
poisson,0.546000000000004,0.5459999999999956,,a_p1_d2,E8,E8-7ea095234336,0.546,0.5460000000000003,primer_max_itl_ms,5,32,fcfs,mixed,2000,workload_seed,5.078951821067718e-15
poisson,92.6,84.6,,a_p1_d2,E8,E8-7ea095234336,88.6,91.0,backlog_at_arrival_end,5,32,fcfs,mixed,2000,workload_seed,5.412947441089743
poisson,0.999999999999798,0.9978982959278945,,a_p1_d2,E8,E8-7ea095234336,0.9992994319758258,0.9999999999997858,server_busy_fraction,5,32,fcfs,mixed,2000,workload_seed,0.00156651772445056
poisson,0.03125,0.03125,,a_p1_d2,E8,E8-7ea095234336,0.03125,0.03125,batch_slot_occupancy,5,32,fcfs,mixed,2000,workload_seed,0.0
poisson,3170.6679631442685,1933.122731024559,,a_p1_d2,E8,E8-7ea095234336,2599.805511292331,2811.5895243902883,ttft_p50_ms,5,32,mono,mixed,2000,workload_seed,836.8964459299664
poisson,7775.169945926369,6036.210813521622,,a_p1_d2,E8,E8-7ea095234336,6823.665589940809,6362.662742059322,ttft_p95_ms,5,32,mono,mixed,2000,workload_seed,1099.409188505226
poisson,7968.002848379541,6405.915791325247,,a_p1_d2,E8,E8-7ea095234336,7145.611245740247,7056.729744627158,ttft_p99_ms,5,32,mono,mixed,2000,workload_seed,1022.8918685629652
poisson,36.38837898970384,32.96046219568819,,a_p1_d2,E8,E8-7ea095234336,34.674420592696016,34.94881666666655,tpot_p95_ms,5,32,mono,mixed,2000,workload_seed,2.2321540382055662
poisson,45.08398497293302,39.09593360477843,,a_p1_d2,E8,E8-7ea095234336,41.71304481580279,41.134232583333336,tpot_p99_ms,5,32,mono,mixed,2000,workload_seed,3.8580341548776005
poisson,11449.92664466349,9676.202830355815,,a_p1_d2,E8,E8-7ea095234336,10563.064737509652,10957.74179447815,e2e_p95_ms,5,32,mono,mixed,2000,workload_seed,1144.6679810648452
poisson,62.7384,47.25578999999991,,a_p1_d2,E8,E8-7ea095234336,54.17399999999998,53.6880000000001,itl_p95_ms,5,32,mono,mixed,2000,workload_seed,10.06199194990741
poisson,166.3363999999996,149.28759999999994,,a_p1_d2,E8,E8-7ea095234336,158.59959999999978,163.83399999999983,itl_p99_ms,5,32,mono,mixed,2000,workload_seed,10.82711470337298
poisson,10.277874445317686,9.186466142935819,,a_p1_d2,E8,E8-7ea095234336,9.70258925942448,9.433906639701348,request_throughput_rps,5,32,mono,mixed,2000,workload_seed,0.7083320308372538
poisson,1264.9171848501962,1189.6338497008242,,a_p1_d2,E8,E8-7ea095234336,1229.3832733301733,1234.2441011254382,output_token_throughput_tps,5,32,mono,mixed,2000,workload_seed,45.135849699584355
poisson,8.906513706008838,5.802564558389152,,a_p1_d2,E8,E8-7ea095234336,7.225668627997406,6.856642546114404,observed_request_throughput_rps,5,32,mono,mixed,2000,workload_seed,2.1230137613068196
poisson,1.5584890415168755,1.3227014056806694,,a_p1_d2,E8,E8-7ea095234336,1.449547655990299,1.463042707629323,iteration_cv,5,32,mono,mixed,2000,workload_seed,0.15269486404115815
poisson,8003.830398406741,6465.3457270273375,,a_p1_d2,E8,E8-7ea095234336,7228.786250896708,7255.864614279104,max_wait_ms,5,32,mono,mixed,2000,workload_seed,993.8505036023226
poisson,85.2,74.0,,a_p1_d2,E8,E8-7ea095234336,79.6,79.0,starvation_proxy_count,5,32,mono,mixed,2000,workload_seed,7.162401831787993
poisson,0.7028033059489066,0.642358010155449,,a_p1_d2,E8,E8-7ea095234336,0.6703084924930509,0.6601337314441377,waiting_satisfaction_jain,5,32,mono,mixed,2000,workload_seed,0.040988535091544855
poisson,7811.91471934466,6010.233482853846,,a_p1_d2,E8,E8-7ea095234336,6825.474770174582,6317.5896112798055,short_prompt_ttft_p95_ms,5,32,mono,mixed,2000,workload_seed,1137.0918277931432
poisson,7390.959189400912,5718.398090474934,,a_p1_d2,E8,E8-7ea095234336,6502.852552581899,6115.477293339719,long_prompt_ttft_p95_ms,5,32,mono,mixed,2000,workload_seed,1055.1563903930232
poisson,136.4812,15.365910000000001,,a_p1_d2,E8,E8-7ea095234336,74.6848,37.47,primer_max_itl_ms,5,32,mono,mixed,2000,workload_seed,80.22012113678213
poisson,108.4,94.2,,a_p1_d2,E8,E8-7ea095234336,101.8,104.0,backlog_at_arrival_end,5,32,mono,mixed,2000,workload_seed,9.364827814754525
poisson,0.9999999999999927,0.9980559210788028,,a_p1_d2,E8,E8-7ea095234336,0.9993519736929285,0.9999999999999919,server_busy_fraction,5,32,mono,mixed,2000,workload_seed,0.001449030873800012
poisson,0.8766014374093567,0.8568773338728626,,a_p1_d2,E8,E8-7ea095234336,0.8670939628682752,0.8697748732687306,batch_slot_occupancy,5,32,mono,mixed,2000,workload_seed,0.012824176315272058
poisson,4011.338897968083,2260.245591789669,,a_p2_d1,E8,E8-80fc2ff1b809,3050.747732628862,2758.3362442823773,ttft_p50_ms,5,32,chunk_512,mixed,2000,workload_seed,1127.7869934112268
poisson,7943.149195680805,5857.350653915399,,a_p2_d1,E8,E8-80fc2ff1b809,6770.888513117908,6334.673092141264,ttft_p95_ms,5,32,chunk_512,mixed,2000,workload_seed,1374.1144096587525
poisson,8121.4190583848585,6058.894428366513,,a_p2_d1,E8,E8-80fc2ff1b809,6954.633355953624,6804.363437133945,ttft_p99_ms,5,32,chunk_512,mixed,2000,workload_seed,1382.647440015697
poisson,25.065965668531483,24.450921716927915,,a_p2_d1,E8,E8-80fc2ff1b809,24.746177620196708,24.65136049999998,tpot_p95_ms,5,32,chunk_512,mixed,2000,workload_seed,0.40276234954337176
poisson,26.776293374675372,26.278796257598934,,a_p2_d1,E8,E8-80fc2ff1b809,26.534300530076486,26.47897965909114,tpot_p99_ms,5,32,chunk_512,mixed,2000,workload_seed,0.33576201892606666
poisson,10100.387146527404,8189.909819150797,,a_p2_d1,E8,E8-80fc2ff1b809,9115.600568338104,8928.042571986643,e2e_p95_ms,5,32,chunk_512,mixed,2000,workload_seed,1224.2413309682695
poisson,28.07380000000021,27.832000000000335,,a_p2_d1,E8,E8-80fc2ff1b809,27.912600000000293,27.832000000000335,itl_p95_ms,5,32,chunk_512,mixed,2000,workload_seed,0.18022707898639032
poisson,28.2350000000004,28.234999999999673,,a_p2_d1,E8,E8-80fc2ff1b809,28.235000000000035,28.234999999999673,itl_p99_ms,5,32,chunk_512,mixed,2000,workload_seed,4.981507640924666e-13
poisson,11.754105332032916,10.208131904436959,,a_p2_d1,E8,E8-80fc2ff1b809,11.034772603178885,11.267912128947863,request_throughput_rps,5,32,chunk_512,mixed,2000,workload_seed,1.008965432721434
poisson,1490.1094964101662,1299.2574097764402,,a_p2_d1,E8,E8-80fc2ff1b809,1399.4242797530155,1412.8667952565672,output_token_throughput_tps,5,32,chunk_512,mixed,2000,workload_seed,115.54288804951254
poisson,9.119115381739677,5.65644197661765,,a_p2_d1,E8,E8-80fc2ff1b809,7.1789422610809535,6.710011120312403,observed_request_throughput_rps,5,32,chunk_512,mixed,2000,workload_seed,2.2953688914600914
poisson,1.0836050984850485,0.8544468221966931,,a_p2_d1,E8,E8-80fc2ff1b809,0.9685647521787955,1.0486708964384008,iteration_cv,5,32,chunk_512,mixed,2000,workload_seed,0.15270638480689103
poisson,8122.011131813953,6060.99748195792,,a_p2_d1,E8,E8-80fc2ff1b809,6961.713278421585,6793.230933258343,max_wait_ms,5,32,chunk_512,mixed,2000,workload_seed,1369.323664292674
poisson,102.81499999999991,80.995,,a_p2_d1,E8,E8-80fc2ff1b809,91.8,96.0,starvation_proxy_count,5,32,chunk_512,mixed,2000,workload_seed,14.754660280738422
poisson,0.7259620248764322,0.6498233626437939,,a_p2_d1,E8,E8-80fc2ff1b809,0.6885996583576183,0.6937862438299204,waiting_satisfaction_jain,5,32,chunk_512,mixed,2000,workload_seed,0.04994753374294169
poisson,7961.13851009456,5838.559265497695,,a_p2_d1,E8,E8-80fc2ff1b809,6748.311509885879,6328.339811279816,short_prompt_ttft_p95_ms,5,32,chunk_512,mixed,2000,workload_seed,1411.7761375746848
poisson,7711.710280820713,5747.68896024049,,a_p2_d1,E8,E8-80fc2ff1b809,6588.721162581928,6202.651137350175,long_prompt_ttft_p95_ms,5,32,chunk_512,mixed,2000,workload_seed,1304.9995992222953
poisson,23.91680000000003,7.312400000000002,,a_p2_d1,E8,E8-80fc2ff1b809,15.614600000000015,20.48400000000001,primer_max_itl_ms,5,32,chunk_512,mixed,2000,workload_seed,11.310404780554967
poisson,108.4,94.0,,a_p2_d1,E8,E8-80fc2ff1b809,102.0,102.0,backlog_at_arrival_end,5,32,chunk_512,mixed,2000,workload_seed,9.797958971132712
poisson,0.9999999999999976,0.9974147329235858,,a_p2_d1,E8,E8-80fc2ff1b809,0.999138244307859,0.9999999999999946,server_busy_fraction,5,32,chunk_512,mixed,2000,workload_seed,0.0019269443076149076
poisson,0.7893094029119914,0.7270575086978918,,a_p2_d1,E8,E8-80fc2ff1b809,0.7612135498241883,0.7730824135420871,batch_slot_occupancy,5,32,chunk_512,mixed,2000,workload_seed,0.03918016392396993
poisson,5161.441076698746,3405.115257644318,,a_p2_d1,E8,E8-80fc2ff1b809,4229.66953742197,4173.887637225431,ttft_p50_ms,5,32,fcfs,mixed,2000,workload_seed,1102.4726465230572
poisson,9431.802548849946,7333.49400518958,,a_p2_d1,E8,E8-80fc2ff1b809,8265.716279570199,7757.0716420616645,ttft_p95_ms,5,32,fcfs,mixed,2000,workload_seed,1429.2942144990216
poisson,9682.336333623307,7540.885583439779,,a_p2_d1,E8,E8-80fc2ff1b809,8503.060242655489,8318.53749177494,ttft_p99_ms,5,32,fcfs,mixed,2000,workload_seed,1377.9941325581722
poisson,0.32300000000032014,0.32300000000032014,,a_p2_d1,E8,E8-80fc2ff1b809,0.32300000000032014,0.32300000000032014,tpot_p95_ms,5,32,fcfs,mixed,2000,workload_seed,0.0
poisson,0.32300000000032014,0.32300000000032014,,a_p2_d1,E8,E8-80fc2ff1b809,0.32300000000032014,0.32300000000032014,tpot_p99_ms,5,32,fcfs,mixed,2000,workload_seed,0.0
poisson,9468.775901648676,7357.60510432127,,a_p2_d1,E8,E8-80fc2ff1b809,8295.674602968125,7799.546142061707,e2e_p95_ms,5,32,fcfs,mixed,2000,workload_seed,1431.367042493149
poisson,0.32300000000032014,0.32300000000032014,,a_p2_d1,E8,E8-80fc2ff1b809,0.32300000000032014,0.32300000000032014,itl_p95_ms,5,32,fcfs,mixed,2000,workload_seed,0.0
poisson,0.32300000000032014,0.32300000000032014,,a_p2_d1,E8,E8-80fc2ff1b809,0.32300000000032014,0.32300000000032014,itl_p99_ms,5,32,fcfs,mixed,2000,workload_seed,0.0
poisson,11.339623514873589,9.865688355625986,,a_p2_d1,E8,E8-80fc2ff1b809,10.640883719224082,10.815649535097858,request_throughput_rps,5,32,fcfs,mixed,2000,workload_seed,0.9735140400032374
poisson,1436.9121300716663,1251.90843276034,,a_p2_d1,E8,E8-80fc2ff1b809,1349.590164660139,1363.2779932361882,output_token_throughput_tps,5,32,fcfs,mixed,2000,workload_seed,113.26193729809268
poisson,12.639550845523836,10.625815764652668,,a_p2_d1,E8,E8-80fc2ff1b809,11.61716305020695,11.095648178054711,observed_request_throughput_rps,5,32,fcfs,mixed,2000,workload_seed,1.4106072764595061
poisson,11.87667370651932,11.248566085219366,,a_p2_d1,E8,E8-80fc2ff1b809,11.538661911543194,11.407814055347295,iteration_cv,5,32,fcfs,mixed,2000,workload_seed,0.4229452903797948
poisson,9688.646254292491,7541.3489787186645,,a_p2_d1,E8,E8-80fc2ff1b809,8514.921318288016,8340.524933261002,max_wait_ms,5,32,fcfs,mixed,2000,workload_seed,1380.4695380243359
poisson,113.2,102.0,,a_p2_d1,E8,E8-80fc2ff1b809,108.0,108.0,starvation_proxy_count,5,32,fcfs,mixed,2000,workload_seed,7.582875444051551
poisson,0.6761427536709145,0.6189214627033911,,a_p2_d1,E8,E8-80fc2ff1b809,0.6475321081871528,0.6365091735969828,waiting_satisfaction_jain,5,32,fcfs,mixed,2000,workload_seed,0.03801928070244751
poisson,9434.34718831567,7313.7597008723005,,a_p2_d1,E8,E8-80fc2ff1b809,8245.837298553672,7734.963211282129,short_prompt_ttft_p95_ms,5,32,fcfs,mixed,2000,workload_seed,1449.897233770551
poisson,9154.227782074198,7079.407413302877,,a_p2_d1,E8,E8-80fc2ff1b809,8004.262505410227,7363.977507471177,long_prompt_ttft_p95_ms,5,32,fcfs,mixed,2000,workload_seed,1363.490219763068
poisson,0.3230000000000004,0.32299999999998763,,a_p2_d1,E8,E8-80fc2ff1b809,0.3229999999999961,0.3230000000000004,primer_max_itl_ms,5,32,fcfs,mixed,2000,workload_seed,9.532931148469528e-15
poisson,92.0,80.4,,a_p2_d1,E8,E8-80fc2ff1b809,86.2,90.0,backlog_at_arrival_end,5,32,fcfs,mixed,2000,workload_seed,7.918333157931661
poisson,0.9999999999997591,0.9975054706331281,,a_p2_d1,E8,E8-80fc2ff1b809,0.9991684902108735,0.999999999999734,server_busy_fraction,5,32,fcfs,mixed,2000,workload_seed,0.0018593124118768303
poisson,0.03125,0.03125,,a_p2_d1,E8,E8-80fc2ff1b809,0.03125,0.03125,batch_slot_occupancy,5,32,fcfs,mixed,2000,workload_seed,0.0
poisson,3908.4938333282616,2242.9589065077867,,a_p2_d1,E8,E8-80fc2ff1b809,3017.146211236575,2833.1930243903034,ttft_p50_ms,5,32,mono,mixed,2000,workload_seed,1089.030165822359
poisson,7979.032025648034,5779.766165327555,,a_p2_d1,E8,E8-80fc2ff1b809,6750.319396963016,6357.030992059365,ttft_p95_ms,5,32,mono,mixed,2000,workload_seed,1448.3405404976122
poisson,8129.227050230964,6075.65840456202,,a_p2_d1,E8,E8-80fc2ff1b809,6972.875345272703,6898.768854627181,ttft_p99_ms,5,32,mono,mixed,2000,workload_seed,1388.1501890063512
poisson,45.64890530075539,40.98242514309783,,a_p2_d1,E8,E8-80fc2ff1b809,42.90388308572126,42.31117139479922,tpot_p95_ms,5,32,mono,mixed,2000,workload_seed,3.127062426398071
poisson,70.88153795000005,56.617637064889834,,a_p2_d1,E8,E8-80fc2ff1b809,63.19843540245105,61.95468959558826,tpot_p99_ms,5,32,mono,mixed,2000,workload_seed,9.142713959610262
poisson,10527.224591719469,8650.403964313038,,a_p2_d1,E8,E8-80fc2ff1b809,9501.932067689328,9079.907321986675,e2e_p95_ms,5,32,mono,mixed,2000,workload_seed,1180.924183438351
poisson,97.06123999999849,64.84700000000012,,a_p2_d1,E8,E8-80fc2ff1b809,79.60987999999959,80.83100000000013,itl_p95_ms,5,32,mono,mixed,2000,workload_seed,21.301131309673575
poisson,303.7862000000001,275.0372000000001,,a_p2_d1,E8,E8-80fc2ff1b809,291.6376000000001,300.0709999999999,itl_p99_ms,5,32,mono,mixed,2000,workload_seed,18.528468037050462
poisson,11.606946164828809,10.083697709657454,,a_p2_d1,E8,E8-80fc2ff1b809,10.894504044542497,11.107689132922532,request_throughput_rps,5,32,mono,mixed,2000,workload_seed,1.0056527974443121
poisson,1473.417891960719,1280.2833614846802,,a_p2_d1,E8,E8-80fc2ff1b809,1381.7699430255204,1393.9275573378552,output_token_throughput_tps,5,32,mono,mixed,2000,workload_seed,117.60270814058119
poisson,8.245038018981093,4.268451773583027,,a_p2_d1,E8,E8-80fc2ff1b809,6.083259253687051,5.999562227850104,observed_request_throughput_rps,5,32,mono,mixed,2000,workload_seed,2.683095518844513
poisson,3.091023284769011,2.6551699200052177,,a_p2_d1,E8,E8-80fc2ff1b809,2.8805356154185824,2.94131685107858,iteration_cv,5,32,mono,mixed,2000,workload_seed,0.2780030320437275
poisson,8132.716798406744,6096.265754366243,,a_p2_d1,E8,E8-80fc2ff1b809,6988.952570156676,6916.660614279117,max_wait_ms,5,32,mono,mixed,2000,workload_seed,1369.998513646626
poisson,97.8,79.0,,a_p2_d1,E8,E8-80fc2ff1b809,88.2,91.0,starvation_proxy_count,5,32,mono,mixed,2000,workload_seed,12.794530081249565
poisson,0.7225563776249277,0.6494961900529649,,a_p2_d1,E8,E8-80fc2ff1b809,0.6873305094190634,0.6941676525977741,waiting_satisfaction_jain,5,32,mono,mixed,2000,workload_seed,0.04775384190546911
poisson,7978.119020687032,5794.857033274598,,a_p2_d1,E8,E8-80fc2ff1b809,6747.261952398757,6343.866111279849,short_prompt_ttft_p95_ms,5,32,mono,mixed,2000,workload_seed,1450.940718141079
poisson,7641.780070364371,5612.362319784171,,a_p2_d1,E8,E8-80fc2ff1b809,6520.503612581949,6094.925137350213,long_prompt_ttft_p95_ms,5,32,mono,mixed,2000,workload_seed,1349.646235027594
poisson,258.1832000000001,19.105399999999996,,a_p2_d1,E8,E8-80fc2ff1b809,137.90500000000006,72.05599999999998,primer_max_itl_ms,5,32,mono,mixed,2000,workload_seed,154.81054990374534
poisson,113.4,97.0,,a_p2_d1,E8,E8-80fc2ff1b809,105.8,107.0,backlog_at_arrival_end,5,32,mono,mixed,2000,workload_seed,11.099549540409287
poisson,0.9999999999999986,0.9974493879868989,,a_p2_d1,E8,E8-80fc2ff1b809,0.9991497959956304,0.9999999999999966,server_busy_fraction,5,32,mono,mixed,2000,workload_seed,0.001901113948504732
poisson,0.8758146784008686,0.8532494426386004,,a_p2_d1,E8,E8-80fc2ff1b809,0.8660390875578795,0.8679270344797557,batch_slot_occupancy,5,32,mono,mixed,2000,workload_seed,0.01433495855087244
poisson,833.7084047919712,210.39206547898107,,piecewise_mix_0.25,E8,E8-8844b63f137f,469.9394719423618,368.6458935846749,ttft_p50_ms,5,32,chunk_512,mixed,2000,workload_seed,405.11526877282853
poisson,1574.8798353005495,609.8950114062425,,piecewise_mix_0.25,E8,E8-8844b63f137f,992.5529453933868,850.6807886847688,ttft_p95_ms,5,32,chunk_512,mixed,2000,workload_seed,646.0661902770543
poisson,1635.5884735093573,651.8179580230906,,piecewise_mix_0.25,E8,E8-8844b63f137f,1048.1412264477487,944.1566811253521,ttft_p99_ms,5,32,chunk_512,mixed,2000,workload_seed,661.0116835448076
poisson,9.878098675950303,9.416064490526026,,piecewise_mix_0.25,E8,E8-8844b63f137f,9.639563597683264,9.63070081425875,tpot_p95_ms,5,32,chunk_512,mixed,2000,workload_seed,0.3040637091895691
poisson,10.42766525157711,9.99921764720967,,piecewise_mix_0.25,E8,E8-8844b63f137f,10.213355652967985,10.20249861500379,tpot_p99_ms,5,32,chunk_512,mixed,2000,workload_seed,0.2741124556007637
poisson,3073.1070168739125,2127.7360940232056,,piecewise_mix_0.25,E8,E8-8844b63f137f,2589.0519319037753,2537.0215980582648,e2e_p95_ms,5,32,chunk_512,mixed,2000,workload_seed,595.5380051346315
poisson,10.706592819999969,10.461509889999888,,piecewise_mix_0.25,E8,E8-8844b63f137f,10.612195209999935,10.662632300000041,itl_p95_ms,5,32,chunk_512,mixed,2000,workload_seed,0.17032705261277692
poisson,10.794767798499985,10.545024440000088,,piecewise_mix_0.25,E8,E8-8844b63f137f,10.699264140000015,10.760049250000066,itl_p99_ms,5,32,chunk_512,mixed,2000,workload_seed,0.1754409057180437
poisson,26.483259404778426,23.750539828011018,,piecewise_mix_0.25,E8,E8-8844b63f137f,25.43167021961244,26.134910270418732,request_throughput_rps,5,32,chunk_512,mixed,2000,workload_seed,1.8290342079538058
poisson,3483.8585302454485,2997.0168323517664,,piecewise_mix_0.25,E8,E8-8844b63f137f,3232.4500627455764,3097.801828030943,output_token_throughput_tps,5,32,chunk_512,mixed,2000,workload_seed,314.9603372974937
poisson,23.71194641274798,17.633566691155142,,piecewise_mix_0.25,E8,E8-8844b63f137f,21.387699988432768,22.483287097637177,observed_request_throughput_rps,5,32,chunk_512,mixed,2000,workload_seed,4.1549678856466015
poisson,1.0750275551536679,0.8372250795585575,,piecewise_mix_0.25,E8,E8-8844b63f137f,0.9577596821007791,1.0116297234447464,iteration_cv,5,32,chunk_512,mixed,2000,workload_seed,0.15290950678519202
poisson,1617.0075128016476,645.3384963047897,,piecewise_mix_0.25,E8,E8-8844b63f137f,1037.1624884371506,942.5720720233139,max_wait_ms,5,32,chunk_512,mixed,2000,workload_seed,653.8523653981393
poisson,44.4,0.0,,piecewise_mix_0.25,E8,E8-8844b63f137f,14.8,0.0,starvation_proxy_count,5,32,chunk_512,mixed,2000,workload_seed,33.09380606699689
poisson,0.980738676823327,0.9110542981322816,,piecewise_mix_0.25,E8,E8-8844b63f137f,0.954191785929798,0.97079058380129,waiting_satisfaction_jain,5,32,chunk_512,mixed,2000,workload_seed,0.047539935413079625
poisson,1531.4671777519065,564.7242887500412,,piecewise_mix_0.25,E8,E8-8844b63f137f,958.7272818939034,846.6527656398193,short_prompt_ttft_p95_ms,5,32,chunk_512,mixed,2000,workload_seed,645.6273301059026
poisson,1609.9993374094295,612.4398258858779,,piecewise_mix_0.25,E8,E8-8844b63f137f,1003.3026752114874,833.527718460178,long_prompt_ttft_p95_ms,5,32,chunk_512,mixed,2000,workload_seed,669.6274826933114
poisson,10.291587260000068,5.439752750000003,,piecewise_mix_0.25,E8,E8-8844b63f137f,8.417263750000027,9.517364100000009,primer_max_itl_ms,5,32,chunk_512,mixed,2000,workload_seed,3.2524629353866357
poisson,66.8,38.6,,piecewise_mix_0.25,E8,E8-8844b63f137f,50.8,50.0,backlog_at_arrival_end,5,32,chunk_512,mixed,2000,workload_seed,19.018412131405714
poisson,0.9999999999999998,0.9962948557899345,,piecewise_mix_0.25,E8,E8-8844b63f137f,0.9987649519299779,0.999999999999999,server_busy_fraction,5,32,chunk_512,mixed,2000,workload_seed,0.002761651440048266
poisson,0.717099277129854,0.5291776536963558,,piecewise_mix_0.25,E8,E8-8844b63f137f,0.6307433459682322,0.6397252249174551,batch_slot_occupancy,5,32,chunk_512,mixed,2000,workload_seed,0.11468754227713109
poisson,6437.526550611679,5125.606464861471,,piecewise_mix_0.25,E8,E8-8844b63f137f,5750.861084535674,5626.0365286681445,ttft_p50_ms,5,32,fcfs,mixed,2000,workload_seed,803.9179158986957
poisson,12066.669275888718,10296.996791254647,,piecewise_mix_0.25,E8,E8-8844b63f137f,11209.192140985602,11544.038652522746,ttft_p95_ms,5,32,fcfs,mixed,2000,workload_seed,1127.18759168913
poisson,12428.009657552866,10678.244493772536,,piecewise_mix_0.25,E8,E8-8844b63f137f,11636.265591564661,12125.374854602827,ttft_p99_ms,5,32,fcfs,mixed,2000,workload_seed,1123.9317748582305
poisson,0.8308106499999995,0.8277415999999977,,piecewise_mix_0.25,E8,E8-8844b63f137f,0.8292761249999986,0.8291127500000056,tpot_p95_ms,5,32,fcfs,mixed,2000,workload_seed,0.001920854458715273
poisson,0.831829874999993,0.8315025649999945,,piecewise_mix_0.25,E8,E8-8844b63f137f,0.8316750699999934,0.8317319249999928,tpot_p99_ms,5,32,fcfs,mixed,2000,workload_seed,0.00020721060949460912
poisson,12159.818525056797,10352.576557440301,,piecewise_mix_0.25,E8,E8-8844b63f137f,11286.529584194534,11605.523638166178,e2e_p95_ms,5,32,fcfs,mixed,2000,workload_seed,1153.0067001443022
poisson,0.8317119999999705,0.8312204999998836,,piecewise_mix_0.25,E8,E8-8844b63f137f,0.8314542499999572,0.8314600000003338,itl_p95_ms,5,32,fcfs,mixed,2000,workload_seed,0.00032971057393934883
poisson,0.8326866799998062,0.8322779999997202,,piecewise_mix_0.25,E8,E8-8844b63f137f,0.8324923399997625,0.8326099999994767,itl_p99_ms,5,32,fcfs,mixed,2000,workload_seed,0.0002674198534500556
poisson,8.896154157025824,7.98027260052026,,piecewise_mix_0.25,E8,E8-8844b63f137f,8.383835181391543,8.005473459184023,request_throughput_rps,5,32,fcfs,mixed,2000,workload_seed,0.5832042694597466
poisson,1078.4526864091865,1043.4305727943367,,piecewise_mix_0.25,E8,E8-8844b63f137f,1062.1026120936838,1063.319949703202,output_token_throughput_tps,5,32,fcfs,mixed,2000,workload_seed,21.761255219073814
poisson,9.3111283972755,7.8991417267287485,,piecewise_mix_0.25,E8,E8-8844b63f137f,8.608974333434926,8.602636052715168,observed_request_throughput_rps,5,32,fcfs,mixed,2000,workload_seed,0.901100777076891
poisson,3.000356513546576,2.6119955487872355,,piecewise_mix_0.25,E8,E8-8844b63f137f,2.796293944121974,2.7101214842106818,iteration_cv,5,32,fcfs,mixed,2000,workload_seed,0.24631351922532843
poisson,12507.760401494574,10748.622938107439,,piecewise_mix_0.25,E8,E8-8844b63f137f,11705.176304944584,12146.647416940355,max_wait_ms,5,32,fcfs,mixed,2000,workload_seed,1125.8228056745897
poisson,116.2,111.6,,piecewise_mix_0.25,E8,E8-8844b63f137f,113.8,114.0,starvation_proxy_count,5,32,fcfs,mixed,2000,workload_seed,2.8635642126552705
poisson,0.59848669785891,0.5691313015708551,,piecewise_mix_0.25,E8,E8-8844b63f137f,0.5838089997148825,0.5789977861075056,waiting_satisfaction_jain,5,32,fcfs,mixed,2000,workload_seed,0.01864072760842682
poisson,12115.738369298462,10298.638806972062,,piecewise_mix_0.25,E8,E8-8844b63f137f,11220.678624654289,11509.564691236958,short_prompt_ttft_p95_ms,5,32,fcfs,mixed,2000,workload_seed,1166.0813232296384
poisson,11777.388026988643,9824.856562276746,,piecewise_mix_0.25,E8,E8-8844b63f137f,10801.122294632694,11317.310886828542,long_prompt_ttft_p95_ms,5,32,fcfs,mixed,2000,workload_seed,1258.1405954410193
poisson,0.8164010000000012,0.7915379999999985,,piecewise_mix_0.25,E8,E8-8844b63f137f,0.8004950000000001,0.7920299999999969,primer_max_itl_ms,5,32,fcfs,mixed,2000,workload_seed,0.017574215487469153
poisson,99.8,93.4,,piecewise_mix_0.25,E8,E8-8844b63f137f,97.2,99.0,backlog_at_arrival_end,5,32,fcfs,mixed,2000,workload_seed,4.207136793592526
poisson,0.9999999999999991,0.9989097335989895,,piecewise_mix_0.25,E8,E8-8844b63f137f,0.999636577866329,0.9999999999999981,server_busy_fraction,5,32,fcfs,mixed,2000,workload_seed,0.0008126365954135877
poisson,0.03125,0.03125,,piecewise_mix_0.25,E8,E8-8844b63f137f,0.03125,0.03125,batch_slot_occupancy,5,32,fcfs,mixed,2000,workload_seed,0.0
poisson,249.20634399349478,27.77352927228467,,piecewise_mix_0.25,E8,E8-8844b63f137f,107.2495605556476,35.455045094408945,ttft_p50_ms,5,32,mono,mixed,2000,workload_seed,157.5437614508023
poisson,710.6663285317718,170.4819739286203,,piecewise_mix_0.25,E8,E8-8844b63f137f,363.5027374800637,192.28608912433893,ttft_p95_ms,5,32,mono,mixed,2000,workload_seed,387.45566887769206
poisson,777.7684793425556,195.98110460970213,,piecewise_mix_0.25,E8,E8-8844b63f137f,409.91777998190275,226.22110276189235,ttft_p99_ms,5,32,mono,mixed,2000,workload_seed,407.2766530715095
poisson,13.671237359900346,8.585483452609079,,piecewise_mix_0.25,E8,E8-8844b63f137f,11.24330337863924,12.325897344364677,tpot_p95_ms,5,32,mono,mixed,2000,workload_seed,3.2237915733121705
poisson,26.623345949375157,19.55886997582949,,piecewise_mix_0.25,E8,E8-8844b63f137f,22.967274430270113,23.247156671588254,tpot_p99_ms,5,32,mono,mixed,2000,workload_seed,4.59550510156853
poisson,2335.2560674463944,1159.80889247582,,piecewise_mix_0.25,E8,E8-8844b63f137f,1696.9459547818908,1400.536206961621,e2e_p95_ms,5,32,mono,mixed,2000,workload_seed,745.6649746069631
poisson,23.370584260000033,8.752408719999949,,piecewise_mix_0.25,E8,E8-8844b63f137f,15.033459079999966,9.85650274999989,itl_p95_ms,5,32,mono,mixed,2000,workload_seed,9.369804782864009
poisson,85.61785854999998,47.478714030000035,,piecewise_mix_0.25,E8,E8-8844b63f137f,66.54828629000001,68.08524654999997,itl_p99_ms,5,32,mono,mixed,2000,workload_seed,23.852998139387864
poisson,30.355859155491594,28.283155831150964,,piecewise_mix_0.25,E8,E8-8844b63f137f,29.437542233889644,29.631307276568336,request_throughput_rps,5,32,mono,mixed,2000,workload_seed,1.2768459579001725
poisson,4002.3846747313937,3507.612722873485,,piecewise_mix_0.25,E8,E8-8844b63f137f,3744.6258891463794,3622.489854504055,output_token_throughput_tps,5,32,mono,mixed,2000,workload_seed,334.5074993491507
poisson,28.462446605249472,23.27516890103687,,piecewise_mix_0.25,E8,E8-8844b63f137f,26.140348356039603,26.85518330561475,observed_request_throughput_rps,5,32,mono,mixed,2000,workload_seed,3.225152820838363
poisson,3.120645228298744,2.6531913140274,,piecewise_mix_0.25,E8,E8-8844b63f137f,2.890358409568443,2.9433912790905787,iteration_cv,5,32,mono,mixed,2000,workload_seed,0.30053819283740396
poisson,766.5643687944067,192.1828842835618,,piecewise_mix_0.25,E8,E8-8844b63f137f,407.4115622078456,233.7260924983152,max_wait_ms,5,32,mono,mixed,2000,workload_seed,404.148417297426
poisson,4.2,0.0,,piecewise_mix_0.25,E8,E8-8844b63f137f,1.4,0.0,starvation_proxy_count,5,32,mono,mixed,2000,workload_seed,3.1304951684997055
poisson,0.9978382656920479,0.9624297691122861,,piecewise_mix_0.25,E8,E8-8844b63f137f,0.9857283737111657,0.9973074434536118,waiting_satisfaction_jain,5,32,mono,mixed,2000,workload_seed,0.026030315683697312
poisson,658.40334869377,131.7449116045478,,piecewise_mix_0.25,E8,E8-8844b63f137f,327.8477295184482,190.17573721482293,short_prompt_ttft_p95_ms,5,32,mono,mixed,2000,workload_seed,362.11036065943784
poisson,767.7326419964414,180.34899048767156,,piecewise_mix_0.25,E8,E8-8844b63f137f,391.9627466102937,195.66406920018022,long_prompt_ttft_p95_ms,5,32,mono,mixed,2000,workload_seed,412.7096082547492
poisson,67.54908601000001,11.807418709750005,,piecewise_mix_0.25,E8,E8-8844b63f137f,37.05278931,24.256541350000006,primer_max_itl_ms,5,32,mono,mixed,2000,workload_seed,36.213615911140465
poisson,48.6,21.6,,piecewise_mix_0.25,E8,E8-8844b63f137f,34.0,34.0,backlog_at_arrival_end,5,32,mono,mixed,2000,workload_seed,16.98528775146303
poisson,1.0,0.9959234791304862,,piecewise_mix_0.25,E8,E8-8844b63f137f,0.9986411597101622,1.0,server_busy_fraction,5,32,mono,mixed,2000,workload_seed,0.0030384592586430695
poisson,0.666706529930776,0.3843405216002662,,piecewise_mix_0.25,E8,E8-8844b63f137f,0.5224824138196265,0.44522841083524517,batch_slot_occupancy,5,32,mono,mixed,2000,workload_seed,0.18920781712682783
poisson,1112.3126729292967,352.4237127021619,,piecewise_mix_1,E8,E8-88a73b435bb5,700.4353546523613,539.8539172117695,ttft_p50_ms,5,32,chunk_512,mixed,2000,workload_seed,511.30861048825534
poisson,2225.505423466083,1064.2904512923083,,piecewise_mix_1,E8,E8-88a73b435bb5,1563.9753622411247,1471.2539440262656,ttft_p95_ms,5,32,chunk_512,mixed,2000,workload_seed,778.5068253005605
poisson,2288.2331340348655,1153.4360090225778,,piecewise_mix_1,E8,E8-88a73b435bb5,1655.125564320519,1634.199225979513,ttft_p99_ms,5,32,chunk_512,mixed,2000,workload_seed,763.689811554225
poisson,11.69427319464112,11.228657776328294,,piecewise_mix_1,E8,E8-88a73b435bb5,11.492561792096474,11.610400017666645,tpot_p95_ms,5,32,chunk_512,mixed,2000,workload_seed,0.29919136009526615
poisson,12.472893267060764,12.233511266375306,,piecewise_mix_1,E8,E8-88a73b435bb5,12.329539931535706,12.280697062075038,tpot_p99_ms,5,32,chunk_512,mixed,2000,workload_seed,0.15826797502533194
poisson,3770.207469135171,2773.037787051035,,piecewise_mix_1,E8,E8-88a73b435bb5,3249.9283437835466,3182.6206204798236,e2e_p95_ms,5,32,chunk_512,mixed,2000,workload_seed,640.3909577830437
poisson,12.918938799999797,12.669325320000098,,piecewise_mix_1,E8,E8-88a73b435bb5,12.831028400000013,12.906206199999815,itl_p95_ms,5,32,chunk_512,mixed,2000,workload_seed,0.1802797173806227
poisson,13.026486280000062,12.820495359999859,,piecewise_mix_1,E8,E8-88a73b435bb5,12.944908560000021,12.98960100000022,itl_p99_ms,5,32,chunk_512,mixed,2000,workload_seed,0.1361165675049074
poisson,23.799464658742394,20.92199730631462,,piecewise_mix_1,E8,E8-88a73b435bb5,22.560891016667057,22.614488271305618,request_throughput_rps,5,32,chunk_512,mixed,2000,workload_seed,1.9011066015331683
poisson,3077.5831169532003,2653.845970237506,,piecewise_mix_1,E8,E8-88a73b435bb5,2864.6921811761745,2834.4710075740077,output_token_throughput_tps,5,32,chunk_512,mixed,2000,workload_seed,268.6892682952758
poisson,20.021415832902143,14.807776012954363,,piecewise_mix_1,E8,E8-88a73b435bb5,17.486071015067925,17.519444491665332,observed_request_throughput_rps,5,32,chunk_512,mixed,2000,workload_seed,3.4005987735676775
poisson,1.106040893961561,0.8692462461854541,,piecewise_mix_1,E8,E8-88a73b435bb5,0.9881767974045115,1.056606535088438,iteration_cv,5,32,chunk_512,mixed,2000,workload_seed,0.15377457090474128
poisson,2270.806703708681,1149.6160207330774,,piecewise_mix_1,E8,E8-88a73b435bb5,1646.6197421648176,1629.230840358353,max_wait_ms,5,32,chunk_512,mixed,2000,workload_seed,755.3551746727289
poisson,56.8,6.2,,piecewise_mix_1,E8,E8-88a73b435bb5,29.4,18.0,starvation_proxy_count,5,32,chunk_512,mixed,2000,workload_seed,32.47768464653846
poisson,0.9527909871477609,0.8698385170512003,,piecewise_mix_1,E8,E8-88a73b435bb5,0.9182612356077818,0.928406808858258,waiting_satisfaction_jain,5,32,chunk_512,mixed,2000,workload_seed,0.05555825214545442
poisson,2190.9995545828824,1032.834616405921,,piecewise_mix_1,E8,E8-88a73b435bb5,1540.9646540560875,1472.0483679398196,short_prompt_ttft_p95_ms,5,32,chunk_512,mixed,2000,workload_seed,775.5916336875724
poisson,2235.2659510222056,1069.241185605175,,piecewise_mix_1,E8,E8-88a73b435bb5,1570.155796173924,1445.6631791501777,long_prompt_ttft_p95_ms,5,32,chunk_512,mixed,2000,workload_seed,777.1815986524967
poisson,11.824163359999934,5.968287580000004,,piecewise_mix_1,E8,E8-88a73b435bb5,9.293054419999981,10.062751600000013,primer_max_itl_ms,5,32,chunk_512,mixed,2000,workload_seed,3.6401431895629526
poisson,77.2,52.4,,piecewise_mix_1,E8,E8-88a73b435bb5,64.8,68.0,backlog_at_arrival_end,5,32,chunk_512,mixed,2000,workload_seed,16.452963258939103
poisson,0.9999999999999997,0.9966443215978952,,piecewise_mix_1,E8,E8-88a73b435bb5,0.9988814405326313,0.9999999999999993,server_busy_fraction,5,32,chunk_512,mixed,2000,workload_seed,0.002501175005910947
poisson,0.7406162602595802,0.6159742568759173,,piecewise_mix_1,E8,E8-88a73b435bb5,0.6783964801245235,0.6763400822917353,batch_slot_occupancy,5,32,chunk_512,mixed,2000,workload_seed,0.0800263118839123
poisson,6437.526550611679,5125.606464861471,,piecewise_mix_1,E8,E8-88a73b435bb5,5750.861084535674,5626.0365286681445,ttft_p50_ms,5,32,fcfs,mixed,2000,workload_seed,803.9179158986957
poisson,12066.669275888718,10296.996791254647,,piecewise_mix_1,E8,E8-88a73b435bb5,11209.192140985602,11544.038652522746,ttft_p95_ms,5,32,fcfs,mixed,2000,workload_seed,1127.18759168913
poisson,12428.009657552866,10678.244493772536,,piecewise_mix_1,E8,E8-88a73b435bb5,11636.265591564661,12125.374854602827,ttft_p99_ms,5,32,fcfs,mixed,2000,workload_seed,1123.9317748582305
poisson,0.8308106499999995,0.8277415999999977,,piecewise_mix_1,E8,E8-88a73b435bb5,0.8292761249999986,0.8291127500000056,tpot_p95_ms,5,32,fcfs,mixed,2000,workload_seed,0.001920854458715273
poisson,0.831829874999993,0.8315025649999945,,piecewise_mix_1,E8,E8-88a73b435bb5,0.8316750699999934,0.8317319249999928,tpot_p99_ms,5,32,fcfs,mixed,2000,workload_seed,0.00020721060949460912
poisson,12159.818525056797,10352.576557440301,,piecewise_mix_1,E8,E8-88a73b435bb5,11286.529584194534,11605.523638166178,e2e_p95_ms,5,32,fcfs,mixed,2000,workload_seed,1153.0067001443022
poisson,0.8317119999999705,0.8312204999998836,,piecewise_mix_1,E8,E8-88a73b435bb5,0.8314542499999572,0.8314600000003338,itl_p95_ms,5,32,fcfs,mixed,2000,workload_seed,0.00032971057393934883
poisson,0.8326866799998062,0.8322779999997202,,piecewise_mix_1,E8,E8-88a73b435bb5,0.8324923399997625,0.8326099999994767,itl_p99_ms,5,32,fcfs,mixed,2000,workload_seed,0.0002674198534500556
poisson,8.896154157025824,7.98027260052026,,piecewise_mix_1,E8,E8-88a73b435bb5,8.383835181391543,8.005473459184023,request_throughput_rps,5,32,fcfs,mixed,2000,workload_seed,0.5832042694597466
poisson,1078.4526864091865,1043.4305727943367,,piecewise_mix_1,E8,E8-88a73b435bb5,1062.1026120936838,1063.319949703202,output_token_throughput_tps,5,32,fcfs,mixed,2000,workload_seed,21.761255219073814
poisson,9.3111283972755,7.8991417267287485,,piecewise_mix_1,E8,E8-88a73b435bb5,8.608974333434926,8.602636052715168,observed_request_throughput_rps,5,32,fcfs,mixed,2000,workload_seed,0.901100777076891
poisson,3.000356513546576,2.6119955487872355,,piecewise_mix_1,E8,E8-88a73b435bb5,2.796293944121974,2.7101214842106818,iteration_cv,5,32,fcfs,mixed,2000,workload_seed,0.24631351922532843
poisson,12507.760401494574,10748.622938107439,,piecewise_mix_1,E8,E8-88a73b435bb5,11705.176304944584,12146.647416940355,max_wait_ms,5,32,fcfs,mixed,2000,workload_seed,1125.8228056745897
poisson,116.2,111.6,,piecewise_mix_1,E8,E8-88a73b435bb5,113.8,114.0,starvation_proxy_count,5,32,fcfs,mixed,2000,workload_seed,2.8635642126552705
poisson,0.59848669785891,0.5691313015708551,,piecewise_mix_1,E8,E8-88a73b435bb5,0.5838089997148825,0.5789977861075056,waiting_satisfaction_jain,5,32,fcfs,mixed,2000,workload_seed,0.01864072760842682
poisson,12115.738369298462,10298.638806972062,,piecewise_mix_1,E8,E8-88a73b435bb5,11220.678624654289,11509.564691236958,short_prompt_ttft_p95_ms,5,32,fcfs,mixed,2000,workload_seed,1166.0813232296384
poisson,11777.388026988643,9824.856562276746,,piecewise_mix_1,E8,E8-88a73b435bb5,10801.122294632694,11317.310886828542,long_prompt_ttft_p95_ms,5,32,fcfs,mixed,2000,workload_seed,1258.1405954410193
poisson,0.8164010000000012,0.7915379999999985,,piecewise_mix_1,E8,E8-88a73b435bb5,0.8004950000000001,0.7920299999999969,primer_max_itl_ms,5,32,fcfs,mixed,2000,workload_seed,0.017574215487469153
poisson,99.8,93.4,,piecewise_mix_1,E8,E8-88a73b435bb5,97.2,99.0,backlog_at_arrival_end,5,32,fcfs,mixed,2000,workload_seed,4.207136793592526
poisson,0.9999999999999991,0.9989097335989895,,piecewise_mix_1,E8,E8-88a73b435bb5,0.999636577866329,0.9999999999999981,server_busy_fraction,5,32,fcfs,mixed,2000,workload_seed,0.0008126365954135877
poisson,0.03125,0.03125,,piecewise_mix_1,E8,E8-88a73b435bb5,0.03125,0.03125,batch_slot_occupancy,5,32,fcfs,mixed,2000,workload_seed,0.0
poisson,316.98416291164466,30.69741860093668,,piecewise_mix_1,E8,E8-88a73b435bb5,140.41314432114308,39.708730022656596,ttft_p50_ms,5,32,mono,mixed,2000,workload_seed,192.94068542066583
poisson,847.917294536828,202.2604752863234,,piecewise_mix_1,E8,E8-88a73b435bb5,440.3834254651757,261.85141967419185,ttft_p95_ms,5,32,mono,mixed,2000,workload_seed,450.4988075853731
poisson,913.7118999053748,245.36584987509283,,piecewise_mix_1,E8,E8-88a73b435bb5,490.52705130281174,325.28778107332687,ttft_p99_ms,5,32,mono,mixed,2000,workload_seed,463.4775337022168
poisson,15.311076787451489,10.594198241365405,,piecewise_mix_1,E8,E8-88a73b435bb5,12.982330278392473,13.384198317410672,tpot_p95_ms,5,32,mono,mixed,2000,workload_seed,2.9998794059788727
poisson,26.33110886374174,17.99691635081341,,piecewise_mix_1,E8,E8-88a73b435bb5,22.652254934795746,24.98479033151296,tpot_p99_ms,5,32,mono,mixed,2000,workload_seed,5.29478910582019
poisson,2553.8649513847636,1449.037527946371,,piecewise_mix_1,E8,E8-88a73b435bb5,1963.791161502883,1791.6217185366247,e2e_p95_ms,5,32,mono,mixed,2000,workload_seed,717.9696607801504
poisson,26.839458439999998,11.20085310000004,,piecewise_mix_1,E8,E8-88a73b435bb5,18.10557084000002,13.075261500000124,itl_p95_ms,5,32,mono,mixed,2000,workload_seed,10.067873060198947
poisson,87.37126458000004,53.02458567999997,,piecewise_mix_1,E8,E8-88a73b435bb5,69.64689440000001,70.38231530000007,itl_p99_ms,5,32,mono,mixed,2000,workload_seed,22.24555314779952
poisson,29.453030620489574,27.394495482824617,,piecewise_mix_1,E8,E8-88a73b435bb5,28.691312192356424,29.224827751349352,request_throughput_rps,5,32,mono,mixed,2000,workload_seed,1.4172752082480413
poisson,3897.3419710530025,3400.987190144944,,piecewise_mix_1,E8,E8-88a73b435bb5,3648.1040756917196,3553.7847183574427,output_token_throughput_tps,5,32,mono,mixed,2000,workload_seed,316.0202326497972
poisson,27.24294622180746,22.07762788551366,,piecewise_mix_1,E8,E8-88a73b435bb5,24.95921346241949,25.69518525444249,observed_request_throughput_rps,5,32,mono,mixed,2000,workload_seed,3.2038917176598836
poisson,3.013214282737521,2.5824615686903716,,piecewise_mix_1,E8,E8-88a73b435bb5,2.7980269835991365,2.8214655025603372,iteration_cv,5,32,mono,mixed,2000,workload_seed,0.28122410949129406
poisson,908.8651476870862,233.6622156820894,,piecewise_mix_1,E8,E8-88a73b435bb5,489.02350316113495,328.2239510580662,max_wait_ms,5,32,mono,mixed,2000,workload_seed,460.1683760626233
poisson,18.6,0.0,,piecewise_mix_1,E8,E8-88a73b435bb5,6.2,0.0,starvation_proxy_count,5,32,mono,mixed,2000,workload_seed,13.863621460498695
poisson,0.997106179563701,0.9523980621910857,,piecewise_mix_1,E8,E8-88a73b435bb5,0.981418211846575,0.9957959488863546,waiting_satisfaction_jain,5,32,mono,mixed,2000,workload_seed,0.03236768369658467
poisson,782.8890269159238,171.4087550042359,,piecewise_mix_1,E8,E8-88a73b435bb5,405.15993852495734,228.58841903430334,short_prompt_ttft_p95_ms,5,32,mono,mixed,2000,workload_seed,425.5675901004293
poisson,885.4688513995613,214.1484808900463,,piecewise_mix_1,E8,E8-88a73b435bb5,459.0392959303188,295.9890378097087,long_prompt_ttft_p95_ms,5,32,mono,mixed,2000,workload_seed,475.56247249664295
poisson,68.15610676,12.337579766000006,,piecewise_mix_1,E8,E8-88a73b435bb5,37.59686456,24.801940099999996,primer_max_itl_ms,5,32,mono,mixed,2000,workload_seed,36.26575337545057
poisson,52.6,26.4,,piecewise_mix_1,E8,E8-88a73b435bb5,38.2,38.0,backlog_at_arrival_end,5,32,mono,mixed,2000,workload_seed,16.798809481626964
poisson,1.0,0.9960282733399646,,piecewise_mix_1,E8,E8-88a73b435bb5,0.9986760911133213,1.0,server_busy_fraction,5,32,mono,mixed,2000,workload_seed,0.0029603502666290275
poisson,0.7038796725491097,0.431791733151496,,piecewise_mix_1,E8,E8-88a73b435bb5,0.5678357028503028,0.5455354281366723,batch_slot_occupancy,5,32,mono,mixed,2000,workload_seed,0.1790835820965696
poisson,264.7738907822333,16.190666251064943,,a_p0.5_d0.5,E8,E8-9d2be512b798,105.39641384656572,19.213498232544424,ttft_p50_ms,5,32,chunk_512,mixed,2000,workload_seed,175.54539033511404
poisson,692.9800084456841,155.22154281569118,,a_p0.5_d0.5,E8,E8-9d2be512b798,348.5930892485377,204.13582843258814,ttft_p95_ms,5,32,chunk_512,mixed,2000,workload_seed,378.61143382896313
poisson,769.0139593680485,192.13987282829723,,a_p0.5_d0.5,E8,E8-9d2be512b798,405.1699982791721,252.34429525581317,ttft_p99_ms,5,32,chunk_512,mixed,2000,workload_seed,403.4079302291369
poisson,7.178021712468296,4.570557550343533,,a_p0.5_d0.5,E8,E8-9d2be512b798,5.874289631405914,5.259358333333362,tpot_p95_ms,5,32,chunk_512,mixed,2000,workload_seed,1.7249549918436902
poisson,7.77259236750095,5.472110135664383,,a_p0.5_d0.5,E8,E8-9d2be512b798,6.592639826203552,5.657685349206452,tpot_p99_ms,5,32,chunk_512,mixed,2000,workload_seed,1.5124241249591188
poisson,1911.798915890267,783.907852848133,,a_p0.5_d0.5,E8,E8-9d2be512b798,1342.9380846103215,852.37663989207,e2e_p95_ms,5,32,chunk_512,mixed,2000,workload_seed,751.923997049108
poisson,8.50590000000011,5.79600000000014,,a_p0.5_d0.5,E8,E8-9d2be512b798,7.148300000000063,6.2439999999999145,itl_p95_ms,5,32,chunk_512,mixed,2000,workload_seed,1.7764895017983664
poisson,8.946399999999949,6.636454999999935,,a_p0.5_d0.5,E8,E8-9d2be512b798,7.7712999999999735,6.851999999999862,itl_p99_ms,5,32,chunk_512,mixed,2000,workload_seed,1.5509337751819308
poisson,31.578582264718534,29.113171377153456,,a_p0.5_d0.5,E8,E8-9d2be512b798,30.503491293455305,30.879580497257624,request_throughput_rps,5,32,chunk_512,mixed,2000,workload_seed,1.6124092947685074
poisson,4134.954422549428,3628.703199899877,,a_p0.5_d0.5,E8,E8-9d2be512b798,3877.9212736035306,3861.069702595814,output_token_throughput_tps,5,32,chunk_512,mixed,2000,workload_seed,335.12505057255066
poisson,30.039891866297506,25.245847888352944,,a_p0.5_d0.5,E8,E8-9d2be512b798,27.935881718860543,28.21004068820701,observed_request_throughput_rps,5,32,chunk_512,mixed,2000,workload_seed,3.176916841241079
poisson,1.4578216705783316,1.064286601069439,,a_p0.5_d0.5,E8,E8-9d2be512b798,1.2496105187430335,1.243085138354117,iteration_cv,5,32,chunk_512,mixed,2000,workload_seed,0.2640349947763526
poisson,753.7552739756277,176.83476627180963,,a_p0.5_d0.5,E8,E8-9d2be512b798,394.57598645350254,246.4066466985878,max_wait_ms,5,32,chunk_512,mixed,2000,workload_seed,398.68160917246803
poisson,4.2,0.0,,a_p0.5_d0.5,E8,E8-9d2be512b798,1.4,0.0,starvation_proxy_count,5,32,chunk_512,mixed,2000,workload_seed,3.1304951684997055
poisson,0.9982130681754434,0.9648359255488199,,a_p0.5_d0.5,E8,E8-9d2be512b798,0.9867629830059211,0.9972658008481998,waiting_satisfaction_jain,5,32,chunk_512,mixed,2000,workload_seed,0.024356444476164113
poisson,641.1716736083497,120.18401544308385,,a_p0.5_d0.5,E8,E8-9d2be512b798,312.78433057549097,180.86606620802183,short_prompt_ttft_p95_ms,5,32,chunk_512,mixed,2000,workload_seed,358.74804409835144
poisson,748.2936551966817,179.27613742054785,,a_p0.5_d0.5,E8,E8-9d2be512b798,381.89205815537645,204.03827257285226,long_prompt_ttft_p95_ms,5,32,chunk_512,mixed,2000,workload_seed,410.2660080292486
poisson,5.007900000000012,0.6921000000000008,,a_p0.5_d0.5,E8,E8-9d2be512b798,2.8302000000000063,2.0205,primer_max_itl_ms,5,32,chunk_512,mixed,2000,workload_seed,2.7641272944638504
poisson,41.4,16.0,,a_p0.5_d0.5,E8,E8-9d2be512b798,27.6,22.0,backlog_at_arrival_end,5,32,chunk_512,mixed,2000,workload_seed,17.03819239238717
poisson,0.9914757204872993,0.9357997932601496,,a_p0.5_d0.5,E8,E8-9d2be512b798,0.9685328369878219,0.9845900795534107,server_busy_fraction,5,32,chunk_512,mixed,2000,workload_seed,0.0379995147878539
poisson,0.5066197291909141,0.22723110745261765,,a_p0.5_d0.5,E8,E8-9d2be512b798,0.3659751966288057,0.26367393280583035,batch_slot_occupancy,5,32,chunk_512,mixed,2000,workload_seed,0.18655120072052145
poisson,1124.3122652142786,530.6499121080866,,a_p0.5_d0.5,E8,E8-9d2be512b798,814.2070921040021,838.2294315423735,ttft_p50_ms,5,32,fcfs,mixed,2000,workload_seed,387.8111932830242
poisson,2129.8015620782126,1245.3871411049854,,a_p0.5_d0.5,E8,E8-9d2be512b798,1631.7644937832679,1429.6550840082225,ttft_p95_ms,5,32,fcfs,mixed,2000,workload_seed,565.225959510847
poisson,2173.4357770760057,1306.2257119360208,,a_p0.5_d0.5,E8,E8-9d2be512b798,1701.138384638136,1589.2370611594365,ttft_p99_ms,5,32,fcfs,mixed,2000,workload_seed,558.1337420654295
poisson,0.21150000000034197,0.21150000000034197,,a_p0.5_d0.5,E8,E8-9d2be512b798,0.21150000000034197,0.21150000000034197,tpot_p95_ms,5,32,fcfs,mixed,2000,workload_seed,0.0
poisson,0.21150000000034197,0.21150000000034197,,a_p0.5_d0.5,E8,E8-9d2be512b798,0.21150000000034197,0.21150000000034197,tpot_p99_ms,5,32,fcfs,mixed,2000,workload_seed,0.0
poisson,2157.345878479126,1275.2862206060593,,a_p0.5_d0.5,E8,E8-9d2be512b798,1660.175199695505,1456.7051469871672,e2e_p95_ms,5,32,fcfs,mixed,2000,workload_seed,565.7719196935617
poisson,0.21150000000034197,0.21150000000034197,,a_p0.5_d0.5,E8,E8-9d2be512b798,0.21150000000034197,0.21150000000034197,itl_p95_ms,5,32,fcfs,mixed,2000,workload_seed,0.0
poisson,0.21150000000034197,0.21150000000034197,,a_p0.5_d0.5,E8,E8-9d2be512b798,0.21150000000034197,0.21150000000034197,itl_p99_ms,5,32,fcfs,mixed,2000,workload_seed,0.0
poisson,25.870505402712997,23.47534099452026,,a_p0.5_d0.5,E8,E8-9d2be512b798,24.647397486881385,24.486912720160113,request_throughput_rps,5,32,fcfs,mixed,2000,workload_seed,1.5326067892831046
poisson,3262.6432336431744,3008.931485193025,,a_p0.5_d0.5,E8,E8-9d2be512b798,3126.2441129024046,3082.3080774268574,output_token_throughput_tps,5,32,fcfs,mixed,2000,workload_seed,159.4563030078912
poisson,26.57700977128169,22.961028202537808,,a_p0.5_d0.5,E8,E8-9d2be512b798,24.728734335465372,24.517348324218396,observed_request_throughput_rps,5,32,fcfs,mixed,2000,workload_seed,2.2934153551134373
poisson,7.113503430746515,6.4337956043377655,,a_p0.5_d0.5,E8,E8-9d2be512b798,6.77364951754214,6.619739060790458,iteration_cv,5,32,fcfs,mixed,2000,workload_seed,0.4379900363173212
poisson,2189.153994750305,1312.6631202114763,,a_p0.5_d0.5,E8,E8-9d2be512b798,1713.8174453120096,1614.8201881864816,max_wait_ms,5,32,fcfs,mixed,2000,workload_seed,563.38359976963
poisson,62.2,18.6,,a_p0.5_d0.5,E8,E8-9d2be512b798,40.4,43.0,starvation_proxy_count,5,32,fcfs,mixed,2000,workload_seed,28.5184151032276
poisson,0.9487745013489874,0.8861353190842909,,a_p0.5_d0.5,E8,E8-9d2be512b798,0.9196543818815028,0.92527363779158,waiting_satisfaction_jain,5,32,fcfs,mixed,2000,workload_seed,0.04018608762066516
poisson,2109.780923422116,1210.6953922843682,,a_p0.5_d0.5,E8,E8-9d2be512b798,1607.21691467945,1415.6724662075853,short_prompt_ttft_p95_ms,5,32,fcfs,mixed,2000,workload_seed,581.2843877459031
poisson,2096.133694172655,1146.730148255458,,a_p0.5_d0.5,E8,E8-9d2be512b798,1575.5459606696504,1354.3518769420339,long_prompt_ttft_p95_ms,5,32,fcfs,mixed,2000,workload_seed,595.7621074663687
poisson,0.2115000000000009,0.21150000000000038,,a_p0.5_d0.5,E8,E8-9d2be512b798,0.21150000000000074,0.2115000000000009,primer_max_itl_ms,5,32,fcfs,mixed,2000,workload_seed,3.9720546451956367e-16
poisson,50.2,29.2,,a_p0.5_d0.5,E8,E8-9d2be512b798,39.2,38.0,backlog_at_arrival_end,5,32,fcfs,mixed,2000,workload_seed,13.682105101189656
poisson,0.9975752266960299,0.9750321098268943,,a_p0.5_d0.5,E8,E8-9d2be512b798,0.9874215506657388,0.9936271704505756,server_busy_fraction,5,32,fcfs,mixed,2000,workload_seed,0.014583028038883446
poisson,0.03125,0.03125,,a_p0.5_d0.5,E8,E8-9d2be512b798,0.03125,0.03125,batch_slot_occupancy,5,32,fcfs,mixed,2000,workload_seed,0.0
poisson,159.46473834363732,13.692137550573012,,a_p0.5_d0.5,E8,E8-9d2be512b798,65.71084127303376,17.609616727420303,ttft_p50_ms,5,32,mono,mixed,2000,workload_seed,104.40464136466245
poisson,661.1979482287213,113.27477126031556,,a_p0.5_d0.5,E8,E8-9d2be512b798,307.39644644495695,132.20414141976937,ttft_p95_ms,5,32,mono,mixed,2000,workload_seed,395.2156244633309
poisson,736.7462398705974,156.85632417517252,,a_p0.5_d0.5,E8,E8-9d2be512b798,367.593803439594,223.61893516983235,ttft_p99_ms,5,32,mono,mixed,2000,workload_seed,412.6602475491603
poisson,11.70165900744524,6.193883753442927,,a_p0.5_d0.5,E8,E8-9d2be512b798,8.75899908162301,9.085276245847153,tpot_p95_ms,5,32,mono,mixed,2000,workload_seed,3.6526044848068406
poisson,19.62281905962353,9.576533978539485,,a_p0.5_d0.5,E8,E8-9d2be512b798,14.620449798188542,12.424181363636421,tpot_p99_ms,5,32,mono,mixed,2000,workload_seed,6.555548064342279
poisson,2219.4896252706126,841.4881163197199,,a_p0.5_d0.5,E8,E8-9d2be512b798,1487.0776747408836,894.5689203534517,e2e_p95_ms,5,32,mono,mixed,2000,workload_seed,888.9114250263245
poisson,17.114700000000084,3.0438000000000103,,a_p0.5_d0.5,E8,E8-9d2be512b798,9.034000000000015,3.787499999999909,itl_p95_ms,5,32,mono,mixed,2000,workload_seed,9.021020854094157
poisson,61.89439999999995,28.238700000000062,,a_p0.5_d0.5,E8,E8-9d2be512b798,43.94970000000003,40.35600000000022,itl_p99_ms,5,32,mono,mixed,2000,workload_seed,22.141235962565382
poisson,31.52913499103791,28.70731970087574,,a_p0.5_d0.5,E8,E8-9d2be512b798,30.318334514393523,30.834925232853152,request_throughput_rps,5,32,mono,mixed,2000,workload_seed,1.8428112747641459
poisson,4120.877499108273,3594.1617968394253,,a_p0.5_d0.5,E8,E8-9d2be512b798,3854.048328938722,3853.306247798877,output_token_throughput_tps,5,32,mono,mixed,2000,workload_seed,349.31075627857155
poisson,29.50220241459581,24.372312555485166,,a_p0.5_d0.5,E8,E8-9d2be512b798,27.349049781698398,28.21004068820701,observed_request_throughput_rps,5,32,mono,mixed,2000,workload_seed,3.3537173831749034
poisson,4.190450169842992,2.808619369413273,,a_p0.5_d0.5,E8,E8-9d2be512b798,3.499534769628133,3.5656646696933807,iteration_cv,5,32,mono,mixed,2000,workload_seed,0.9004731216624575
poisson,728.3011709146056,140.7122157401851,,a_p0.5_d0.5,E8,E8-9d2be512b798,358.0865502731119,223.54867935725542,max_wait_ms,5,32,mono,mixed,2000,workload_seed,412.47789761736874
poisson,3.6,0.0,,a_p0.5_d0.5,E8,E8-9d2be512b798,1.2,0.0,starvation_proxy_count,5,32,mono,mixed,2000,workload_seed,2.6832815729997477
poisson,0.9989534099226182,0.9653697656359188,,a_p0.5_d0.5,E8,E8-9d2be512b798,0.9875123153956489,0.9985133914745857,waiting_satisfaction_jain,5,32,mono,mixed,2000,workload_seed,0.02473230048729009
poisson,612.7090764260602,82.88468472140214,,a_p0.5_d0.5,E8,E8-9d2be512b798,280.22877487121383,117.63309451997176,short_prompt_ttft_p95_ms,5,32,mono,mixed,2000,workload_seed,369.3939746144516
poisson,715.462397763868,143.15670948941613,,a_p0.5_d0.5,E8,E8-9d2be512b798,343.25725118824704,157.95896119507674,long_prompt_ttft_p95_ms,5,32,mono,mixed,2000,workload_seed,412.77517490312863
poisson,54.033899999999996,0.6921000000000008,,a_p0.5_d0.5,E8,E8-9d2be512b798,24.811699999999995,2.0205,primer_max_itl_ms,5,32,mono,mixed,2000,workload_seed,34.13114867976171
poisson,45.0,17.0,,a_p0.5_d0.5,E8,E8-9d2be512b798,29.6,27.0,backlog_at_arrival_end,5,32,mono,mixed,2000,workload_seed,18.04993074778959
poisson,0.991471341767936,0.9348319365041217,,a_p0.5_d0.5,E8,E8-9d2be512b798,0.9682057498142408,0.9845465814378288,server_busy_fraction,5,32,mono,mixed,2000,workload_seed,0.03868745553424932
poisson,0.6053454387685424,0.2517196249585071,,a_p0.5_d0.5,E8,E8-9d2be512b798,0.4190040381543409,0.2929583871712266,batch_slot_occupancy,5,32,mono,mixed,2000,workload_seed,0.2298251987194385
poisson,1912.5318063922155,804.5768149632613,,trace_demo,E8,E8-ae430d1a251a,1321.7309856573468,1144.5468942377083,ttft_p50_ms,5,32,chunk_512,mixed,2000,workload_seed,715.1327321453673
poisson,4177.476652285373,2870.388121155808,,trace_demo,E8,E8-ae430d1a251a,3451.5756343223015,3172.18404214127,ttft_p95_ms,5,32,chunk_512,mixed,2000,workload_seed,862.6948237079645
poisson,4316.622422351546,2978.420200705667,,trace_demo,E8,E8-ae430d1a251a,3587.336325662642,3456.3459371339586,ttft_p99_ms,5,32,chunk_512,mixed,2000,workload_seed,872.3989535475062
poisson,17.007264215276237,16.589400024120476,,trace_demo,E8,E8-ae430d1a251a,16.799144657839832,16.81364666666669,tpot_p95_ms,5,32,chunk_512,mixed,2000,workload_seed,0.26870295680315337
poisson,17.87425011904761,17.467291882783933,,trace_demo,E8,E8-ae430d1a251a,17.670207254763785,17.58971629629642,tpot_p99_ms,5,32,chunk_512,mixed,2000,workload_seed,0.265554675465971
poisson,6396.3721775253925,5019.905504581379,,trace_demo,E8,E8-ae430d1a251a,5708.1388410533855,5946.112971986661,e2e_p95_ms,5,32,chunk_512,mixed,2000,workload_seed,873.3054738711274
poisson,18.918399999999973,18.48160000000007,,trace_demo,E8,E8-ae430d1a251a,18.699999999999953,18.699999999999818,itl_p95_ms,5,32,chunk_512,mixed,2000,workload_seed,0.25738686835184604
poisson,19.064000000000306,19.064000000000032,,trace_demo,E8,E8-ae430d1a251a,19.064000000000213,19.064000000000306,itl_p99_ms,5,32,chunk_512,mixed,2000,workload_seed,2.033691978340166e-13
poisson,16.543581478762125,14.584712196390075,,trace_demo,E8,E8-ae430d1a251a,15.52246274339873,15.450791943618986,request_throughput_rps,5,32,chunk_512,mixed,2000,workload_seed,1.2505184571369876
poisson,2052.7770327067915,1870.553089107158,,trace_demo,E8,E8-ae430d1a251a,1967.226504998851,1984.281307043027,output_token_throughput_tps,5,32,chunk_512,mixed,2000,workload_seed,109.14382257695675
poisson,14.115700086328602,10.7572517278765,,trace_demo,E8,E8-ae430d1a251a,12.3539940884795,11.713431016278774,observed_request_throughput_rps,5,32,chunk_512,mixed,2000,workload_seed,2.281533109751674
poisson,1.1729182122596216,0.7949731910111215,,trace_demo,E8,E8-ae430d1a251a,0.9839457016353717,1.0433357081617094,iteration_cv,5,32,chunk_512,mixed,2000,workload_seed,0.2400746546675865
poisson,4319.224135413186,2979.5983255629462,,trace_demo,E8,E8-ae430d1a251a,3596.1558658407353,3450.7319332583575,max_wait_ms,5,32,chunk_512,mixed,2000,workload_seed,863.4812490774866
poisson,81.8,53.4,,trace_demo,E8,E8-ae430d1a251a,69.4,71.0,starvation_proxy_count,5,32,chunk_512,mixed,2000,workload_seed,19.256167843057455
poisson,0.8495571875858843,0.7672834922538371,,trace_demo,E8,E8-ae430d1a251a,0.8109295663957719,0.8158310531894041,waiting_satisfaction_jain,5,32,chunk_512,mixed,2000,workload_seed,0.052652386037868384
poisson,4186.269270743605,2822.513073127685,,trace_demo,E8,E8-ae430d1a251a,3441.8598180634262,3172.3654112798217,short_prompt_ttft_p95_ms,5,32,chunk_512,mixed,2000,workload_seed,886.849989373166
poisson,4108.433391320986,2820.0578328966903,,trace_demo,E8,E8-ae430d1a251a,3394.5248060950753,3096.2805373501787,long_prompt_ttft_p95_ms,5,32,chunk_512,mixed,2000,workload_seed,865.3592758131815
poisson,14.429000000000048,2.5336,,trace_demo,E8,E8-ae430d1a251a,7.696000000000015,4.140000000000001,primer_max_itl_ms,5,32,chunk_512,mixed,2000,workload_seed,7.438641845122028
poisson,91.40999999999995,75.0,,trace_demo,E8,E8-ae430d1a251a,83.4,87.0,backlog_at_arrival_end,5,32,chunk_512,mixed,2000,workload_seed,11.193748255164577
poisson,0.999999999999998,0.9960184647169908,,trace_demo,E8,E8-ae430d1a251a,0.9986728215723277,0.9999999999999939,server_busy_fraction,5,32,chunk_512,mixed,2000,workload_seed,0.002967661182538045
poisson,0.7802998538643954,0.6950976724568607,,trace_demo,E8,E8-ae430d1a251a,0.7357969342413997,0.7131973249124045,batch_slot_occupancy,5,32,chunk_512,mixed,2000,workload_seed,0.05485717085064588
poisson,3046.018673136855,2027.240657166388,,trace_demo,E8,E8-ae430d1a251a,2507.180835428633,2569.2866372250264,ttft_p50_ms,5,32,fcfs,mixed,2000,workload_seed,669.9576446132705
poisson,5694.96542390579,4292.138620915725,,trace_demo,E8,E8-ae430d1a251a,4922.833278576923,4600.408826153783,ttft_p95_ms,5,32,fcfs,mixed,2000,workload_seed,909.0234420333542
poisson,5836.110618138625,4457.156147281574,,trace_demo,E8,E8-ae430d1a251a,5092.1885027638045,4905.3027917743275,ttft_p99_ms,5,32,fcfs,mixed,2000,workload_seed,887.8266852414584
poisson,0.32300000000032014,0.32300000000032014,,trace_demo,E8,E8-ae430d1a251a,0.32300000000032014,0.32300000000032014,tpot_p95_ms,5,32,fcfs,mixed,2000,workload_seed,0.0
poisson,0.32300000000032014,0.32300000000032014,,trace_demo,E8,E8-ae430d1a251a,0.32300000000032014,0.32300000000032014,tpot_p99_ms,5,32,fcfs,mixed,2000,workload_seed,0.0
poisson,5723.178364299992,4343.4648943759275,,trace_demo,E8,E8-ae430d1a251a,4964.896089239203,4647.425167658366,e2e_p95_ms,5,32,fcfs,mixed,2000,workload_seed,898.0398198933922
poisson,0.32300000000032014,0.32300000000032014,,trace_demo,E8,E8-ae430d1a251a,0.32300000000032014,0.32300000000032014,itl_p95_ms,5,32,fcfs,mixed,2000,workload_seed,0.0
poisson,0.32300000000032014,0.32300000000032014,,trace_demo,E8,E8-ae430d1a251a,0.32300000000032014,0.32300000000032014,itl_p99_ms,5,32,fcfs,mixed,2000,workload_seed,0.0
poisson,15.71454992942321,13.912873726781829,,trace_demo,E8,E8-ae430d1a251a,14.824144427043692,14.815433839302772,request_throughput_rps,5,32,fcfs,mixed,2000,workload_seed,1.1531026937445583
poisson,1962.7150231956641,1784.0881774334134,,trace_demo,E8,E8-ae430d1a251a,1879.3190571437146,1889.9831674029601,output_token_throughput_tps,5,32,fcfs,mixed,2000,workload_seed,110.56897068396263
poisson,16.771411860826415,13.940483713152698,,trace_demo,E8,E8-ae430d1a251a,15.263777470047742,14.891527817915533,observed_request_throughput_rps,5,32,fcfs,mixed,2000,workload_seed,1.8472699843147997
poisson,8.399616243896958,7.6899458246928205,,trace_demo,E8,E8-ae430d1a251a,8.044781034294889,7.887456260960454,iteration_cv,5,32,fcfs,mixed,2000,workload_seed,0.45349515012451536
poisson,5844.720042360864,4476.0600529355925,,trace_demo,E8,E8-ae430d1a251a,5104.859410347233,4939.838933260389,max_wait_ms,5,32,fcfs,mixed,2000,workload_seed,880.7429269418672
poisson,106.2,91.6,,trace_demo,E8,E8-ae430d1a251a,99.0,99.0,starvation_proxy_count,5,32,fcfs,mixed,2000,workload_seed,9.513148795220223
poisson,0.7768281977774492,0.7289534863371446,,trace_demo,E8,E8-ae430d1a251a,0.754015456446982,0.7574125243225719,waiting_satisfaction_jain,5,32,fcfs,mixed,2000,workload_seed,0.032583861911801376
poisson,5699.54603074632,4282.554122032604,,trace_demo,E8,E8-ae430d1a251a,4915.511373991262,4545.009443279309,short_prompt_ttft_p95_ms,5,32,fcfs,mixed,2000,workload_seed,917.1613404539559
poisson,5551.907359403203,4103.543070059343,,trace_demo,E8,E8-ae430d1a251a,4774.047452375338,4508.595493341992,long_prompt_ttft_p95_ms,5,32,fcfs,mixed,2000,workload_seed,913.6412597909491
poisson,0.3230000000000047,0.3230000000000004,,trace_demo,E8,E8-ae430d1a251a,0.32300000000000184,0.3230000000000004,primer_max_itl_ms,5,32,fcfs,mixed,2000,workload_seed,3.1776437161565094e-15
poisson,80.2,66.2,,trace_demo,E8,E8-ae430d1a251a,73.2,73.0,backlog_at_arrival_end,5,32,fcfs,mixed,2000,workload_seed,9.444575162494075
poisson,0.9999999999997261,0.9962136472251215,,trace_demo,E8,E8-ae430d1a251a,0.9987378824081772,0.9999999999996871,server_busy_fraction,5,32,fcfs,mixed,2000,workload_seed,0.0028221807302514458
poisson,0.03125,0.03125,,trace_demo,E8,E8-ae430d1a251a,0.03125,0.03125,batch_slot_occupancy,5,32,fcfs,mixed,2000,workload_seed,0.0
poisson,1852.197765507962,772.3512980013671,,trace_demo,E8,E8-ae430d1a251a,1286.8137292731367,1249.5845243902872,ttft_p50_ms,5,32,mono,mixed,2000,workload_seed,715.4708874644227
poisson,4213.231129674493,2754.4712485850737,,trace_demo,E8,E8-ae430d1a251a,3400.2846339976777,3130.4148420593738,ttft_p95_ms,5,32,mono,mixed,2000,workload_seed,937.0840989147504
poisson,4300.10382823102,2884.6365135071273,,trace_demo,E8,E8-ae430d1a251a,3546.241304119428,3472.5292846272077,ttft_p99_ms,5,32,mono,mixed,2000,workload_seed,910.4335323071543
poisson,27.4408474468297,23.104140167055327,,trace_demo,E8,E8-ae430d1a251a,25.16447834280499,25.2928060185185,tpot_p95_ms,5,32,mono,mixed,2000,workload_seed,2.9048460064772126
poisson,37.31278695147073,27.49260976038219,,trace_demo,E8,E8-ae430d1a251a,32.32846088195082,32.08871687500002,tpot_p99_ms,5,32,mono,mixed,2000,workload_seed,6.245997414497813
poisson,6646.594186686259,5313.067828604346,,trace_demo,E8,E8-ae430d1a251a,5979.831007645303,6036.405322709554,e2e_p95_ms,5,32,mono,mixed,2000,workload_seed,844.3518304413918
poisson,51.957200000000014,34.25599999999995,,trace_demo,E8,E8-ae430d1a251a,42.10039999999999,38.072000000000116,itl_p95_ms,5,32,mono,mixed,2000,workload_seed,11.401649564865632
poisson,156.62120000000013,141.9596,,trace_demo,E8,E8-ae430d1a251a,150.4512000000001,154.6180000000004,itl_p99_ms,5,32,mono,mixed,2000,workload_seed,9.511294191644039
poisson,16.29711080686231,14.356049388909454,,trace_demo,E8,E8-ae430d1a251a,15.31965915332265,15.311779531428288,request_throughput_rps,5,32,mono,mixed,2000,workload_seed,1.2354543179765538
poisson,2030.3861912707234,1840.7266929514994,,trace_demo,E8,E8-ae430d1a251a,1941.8119826185052,1959.1062939227284,output_token_throughput_tps,5,32,mono,mixed,2000,workload_seed,114.59943972658745
poisson,13.451291125800868,9.269542195557184,,trace_demo,E8,E8-ae430d1a251a,11.327755664847222,10.856350698014474,observed_request_throughput_rps,5,32,mono,mixed,2000,workload_seed,2.6930488091135625
poisson,2.6134377078864306,2.010606838195939,,trace_demo,E8,E8-ae430d1a251a,2.3048901233841947,2.221193746592296,iteration_cv,5,32,mono,mixed,2000,workload_seed,0.3935683654366377
poisson,4299.52771409893,2916.7815344916803,,trace_demo,E8,E8-ae430d1a251a,3563.4938799671568,3532.550614279152,max_wait_ms,5,32,mono,mixed,2000,workload_seed,895.6902538587567
poisson,78.4,52.0,,trace_demo,E8,E8-ae430d1a251a,66.8,70.0,starvation_proxy_count,5,32,mono,mixed,2000,workload_seed,17.8801565988668
poisson,0.8440171126227718,0.7569644995211728,,trace_demo,E8,E8-ae430d1a251a,0.8028604304595447,0.8084782638790644,waiting_satisfaction_jain,5,32,mono,mixed,2000,workload_seed,0.05615428811751682
poisson,4208.000898005345,2731.3873131277182,,trace_demo,E8,E8-ae430d1a251a,3395.7726346507034,3112.9550112798574,short_prompt_ttft_p95_ms,5,32,mono,mixed,2000,workload_seed,937.8657227738372
poisson,4069.4949911256967,2658.328890474988,,trace_demo,E8,E8-ae430d1a251a,3271.2345871091907,2924.9017373502084,long_prompt_ttft_p95_ms,5,32,mono,mixed,2000,workload_seed,905.6361245307264
poisson,114.04880000000006,2.5336,,trace_demo,E8,E8-ae430d1a251a,52.01980000000002,4.140000000000001,primer_max_itl_ms,5,32,mono,mixed,2000,workload_seed,70.98712338656924
poisson,96.0,77.8,,trace_demo,E8,E8-ae430d1a251a,87.0,90.0,backlog_at_arrival_end,5,32,mono,mixed,2000,workload_seed,12.328828005937952
poisson,0.9999999999999941,0.9960751673984486,,trace_demo,E8,E8-ae430d1a251a,0.9986917224661445,0.9999999999999902,server_busy_fraction,5,32,mono,mixed,2000,workload_seed,0.0029253974991200493
poisson,0.860372222476262,0.8121066678233081,,trace_demo,E8,E8-ae430d1a251a,0.8365639313780632,0.8447377144501451,batch_slot_occupancy,5,32,mono,mixed,2000,workload_seed,0.03223050063113309
poisson,718.6991560560907,156.4817843543629,,piecewise_mix_0,E8,E8-bf581af613e8,385.7394492813582,249.31065335929588,ttft_p50_ms,5,32,chunk_512,mixed,2000,workload_seed,377.9514054386722
poisson,1365.197870160516,479.74370449435185,,piecewise_mix_0,E8,E8-bf581af613e8,830.1445834933174,644.7531087347719,ttft_p95_ms,5,32,chunk_512,mixed,2000,workload_seed,582.5868639024179
poisson,1429.409034465943,543.8751094672089,,piecewise_mix_0,E8,E8-bf581af613e8,887.618459397364,712.4753584974226,ttft_p99_ms,5,32,chunk_512,mixed,2000,workload_seed,591.4002585983942
poisson,9.31870323728916,8.805660469720477,,piecewise_mix_0,E8,E8-bf581af613e8,9.06218185350482,9.045707796891028,tpot_p95_ms,5,32,chunk_512,mixed,2000,workload_seed,0.3234518140479508
poisson,9.793990738788601,9.46693972033247,,piecewise_mix_0,E8,E8-bf581af613e8,9.620951532362007,9.541682221950147,tpot_p99_ms,5,32,chunk_512,mixed,2000,workload_seed,0.2110767257304128
poisson,2861.2299862827576,1933.3545507717222,,piecewise_mix_0,E8,E8-bf581af613e8,2376.622228437332,2343.9662894366234,e2e_p95_ms,5,32,chunk_512,mixed,2000,workload_seed,586.5821563562303
poisson,10.022791040000083,9.852576640000098,,piecewise_mix_0,E8,E8-bf581af613e8,9.94360512000012,9.97284800000034,itl_p95_ms,5,32,chunk_512,mixed,2000,workload_seed,0.11678611936368818
poisson,10.09743424000003,9.960191359999953,,piecewise_mix_0,E8,E8-bf581af613e8,10.039919999999984,10.056348800000023,itl_p99_ms,5,32,chunk_512,mixed,2000,workload_seed,0.09497042452643444
poisson,27.401519527885835,24.855173134150572,,piecewise_mix_0,E8,E8-bf581af613e8,26.435591815659613,27.275401842196516,request_throughput_rps,5,32,chunk_512,mixed,2000,workload_seed,1.7488641715865314
poisson,3621.598901029266,3101.7948946810957,,piecewise_mix_0,E8,E8-bf581af613e8,3361.6968978551813,3243.9840664271123,output_token_throughput_tps,5,32,chunk_512,mixed,2000,workload_seed,334.6830881491249
poisson,24.662884034518655,18.98355646504722,,piecewise_mix_0,E8,E8-bf581af613e8,22.525791881695657,23.712555471978984,observed_request_throughput_rps,5,32,chunk_512,mixed,2000,workload_seed,3.892176681032227
poisson,1.0660438533187517,0.8275122294954504,,piecewise_mix_0,E8,E8-bf581af613e8,0.9489476570268314,0.9993106825742835,iteration_cv,5,32,chunk_512,mixed,2000,workload_seed,0.1531933699799918
poisson,1417.4892628966477,536.8497323912289,,piecewise_mix_0,E8,E8-bf581af613e8,879.3892139121508,708.0074521233173,max_wait_ms,5,32,chunk_512,mixed,2000,workload_seed,587.730467913611
poisson,39.0,0.0,,piecewise_mix_0,E8,E8-bf581af613e8,13.0,0.0,starvation_proxy_count,5,32,chunk_512,mixed,2000,workload_seed,29.068883707497267
poisson,0.986080675735356,0.9253067805512296,,piecewise_mix_0,E8,E8-bf581af613e8,0.9637546471990867,0.981783105002938,waiting_satisfaction_jain,5,32,chunk_512,mixed,2000,workload_seed,0.04290658984180233
poisson,1326.4696138836268,460.2563613147019,,piecewise_mix_0,E8,E8-bf581af613e8,798.7398313400657,638.887314539823,short_prompt_ttft_p95_ms,5,32,chunk_512,mixed,2000,workload_seed,577.440827872796
poisson,1403.1177400342874,498.32449015130567,,piecewise_mix_0,E8,E8-bf581af613e8,848.9409110642134,630.1821772301806,long_prompt_ttft_p95_ms,5,32,chunk_512,mixed,2000,workload_seed,608.0339395764229
poisson,9.842519680000043,5.2751705000000015,,piecewise_mix_0,E8,E8-bf581af613e8,8.153660140000017,9.335561600000005,primer_max_itl_ms,5,32,chunk_512,mixed,2000,workload_seed,3.1681506019109156
poisson,62.4,35.4,,piecewise_mix_0,E8,E8-bf581af613e8,46.8,45.0,backlog_at_arrival_end,5,32,chunk_512,mixed,2000,workload_seed,18.226354544998845
poisson,0.9999999999999997,0.9962136973039778,,piecewise_mix_0,E8,E8-bf581af613e8,0.9987378991013252,0.9999999999999987,server_busy_fraction,5,32,chunk_512,mixed,2000,workload_seed,0.0028221434038981814
poisson,0.7038713996666837,0.49958001018947423,,piecewise_mix_0,E8,E8-bf581af613e8,0.6091758085425399,0.6330306725515027,batch_slot_occupancy,5,32,chunk_512,mixed,2000,workload_seed,0.12765992176808033
poisson,6437.526550611679,5125.606464861471,,piecewise_mix_0,E8,E8-bf581af613e8,5750.861084535674,5626.0365286681445,ttft_p50_ms,5,32,fcfs,mixed,2000,workload_seed,803.9179158986957
poisson,12066.669275888718,10296.996791254647,,piecewise_mix_0,E8,E8-bf581af613e8,11209.192140985602,11544.038652522746,ttft_p95_ms,5,32,fcfs,mixed,2000,workload_seed,1127.18759168913
poisson,12428.009657552866,10678.244493772536,,piecewise_mix_0,E8,E8-bf581af613e8,11636.265591564661,12125.374854602827,ttft_p99_ms,5,32,fcfs,mixed,2000,workload_seed,1123.9317748582305
poisson,0.8308106499999995,0.8277415999999977,,piecewise_mix_0,E8,E8-bf581af613e8,0.8292761249999986,0.8291127500000056,tpot_p95_ms,5,32,fcfs,mixed,2000,workload_seed,0.001920854458715273
poisson,0.831829874999993,0.8315025649999945,,piecewise_mix_0,E8,E8-bf581af613e8,0.8316750699999934,0.8317319249999928,tpot_p99_ms,5,32,fcfs,mixed,2000,workload_seed,0.00020721060949460912
poisson,12159.818525056797,10352.576557440301,,piecewise_mix_0,E8,E8-bf581af613e8,11286.529584194534,11605.523638166178,e2e_p95_ms,5,32,fcfs,mixed,2000,workload_seed,1153.0067001443022
poisson,0.8317119999999705,0.8312204999998836,,piecewise_mix_0,E8,E8-bf581af613e8,0.8314542499999572,0.8314600000003338,itl_p95_ms,5,32,fcfs,mixed,2000,workload_seed,0.00032971057393934883
poisson,0.8326866799998062,0.8322779999997202,,piecewise_mix_0,E8,E8-bf581af613e8,0.8324923399997625,0.8326099999994767,itl_p99_ms,5,32,fcfs,mixed,2000,workload_seed,0.0002674198534500556
poisson,8.896154157025824,7.98027260052026,,piecewise_mix_0,E8,E8-bf581af613e8,8.383835181391543,8.005473459184023,request_throughput_rps,5,32,fcfs,mixed,2000,workload_seed,0.5832042694597466
poisson,1078.4526864091865,1043.4305727943367,,piecewise_mix_0,E8,E8-bf581af613e8,1062.1026120936838,1063.319949703202,output_token_throughput_tps,5,32,fcfs,mixed,2000,workload_seed,21.761255219073814
poisson,9.3111283972755,7.8991417267287485,,piecewise_mix_0,E8,E8-bf581af613e8,8.608974333434926,8.602636052715168,observed_request_throughput_rps,5,32,fcfs,mixed,2000,workload_seed,0.901100777076891
poisson,3.000356513546576,2.6119955487872355,,piecewise_mix_0,E8,E8-bf581af613e8,2.796293944121974,2.7101214842106818,iteration_cv,5,32,fcfs,mixed,2000,workload_seed,0.24631351922532843
poisson,12507.760401494574,10748.622938107439,,piecewise_mix_0,E8,E8-bf581af613e8,11705.176304944584,12146.647416940355,max_wait_ms,5,32,fcfs,mixed,2000,workload_seed,1125.8228056745897
poisson,116.2,111.6,,piecewise_mix_0,E8,E8-bf581af613e8,113.8,114.0,starvation_proxy_count,5,32,fcfs,mixed,2000,workload_seed,2.8635642126552705
poisson,0.59848669785891,0.5691313015708551,,piecewise_mix_0,E8,E8-bf581af613e8,0.5838089997148825,0.5789977861075056,waiting_satisfaction_jain,5,32,fcfs,mixed,2000,workload_seed,0.01864072760842682
poisson,12115.738369298462,10298.638806972062,,piecewise_mix_0,E8,E8-bf581af613e8,11220.678624654289,11509.564691236958,short_prompt_ttft_p95_ms,5,32,fcfs,mixed,2000,workload_seed,1166.0813232296384
poisson,11777.388026988643,9824.856562276746,,piecewise_mix_0,E8,E8-bf581af613e8,10801.122294632694,11317.310886828542,long_prompt_ttft_p95_ms,5,32,fcfs,mixed,2000,workload_seed,1258.1405954410193
poisson,0.8164010000000012,0.7915379999999985,,piecewise_mix_0,E8,E8-bf581af613e8,0.8004950000000001,0.7920299999999969,primer_max_itl_ms,5,32,fcfs,mixed,2000,workload_seed,0.017574215487469153
poisson,99.8,93.4,,piecewise_mix_0,E8,E8-bf581af613e8,97.2,99.0,backlog_at_arrival_end,5,32,fcfs,mixed,2000,workload_seed,4.207136793592526
poisson,0.9999999999999991,0.9989097335989895,,piecewise_mix_0,E8,E8-bf581af613e8,0.999636577866329,0.9999999999999981,server_busy_fraction,5,32,fcfs,mixed,2000,workload_seed,0.0008126365954135877
poisson,0.03125,0.03125,,piecewise_mix_0,E8,E8-bf581af613e8,0.03125,0.03125,batch_slot_occupancy,5,32,fcfs,mixed,2000,workload_seed,0.0
poisson,235.49100759266616,25.663207458140164,,piecewise_mix_0,E8,E8-bf581af613e8,99.85004789786902,34.367011108332576,ttft_p50_ms,5,32,mono,mixed,2000,workload_seed,151.17630652440334
poisson,675.5187100914906,161.47936021955115,,piecewise_mix_0,E8,E8-bf581af613e8,345.9862992956707,186.4571109993327,ttft_p95_ms,5,32,mono,mixed,2000,workload_seed,366.3861473524689
poisson,742.3742746564556,182.7457690416123,,piecewise_mix_0,E8,E8-bf581af613e8,390.434750504106,217.53370352438623,ttft_p99_ms,5,32,mono,mixed,2000,workload_seed,387.41464060747353
poisson,13.413582593655207,8.238638829032684,,piecewise_mix_0,E8,E8-bf581af613e8,10.944521310264223,12.122571485531532,tpot_p95_ms,5,32,mono,mixed,2000,workload_seed,3.279934653992824
poisson,24.57578190705909,18.727824140028073,,piecewise_mix_0,E8,E8-bf581af613e8,21.739271862316183,22.772301703941203,tpot_p99_ms,5,32,mono,mixed,2000,workload_seed,3.863013967948329
poisson,2277.5476540490936,1116.9362122789948,,piecewise_mix_0,E8,E8-bf581af613e8,1639.1909716873706,1283.2884674005386,e2e_p95_ms,5,32,mono,mixed,2000,workload_seed,736.0452522833125
poisson,22.55790026000009,8.051123000000098,,piecewise_mix_0,E8,E8-bf581af613e8,14.303994000000102,8.709658000000218,itl_p95_ms,5,32,mono,mixed,2000,workload_seed,9.29866607486577
poisson,77.57938193999999,45.95672733999991,,piecewise_mix_0,E8,E8-bf581af613e8,61.768054639999946,63.60964009999998,itl_p99_ms,5,32,mono,mixed,2000,workload_seed,20.71610936154213
poisson,30.612149215530174,28.577258436728734,,piecewise_mix_0,E8,E8-bf581af613e8,29.65559151827697,29.712680636179723,request_throughput_rps,5,32,mono,mixed,2000,workload_seed,1.2351716797254715
poisson,4044.2223879537755,3529.0240690676524,,piecewise_mix_0,E8,E8-bf581af613e8,3772.766817210542,3638.2489261068768,output_token_throughput_tps,5,32,mono,mixed,2000,workload_seed,339.13625171128
poisson,28.579242901860574,23.94253585321534,,piecewise_mix_0,E8,E8-bf581af613e8,26.4986255416646,27.140876745036184,observed_request_throughput_rps,5,32,mono,mixed,2000,workload_seed,2.922148815579982
poisson,3.1509402165343223,2.6858089976949904,,piecewise_mix_0,E8,E8-bf581af613e8,2.9216806756848115,2.9789060259999602,iteration_cv,5,32,mono,mixed,2000,workload_seed,0.29892324981059604
poisson,731.2009266351909,167.31501399484432,,piecewise_mix_0,E8,E8-bf581af613e8,380.4387107778447,209.1791611419062,max_wait_ms,5,32,mono,mixed,2000,workload_seed,388.42185357461614
poisson,3.0,0.0,,piecewise_mix_0,E8,E8-bf581af613e8,1.0,0.0,starvation_proxy_count,5,32,mono,mixed,2000,workload_seed,2.23606797749979
poisson,0.9981313478098459,0.9655028153970963,,piecewise_mix_0,E8,E8-bf581af613e8,0.9869238350110514,0.9974310894570858,waiting_satisfaction_jain,5,32,mono,mixed,2000,workload_seed,0.023880628441807432
poisson,623.9109941397721,126.31163693270332,,piecewise_mix_0,E8,E8-bf581af613e8,311.19497598523225,184.69926783981654,short_prompt_ttft_p95_ms,5,32,mono,mixed,2000,workload_seed,341.87498240184493
poisson,728.0705245812288,170.92413977424994,,piecewise_mix_0,E8,E8-bf581af613e8,374.64642264008114,193.0582567501752,long_prompt_ttft_p95_ms,5,32,mono,mixed,2000,workload_seed,390.5677975264899
poisson,67.34673876000001,11.630694066000002,,piecewise_mix_0,E8,E8-bf581af613e8,36.871426559999996,24.074735099999998,primer_max_itl_ms,5,32,mono,mixed,2000,workload_seed,36.196254640386286
poisson,46.4,21.0,,piecewise_mix_0,E8,E8-bf581af613e8,32.8,33.0,backlog_at_arrival_end,5,32,mono,mixed,2000,workload_seed,15.817711591756881
poisson,1.0,0.99588786215335,,piecewise_mix_0,E8,E8-bf581af613e8,0.9986292873844498,0.9999999999999996,server_busy_fraction,5,32,mono,mixed,2000,workload_seed,0.003065006585985805
poisson,0.6493771332245833,0.37004925143292755,,piecewise_mix_0,E8,E8-bf581af613e8,0.5071655847421965,0.42255238995006444,batch_slot_occupancy,5,32,mono,mixed,2000,workload_seed,0.18707625876372228
poisson,806.8838514101326,238.35402636120224,,a_p0.5_d1,E8,E8-c4d28d2a4c8c,507.9853730802935,446.04214549589847,ttft_p50_ms,5,32,chunk_512,mixed,2000,workload_seed,363.18224203467076
poisson,2254.0738116449243,1283.2738479149791,,a_p0.5_d1,E8,E8-c4d28d2a4c8c,1706.994666823129,1507.1948914316818,ttft_p95_ms,5,32,chunk_512,mixed,2000,workload_seed,627.831621399377
poisson,2324.121370795684,1352.2866500181267,,a_p0.5_d1,E8,E8-c4d28d2a4c8c,1804.8480103528625,1696.4696513317551,ttft_p99_ms,5,32,chunk_512,mixed,2000,workload_seed,620.8199923372632
poisson,12.680427885411477,12.401724003030276,,a_p0.5_d1,E8,E8-c4d28d2a4c8c,12.552488041695591,12.566828499999907,tpot_p95_ms,5,32,chunk_512,mixed,2000,workload_seed,0.17965431771078758
poisson,13.32572757034624,12.906253395104864,,a_p0.5_d1,E8,E8-c4d28d2a4c8c,13.121861654262336,13.187182237762197,tpot_p99_ms,5,32,chunk_512,mixed,2000,workload_seed,0.27590792525102836
poisson,4418.200507525396,3193.544512541427,,a_p0.5_d1,E8,E8-c4d28d2a4c8c,3823.460403339695,4290.672821986652,e2e_p95_ms,5,32,chunk_512,mixed,2000,workload_seed,796.1508761387192
poisson,14.00799999999981,13.455799999999817,,a_p0.5_d1,E8,E8-c4d28d2a4c8c,13.770999999999821,14.00799999999981,itl_p95_ms,5,32,chunk_512,mixed,2000,workload_seed,0.3527421154327872
poisson,14.411000000000058,14.16919999999991,,a_p0.5_d1,E8,E8-c4d28d2a4c8c,14.330400000000008,14.411000000000058,itl_p99_ms,5,32,chunk_512,mixed,2000,workload_seed,0.18022707898659368
poisson,21.256428515890157,18.86188974075916,,a_p0.5_d1,E8,E8-c4d28d2a4c8c,19.954918608632305,19.357260318553706,request_throughput_rps,5,32,chunk_512,mixed,2000,workload_seed,1.5345280257450076
poisson,2595.216112673419,2453.6731147315495,,a_p0.5_d1,E8,E8-c4d28d2a4c8c,2527.7656840423783,2526.782498471366,output_token_throughput_tps,5,32,chunk_512,mixed,2000,workload_seed,88.69198313919111
poisson,19.707883304075374,15.835858190109263,,a_p0.5_d1,E8,E8-c4d28d2a4c8c,17.820298759657774,17.519444491665332,observed_request_throughput_rps,5,32,chunk_512,mixed,2000,workload_seed,2.5251182794547136
poisson,1.2049877543545497,0.8033291869706124,,a_p0.5_d1,E8,E8-c4d28d2a4c8c,1.004158470662581,0.9945585419961028,iteration_cv,5,32,chunk_512,mixed,2000,workload_seed,0.26181809704130815
poisson,2305.792015114691,1348.8917284347785,,a_p0.5_d1,E8,E8-c4d28d2a4c8c,1795.0735307585833,1690.073188186595,max_wait_ms,5,32,chunk_512,mixed,2000,workload_seed,613.5776889003704
poisson,48.8,13.0,,a_p0.5_d1,E8,E8-c4d28d2a4c8c,29.0,18.0,starvation_proxy_count,5,32,chunk_512,mixed,2000,workload_seed,22.83637449333847
poisson,0.9411815281729711,0.8615626391731004,,a_p0.5_d1,E8,E8-c4d28d2a4c8c,0.9061462113066758,0.9250836861863336,waiting_satisfaction_jain,5,32,chunk_512,mixed,2000,workload_seed,0.05366471800743103
poisson,2225.5831656566907,1254.288829513336,,a_p0.5_d1,E8,E8-c4d28d2a4c8c,1683.4605476013264,1509.5808662080642,short_prompt_ttft_p95_ms,5,32,chunk_512,mixed,2000,workload_seed,629.9965818135936
poisson,2217.129264713011,1275.0916904587452,,a_p0.5_d1,E8,E8-c4d28d2a4c8c,1691.4559438947297,1459.830592278423,long_prompt_ttft_p95_ms,5,32,chunk_512,mixed,2000,workload_seed,633.0226891442118
poisson,7.890199999999995,1.4505999999999992,,a_p0.5_d1,E8,E8-c4d28d2a4c8c,4.300199999999997,2.3429999999999964,primer_max_itl_ms,5,32,chunk_512,mixed,2000,workload_seed,4.025906444516561
poisson,73.4,54.4,,a_p0.5_d1,E8,E8-c4d28d2a4c8c,63.8,68.0,backlog_at_arrival_end,5,32,chunk_512,mixed,2000,workload_seed,13.311649033834989
poisson,0.999999999999994,0.9916925880167357,,a_p0.5_d1,E8,E8-c4d28d2a4c8c,0.9970185520072843,0.9999999999999866,server_busy_fraction,5,32,chunk_512,mixed,2000,workload_seed,0.005817585018735826
poisson,0.7354592905465076,0.6242291024844859,,a_p0.5_d1,E8,E8-c4d28d2a4c8c,0.6789697776094828,0.6801590890145166,batch_slot_occupancy,5,32,chunk_512,mixed,2000,workload_seed,0.07138990460841875
poisson,1988.4001518993678,1279.8330309542293,,a_p0.5_d1,E8,E8-c4d28d2a4c8c,1647.5332714175802,1761.533273529913,ttft_p50_ms,5,32,fcfs,mixed,2000,workload_seed,458.86136958034484
poisson,3822.006792359617,2784.6446911303124,,a_p0.5_d1,E8,E8-c4d28d2a4c8c,3270.067595718917,3123.3048491502786,ttft_p95_ms,5,32,fcfs,mixed,2000,workload_seed,661.2570221170513
poisson,3926.143269998989,2929.1922879473777,,a_p0.5_d1,E8,E8-c4d28d2a4c8c,3395.6056694731233,3249.461357277764,ttft_p99_ms,5,32,fcfs,mixed,2000,workload_seed,641.0621727397967
poisson,0.32300000000032014,0.32300000000032014,,a_p0.5_d1,E8,E8-c4d28d2a4c8c,0.32300000000032014,0.32300000000032014,tpot_p95_ms,5,32,fcfs,mixed,2000,workload_seed,0.0
poisson,0.32300000000032014,0.32300000000032014,,a_p0.5_d1,E8,E8-c4d28d2a4c8c,0.32300000000032014,0.32300000000032014,tpot_p99_ms,5,32,fcfs,mixed,2000,workload_seed,0.0
poisson,3857.08974652513,2820.1233080368024,,a_p0.5_d1,E8,E8-c4d28d2a4c8c,3306.6900585967546,3174.1216485838568,e2e_p95_ms,5,32,fcfs,mixed,2000,workload_seed,663.1208472168187
poisson,0.32300000000032014,0.32300000000032014,,a_p0.5_d1,E8,E8-c4d28d2a4c8c,0.32300000000032014,0.32300000000032014,itl_p95_ms,5,32,fcfs,mixed,2000,workload_seed,0.0
poisson,0.32300000000032014,0.32300000000032014,,a_p0.5_d1,E8,E8-c4d28d2a4c8c,0.32300000000032014,0.32300000000032014,itl_p99_ms,5,32,fcfs,mixed,2000,workload_seed,0.0
poisson,19.485216585717293,17.540415655657327,,a_p0.5_d1,E8,E8-c4d28d2a4c8c,18.456058512974074,17.954701410505233,request_throughput_rps,5,32,fcfs,mixed,2000,workload_seed,1.272238342431066
poisson,2404.8402753727078,2267.0425170155177,,a_p0.5_d1,E8,E8-c4d28d2a4c8c,2339.0378315621906,2336.808715642535,output_token_throughput_tps,5,32,fcfs,mixed,2000,workload_seed,86.17268041719603
poisson,20.200431252289203,17.18704279284616,,a_p0.5_d1,E8,E8-c4d28d2a4c8c,18.68857852553682,18.687407457776356,observed_request_throughput_rps,5,32,fcfs,mixed,2000,workload_seed,1.9776346291695972
poisson,5.31245527747261,4.713558076371922,,a_p0.5_d1,E8,E8-c4d28d2a4c8c,5.00770461771223,4.870059334029823,iteration_cv,5,32,fcfs,mixed,2000,workload_seed,0.38479766401227045
poisson,3931.634136736676,2956.365132944001,,a_p0.5_d1,E8,E8-c4d28d2a4c8c,3407.735833170521,3261.872132404975,max_wait_ms,5,32,fcfs,mixed,2000,workload_seed,634.0959083433995
poisson,89.8,75.4,,a_p0.5_d1,E8,E8-c4d28d2a4c8c,83.4,84.0,starvation_proxy_count,5,32,fcfs,mixed,2000,workload_seed,9.262828941527529
poisson,0.8552372456805696,0.8020392276460043,,a_p0.5_d1,E8,E8-c4d28d2a4c8c,0.8278477682766205,0.818421771090246,waiting_satisfaction_jain,5,32,fcfs,mixed,2000,workload_seed,0.03386608495272636
poisson,3819.988244969986,2759.786227680047,,a_p0.5_d1,E8,E8-c4d28d2a4c8c,3254.846067915119,3076.9312432785478,short_prompt_ttft_p95_ms,5,32,fcfs,mixed,2000,workload_seed,673.7215718664314
poisson,3714.2774105675207,2606.390795706787,,a_p0.5_d1,E8,E8-c4d28d2a4c8c,3158.8740789203316,3083.060293341232,long_prompt_ttft_p95_ms,5,32,fcfs,mixed,2000,workload_seed,718.6313665349086
poisson,0.3230000000000004,0.3229999999999961,,a_p0.5_d1,E8,E8-c4d28d2a4c8c,0.32299999999999895,0.3230000000000004,primer_max_itl_ms,5,32,fcfs,mixed,2000,workload_seed,3.1776437161565094e-15
poisson,69.0,53.2,,a_p0.5_d1,E8,E8-c4d28d2a4c8c,61.0,62.0,backlog_at_arrival_end,5,32,fcfs,mixed,2000,workload_seed,10.099504938362077
poisson,0.9999999999997486,0.9936585836708701,,a_p0.5_d1,E8,E8-c4d28d2a4c8c,0.9978861945567813,0.9999999999997248,server_busy_fraction,5,32,fcfs,mixed,2000,workload_seed,0.004726612661654292
poisson,0.03125,0.03125,,a_p0.5_d1,E8,E8-c4d28d2a4c8c,0.03125,0.03125,batch_slot_occupancy,5,32,fcfs,mixed,2000,workload_seed,0.0
poisson,643.8083679575035,167.1858768778881,,a_p0.5_d1,E8,E8-c4d28d2a4c8c,388.68767880627513,262.15829393981426,ttft_p50_ms,5,32,mono,mixed,2000,workload_seed,302.6651455583541
poisson,2236.277695399927,1213.4737518654674,,a_p0.5_d1,E8,E8-c4d28d2a4c8c,1674.046328489665,1510.7068470695358,ttft_p95_ms,5,32,mono,mixed,2000,workload_seed,663.5616554819627
poisson,2298.3625484988856,1288.097675205524,,a_p0.5_d1,E8,E8-c4d28d2a4c8c,1757.1875441680809,1629.1309161596607,ttft_p99_ms,5,32,mono,mixed,2000,workload_seed,652.664554707664
poisson,18.449018238055192,15.691247267052201,,a_p0.5_d1,E8,E8-c4d28d2a4c8c,16.853290429734983,16.490051657197025,tpot_p95_ms,5,32,mono,mixed,2000,workload_seed,1.7905447163243267
poisson,22.73711653708406,18.481693061398808,,a_p0.5_d1,E8,E8-c4d28d2a4c8c,20.31786811300713,19.688796299999982,tpot_p99_ms,5,32,mono,mixed,2000,workload_seed,2.668832397613244
poisson,4741.404936542279,3432.7862590379627,,a_p0.5_d1,E8,E8-c4d28d2a4c8c,4098.777175673649,4417.902621986671,e2e_p95_ms,5,32,mono,mixed,2000,workload_seed,839.6815074869016
poisson,28.93159999999989,19.066199999999846,,a_p0.5_d1,E8,E8-c4d28d2a4c8c,23.686799999999856,23.914999999999964,itl_p95_ms,5,32,mono,mixed,2000,workload_seed,6.464755811320252
poisson,81.75929000000033,70.9136900000004,,a_p0.5_d1,E8,E8-c4d28d2a4c8c,76.33649000000037,79.3284500000018,itl_p99_ms,5,32,mono,mixed,2000,workload_seed,7.031376355344806
poisson,20.800372257763634,18.46271516825117,,a_p0.5_d1,E8,E8-c4d28d2a4c8c,19.544584936461888,19.04672339812565,request_throughput_rps,5,32,mono,mixed,2000,workload_seed,1.5243894477138786
poisson,2549.1255468665026,2390.5603534085153,,a_p0.5_d1,E8,E8-c4d28d2a4c8c,2475.9952809177403,2486.4395414886835,output_token_throughput_tps,5,32,mono,mixed,2000,workload_seed,99.14273275568812
poisson,18.966716135235536,15.279664546942849,,a_p0.5_d1,E8,E8-c4d28d2a4c8c,17.328071066350827,17.519444491665332,observed_request_throughput_rps,5,32,mono,mixed,2000,workload_seed,2.363644717105874
poisson,2.108515251226536,1.5026200331354027,,a_p0.5_d1,E8,E8-c4d28d2a4c8c,1.8079891103988337,1.721008576274105,iteration_cv,5,32,mono,mixed,2000,workload_seed,0.3913978406258506
poisson,2304.667839180865,1338.8917623289421,,a_p0.5_d1,E8,E8-c4d28d2a4c8c,1806.938821784502,1827.4228692073812,max_wait_ms,5,32,mono,mixed,2000,workload_seed,637.4196966709727
poisson,47.8,12.6,,a_p0.5_d1,E8,E8-c4d28d2a4c8c,29.2,25.0,starvation_proxy_count,5,32,mono,mixed,2000,workload_seed,22.653917983430592
poisson,0.9430753521440124,0.8572808614933886,,a_p0.5_d1,E8,E8-c4d28d2a4c8c,0.9043880125446755,0.9179759834544133,waiting_satisfaction_jain,5,32,mono,mixed,2000,workload_seed,0.055606048379130225
poisson,2212.6710553923176,1189.4700357900751,,a_p0.5_d1,E8,E8-c4d28d2a4c8c,1658.716483605333,1495.332366208087,short_prompt_ttft_p95_ms,5,32,mono,mixed,2000,workload_seed,659.6431574187573
poisson,2232.0450471319546,1123.2505592772436,,a_p0.5_d1,E8,E8-c4d28d2a4c8c,1610.6916360246023,1306.1065922784378,long_prompt_ttft_p95_ms,5,32,mono,mixed,2000,workload_seed,699.215331122882
poisson,60.01639999999996,1.4505999999999992,,a_p0.5_d1,E8,E8-c4d28d2a4c8c,27.13719999999999,2.3429999999999964,primer_max_itl_ms,5,32,mono,mixed,2000,workload_seed,37.24283385028586
poisson,75.2,56.8,,a_p0.5_d1,E8,E8-c4d28d2a4c8c,65.6,68.0,backlog_at_arrival_end,5,32,mono,mixed,2000,workload_seed,12.461942063739503
poisson,0.9999999999999931,0.991795614207267,,a_p0.5_d1,E8,E8-c4d28d2a4c8c,0.9970575654386653,0.9999999999999858,server_busy_fraction,5,32,mono,mixed,2000,workload_seed,0.005748616755185145
poisson,0.8194689437614965,0.7141556167095932,,a_p0.5_d1,E8,E8-c4d28d2a4c8c,0.7723753331801843,0.7845768385893708,batch_slot_occupancy,5,32,mono,mixed,2000,workload_seed,0.06642957686080166
poisson,5433.253972825618,3456.6737015739213,,a_p2_d2,E8,E8-e72b87962a2a,4354.874435269414,4061.44226750738,ttft_p50_ms,5,32,chunk_512,mixed,2000,workload_seed,1293.0232398881776
poisson,11442.597676822168,9196.573140982913,,a_p2_d2,E8,E8-e72b87962a2a,10202.603206144599,9534.598142059336,ttft_p95_ms,5,32,chunk_512,mixed,2000,workload_seed,1519.500629904364
poisson,11739.621381127605,9483.273293050126,,a_p2_d2,E8,E8-e72b87962a2a,10521.767929305028,10229.928296588823,ttft_p99_ms,5,32,chunk_512,mixed,2000,workload_seed,1459.5188717422975
poisson,33.793594060705146,32.994165813793146,,a_p2_d2,E8,E8-e72b87962a2a,33.39495314670182,33.20354776119355,tpot_p95_ms,5,32,chunk_512,mixed,2000,workload_seed,0.5447327340153127
poisson,35.603181305227196,35.165887918784065,,a_p2_d2,E8,E8-e72b87962a2a,35.398524506406694,35.51771350000005,tpot_p99_ms,5,32,chunk_512,mixed,2000,workload_seed,0.2848466041535167
poisson,14750.63186112155,12377.333801204515,,a_p2_d2,E8,E8-e72b87962a2a,13563.982831163035,13687.074368449452,e2e_p95_ms,5,32,chunk_512,mixed,2000,workload_seed,1545.227773401439
poisson,37.61559999999999,37.13199999999961,,a_p2_d2,E8,E8-e72b87962a2a,37.2931999999998,37.13199999999961,itl_p95_ms,5,32,chunk_512,mixed,2000,workload_seed,0.3604541579731365
poisson,37.9380000000001,37.9380000000001,,a_p2_d2,E8,E8-e72b87962a2a,37.9380000000001,37.9380000000001,itl_p99_ms,5,32,chunk_512,mixed,2000,workload_seed,0.0
poisson,8.345378603306056,7.377181329253969,,a_p2_d2,E8,E8-e72b87962a2a,7.8443267238230066,7.815561540158956,request_throughput_rps,5,32,chunk_512,mixed,2000,workload_seed,0.6173467103891677
poisson,1037.5471471219264,945.873686201467,,a_p2_d2,E8,E8-e72b87962a2a,994.253823593961,1001.6264243661191,output_token_throughput_tps,5,32,chunk_512,mixed,2000,workload_seed,55.11880425678645
poisson,6.5522970752161855,4.159584688085377,,a_p2_d2,E8,E8-e72b87962a2a,5.358647865142492,5.428175349007237,observed_request_throughput_rps,5,32,chunk_512,mixed,2000,workload_seed,1.5017701477673338
poisson,0.8782853033713629,0.7417183791138697,,a_p2_d2,E8,E8-e72b87962a2a,0.8125023333840101,0.8715629767825398,iteration_cv,5,32,chunk_512,mixed,2000,workload_seed,0.09001002961316612
poisson,11767.43264647504,9549.674346254982,,a_p2_d2,E8,E8-e72b87962a2a,10578.834170156651,10376.962614279098,max_wait_ms,5,32,chunk_512,mixed,2000,workload_seed,1437.2330702841955
poisson,107.6,92.4,,a_p2_d2,E8,E8-e72b87962a2a,100.4,102.0,starvation_proxy_count,5,32,chunk_512,mixed,2000,workload_seed,10.21273714534943
poisson,0.6328728421983593,0.5680516536401348,,a_p2_d2,E8,E8-e72b87962a2a,0.6008609843339927,0.5948121652932634,waiting_satisfaction_jain,5,32,chunk_512,mixed,2000,workload_seed,0.042293159763726516
poisson,11459.630302893807,9167.015685675718,,a_p2_d2,E8,E8-e72b87962a2a,10185.304123416736,9522.59321127982,short_prompt_ttft_p95_ms,5,32,chunk_512,mixed,2000,workload_seed,1546.7289669400477
poisson,11046.471090364352,8990.962853300694,,a_p2_d2,E8,E8-e72b87962a2a,9900.33283540766,9305.799737350177,long_prompt_ttft_p95_ms,5,32,chunk_512,mixed,2000,workload_seed,1390.1326464058038
poisson,32.13680000000006,10.443599999999986,,a_p2_d2,E8,E8-e72b87962a2a,21.890400000000007,24.097999999999956,primer_max_itl_ms,5,32,chunk_512,mixed,2000,workload_seed,13.613617917364975
poisson,113.4,103.8,,a_p2_d2,E8,E8-e72b87962a2a,108.6,109.0,backlog_at_arrival_end,5,32,chunk_512,mixed,2000,workload_seed,6.58027355054484
poisson,0.9999999999999994,0.998596180137852,,a_p2_d2,E8,E8-e72b87962a2a,0.9995320600459487,0.999999999999997,server_busy_fraction,5,32,chunk_512,mixed,2000,workload_seed,0.0010463455466394112
poisson,0.8058221984348893,0.7408595207010352,,a_p2_d2,E8,E8-e72b87962a2a,0.7766306693250813,0.7921909066382166,batch_slot_occupancy,5,32,chunk_512,mixed,2000,workload_seed,0.042102539434673646
poisson,6959.659382682919,5168.867384719876,,a_p2_d2,E8,E8-e72b87962a2a,5992.520043406267,6158.364637225834,ttft_p50_ms,5,32,fcfs,mixed,2000,workload_seed,1202.7739169439653
poisson,12971.33418358905,10599.150949801013,,a_p2_d2,E8,E8-e72b87962a2a,11683.530435332617,11216.321325917219,ttft_p95_ms,5,32,fcfs,mixed,2000,workload_seed,1564.1578955596608
poisson,13249.755614715166,11008.478670604587,,a_p2_d2,E8,E8-e72b87962a2a,12052.233549175298,11741.74136177506,ttft_p99_ms,5,32,fcfs,mixed,2000,workload_seed,1490.236223260594
poisson,0.5460000000002765,0.5460000000002765,,a_p2_d2,E8,E8-e72b87962a2a,0.5460000000002765,0.5460000000002765,tpot_p95_ms,5,32,fcfs,mixed,2000,workload_seed,0.0
poisson,0.5460000000002765,0.5460000000002765,,a_p2_d2,E8,E8-e72b87962a2a,0.5460000000002765,0.5460000000002765,tpot_p99_ms,5,32,fcfs,mixed,2000,workload_seed,0.0
poisson,13024.788657383926,10627.553998001062,,a_p2_d2,E8,E8-e72b87962a2a,11728.235619180405,11243.789931169018,e2e_p95_ms,5,32,fcfs,mixed,2000,workload_seed,1583.02668183461
poisson,0.5460000000002765,0.5460000000002765,,a_p2_d2,E8,E8-e72b87962a2a,0.5460000000002765,0.5460000000002765,itl_p95_ms,5,32,fcfs,mixed,2000,workload_seed,0.0
poisson,0.5460000000002765,0.5460000000002765,,a_p2_d2,E8,E8-e72b87962a2a,0.5460000000002765,0.5460000000002765,itl_p99_ms,5,32,fcfs,mixed,2000,workload_seed,0.0
poisson,8.68253279229078,7.654327764445087,,a_p2_d2,E8,E8-e72b87962a2a,8.190631687131619,8.241593027816672,request_throughput_rps,5,32,fcfs,mixed,2000,workload_seed,0.6714830975934928
poisson,1088.9050650321662,979.6390741961746,,a_p2_d2,E8,E8-e72b87962a2a,1038.391286470231,1048.362587954429,output_token_throughput_tps,5,32,fcfs,mixed,2000,workload_seed,67.4093571486087
poisson,9.53919423582353,7.462149455163887,,a_p2_d2,E8,E8-e72b87962a2a,8.551233443979246,8.516552575781127,observed_request_throughput_rps,5,32,fcfs,mixed,2000,workload_seed,1.327126522822557
poisson,9.234832063154476,8.522077221590598,,a_p2_d2,E8,E8-e72b87962a2a,8.878454642372537,8.722677080457885,iteration_cv,5,32,fcfs,mixed,2000,workload_seed,0.4543245070555822
poisson,13325.72820802138,11028.21092703015,,a_p2_d2,E8,E8-e72b87962a2a,12094.905295467066,11773.163933261121,max_wait_ms,5,32,fcfs,mixed,2000,workload_seed,1492.7521800137938
poisson,117.2,109.6,,a_p2_d2,E8,E8-e72b87962a2a,113.4,114.0,starvation_proxy_count,5,32,fcfs,mixed,2000,workload_seed,4.774934554525329
poisson,0.5978797261788522,0.5521964504362888,,a_p2_d2,E8,E8-e72b87962a2a,0.5750380883075705,0.5751645162169757,waiting_satisfaction_jain,5,32,fcfs,mixed,2000,workload_seed,0.029398698160595545
poisson,13001.324499104556,10569.566205678162,,a_p2_d2,E8,E8-e72b87962a2a,11672.142689513237,11129.668843279793,short_prompt_ttft_p95_ms,5,32,fcfs,mixed,2000,workload_seed,1594.7450716002247
poisson,12569.195829403525,10176.288693302948,,a_p2_d2,E8,E8-e72b87962a2a,11287.872835410155,10934.831907471276,long_prompt_ttft_p95_ms,5,32,fcfs,mixed,2000,workload_seed,1515.5468331104164
poisson,0.5460000000000036,0.5459999999999955,,a_p2_d2,E8,E8-e72b87962a2a,0.5459999999999997,0.5459999999999994,primer_max_itl_ms,5,32,fcfs,mixed,2000,workload_seed,5.086711874211983e-15
poisson,102.4,92.2,,a_p2_d2,E8,E8-e72b87962a2a,97.2,97.0,backlog_at_arrival_end,5,32,fcfs,mixed,2000,workload_seed,6.6105975524153635
poisson,0.9999999999998843,0.9985306775180158,,a_p2_d2,E8,E8-e72b87962a2a,0.9995102258392354,0.999999999999808,server_busy_fraction,5,32,fcfs,mixed,2000,workload_seed,0.0010951683167363248
poisson,0.03125,0.03125,,a_p2_d2,E8,E8-e72b87962a2a,0.03125,0.03125,batch_slot_occupancy,5,32,fcfs,mixed,2000,workload_seed,0.0
poisson,5266.038833328229,3396.513606619306,,a_p2_d2,E8,E8-e72b87962a2a,4304.021111292319,4316.729524390277,ttft_p50_ms,5,32,mono,mixed,2000,workload_seed,1235.7842245944096
poisson,11553.548679778683,9162.806044754234,,a_p2_d2,E8,E8-e72b87962a2a,10211.538905908874,9603.964742059356,ttft_p95_ms,5,32,mono,mixed,2000,workload_seed,1568.0788461445693
poisson,11823.017435676617,9518.020894383779,,a_p2_d2,E8,E8-e72b87962a2a,10588.05156383735,10511.975404627192,ttft_p99_ms,5,32,mono,mixed,2000,workload_seed,1490.0341635657003
poisson,54.05241474074086,48.95056934751789,,a_p2_d2,E8,E8-e72b87962a2a,50.98546275492524,50.106373404255535,tpot_p95_ms,5,32,mono,mixed,2000,workload_seed,3.485791532620164
poisson,75.04090427447552,61.51606797202811,,a_p2_d2,E8,E8-e72b87962a2a,67.111376684732,63.91165000000002,tpot_p99_ms,5,32,mono,mixed,2000,workload_seed,8.730591289008567
poisson,15182.847039660968,12868.42591774851,,a_p2_d2,E8,E8-e72b87962a2a,14011.330169332137,14007.002894478177,e2e_p95_ms,5,32,mono,mixed,2000,workload_seed,1510.5532564503305
poisson,105.98520000000008,75.87731999999998,,a_p2_d2,E8,E8-e72b87962a2a,89.55000000000007,90.53399999999965,itl_p95_ms,5,32,mono,mixed,2000,workload_seed,19.890482347092497
poisson,313.0056000000001,283.5671999999999,,a_p2_d2,E8,E8-e72b87962a2a,300.6272,308.96800000000076,itl_p99_ms,5,32,mono,mixed,2000,workload_seed,19.113692714909917
poisson,8.178431023287441,7.21418192266146,,a_p2_d2,E8,E8-e72b87962a2a,7.699175801188436,7.705994167766574,request_throughput_rps,5,32,mono,mixed,2000,workload_seed,0.6137520564347034
poisson,1020.7314004923909,925.0338594350627,,a_p2_d2,E8,E8-e72b87962a2a,975.9837666899441,982.9889909596592,output_token_throughput_tps,5,32,mono,mixed,2000,workload_seed,58.38937936615687
poisson,5.618336121541089,3.473278253775207,,a_p2_d2,E8,E8-e72b87962a2a,4.516810470714135,4.571095030742937,observed_request_throughput_rps,5,32,mono,mixed,2000,workload_seed,1.4409396902883511
poisson,2.142202546040028,1.9026475358476653,,a_p2_d2,E8,E8-e72b87962a2a,2.027222972541647,2.0500868341189555,iteration_cv,5,32,mono,mixed,2000,workload_seed,0.14930002787883548
poisson,11878.006043573401,9664.486249003105,,a_p2_d2,E8,E8-e72b87962a2a,10687.606399285616,10694.402614279137,max_wait_ms,5,32,mono,mixed,2000,workload_seed,1445.5071853618824
poisson,103.4,86.0,,a_p2_d2,E8,E8-e72b87962a2a,94.2,95.0,starvation_proxy_count,5,32,mono,mixed,2000,workload_seed,11.476062042355819
poisson,0.6317143205471715,0.5732338924016859,,a_p2_d2,E8,E8-e72b87962a2a,0.6023333657893526,0.5991340283701893,waiting_satisfaction_jain,5,32,mono,mixed,2000,workload_seed,0.03852068199749944
poisson,11607.171754417435,9142.205613054222,,a_p2_d2,E8,E8-e72b87962a2a,10216.537210657194,9579.901611279838,short_prompt_ttft_p95_ms,5,32,mono,mixed,2000,workload_seed,1613.5814513547748
poisson,11088.82040207121,8732.232133300717,,a_p2_d2,E8,E8-e72b87962a2a,9770.210775407686,9051.913907468517,long_prompt_ttft_p95_ms,5,32,mono,mixed,2000,workload_seed,1494.3822260356496
poisson,314.2568000000001,72.70320000000001,,a_p2_d2,E8,E8-e72b87962a2a,193.48000000000008,313.6120000000001,primer_max_itl_ms,5,32,mono,mixed,2000,workload_seed,165.44881606104053
poisson,116.0,106.8,,a_p2_d2,E8,E8-e72b87962a2a,111.6,112.0,backlog_at_arrival_end,5,32,mono,mixed,2000,workload_seed,6.2289646009589745
poisson,1.0,0.9986223012530262,,a_p2_d2,E8,E8-e72b87962a2a,0.9995407670843403,1.0,server_busy_fraction,5,32,mono,mixed,2000,workload_seed,0.0010268760169130735
poisson,0.884552080426085,0.8715995888554942,,a_p2_d2,E8,E8-e72b87962a2a,0.8781442309753021,0.8785115455744706,batch_slot_occupancy,5,32,mono,mixed,2000,workload_seed,0.008728662403426261
fixed_concurrency,50.633199604874655,24.85709589749991,16,piecewise,E9,E9-45ebd91d9a4e,36.286311209999944,33.59664213750011,ttft_p50_ms,5,,chunk_512,mixed,2000,workload_seed,17.409380305928575
fixed_concurrency,359.10538868574986,195.31605343113102,16,piecewise,E9,E9-45ebd91d9a4e,274.4775355879998,219.14137679749965,ttft_p95_ms,5,,chunk_512,mixed,2000,workload_seed,108.23509354528085
fixed_concurrency,542.1155648283,289.5181163787999,16,piecewise,E9,E9-45ebd91d9a4e,406.55310594680003,311.8700327184996,ttft_p99_ms,5,,chunk_512,mixed,2000,workload_seed,161.215194449021
fixed_concurrency,8.401476365484537,7.672444676279335,16,piecewise,E9,E9-45ebd91d9a4e,8.035898741097355,8.15783381189063,tpot_p95_ms,5,,chunk_512,mixed,2000,workload_seed,0.5012045610804299
fixed_concurrency,9.605861906996793,8.797852180807324,16,piecewise,E9,E9-45ebd91d9a4e,9.201414845387058,9.207854204444713,tpot_p99_ms,5,,chunk_512,mixed,2000,workload_seed,0.49446388331255253
fixed_concurrency,1963.1574618562686,1519.3881505795002,16,piecewise,E9,E9-45ebd91d9a4e,1725.8712786549997,1689.1951572100002,e2e_p95_ms,5,,chunk_512,mixed,2000,workload_seed,284.2992215078617
fixed_concurrency,10.069064543999966,10.024306689999964,16,piecewise,E9,E9-45ebd91d9a4e,10.045681763499962,10.03410174999999,itl_p95_ms,5,,chunk_512,mixed,2000,workload_seed,0.028637745456108667
fixed_concurrency,10.194123510000054,10.148232599999847,16,piecewise,E9,E9-45ebd91d9a4e,10.172751619999918,10.175024399999984,itl_p99_ms,5,,chunk_512,mixed,2000,workload_seed,0.02988031973179838
fixed_concurrency,27.43114825764685,23.287701456947953,16,piecewise,E9,E9-45ebd91d9a4e,25.509572465416063,25.60553285211654,request_throughput_rps,5,,chunk_512,mixed,2000,workload_seed,2.6590766339569867
fixed_concurrency,3445.3711492682605,2967.7846545389184,16,piecewise,E9,E9-45ebd91d9a4e,3234.267596211213,3328.9709454070753,output_token_throughput_tps,5,,chunk_512,mixed,2000,workload_seed,298.6074731638188
fixed_concurrency,26.03822547111024,22.178288446766942,16,piecewise,E9,E9-45ebd91d9a4e,24.273756197011757,24.82319763740597,observed_request_throughput_rps,5,,chunk_512,mixed,2000,workload_seed,2.539547293163762
fixed_concurrency,1.0321343147316975,0.9347115674990741,16,piecewise,E9,E9-45ebd91d9a4e,0.9850172262829894,0.9999503357787227,iteration_cv,5,,chunk_512,mixed,2000,workload_seed,0.06309028875580243
fixed_concurrency,545.856042935,291.7508875650001,16,piecewise,E9,E9-45ebd91d9a4e,410.8346848099999,308.76041654999926,max_wait_ms,5,,chunk_512,mixed,2000,workload_seed,164.45883563421975
fixed_concurrency,0.0,0.0,16,piecewise,E9,E9-45ebd91d9a4e,0.0,0.0,starvation_proxy_count,5,,chunk_512,mixed,2000,workload_seed,0.0
fixed_concurrency,0.9972771115469128,0.9924418237680598,16,piecewise,E9,E9-45ebd91d9a4e,0.9950572703606998,0.9968367111495418,waiting_satisfaction_jain,5,,chunk_512,mixed,2000,workload_seed,0.0030816344607992865
fixed_concurrency,295.57874438,134.9252424605,16,piecewise,E9,E9-45ebd91d9a4e,211.76042848524997,176.439456475,short_prompt_ttft_p95_ms,5,,chunk_512,mixed,2000,workload_seed,106.69922587513084
fixed_concurrency,397.8654239094998,241.0973168399999,16,piecewise,E9,E9-45ebd91d9a4e,318.49711004174986,292.35271945,long_prompt_ttft_p95_ms,5,,chunk_512,mixed,2000,workload_seed,101.2984613587411
fixed_concurrency,10.162266049999982,9.955819579999996,16,piecewise,E9,E9-45ebd91d9a4e,10.060319699999985,10.05153254999999,primer_max_itl_ms,5,,chunk_512,mixed,2000,workload_seed,0.14023761581481947
fixed_concurrency,16.0,16.0,16,piecewise,E9,E9-45ebd91d9a4e,16.0,16.0,backlog_at_arrival_end,5,,chunk_512,mixed,2000,workload_seed,0.0
fixed_concurrency,1.0,0.9999999999999991,16,piecewise,E9,E9-45ebd91d9a4e,0.9999999999999997,1.0,server_busy_fraction,5,,chunk_512,mixed,2000,workload_seed,5.958081967793455e-16
fixed_concurrency,0.44588251757650477,0.4343997834258714,16,piecewise,E9,E9-45ebd91d9a4e,0.4403101148402375,0.43921413845020435,batch_slot_occupancy,5,,chunk_512,mixed,2000,workload_seed,0.007625587194212507
fixed_concurrency,1823.5760575000058,1672.8770941335056,16,piecewise,E9,E9-45ebd91d9a4e,1751.904670680004,1783.446366100003,ttft_p50_ms,5,,fcfs,mixed,2000,workload_seed,98.75789729012538
fixed_concurrency,2594.722986432008,2236.897619927003,16,piecewise,E9,E9-45ebd91d9a4e,2420.442002061006,2497.8018327300074,ttft_p95_ms,5,,fcfs,mixed,2000,workload_seed,228.38428925621585
fixed_concurrency,2782.6061356320097,2426.960910853803,16,piecewise,E9,E9-45ebd91d9a4e,2620.3046190524065,2751.4635480860065,ttft_p99_ms,5,,fcfs,mixed,2000,workload_seed,225.0739826272028
fixed_concurrency,0.8308106499999995,0.8277415999999977,16,piecewise,E9,E9-45ebd91d9a4e,0.8292761249999986,0.8291127500000056,tpot_p95_ms,5,,fcfs,mixed,2000,workload_seed,0.001920854458715273
fixed_concurrency,0.831829874999993,0.8315025649999945,16,piecewise,E9,E9-45ebd91d9a4e,0.8316750699999934,0.8317319249999928,tpot_p99_ms,5,,fcfs,mixed,2000,workload_seed,0.00020721060949460912
fixed_concurrency,2741.9538353590005,2375.2827079370036,16,piecewise,E9,E9-45ebd91d9a4e,2558.618271648002,2598.2526195450064,e2e_p95_ms,5,,fcfs,mixed,2000,workload_seed,232.69504414528197
fixed_concurrency,0.8317119999999705,0.8312204999998836,16,piecewise,E9,E9-45ebd91d9a4e,0.8314542499999572,0.8314600000003338,itl_p95_ms,5,,fcfs,mixed,2000,workload_seed,0.00032971057393934883
fixed_concurrency,0.8326866799998062,0.8322779999997202,16,piecewise,E9,E9-45ebd91d9a4e,0.8324923399997625,0.8326099999994767,itl_p99_ms,5,,fcfs,mixed,2000,workload_seed,0.0002674198534500556
fixed_concurrency,8.906278155322521,7.98027260052026,16,piecewise,E9,E9-45ebd91d9a4e,8.387209847490443,8.005473459184023,request_throughput_rps,5,,fcfs,mixed,2000,workload_seed,0.589619709732364
fixed_concurrency,1078.4653197252258,1043.4305727943367,16,piecewise,E9,E9-45ebd91d9a4e,1062.4897495702169,1065.255637085867,output_token_throughput_tps,5,,fcfs,mixed,2000,workload_seed,21.805499268852866
fixed_concurrency,8.94293651544814,7.883478606847106,16,piecewise,E9,E9-45ebd91d9a4e,8.386628048187578,7.899235377474763,observed_request_throughput_rps,5,,fcfs,mixed,2000,workload_seed,0.6922003197386907
fixed_concurrency,3.000356513546576,2.6119955487872355,16,piecewise,E9,E9-45ebd91d9a4e,2.796293944121974,2.7101214842106818,iteration_cv,5,,fcfs,mixed,2000,workload_seed,0.24631351922532843
fixed_concurrency,2850.3261819400086,2451.884996500009,16,piecewise,E9,E9-45ebd91d9a4e,2668.168580580009,2827.3254891000142,max_wait_ms,5,,fcfs,mixed,2000,workload_seed,253.71321224188716
fixed_concurrency,118.2,115.2,16,piecewise,E9,E9-45ebd91d9a4e,116.6,116.0,starvation_proxy_count,5,,fcfs,mixed,2000,workload_seed,1.949358868961793
fixed_concurrency,0.9306384708192663,0.9192010850934921,16,piecewise,E9,E9-45ebd91d9a4e,0.9245351494920007,0.9244720970501463,waiting_satisfaction_jain,5,,fcfs,mixed,2000,workload_seed,0.007075292351539176
fixed_concurrency,2584.7967599940057,2213.140009472002,16,piecewise,E9,E9-45ebd91d9a4e,2398.968384733004,2421.9204454300034,short_prompt_ttft_p95_ms,5,,fcfs,mixed,2000,workload_seed,233.1725851647278
fixed_concurrency,2577.9193741680065,2128.3661155340033,16,piecewise,E9,E9-45ebd91d9a4e,2369.9414854620054,2477.004682980004,long_prompt_ttft_p95_ms,5,,fcfs,mixed,2000,workload_seed,283.449300897553
fixed_concurrency,0.8164010000000012,0.7915379999999985,16,piecewise,E9,E9-45ebd91d9a4e,0.8004950000000001,0.7920299999999969,primer_max_itl_ms,5,,fcfs,mixed,2000,workload_seed,0.017574215487469153
fixed_concurrency,16.0,16.0,16,piecewise,E9,E9-45ebd91d9a4e,16.0,16.0,backlog_at_arrival_end,5,,fcfs,mixed,2000,workload_seed,0.0
fixed_concurrency,0.9999999999999991,0.9999999999999973,16,piecewise,E9,E9-45ebd91d9a4e,0.9999999999999982,0.9999999999999981,server_busy_fraction,5,,fcfs,mixed,2000,workload_seed,1.2085633081569536e-15
fixed_concurrency,0.03125,0.03125,16,piecewise,E9,E9-45ebd91d9a4e,0.03125,0.03125,batch_slot_occupancy,5,,fcfs,mixed,2000,workload_seed,0.0
fixed_concurrency,13.321730255000057,10.209576894999975,16,piecewise,E9,E9-45ebd91d9a4e,11.633254345000006,11.002390824999935,ttft_p50_ms,5,,mono,mixed,2000,workload_seed,2.0131921688341663
fixed_concurrency,201.09196079899988,93.23704092150001,16,piecewise,E9,E9-45ebd91d9a4e,145.83194408799983,98.20238539499995,ttft_p95_ms,5,,mono,mixed,2000,workload_seed,71.78357554330488
fixed_concurrency,330.7720259453,149.22982866880005,16,piecewise,E9,E9-45ebd91d9a4e,238.01004066460004,189.46057289400008,ttft_p99_ms,5,,mono,mixed,2000,workload_seed,116.79753936039063
fixed_concurrency,8.093535524110075,6.476124738894127,16,piecewise,E9,E9-45ebd91d9a4e,7.2950937942967276,7.170201018331541,tpot_p95_ms,5,,mono,mixed,2000,workload_seed,1.0638031735965603
fixed_concurrency,14.894494261242064,10.195831616859016,16,piecewise,E9,E9-45ebd91d9a4e,12.545162939050538,12.0570386405625,tpot_p99_ms,5,,mono,mixed,2000,workload_seed,3.055270827338988
fixed_concurrency,1552.860954061,1261.6000860964996,16,piecewise,E9,E9-45ebd91d9a4e,1407.2305200787498,1413.1284640775002,e2e_p95_ms,5,,mono,mixed,2000,workload_seed,189.13838668178818
fixed_concurrency,10.601484769999889,9.086769459999994,16,piecewise,E9,E9-45ebd91d9a4e,9.778263709999953,9.246095099999991,itl_p95_ms,5,,mono,mixed,2000,workload_seed,0.9805447912007254
fixed_concurrency,71.10781297999998,51.88392457360027,16,piecewise,E9,E9-45ebd91d9a4e,61.495868776800116,57.523557799999935,itl_p99_ms,5,,mono,mixed,2000,workload_seed,12.348827899875701
fixed_concurrency,34.03307011482423,29.54427163447729,16,piecewise,E9,E9-45ebd91d9a4e,31.785415887553835,31.767267774342017,request_throughput_rps,5,,mono,mixed,2000,workload_seed,2.883244331956469
fixed_concurrency,4226.156231773844,3775.8934078703073,16,piecewise,E9,E9-45ebd91d9a4e,4028.6160465072694,4141.040344188263,output_token_throughput_tps,5,,mono,mixed,2000,workload_seed,282.27567254015213
fixed_concurrency,32.82157317405721,28.556491474397184,16,piecewise,E9,E9-45ebd91d9a4e,30.85021157718354,31.658105701238348,observed_request_throughput_rps,5,,mono,mixed,2000,workload_seed,2.778554099938754
fixed_concurrency,3.0082567029879934,2.798558756812952,16,piecewise,E9,E9-45ebd91d9a4e,2.8978421022709795,2.8794289396050985,iteration_cv,5,,mono,mixed,2000,workload_seed,0.1441077687545952
fixed_concurrency,333.92974415,149.65417730500002,16,piecewise,E9,E9-45ebd91d9a4e,241.05350194,194.138241975,max_wait_ms,5,,mono,mixed,2000,workload_seed,119.05501328903065
fixed_concurrency,0.0,0.0,16,piecewise,E9,E9-45ebd91d9a4e,0.0,0.0,starvation_proxy_count,5,,mono,mixed,2000,workload_seed,0.0
fixed_concurrency,0.9993483380770536,0.9972646872396901,16,piecewise,E9,E9-45ebd91d9a4e,0.9983302729904349,0.9992794010821645,waiting_satisfaction_jain,5,,mono,mixed,2000,workload_seed,0.0013930914955164763
fixed_concurrency,176.9245170865,67.03908276099993,16,piecewise,E9,E9-45ebd91d9a4e,113.17757842749991,94.40471415999997,short_prompt_ttft_p95_ms,5,,mono,mixed,2000,workload_seed,69.56741543532175
fixed_concurrency,226.61570963549988,90.81800773600008,16,piecewise,E9,E9-45ebd91d9a4e,157.79606359849998,93.9986899800001,long_prompt_ttft_p95_ms,5,,mono,mixed,2000,workload_seed,91.12187608404895
fixed_concurrency,89.99378504999999,54.86291756999999,16,piecewise,E9,E9-45ebd91d9a4e,78.22700839,89.98160654999998,primer_max_itl_ms,5,,mono,mixed,2000,workload_seed,26.149173981007685
fixed_concurrency,16.0,16.0,16,piecewise,E9,E9-45ebd91d9a4e,16.0,16.0,backlog_at_arrival_end,5,,mono,mixed,2000,workload_seed,0.0
fixed_concurrency,1.0,0.9999999999999993,16,piecewise,E9,E9-45ebd91d9a4e,0.9999999999999998,1.0,server_busy_fraction,5,,mono,mixed,2000,workload_seed,5.461575137144e-16
fixed_concurrency,0.46388184797251786,0.4512542763083499,16,piecewise,E9,E9-45ebd91d9a4e,0.4565341813509926,0.452339140666009,batch_slot_occupancy,5,,mono,mixed,2000,workload_seed,0.00843150083214991
fixed_concurrency,11.849295949875247,8.445406115000054,4,piecewise,E9,E9-570facc3c085,9.957983952500124,8.960325425000065,ttft_p50_ms,5,,chunk_512,mixed,2000,workload_seed,2.1967713383266854
fixed_concurrency,154.49449617000002,145.40693210799938,4,piecewise,E9,E9-570facc3c085,150.85766999099968,153.9778683999996,ttft_p95_ms,5,,chunk_512,mixed,2000,workload_seed,6.479128387384352
fixed_concurrency,163.0573798349001,154.7960098800001,4,piecewise,E9,E9-570facc3c085,157.56375635830008,154.83204699999968,ttft_p99_ms,5,,chunk_512,mixed,2000,workload_seed,6.1414992633417675
fixed_concurrency,3.299184644324967,2.670246384264493,4,piecewise,E9,E9-570facc3c085,2.967208904956329,2.8093699734041446,tpot_p95_ms,5,,chunk_512,mixed,2000,workload_seed,0.4021000395879369
fixed_concurrency,5.62528069152966,3.8589140181016495,4,piecewise,E9,E9-570facc3c085,4.615965931200265,4.465128325963642,tpot_p99_ms,5,,chunk_512,mixed,2000,workload_seed,1.1490974980765918
fixed_concurrency,796.9868142950405,650.6396743122463,4,piecewise,E9,E9-570facc3c085,723.8222238034964,731.7620395549969,e2e_p95_ms,5,,chunk_512,mixed,2000,workload_seed,95.79343620899833
fixed_concurrency,9.503943210000035,8.616573677999991,4,piecewise,E9,E9-570facc3c085,9.197684856000034,9.468879050000055,itl_p95_ms,5,,chunk_512,mixed,2000,workload_seed,0.6462784003519075
fixed_concurrency,9.728559789999963,9.672311989999866,4,piecewise,E9,E9-570facc3c085,9.700435889999914,9.694841749999796,itl_p99_ms,5,,chunk_512,mixed,2000,workload_seed,0.035796230953156864
fixed_concurrency,18.54164002045274,16.290661487841152,4,piecewise,E9,E9-570facc3c085,17.44454486835541,17.429580739465603,request_throughput_rps,5,,chunk_512,mixed,2000,workload_seed,1.4728422439372615
fixed_concurrency,2311.902493518954,2087.8841223183213,4,piecewise,E9,E9-570facc3c085,2210.954824974151,2249.2516132459205,output_token_throughput_tps,5,,chunk_512,mixed,2000,workload_seed,136.95769941766173
fixed_concurrency,18.541512556383218,16.228417324534007,4,piecewise,E9,E9-570facc3c085,17.449071798769634,17.703454503783743,observed_request_throughput_rps,5,,chunk_512,mixed,2000,workload_seed,1.501308780819789
fixed_concurrency,1.3964072975490658,1.3858961274350343,4,piecewise,E9,E9-570facc3c085,1.39115171249205,1.391300256566258,iteration_cv,5,,chunk_512,mixed,2000,workload_seed,0.0066500346130074104
fixed_concurrency,142.83029413999952,97.52005027999931,4,piecewise,E9,E9-570facc3c085,122.93808674999957,125.89027619999933,max_wait_ms,5,,chunk_512,mixed,2000,workload_seed,29.125571836382658
fixed_concurrency,0.0,0.0,4,piecewise,E9,E9-570facc3c085,0.0,0.0,starvation_proxy_count,5,,chunk_512,mixed,2000,workload_seed,0.0
fixed_concurrency,0.9998500217560616,0.999501344895734,4,piecewise,E9,E9-570facc3c085,0.9996986751307804,0.999750816350931,waiting_satisfaction_jain,5,,chunk_512,mixed,2000,workload_seed,0.0002237617765282434
fixed_concurrency,33.09900489650006,12.069302604500047,4,piecewise,E9,E9-570facc3c085,22.982460845750044,25.779929924999983,short_prompt_ttft_p95_ms,5,,chunk_512,mixed,2000,workload_seed,12.945662577384747
fixed_concurrency,163.84245770399997,154.77190400000026,4,piecewise,E9,E9-570facc3c085,157.8192101680001,154.83607479999966,long_prompt_ttft_p95_ms,5,,chunk_512,mixed,2000,workload_seed,6.730092157268795
fixed_concurrency,9.741884569999996,9.495024210000004,4,piecewise,E9,E9-570facc3c085,9.60034532,9.517426600000007,primer_max_itl_ms,5,,chunk_512,mixed,2000,workload_seed,0.16334581254443506
fixed_concurrency,4.0,4.0,4,piecewise,E9,E9-570facc3c085,4.0,4.0,backlog_at_arrival_end,5,,chunk_512,mixed,2000,workload_seed,0.0
fixed_concurrency,1.0,1.0,4,piecewise,E9,E9-570facc3c085,1.0,1.0,server_busy_fraction,5,,chunk_512,mixed,2000,workload_seed,0.0
fixed_concurrency,0.1218253759866029,0.1195691837224409,4,piecewise,E9,E9-570facc3c085,0.12074449734537003,0.12103686781729958,batch_slot_occupancy,5,,chunk_512,mixed,2000,workload_seed,0.0014682892152089564
fixed_concurrency,369.69597924,332.7807210540014,4,piecewise,E9,E9-570facc3c085,353.5744044500002,358.2534442999995,ttft_p50_ms,5,,fcfs,mixed,2000,workload_seed,23.01198357575669
fixed_concurrency,733.2075992149985,646.8622432830002,4,piecewise,E9,E9-570facc3c085,687.2197874759999,674.0974065250044,ttft_p95_ms,5,,fcfs,mixed,2000,workload_seed,54.689312371527265
fixed_concurrency,945.1468103124001,815.9621996703994,4,piecewise,E9,E9-570facc3c085,877.8755933543998,850.4839656699997,ttft_p99_ms,5,,fcfs,mixed,2000,workload_seed,82.38187560888923
fixed_concurrency,0.8308106499999995,0.8277415999999977,4,piecewise,E9,E9-570facc3c085,0.8292761249999986,0.8291127500000056,tpot_p95_ms,5,,fcfs,mixed,2000,workload_seed,0.001920854458715273
fixed_concurrency,0.831829874999993,0.8315025649999945,4,piecewise,E9,E9-570facc3c085,0.8316750699999934,0.8317319249999928,tpot_p99_ms,5,,fcfs,mixed,2000,workload_seed,0.00020721060949460912
fixed_concurrency,887.4729077869973,791.1911526389999,4,piecewise,E9,E9-570facc3c085,837.7942752109993,812.5515299550028,e2e_p95_ms,5,,fcfs,mixed,2000,workload_seed,61.40735344839562
fixed_concurrency,0.8317119999999705,0.8312204999998836,4,piecewise,E9,E9-570facc3c085,0.8314542499999572,0.8314600000003338,itl_p95_ms,5,,fcfs,mixed,2000,workload_seed,0.00032971057393934883
fixed_concurrency,0.8326866799998062,0.8322779999997202,4,piecewise,E9,E9-570facc3c085,0.8324923399997625,0.8326099999994767,itl_p99_ms,5,,fcfs,mixed,2000,workload_seed,0.0002674198534500556
fixed_concurrency,8.906278155322521,7.98027260052026,4,piecewise,E9,E9-570facc3c085,8.387209847490443,8.005473459184023,request_throughput_rps,5,,fcfs,mixed,2000,workload_seed,0.589619709732364
fixed_concurrency,1078.4653197252258,1043.4305727943367,4,piecewise,E9,E9-570facc3c085,1062.4897495702169,1065.255637085867,output_token_throughput_tps,5,,fcfs,mixed,2000,workload_seed,21.805499268852866
fixed_concurrency,8.861522955623304,7.940701366427217,4,piecewise,E9,E9-570facc3c085,8.347857333977267,8.053386077848959,observed_request_throughput_rps,5,,fcfs,mixed,2000,workload_seed,0.5838603173527682
fixed_concurrency,3.000356513546576,2.6119955487872355,4,piecewise,E9,E9-570facc3c085,2.796293944121974,2.7101214842106818,iteration_cv,5,,fcfs,mixed,2000,workload_seed,0.24631351922532843
fixed_concurrency,1048.8376335399985,834.3388586800004,4,piecewise,E9,E9-570facc3c085,939.3567842600012,856.9858438000101,max_wait_ms,5,,fcfs,mixed,2000,workload_seed,140.05735819121423
fixed_concurrency,0.8,0.0,4,piecewise,E9,E9-570facc3c085,0.4,0.0,starvation_proxy_count,5,,fcfs,mixed,2000,workload_seed,0.5477225575051661
fixed_concurrency,0.9857496791425497,0.9811012495720413,4,piecewise,E9,E9-570facc3c085,0.9836549240275696,0.9836128002155626,waiting_satisfaction_jain,5,,fcfs,mixed,2000,workload_seed,0.0030852320590976177
fixed_concurrency,692.3203546999972,595.6903592380007,4,piecewise,E9,E9-570facc3c085,651.7196263450002,667.5444873499969,short_prompt_ttft_p95_ms,5,,fcfs,mixed,2000,workload_seed,61.2567485790647
fixed_concurrency,698.7677940269989,602.9183013630018,4,piecewise,E9,E9-570facc3c085,644.6919967190007,627.435931240002,long_prompt_ttft_p95_ms,5,,fcfs,mixed,2000,workload_seed,58.786216825756
fixed_concurrency,0.8164010000000012,0.7915379999999985,4,piecewise,E9,E9-570facc3c085,0.8004950000000001,0.7920299999999969,primer_max_itl_ms,5,,fcfs,mixed,2000,workload_seed,0.017574215487469153
fixed_concurrency,4.0,4.0,4,piecewise,E9,E9-570facc3c085,4.0,4.0,backlog_at_arrival_end,5,,fcfs,mixed,2000,workload_seed,0.0
fixed_concurrency,0.9999999999999991,0.9999999999999973,4,piecewise,E9,E9-570facc3c085,0.9999999999999982,0.9999999999999981,server_busy_fraction,5,,fcfs,mixed,2000,workload_seed,1.2085633081569536e-15
fixed_concurrency,0.03125,0.03125,4,piecewise,E9,E9-570facc3c085,0.03125,0.03125,batch_slot_occupancy,5,,fcfs,mixed,2000,workload_seed,0.0
fixed_concurrency,9.512883409999972,8.076556775000153,4,piecewise,E9,E9-570facc3c085,8.669882735000078,8.472247750000065,ttft_p50_ms,5,,mono,mixed,2000,workload_seed,0.9416011763415171
fixed_concurrency,89.60421754349997,82.1740628834999,4,piecewise,E9,E9-570facc3c085,85.91561447699999,89.57691464250014,ttft_p95_ms,5,,mono,mixed,2000,workload_seed,5.045728395424367
fixed_concurrency,91.335196492,89.61493623,4,piecewise,E9,E9-570facc3c085,90.1901597015,89.62171537500008,ttft_p99_ms,5,,mono,mixed,2000,workload_seed,1.2791899160657727
fixed_concurrency,2.4936423291634524,2.163059242770628,4,piecewise,E9,E9-570facc3c085,2.3073956449823214,2.196805610520803,tpot_p95_ms,5,,mono,mixed,2000,workload_seed,0.2085327655138909
fixed_concurrency,4.62288976868544,2.914410239557943,4,piecewise,E9,E9-570facc3c085,3.6271244277418644,3.3464755405525635,tpot_p99_ms,5,,mono,mixed,2000,workload_seed,1.080243322046466
fixed_concurrency,680.4797860662507,565.2656527683374,4,piecewise,E9,E9-570facc3c085,624.2132431874999,644.5072390824992,e2e_p95_ms,5,,mono,mixed,2000,workload_seed,77.7280494167863
fixed_concurrency,1.0307906000000913,1.0099242000000914,4,piecewise,E9,E9-570facc3c085,1.0203524000000699,1.0242409999998472,itl_p95_ms,5,,mono,mixed,2000,workload_seed,0.013601349502914108
fixed_concurrency,10.77492143104498,9.150473326999963,4,piecewise,E9,E9-570facc3c085,9.836183403399977,9.359372988000066,itl_p99_ms,5,,mono,mixed,2000,workload_seed,1.0550524888335127
fixed_concurrency,21.666335941011507,19.38591574526298,4,piecewise,E9,E9-570facc3c085,20.450117456567092,19.919638437098072,request_throughput_rps,5,,mono,mixed,2000,workload_seed,1.5215515828952781
fixed_concurrency,2668.8859289465613,2495.9298586396576,4,piecewise,E9,E9-570facc3c085,2591.3842960997345,2615.657212207679,output_token_throughput_tps,5,,mono,mixed,2000,workload_seed,107.87373825696162
fixed_concurrency,21.773232886616885,19.403699131916408,4,piecewise,E9,E9-570facc3c085,20.57207021349857,20.392344827352023,observed_request_throughput_rps,5,,mono,mixed,2000,workload_seed,1.5388914036942611
fixed_concurrency,3.6184002114853753,3.291635416008501,4,piecewise,E9,E9-570facc3c085,3.455017813746938,3.396431497798422,iteration_cv,5,,mono,mixed,2000,workload_seed,0.20869470201457208
fixed_concurrency,82.83397663000004,33.073895860000036,4,piecewise,E9,E9-570facc3c085,57.953936245000044,70.15405025000018,max_wait_ms,5,,mono,mixed,2000,workload_seed,33.02701897245985
fixed_concurrency,0.0,0.0,4,piecewise,E9,E9-570facc3c085,0.0,0.0,starvation_proxy_count,5,,mono,mixed,2000,workload_seed,0.0
fixed_concurrency,0.9999858130498762,0.9998877751159716,4,piecewise,E9,E9-570facc3c085,0.9999430760639123,0.999958328263074,waiting_satisfaction_jain,5,,mono,mixed,2000,workload_seed,6.402184633180838e-05
fixed_concurrency,7.674776811437224,6.687905930999834,4,piecewise,E9,E9-570facc3c085,7.06408357649987,6.802867674999979,short_prompt_ttft_p95_ms,5,,mono,mixed,2000,workload_seed,0.6781907445589299
fixed_concurrency,89.621851825,89.61389357499995,4,piecewise,E9,E9-570facc3c085,89.61785637499995,89.61762229999991,long_prompt_ttft_p95_ms,5,,mono,mixed,2000,workload_seed,0.005140477757478441
fixed_concurrency,67.49427451,20.15603101,4,piecewise,E9,E9-570facc3c085,42.603922229999995,30.527736600000004,primer_max_itl_ms,5,,mono,mixed,2000,workload_seed,31.39731162274057
fixed_concurrency,4.0,4.0,4,piecewise,E9,E9-570facc3c085,4.0,4.0,backlog_at_arrival_end,5,,mono,mixed,2000,workload_seed,0.0
fixed_concurrency,0.9999999999999998,0.9999999999999984,4,piecewise,E9,E9-570facc3c085,0.9999999999999991,0.9999999999999988,server_busy_fraction,5,,mono,mixed,2000,workload_seed,9.308675526511305e-16
fixed_concurrency,0.12298319956658559,0.12102520610999348,4,piecewise,E9,E9-570facc3c085,0.12200420283828954,0.12173668492370142,batch_slot_occupancy,5,,mono,mixed,2000,workload_seed,0.0012633772024919646
fixed_concurrency,9.417399999999862,6.304599999999937,1,analytical,E9,E9-594e193cde6c,7.649399999999924,7.255000000000109,ttft_p50_ms,5,,chunk_512,mixed,2000,workload_seed,1.9473441657806159
fixed_concurrency,147.3332599999971,134.90653999999822,1,analytical,E9,E9-594e193cde6c,141.11989999999767,140.44229999999806,ttft_p95_ms,5,,chunk_512,mixed,2000,workload_seed,7.777862668817772
fixed_concurrency,149.05599999999998,149.0559999999979,1,analytical,E9,E9-594e193cde6c,149.055999999999,149.05599999999927,ttft_p99_ms,5,,chunk_512,mixed,2000,workload_seed,1.3330054423038982e-12
fixed_concurrency,0.32300000000032014,0.32300000000032014,1,analytical,E9,E9-594e193cde6c,0.32300000000032014,0.32300000000032014,tpot_p95_ms,5,,chunk_512,mixed,2000,workload_seed,0.0
fixed_concurrency,0.32300000000032014,0.32300000000032014,1,analytical,E9,E9-594e193cde6c,0.32300000000032014,0.32300000000032014,tpot_p99_ms,5,,chunk_512,mixed,2000,workload_seed,0.0
fixed_concurrency,219.54045000007176,198.53663000003684,1,analytical,E9,E9-594e193cde6c,209.51403000007568,216.03960000016434,e2e_p95_ms,5,,chunk_512,mixed,2000,workload_seed,13.79222852727681
fixed_concurrency,0.32300000000032014,0.32300000000032014,1,analytical,E9,E9-594e193cde6c,0.32300000000032014,0.32300000000032014,itl_p95_ms,5,,chunk_512,mixed,2000,workload_seed,0.0
fixed_concurrency,0.32300000000032014,0.32300000000032014,1,analytical,E9,E9-594e193cde6c,0.32300000000032014,0.32300000000032014,itl_p99_ms,5,,chunk_512,mixed,2000,workload_seed,0.0
fixed_concurrency,15.699289180378411,13.857333912981133,1,analytical,E9,E9-594e193cde6c,14.791474057202134,14.769448334561277,request_throughput_rps,5,,chunk_512,mixed,2000,workload_seed,1.189660302437046
fixed_concurrency,1957.9902254836616,1776.9675406432154,1,analytical,E9,E9-594e193cde6c,1874.936021866557,1895.3328139363766,output_token_throughput_tps,5,,chunk_512,mixed,2000,workload_seed,111.35289700715933
fixed_concurrency,15.612445051929068,13.799897045453411,1,analytical,E9,E9-594e193cde6c,14.71917137401147,14.693468787828246,observed_request_throughput_rps,5,,chunk_512,mixed,2000,workload_seed,1.1710697839223236
fixed_concurrency,2.5032273664041726,2.4270721995844013,1,analytical,E9,E9-594e193cde6c,2.464487230250255,2.459894623196558,iteration_cv,5,,chunk_512,mixed,2000,workload_seed,0.046999265037367045
fixed_concurrency,0.0,0.0,1,analytical,E9,E9-594e193cde6c,0.0,0.0,max_wait_ms,5,,chunk_512,mixed,2000,workload_seed,0.0
fixed_concurrency,0.0,0.0,1,analytical,E9,E9-594e193cde6c,0.0,0.0,starvation_proxy_count,5,,chunk_512,mixed,2000,workload_seed,0.0
fixed_concurrency,1.0,1.0,1,analytical,E9,E9-594e193cde6c,1.0,1.0,waiting_satisfaction_jain,5,,chunk_512,mixed,2000,workload_seed,0.0
fixed_concurrency,4.481497000000142,4.089879999999868,1,analytical,E9,E9-594e193cde6c,4.294359999999943,4.335399999999987,short_prompt_ttft_p95_ms,5,,chunk_512,mixed,2000,workload_seed,0.26405883435331123
fixed_concurrency,149.05599999999998,149.05599999999782,1,analytical,E9,E9-594e193cde6c,149.0559999999989,149.0559999999995,long_prompt_ttft_p95_ms,5,,chunk_512,mixed,2000,workload_seed,1.4616332120278747e-12
fixed_concurrency,0.3230000000000047,0.3230000000000004,1,analytical,E9,E9-594e193cde6c,0.32300000000000184,0.3230000000000004,primer_max_itl_ms,5,,chunk_512,mixed,2000,workload_seed,3.1776437161565094e-15
fixed_concurrency,1.0,1.0,1,analytical,E9,E9-594e193cde6c,1.0,1.0,backlog_at_arrival_end,5,,chunk_512,mixed,2000,workload_seed,0.0
fixed_concurrency,0.9999999999997684,0.9999999999996849,1,analytical,E9,E9-594e193cde6c,0.9999999999997244,0.999999999999697,server_busy_fraction,5,,chunk_512,mixed,2000,workload_seed,5.197132924831074e-14
fixed_concurrency,0.03125,0.03125,1,analytical,E9,E9-594e193cde6c,0.03125,0.03125,batch_slot_occupancy,5,,chunk_512,mixed,2000,workload_seed,0.0
fixed_concurrency,9.357399999999917,6.304599999999937,1,analytical,E9,E9-594e193cde6c,7.629399999999942,7.255000000000109,ttft_p50_ms,5,,fcfs,mixed,2000,workload_seed,1.9059038013498875
fixed_concurrency,145.84725999999984,133.51653999999982,1,analytical,E9,E9-594e193cde6c,139.68189999999984,139.01229999999998,ttft_p95_ms,5,,fcfs,mixed,2000,workload_seed,7.717976722885358
fixed_concurrency,147.55600000000004,147.55599999999976,1,analytical,E9,E9-594e193cde6c,147.55599999999995,147.55600000000004,ttft_p99_ms,5,,fcfs,mixed,2000,workload_seed,2.0056948829252804e-13
fixed_concurrency,0.32300000000032014,0.32300000000032014,1,analytical,E9,E9-594e193cde6c,0.32300000000032014,0.32300000000032014,tpot_p95_ms,5,,fcfs,mixed,2000,workload_seed,0.0
fixed_concurrency,0.32300000000032014,0.32300000000032014,1,analytical,E9,E9-594e193cde6c,0.32300000000032014,0.32300000000032014,tpot_p99_ms,5,,fcfs,mixed,2000,workload_seed,0.0
fixed_concurrency,218.839630000015,197.06963000003879,1,analytical,E9,E9-594e193cde6c,208.51203000007462,215.21015000010726,e2e_p95_ms,5,,fcfs,mixed,2000,workload_seed,14.150233868157049
fixed_concurrency,0.32300000000032014,0.32300000000032014,1,analytical,E9,E9-594e193cde6c,0.32300000000032014,0.32300000000032014,itl_p95_ms,5,,fcfs,mixed,2000,workload_seed,0.0
fixed_concurrency,0.32300000000032014,0.32300000000032014,1,analytical,E9,E9-594e193cde6c,0.32300000000032014,0.32300000000032014,itl_p99_ms,5,,fcfs,mixed,2000,workload_seed,0.0
fixed_concurrency,15.756400625276871,13.912873726781829,1,analytical,E9,E9-594e193cde6c,14.84506977497052,14.815433839302772,request_throughput_rps,5,,fcfs,mixed,2000,workload_seed,1.1908791854433882
fixed_concurrency,1964.464807751249,1784.0881774334134,1,analytical,E9,E9-594e193cde6c,1881.7195869011953,1901.9858161903646,output_token_throughput_tps,5,,fcfs,mixed,2000,workload_seed,110.98787671962053
fixed_concurrency,15.669179118562564,13.85534760918,1,analytical,E9,E9-594e193cde6c,14.772523184042138,14.739170075627069,observed_request_throughput_rps,5,,fcfs,mixed,2000,workload_seed,1.1721211110874656
fixed_concurrency,8.399616243896958,7.6899458246928205,1,analytical,E9,E9-594e193cde6c,8.044781034294889,7.887456260960454,iteration_cv,5,,fcfs,mixed,2000,workload_seed,0.45349515012451536
fixed_concurrency,0.0,0.0,1,analytical,E9,E9-594e193cde6c,0.0,0.0,max_wait_ms,5,,fcfs,mixed,2000,workload_seed,0.0
fixed_concurrency,0.0,0.0,1,analytical,E9,E9-594e193cde6c,0.0,0.0,starvation_proxy_count,5,,fcfs,mixed,2000,workload_seed,0.0
fixed_concurrency,1.0,1.0,1,analytical,E9,E9-594e193cde6c,1.0,1.0,waiting_satisfaction_jain,5,,fcfs,mixed,2000,workload_seed,0.0
fixed_concurrency,4.481497000000142,4.089879999999868,1,analytical,E9,E9-594e193cde6c,4.294359999999943,4.335399999999987,short_prompt_ttft_p95_ms,5,,fcfs,mixed,2000,workload_seed,0.26405883435331123
fixed_concurrency,147.55600000000004,147.55599999999976,1,analytical,E9,E9-594e193cde6c,147.55599999999995,147.55600000000004,long_prompt_ttft_p95_ms,5,,fcfs,mixed,2000,workload_seed,2.0056948829252804e-13
fixed_concurrency,0.3230000000000047,0.3230000000000004,1,analytical,E9,E9-594e193cde6c,0.32300000000000184,0.3230000000000004,primer_max_itl_ms,5,,fcfs,mixed,2000,workload_seed,3.1776437161565094e-15
fixed_concurrency,1.0,1.0,1,analytical,E9,E9-594e193cde6c,1.0,1.0,backlog_at_arrival_end,5,,fcfs,mixed,2000,workload_seed,0.0
fixed_concurrency,0.9999999999997626,0.9999999999996833,1,analytical,E9,E9-594e193cde6c,0.9999999999997209,0.9999999999996967,server_busy_fraction,5,,fcfs,mixed,2000,workload_seed,4.9786441036252594e-14
fixed_concurrency,0.03125,0.03125,1,analytical,E9,E9-594e193cde6c,0.03125,0.03125,batch_slot_occupancy,5,,fcfs,mixed,2000,workload_seed,0.0
fixed_concurrency,9.357399999999917,6.304599999999937,1,analytical,E9,E9-594e193cde6c,7.629399999999942,7.255000000000109,ttft_p50_ms,5,,mono,mixed,2000,workload_seed,1.9059038013498875
fixed_concurrency,145.84725999999984,133.51653999999982,1,analytical,E9,E9-594e193cde6c,139.68189999999984,139.01229999999998,ttft_p95_ms,5,,mono,mixed,2000,workload_seed,7.717976722885358
fixed_concurrency,147.55600000000004,147.55599999999976,1,analytical,E9,E9-594e193cde6c,147.55599999999995,147.55600000000004,ttft_p99_ms,5,,mono,mixed,2000,workload_seed,2.0056948829252804e-13
fixed_concurrency,0.32300000000032014,0.32300000000032014,1,analytical,E9,E9-594e193cde6c,0.32300000000032014,0.32300000000032014,tpot_p95_ms,5,,mono,mixed,2000,workload_seed,0.0
fixed_concurrency,0.32300000000032014,0.32300000000032014,1,analytical,E9,E9-594e193cde6c,0.32300000000032014,0.32300000000032014,tpot_p99_ms,5,,mono,mixed,2000,workload_seed,0.0
fixed_concurrency,218.839630000015,197.06963000003879,1,analytical,E9,E9-594e193cde6c,208.51203000007462,215.21015000010726,e2e_p95_ms,5,,mono,mixed,2000,workload_seed,14.150233868157049
fixed_concurrency,0.32300000000032014,0.32300000000032014,1,analytical,E9,E9-594e193cde6c,0.32300000000032014,0.32300000000032014,itl_p95_ms,5,,mono,mixed,2000,workload_seed,0.0
fixed_concurrency,0.32300000000032014,0.32300000000032014,1,analytical,E9,E9-594e193cde6c,0.32300000000032014,0.32300000000032014,itl_p99_ms,5,,mono,mixed,2000,workload_seed,0.0
fixed_concurrency,15.756400625276871,13.912873726781829,1,analytical,E9,E9-594e193cde6c,14.84506977497052,14.815433839302772,request_throughput_rps,5,,mono,mixed,2000,workload_seed,1.1908791854433882
fixed_concurrency,1964.464807751249,1784.0881774334134,1,analytical,E9,E9-594e193cde6c,1881.7195869011953,1901.9858161903646,output_token_throughput_tps,5,,mono,mixed,2000,workload_seed,110.98787671962053
fixed_concurrency,15.669179118562564,13.85534760918,1,analytical,E9,E9-594e193cde6c,14.772523184042138,14.739170075627069,observed_request_throughput_rps,5,,mono,mixed,2000,workload_seed,1.1721211110874656
fixed_concurrency,8.399616243896958,7.6899458246928205,1,analytical,E9,E9-594e193cde6c,8.044781034294889,7.887456260960454,iteration_cv,5,,mono,mixed,2000,workload_seed,0.45349515012451536
fixed_concurrency,0.0,0.0,1,analytical,E9,E9-594e193cde6c,0.0,0.0,max_wait_ms,5,,mono,mixed,2000,workload_seed,0.0
fixed_concurrency,0.0,0.0,1,analytical,E9,E9-594e193cde6c,0.0,0.0,starvation_proxy_count,5,,mono,mixed,2000,workload_seed,0.0
fixed_concurrency,1.0,1.0,1,analytical,E9,E9-594e193cde6c,1.0,1.0,waiting_satisfaction_jain,5,,mono,mixed,2000,workload_seed,0.0
fixed_concurrency,4.481497000000142,4.089879999999868,1,analytical,E9,E9-594e193cde6c,4.294359999999943,4.335399999999987,short_prompt_ttft_p95_ms,5,,mono,mixed,2000,workload_seed,0.26405883435331123
fixed_concurrency,147.55600000000004,147.55599999999976,1,analytical,E9,E9-594e193cde6c,147.55599999999995,147.55600000000004,long_prompt_ttft_p95_ms,5,,mono,mixed,2000,workload_seed,2.0056948829252804e-13
fixed_concurrency,0.3230000000000047,0.3230000000000004,1,analytical,E9,E9-594e193cde6c,0.32300000000000184,0.3230000000000004,primer_max_itl_ms,5,,mono,mixed,2000,workload_seed,3.1776437161565094e-15
fixed_concurrency,1.0,1.0,1,analytical,E9,E9-594e193cde6c,1.0,1.0,backlog_at_arrival_end,5,,mono,mixed,2000,workload_seed,0.0
fixed_concurrency,0.9999999999997626,0.9999999999996833,1,analytical,E9,E9-594e193cde6c,0.9999999999997209,0.9999999999996967,server_busy_fraction,5,,mono,mixed,2000,workload_seed,4.9786441036252594e-14
fixed_concurrency,0.03125,0.03125,1,analytical,E9,E9-594e193cde6c,0.03125,0.03125,batch_slot_occupancy,5,,mono,mixed,2000,workload_seed,0.0
fixed_concurrency,10.13023376000001,7.543061340000167,1,piecewise,E9,E9-a762246d700d,8.576722860000155,8.072920200000226,ttft_p50_ms,5,,chunk_512,mixed,2000,workload_seed,1.6915402232019767
fixed_concurrency,149.12098569299988,136.98436578499974,1,piecewise,E9,E9-a762246d700d,143.0526757389998,142.7415172649994,ttft_p95_ms,5,,chunk_512,mixed,2000,workload_seed,7.598391495925467
fixed_concurrency,150.7158528,150.7158528,1,piecewise,E9,E9-a762246d700d,150.7158528,150.7158528,ttft_p99_ms,5,,chunk_512,mixed,2000,workload_seed,0.0
fixed_concurrency,0.8308106499999921,0.8277415999999977,1,piecewise,E9,E9-a762246d700d,0.8292761249999948,0.8291127500000056,tpot_p95_ms,5,,chunk_512,mixed,2000,workload_seed,0.0019208544587105423
fixed_concurrency,0.8318298749999944,0.8315025649999941,1,piecewise,E9,E9-a762246d700d,0.8316750699999937,0.8317319249999928,tpot_p99_ms,5,,chunk_512,mixed,2000,workload_seed,0.00020721060949584015
fixed_concurrency,435.95630962500127,350.9621753170014,1,piecewise,E9,E9-a762246d700d,394.2377951590018,405.7873129150013,e2e_p95_ms,5,,chunk_512,mixed,2000,workload_seed,55.413999608983126
fixed_concurrency,0.8317120000003342,0.8312204999998836,1,piecewise,E9,E9-a762246d700d,0.8314542500001391,0.8314600000003338,itl_p95_ms,5,,chunk_512,mixed,2000,workload_seed,0.0003297105742536413
fixed_concurrency,0.8326866799998062,0.8322779999997202,1,piecewise,E9,E9-a762246d700d,0.8324923399997625,0.8326099999994767,itl_p99_ms,5,,chunk_512,mixed,2000,workload_seed,0.0002674198534500556
fixed_concurrency,8.242895084250494,7.368780886168866,1,piecewise,E9,E9-a762246d700d,7.765046824724561,7.487160076390618,request_throughput_rps,5,,chunk_512,mixed,2000,workload_seed,0.5643892055235272
fixed_concurrency,1006.8810185181394,955.4049766677717,1,piecewise,E9,E9-a762246d700d,983.7937660688607,990.8228995927988,output_token_throughput_tps,5,,chunk_512,mixed,2000,workload_seed,31.78415575096327
fixed_concurrency,8.196734747768339,7.341562902013459,1,piecewise,E9,E9-a762246d700d,7.726929949286918,7.446119102588445,observed_request_throughput_rps,5,,chunk_512,mixed,2000,workload_seed,0.5515495007599084
fixed_concurrency,1.2971525260879204,1.2062203319923612,1,piecewise,E9,E9-a762246d700d,1.2490127718233963,1.2382129468988217,iteration_cv,5,,chunk_512,mixed,2000,workload_seed,0.05526874720463087
fixed_concurrency,0.0,0.0,1,piecewise,E9,E9-a762246d700d,0.0,0.0,max_wait_ms,5,,chunk_512,mixed,2000,workload_seed,0.0
fixed_concurrency,0.0,0.0,1,piecewise,E9,E9-a762246d700d,0.0,0.0,starvation_proxy_count,5,,chunk_512,mixed,2000,workload_seed,0.0
fixed_concurrency,1.0,1.0,1,piecewise,E9,E9-a762246d700d,1.0,1.0,waiting_satisfaction_jain,5,,chunk_512,mixed,2000,workload_seed,0.0
fixed_concurrency,6.3383873916756865,5.793970926000508,1,piecewise,E9,E9-a762246d700d,6.078235439000409,6.135280110000064,short_prompt_ttft_p95_ms,5,,chunk_512,mixed,2000,workload_seed,0.36708940036833787
fixed_concurrency,150.7158528,150.7158528,1,piecewise,E9,E9-a762246d700d,150.7158528,150.7158528,long_prompt_ttft_p95_ms,5,,chunk_512,mixed,2000,workload_seed,0.0
fixed_concurrency,0.8164010000000012,0.7915379999999985,1,piecewise,E9,E9-a762246d700d,0.8004950000000001,0.7920299999999969,primer_max_itl_ms,5,,chunk_512,mixed,2000,workload_seed,0.017574215487469153
fixed_concurrency,1.0,1.0,1,piecewise,E9,E9-a762246d700d,1.0,1.0,backlog_at_arrival_end,5,,chunk_512,mixed,2000,workload_seed,0.0
fixed_concurrency,0.9999999999999991,0.999999999999998,1,piecewise,E9,E9-a762246d700d,0.9999999999999986,0.9999999999999989,server_busy_fraction,5,,chunk_512,mixed,2000,workload_seed,6.995286129029383e-16
fixed_concurrency,0.03125,0.03125,1,piecewise,E9,E9-a762246d700d,0.03125,0.03125,batch_slot_occupancy,5,,chunk_512,mixed,2000,workload_seed,0.0
fixed_concurrency,9.246733760000097,7.543061340000167,1,piecewise,E9,E9-a762246d700d,8.282222860000001,8.072920200000226,ttft_p50_ms,5,,fcfs,mixed,2000,workload_seed,1.0637404631234444
fixed_concurrency,88.34358569299971,80.96796578500009,1,piecewise,E9,E9-a762246d700d,84.65577573899989,84.25451726499998,ttft_p95_ms,5,,fcfs,mixed,2000,workload_seed,4.616411276495397
fixed_concurrency,89.3658528,89.36585279999977,1,piecewise,E9,E9-a762246d700d,89.3658527999999,89.36585279999996,ttft_p99_ms,5,,fcfs,mixed,2000,workload_seed,1.6121649424453356e-13
fixed_concurrency,0.8308106499999995,0.8277415999999977,1,piecewise,E9,E9-a762246d700d,0.8292761249999986,0.8291127500000056,tpot_p95_ms,5,,fcfs,mixed,2000,workload_seed,0.001920854458715273
fixed_concurrency,0.831829874999993,0.8315025649999945,1,piecewise,E9,E9-a762246d700d,0.8316750699999934,0.8317319249999928,tpot_p99_ms,5,,fcfs,mixed,2000,workload_seed,0.00020721060949460912
fixed_concurrency,411.02506019399823,342.7936483530011,1,piecewise,E9,E9-a762246d700d,378.96978621099976,388.2324382549994,e2e_p95_ms,5,,fcfs,mixed,2000,workload_seed,44.14992520583706
fixed_concurrency,0.8317119999999705,0.8312204999998836,1,piecewise,E9,E9-a762246d700d,0.8314542499999572,0.8314600000003338,itl_p95_ms,5,,fcfs,mixed,2000,workload_seed,0.00032971057393934883
fixed_concurrency,0.8326866799998062,0.8322779999997202,1,piecewise,E9,E9-a762246d700d,0.8324923399997625,0.8326099999994767,itl_p99_ms,5,,fcfs,mixed,2000,workload_seed,0.0002674198534500556
fixed_concurrency,8.906278155322521,7.98027260052026,1,piecewise,E9,E9-a762246d700d,8.387209847490443,8.005473459184023,request_throughput_rps,5,,fcfs,mixed,2000,workload_seed,0.589619709732364
fixed_concurrency,1078.4653197252258,1043.4305727943367,1,piecewise,E9,E9-a762246d700d,1062.4897495702169,1065.255637085867,output_token_throughput_tps,5,,fcfs,mixed,2000,workload_seed,21.805499268852866
fixed_concurrency,8.85477544555773,7.9476813289061585,1,piecewise,E9,E9-a762246d700d,8.347181223244691,7.9894038712592925,observed_request_throughput_rps,5,,fcfs,mixed,2000,workload_seed,0.5760266567568861
fixed_concurrency,3.000356513546576,2.6119955487872355,1,piecewise,E9,E9-a762246d700d,2.796293944121974,2.7101214842106818,iteration_cv,5,,fcfs,mixed,2000,workload_seed,0.24631351922532843
fixed_concurrency,0.0,0.0,1,piecewise,E9,E9-a762246d700d,0.0,0.0,max_wait_ms,5,,fcfs,mixed,2000,workload_seed,0.0
fixed_concurrency,0.0,0.0,1,piecewise,E9,E9-a762246d700d,0.0,0.0,starvation_proxy_count,5,,fcfs,mixed,2000,workload_seed,0.0
fixed_concurrency,1.0,1.0,1,piecewise,E9,E9-a762246d700d,1.0,1.0,waiting_satisfaction_jain,5,,fcfs,mixed,2000,workload_seed,0.0
fixed_concurrency,6.3383873916756865,5.793970926000508,1,piecewise,E9,E9-a762246d700d,6.078235439000409,6.135280110000064,short_prompt_ttft_p95_ms,5,,fcfs,mixed,2000,workload_seed,0.36708940036833787
fixed_concurrency,89.3658528,89.36585279999973,1,piecewise,E9,E9-a762246d700d,89.36585279999989,89.36585279999998,long_prompt_ttft_p95_ms,5,,fcfs,mixed,2000,workload_seed,1.686248307827478e-13
fixed_concurrency,0.8164010000000012,0.7915379999999985,1,piecewise,E9,E9-a762246d700d,0.8004950000000001,0.7920299999999969,primer_max_itl_ms,5,,fcfs,mixed,2000,workload_seed,0.017574215487469153
fixed_concurrency,1.0,1.0,1,piecewise,E9,E9-a762246d700d,1.0,1.0,backlog_at_arrival_end,5,,fcfs,mixed,2000,workload_seed,0.0
fixed_concurrency,0.9999999999999991,0.9999999999999973,1,piecewise,E9,E9-a762246d700d,0.9999999999999982,0.9999999999999981,server_busy_fraction,5,,fcfs,mixed,2000,workload_seed,1.2085633081569536e-15
fixed_concurrency,0.03125,0.03125,1,piecewise,E9,E9-a762246d700d,0.03125,0.03125,batch_slot_occupancy,5,,fcfs,mixed,2000,workload_seed,0.0
fixed_concurrency,9.246733760000097,7.543061340000167,1,piecewise,E9,E9-a762246d700d,8.282222860000001,8.072920200000226,ttft_p50_ms,5,,mono,mixed,2000,workload_seed,1.0637404631234444
fixed_concurrency,88.34358569299971,80.96796578500009,1,piecewise,E9,E9-a762246d700d,84.65577573899989,84.25451726499998,ttft_p95_ms,5,,mono,mixed,2000,workload_seed,4.616411276495397
fixed_concurrency,89.3658528,89.36585279999977,1,piecewise,E9,E9-a762246d700d,89.3658527999999,89.36585279999996,ttft_p99_ms,5,,mono,mixed,2000,workload_seed,1.6121649424453356e-13
fixed_concurrency,0.8308106499999995,0.8277415999999977,1,piecewise,E9,E9-a762246d700d,0.8292761249999986,0.8291127500000056,tpot_p95_ms,5,,mono,mixed,2000,workload_seed,0.001920854458715273
fixed_concurrency,0.831829874999993,0.8315025649999945,1,piecewise,E9,E9-a762246d700d,0.8316750699999934,0.8317319249999928,tpot_p99_ms,5,,mono,mixed,2000,workload_seed,0.00020721060949460912
fixed_concurrency,411.02506019399823,342.7936483530011,1,piecewise,E9,E9-a762246d700d,378.96978621099976,388.2324382549994,e2e_p95_ms,5,,mono,mixed,2000,workload_seed,44.14992520583706
fixed_concurrency,0.8317119999999705,0.8312204999998836,1,piecewise,E9,E9-a762246d700d,0.8314542499999572,0.8314600000003338,itl_p95_ms,5,,mono,mixed,2000,workload_seed,0.00032971057393934883
fixed_concurrency,0.8326866799998062,0.8322779999997202,1,piecewise,E9,E9-a762246d700d,0.8324923399997625,0.8326099999994767,itl_p99_ms,5,,mono,mixed,2000,workload_seed,0.0002674198534500556
fixed_concurrency,8.906278155322521,7.98027260052026,1,piecewise,E9,E9-a762246d700d,8.387209847490443,8.005473459184023,request_throughput_rps,5,,mono,mixed,2000,workload_seed,0.589619709732364
fixed_concurrency,1078.4653197252258,1043.4305727943367,1,piecewise,E9,E9-a762246d700d,1062.4897495702169,1065.255637085867,output_token_throughput_tps,5,,mono,mixed,2000,workload_seed,21.805499268852866
fixed_concurrency,8.85477544555773,7.9476813289061585,1,piecewise,E9,E9-a762246d700d,8.347181223244691,7.9894038712592925,observed_request_throughput_rps,5,,mono,mixed,2000,workload_seed,0.5760266567568861
fixed_concurrency,3.000356513546576,2.6119955487872355,1,piecewise,E9,E9-a762246d700d,2.796293944121974,2.7101214842106818,iteration_cv,5,,mono,mixed,2000,workload_seed,0.24631351922532843
fixed_concurrency,0.0,0.0,1,piecewise,E9,E9-a762246d700d,0.0,0.0,max_wait_ms,5,,mono,mixed,2000,workload_seed,0.0
fixed_concurrency,0.0,0.0,1,piecewise,E9,E9-a762246d700d,0.0,0.0,starvation_proxy_count,5,,mono,mixed,2000,workload_seed,0.0
fixed_concurrency,1.0,1.0,1,piecewise,E9,E9-a762246d700d,1.0,1.0,waiting_satisfaction_jain,5,,mono,mixed,2000,workload_seed,0.0
fixed_concurrency,6.3383873916756865,5.793970926000508,1,piecewise,E9,E9-a762246d700d,6.078235439000409,6.135280110000064,short_prompt_ttft_p95_ms,5,,mono,mixed,2000,workload_seed,0.36708940036833787
fixed_concurrency,89.3658528,89.36585279999973,1,piecewise,E9,E9-a762246d700d,89.36585279999989,89.36585279999998,long_prompt_ttft_p95_ms,5,,mono,mixed,2000,workload_seed,1.686248307827478e-13
fixed_concurrency,0.8164010000000012,0.7915379999999985,1,piecewise,E9,E9-a762246d700d,0.8004950000000001,0.7920299999999969,primer_max_itl_ms,5,,mono,mixed,2000,workload_seed,0.017574215487469153
fixed_concurrency,1.0,1.0,1,piecewise,E9,E9-a762246d700d,1.0,1.0,backlog_at_arrival_end,5,,mono,mixed,2000,workload_seed,0.0
fixed_concurrency,0.9999999999999991,0.9999999999999973,1,piecewise,E9,E9-a762246d700d,0.9999999999999982,0.9999999999999981,server_busy_fraction,5,,mono,mixed,2000,workload_seed,1.2085633081569536e-15
fixed_concurrency,0.03125,0.03125,1,piecewise,E9,E9-a762246d700d,0.03125,0.03125,batch_slot_occupancy,5,,mono,mixed,2000,workload_seed,0.0
fixed_concurrency,311.4737192049996,142.48027685000017,32,piecewise,E9,E9-ad2616b4ef85,211.04263667999984,181.71914555000012,ttft_p50_ms,5,,chunk_512,mixed,2000,workload_seed,109.42129500643973
fixed_concurrency,828.089406417,569.8893331704998,32,piecewise,E9,E9-ad2616b4ef85,696.4064160139999,686.8631885324999,ttft_p95_ms,5,,chunk_512,mixed,2000,workload_seed,163.77708545559216
fixed_concurrency,953.2180575478002,656.9959380255501,32,piecewise,E9,E9-ad2616b4ef85,802.4355537396501,804.2306167050002,ttft_p99_ms,5,,chunk_512,mixed,2000,workload_seed,198.7809910643466
fixed_concurrency,10.033130736946479,9.763656544715179,32,piecewise,E9,E9-ad2616b4ef85,9.914033689160394,9.933462882766003,tpot_p95_ms,5,,chunk_512,mixed,2000,workload_seed,0.17483643630507092
fixed_concurrency,10.509943296643161,10.306067639669836,32,piecewise,E9,E9-ad2616b4ef85,10.413865000861867,10.451049749166668,tpot_p99_ms,5,,chunk_512,mixed,2000,workload_seed,0.13621046799769787
fixed_concurrency,3153.5293396532493,2478.707803694249,32,piecewise,E9,E9-ad2616b4ef85,2787.5336361295,2685.33050758375,e2e_p95_ms,5,,chunk_512,mixed,2000,workload_seed,426.9610224398269
fixed_concurrency,10.720903869999983,10.681278650000014,32,piecewise,E9,E9-ad2616b4ef85,10.70258386999999,10.712630049999916,itl_p95_ms,5,,chunk_512,mixed,2000,workload_seed,0.024920535722565584
fixed_concurrency,10.824037380000073,10.788024539999878,32,piecewise,E9,E9-ad2616b4ef85,10.805018079999945,10.802971799999796,itl_p99_ms,5,,chunk_512,mixed,2000,workload_seed,0.0224133197960752
fixed_concurrency,28.68828872140697,24.33062383880408,32,piecewise,E9,E9-ad2616b4ef85,26.70910859224018,26.858721987752283,request_throughput_rps,5,,chunk_512,mixed,2000,workload_seed,2.7695428767684236
fixed_concurrency,3622.843297950463,3098.0618354608428,32,piecewise,E9,E9-ad2616b4ef85,3387.5280670402244,3465.8695693744285,output_token_throughput_tps,5,,chunk_512,mixed,2000,workload_seed,328.5380849059121
fixed_concurrency,25.239543714240373,21.500759082332646,32,piecewise,E9,E9-ad2616b4ef85,23.447139784203756,23.038513847859953,observed_request_throughput_rps,5,,chunk_512,mixed,2000,workload_seed,2.447283580276198
fixed_concurrency,0.8412428632772053,0.7665799861358331,32,piecewise,E9,E9-ad2616b4ef85,0.8031739091973543,0.7692958876000247,iteration_cv,5,,chunk_512,mixed,2000,workload_seed,0.04958148356870549
fixed_concurrency,954.0241326550001,659.35503644,32,piecewise,E9,E9-ad2616b4ef85,803.9102092850001,805.4374076250002,max_wait_ms,5,,chunk_512,mixed,2000,workload_seed,197.77965096303527
fixed_concurrency,1.8,0.0,32,piecewise,E9,E9-ad2616b4ef85,0.6,0.0,starvation_proxy_count,5,,chunk_512,mixed,2000,workload_seed,1.3416407864998738
fixed_concurrency,0.9829343993975999,0.9698874864649435,32,piecewise,E9,E9-ad2616b4ef85,0.9769648796951543,0.9791674064315801,waiting_satisfaction_jain,5,,chunk_512,mixed,2000,workload_seed,0.008625118973441254
fixed_concurrency,817.5791810452502,502.40798991825034,32,piecewise,E9,E9-ad2616b4ef85,654.8060619515002,666.352391055,short_prompt_ttft_p95_ms,5,,chunk_512,mixed,2000,workload_seed,198.5129529219041
fixed_concurrency,752.6057548044997,568.9556795262513,32,piecewise,E9,E9-ad2616b4ef85,665.9420466292503,674.9694677399998,long_prompt_ttft_p95_ms,5,,chunk_512,mixed,2000,workload_seed,124.28841363153991
fixed_concurrency,10.582241990000067,10.02343937,32,piecewise,E9,E9-ad2616b4ef85,10.27723915000002,10.191127199999983,primer_max_itl_ms,5,,chunk_512,mixed,2000,workload_seed,0.3699866799734959
fixed_concurrency,32.0,32.0,32,piecewise,E9,E9-ad2616b4ef85,32.0,32.0,backlog_at_arrival_end,5,,chunk_512,mixed,2000,workload_seed,0.0
fixed_concurrency,0.9999999999999997,0.9999999999999984,32,piecewise,E9,E9-ad2616b4ef85,0.9999999999999991,0.9999999999999989,server_busy_fraction,5,,chunk_512,mixed,2000,workload_seed,7.675809329230001e-16
fixed_concurrency,0.773162503839558,0.7080889478679773,32,piecewise,E9,E9-ad2616b4ef85,0.748200239582243,0.7686819786047865,batch_slot_occupancy,5,,chunk_512,mixed,2000,workload_seed,0.04315957474098925
fixed_concurrency,3752.165612290012,3333.527879950007,32,piecewise,E9,E9-ad2616b4ef85,3559.4700800700084,3696.189222950008,ttft_p50_ms,5,,fcfs,mixed,2000,workload_seed,263.7088150577074
fixed_concurrency,4593.767980258999,4107.534612804005,32,piecewise,E9,E9-ad2616b4ef85,4355.513980402004,4499.7344874349965,ttft_p95_ms,5,,fcfs,mixed,2000,workload_seed,307.9003949597031
fixed_concurrency,4755.372187729813,4217.810556122208,32,piecewise,E9,E9-ad2616b4ef85,4511.216322647211,4645.0466449230125,ttft_p99_ms,5,,fcfs,mixed,2000,workload_seed,338.31899649040514
fixed_concurrency,0.8308106499999995,0.8277415999999977,32,piecewise,E9,E9-ad2616b4ef85,0.8292761249999986,0.8291127500000056,tpot_p95_ms,5,,fcfs,mixed,2000,workload_seed,0.001920854458715273
fixed_concurrency,0.831829874999993,0.8315025649999945,32,piecewise,E9,E9-ad2616b4ef85,0.8316750699999934,0.8317319249999928,tpot_p99_ms,5,,fcfs,mixed,2000,workload_seed,0.00020721060949460912
fixed_concurrency,4700.168589240015,4195.1102603270065,32,piecewise,E9,E9-ad2616b4ef85,4450.48921539601,4593.921035225002,e2e_p95_ms,5,,fcfs,mixed,2000,workload_seed,318.1171593222908
fixed_concurrency,0.8317119999999705,0.8312204999998836,32,piecewise,E9,E9-ad2616b4ef85,0.8314542499999572,0.8314600000003338,itl_p95_ms,5,,fcfs,mixed,2000,workload_seed,0.00032971057393934883
fixed_concurrency,0.8326866799998062,0.8322779999997202,32,piecewise,E9,E9-ad2616b4ef85,0.8324923399997625,0.8326099999994767,itl_p99_ms,5,,fcfs,mixed,2000,workload_seed,0.0002674198534500556
fixed_concurrency,8.906278155322521,7.98027260052026,32,piecewise,E9,E9-ad2616b4ef85,8.387209847490443,8.005473459184023,request_throughput_rps,5,,fcfs,mixed,2000,workload_seed,0.589619709732364
fixed_concurrency,1078.4653197252258,1043.4305727943367,32,piecewise,E9,E9-ad2616b4ef85,1062.4897495702169,1065.255637085867,output_token_throughput_tps,5,,fcfs,mixed,2000,workload_seed,21.805499268852866
fixed_concurrency,9.097984919397515,7.966631205736087,32,piecewise,E9,E9-ad2616b4ef85,8.517269719276262,8.253865079224534,observed_request_throughput_rps,5,,fcfs,mixed,2000,workload_seed,0.7351937373843381
fixed_concurrency,3.000356513546576,2.6119955487872355,32,piecewise,E9,E9-ad2616b4ef85,2.796293944121974,2.7101214842106818,iteration_cv,5,,fcfs,mixed,2000,workload_seed,0.24631351922532843
fixed_concurrency,4793.728163980013,4238.866914540009,32,piecewise,E9,E9-ad2616b4ef85,4543.302302220011,4643.270778900011,max_wait_ms,5,,fcfs,mixed,2000,workload_seed,350.5800302480959
fixed_concurrency,118.2,115.2,32,piecewise,E9,E9-ad2616b4ef85,116.6,116.0,starvation_proxy_count,5,,fcfs,mixed,2000,workload_seed,1.949358868961793
fixed_concurrency,0.7846321934827702,0.763077844225865,32,piecewise,E9,E9-ad2616b4ef85,0.7725121448014493,0.7651300021277802,waiting_satisfaction_jain,5,,fcfs,mixed,2000,workload_seed,0.013651624550632653
fixed_concurrency,4564.702231264007,4091.4921185560074,32,piecewise,E9,E9-ad2616b4ef85,4326.8038128990065,4500.1140075199955,short_prompt_ttft_p95_ms,5,,fcfs,mixed,2000,workload_seed,313.032114733177
fixed_concurrency,4535.053532792013,3972.838607740009,32,piecewise,E9,E9-ad2616b4ef85,4255.82843178501,4440.568233405001,long_prompt_ttft_p95_ms,5,,fcfs,mixed,2000,workload_seed,362.13036372191215
fixed_concurrency,0.8164010000000012,0.7915379999999985,32,piecewise,E9,E9-ad2616b4ef85,0.8004950000000001,0.7920299999999969,primer_max_itl_ms,5,,fcfs,mixed,2000,workload_seed,0.017574215487469153
fixed_concurrency,32.0,32.0,32,piecewise,E9,E9-ad2616b4ef85,32.0,32.0,backlog_at_arrival_end,5,,fcfs,mixed,2000,workload_seed,0.0
fixed_concurrency,0.9999999999999991,0.9999999999999973,32,piecewise,E9,E9-ad2616b4ef85,0.9999999999999982,0.9999999999999981,server_busy_fraction,5,,fcfs,mixed,2000,workload_seed,1.2085633081569536e-15
fixed_concurrency,0.03125,0.03125,32,piecewise,E9,E9-ad2616b4ef85,0.03125,0.03125,batch_slot_occupancy,5,,fcfs,mixed,2000,workload_seed,0.0
fixed_concurrency,25.999462312500032,17.939244179749988,32,piecewise,E9,E9-ad2616b4ef85,21.944816732499998,21.27343916250004,ttft_p50_ms,5,,mono,mixed,2000,workload_seed,5.128708794958087
fixed_concurrency,520.758150835,361.5988677959999,32,piecewise,E9,E9-ad2616b4ef85,438.2170712734999,448.18310822749993,ttft_p95_ms,5,,mono,mixed,2000,workload_seed,104.22386156137554
fixed_concurrency,611.6830472203001,447.7236596670001,32,piecewise,E9,E9-ad2616b4ef85,524.9518746318001,515.4929239175001,ttft_p99_ms,5,,mono,mixed,2000,workload_seed,110.06078740470221
fixed_concurrency,14.706482426746208,12.945313207399149,32,piecewise,E9,E9-ad2616b4ef85,13.736088996679722,13.220789385927961,tpot_p95_ms,5,,mono,mixed,2000,workload_seed,1.1728686760711546
fixed_concurrency,23.382160213302047,16.90194602972793,32,piecewise,E9,E9-ad2616b4ef85,20.003017922937097,19.27118251590442,tpot_p99_ms,5,,mono,mixed,2000,workload_seed,4.085235381827555
fixed_concurrency,2677.2934983577493,2107.632978431999,32,piecewise,E9,E9-ad2616b4ef85,2397.3641912904995,2453.414437408749,e2e_p95_ms,5,,mono,mixed,2000,workload_seed,363.110818738354
fixed_concurrency,31.045123359999387,21.450728379999894,32,piecewise,E9,E9-ad2616b4ef85,25.868632489999765,25.378824349999945,itl_p95_ms,5,,mono,mixed,2000,workload_seed,5.875489784767906
fixed_concurrency,90.44753831,82.07425521999997,32,piecewise,E9,E9-ad2616b4ef85,86.88218669999996,89.2558378499998,itl_p99_ms,5,,mono,mixed,2000,workload_seed,5.389481945216671
fixed_concurrency,34.0065817814315,29.778509158101684,32,piecewise,E9,E9-ad2616b4ef85,31.99106891388318,32.37234114963291,request_throughput_rps,5,,mono,mixed,2000,workload_seed,2.752852101937412
fixed_concurrency,4285.300548864878,3794.704628111815,32,piecewise,E9,E9-ad2616b4ef85,4057.1227719668764,4100.9556881735125,output_token_throughput_tps,5,,mono,mixed,2000,workload_seed,308.19360843879133
fixed_concurrency,30.36279278423108,26.10110917360057,32,piecewise,E9,E9-ad2616b4ef85,28.40439829233489,28.496087383503216,observed_request_throughput_rps,5,,mono,mixed,2000,workload_seed,2.6936757824976665
fixed_concurrency,2.450623177424003,2.2429813811740127,32,piecewise,E9,E9-ad2616b4ef85,2.3389902587281326,2.2813915268806864,iteration_cv,5,,mono,mixed,2000,workload_seed,0.13772191344353985
fixed_concurrency,612.676244545,449.88440619000005,32,piecewise,E9,E9-ad2616b4ef85,526.393747575,516.4930018250001,max_wait_ms,5,,mono,mixed,2000,workload_seed,109.30999446981598
fixed_concurrency,0.0,0.0,32,piecewise,E9,E9-ad2616b4ef85,0.0,0.0,starvation_proxy_count,5,,mono,mixed,2000,workload_seed,0.0
fixed_concurrency,0.9926376008897246,0.9852675159315349,32,piecewise,E9,E9-ad2616b4ef85,0.9891370852518099,0.9906794584547154,waiting_satisfaction_jain,5,,mono,mixed,2000,workload_seed,0.0046628993332766665
fixed_concurrency,491.9488829795,264.7565595079999,32,piecewise,E9,E9-ad2616b4ef85,366.43724233849986,297.00371995499955,short_prompt_ttft_p95_ms,5,,mono,mixed,2000,workload_seed,144.51654265335304
fixed_concurrency,451.8347052429999,322.09874398999995,32,piecewise,E9,E9-ad2616b4ef85,400.05082591699994,430.1116101099998,long_prompt_ttft_p95_ms,5,,mono,mixed,2000,workload_seed,89.78432751287839
fixed_concurrency,90.74728054999999,61.07288957000001,32,piecewise,E9,E9-ad2616b4ef85,80.85108189,90.7348528,primer_max_itl_ms,5,,mono,mixed,2000,workload_seed,22.11089657436753
fixed_concurrency,32.0,32.0,32,piecewise,E9,E9-ad2616b4ef85,32.0,32.0,backlog_at_arrival_end,5,,mono,mixed,2000,workload_seed,0.0
fixed_concurrency,1.0,0.9999999999999994,32,piecewise,E9,E9-ad2616b4ef85,0.9999999999999997,0.9999999999999997,server_busy_fraction,5,,mono,mixed,2000,workload_seed,3.274687455368547e-16
fixed_concurrency,0.8564764449839266,0.8378814381124136,32,piecewise,E9,E9-ad2616b4ef85,0.846506548264291,0.8440340692484154,batch_slot_occupancy,5,,mono,mixed,2000,workload_seed,0.012346280769472345
fixed_concurrency,11.771599999999589,8.172399999999987,4,analytical,E9,E9-cf3982344c7f,9.81359999999987,9.094000000000051,ttft_p50_ms,5,,chunk_512,mixed,2000,workload_seed,2.2688582866717035
fixed_concurrency,159.04122999999657,148.32709999999815,4,analytical,E9,E9-cf3982344c7f,154.47501999999773,155.10124999999883,ttft_p95_ms,5,,chunk_512,mixed,2000,workload_seed,7.306728051476668
fixed_concurrency,168.13654599999958,160.0480000000025,4,analytical,E9,E9-cf3982344c7f,162.74418200000156,160.0480000000025,ttft_p99_ms,5,,chunk_512,mixed,2000,workload_seed,6.028846231709175
fixed_concurrency,3.435380290846166,2.789148710597432,4,analytical,E9,E9-cf3982344c7f,3.091253888045098,2.934276432806262,tpot_p95_ms,5,,chunk_512,mixed,2000,workload_seed,0.4181494780373826
fixed_concurrency,5.858795567821407,4.057636397860941,4,analytical,E9,E9-cf3982344c7f,4.811015601979891,4.6059807373272745,tpot_p99_ms,5,,chunk_512,mixed,2000,workload_seed,1.1821565473894444
fixed_concurrency,830.5360897500549,678.8527955000044,4,analytical,E9,E9-cf3982344c7f,754.8072200000545,768.3341000000414,e2e_p95_ms,5,,chunk_512,mixed,2000,workload_seed,98.27495458329162
fixed_concurrency,10.002999999999702,8.422400000000016,4,analytical,E9,E9-cf3982344c7f,9.44479999999985,10.002999999999702,itl_p95_ms,5,,chunk_512,mixed,2000,workload_seed,1.1214304258399799
fixed_concurrency,10.003000000000156,10.003000000000156,4,analytical,E9,E9-cf3982344c7f,10.003000000000156,10.003000000000156,itl_p99_ms,5,,chunk_512,mixed,2000,workload_seed,0.0
fixed_concurrency,17.94374997171851,15.788791956858669,4,analytical,E9,E9-cf3982344c7f,16.918917055362133,17.04394821995203,request_throughput_rps,5,,chunk_512,mixed,2000,workload_seed,1.4193911496243954
fixed_concurrency,2251.574378013791,2019.5552430270823,4,analytical,E9,E9-cf3982344c7f,2144.8517171545986,2171.4595331273063,output_token_throughput_tps,5,,chunk_512,mixed,2000,workload_seed,142.4733724889226
fixed_concurrency,17.733642323535083,15.56247490507555,4,analytical,E9,E9-cf3982344c7f,16.708181750679973,16.93647565053775,observed_request_throughput_rps,5,,chunk_512,mixed,2000,workload_seed,1.4045042685495466
fixed_concurrency,1.3915502444847567,1.3755384747617037,4,analytical,E9,E9-cf3982344c7f,1.383633803556577,1.390023844439787,iteration_cv,5,,chunk_512,mixed,2000,workload_seed,0.010557819119158535
fixed_concurrency,142.6638000000001,97.09120000000021,4,analytical,E9,E9-cf3982344c7f,122.20640000000014,126.98400000000038,max_wait_ms,5,,chunk_512,mixed,2000,workload_seed,29.299332685233594
fixed_concurrency,0.0,0.0,4,analytical,E9,E9-cf3982344c7f,0.0,0.0,starvation_proxy_count,5,,chunk_512,mixed,2000,workload_seed,0.0
fixed_concurrency,0.9998527660508293,0.9995054430258407,4,analytical,E9,E9-cf3982344c7f,0.9997014904789276,0.9997513415401679,waiting_satisfaction_jain,5,,chunk_512,mixed,2000,workload_seed,0.0002224219580305816
fixed_concurrency,31.899299999999858,10.88055999999994,4,analytical,E9,E9-cf3982344c7f,21.708809999999804,23.842399999999984,short_prompt_ttft_p95_ms,5,,chunk_512,mixed,2000,workload_seed,12.996397731121538
fixed_concurrency,168.91215999999923,160.0480000000015,4,analytical,E9,E9-cf3982344c7f,163.0027200000011,160.0480000000025,long_prompt_ttft_p95_ms,5,,chunk_512,mixed,2000,workload_seed,6.60695477447593
fixed_concurrency,10.003,10.00299999999999,4,analytical,E9,E9-cf3982344c7f,10.002999999999995,10.003,primer_max_itl_ms,5,,chunk_512,mixed,2000,workload_seed,7.78360568894479e-15
fixed_concurrency,4.0,4.0,4,analytical,E9,E9-cf3982344c7f,4.0,4.0,backlog_at_arrival_end,5,,chunk_512,mixed,2000,workload_seed,0.0
fixed_concurrency,0.9999999999999776,0.9999999999999558,4,analytical,E9,E9-cf3982344c7f,0.9999999999999654,0.9999999999999615,server_busy_fraction,5,,chunk_512,mixed,2000,workload_seed,1.4833718042506834e-14
fixed_concurrency,0.12262758766825577,0.12094636816958682,4,analytical,E9,E9-cf3982344c7f,0.12190286941993211,0.12208206042692674,batch_slot_occupancy,5,,chunk_512,mixed,2000,workload_seed,0.0010591288591689676
fixed_concurrency,230.52067249999078,204.38590000000178,4,analytical,E9,E9-cf3982344c7f,216.63789999999804,215.40699999998265,ttft_p50_ms,5,,fcfs,mixed,2000,workload_seed,16.015502331327134
fixed_concurrency,475.67430000004697,430.1746100001732,4,analytical,E9,E9-cf3982344c7f,451.0919100001207,432.253050000164,ttft_p95_ms,5,,fcfs,mixed,2000,workload_seed,29.089304527910897
fixed_concurrency,574.8751899999844,521.933822000142,4,analytical,E9,E9-cf3982344c7f,551.2951960001128,558.2494700002461,ttft_p99_ms,5,,fcfs,mixed,2000,workload_seed,35.00142328186679
fixed_concurrency,0.32300000000032014,0.32300000000032014,4,analytical,E9,E9-cf3982344c7f,0.32300000000032014,0.32300000000032014,tpot_p95_ms,5,,fcfs,mixed,2000,workload_seed,0.0
fixed_concurrency,0.32300000000032014,0.32300000000032014,4,analytical,E9,E9-cf3982344c7f,0.32300000000032014,0.32300000000032014,tpot_p99_ms,5,,fcfs,mixed,2000,workload_seed,0.0
fixed_concurrency,534.1739305001721,470.4075500001127,4,analytical,E9,E9-cf3982344c7f,501.39023000011167,482.4276500001232,e2e_p95_ms,5,,fcfs,mixed,2000,workload_seed,40.363453112015975
fixed_concurrency,0.32300000000032014,0.32300000000032014,4,analytical,E9,E9-cf3982344c7f,0.32300000000032014,0.32300000000032014,itl_p95_ms,5,,fcfs,mixed,2000,workload_seed,0.0
fixed_concurrency,0.32300000000032014,0.32300000000032014,4,analytical,E9,E9-cf3982344c7f,0.32300000000032014,0.32300000000032014,itl_p99_ms,5,,fcfs,mixed,2000,workload_seed,0.0
fixed_concurrency,15.756400625276871,13.912873726781829,4,analytical,E9,E9-cf3982344c7f,14.84506977497052,14.815433839302772,request_throughput_rps,5,,fcfs,mixed,2000,workload_seed,1.1908791854433882
fixed_concurrency,1964.464807751249,1784.0881774334134,4,analytical,E9,E9-cf3982344c7f,1881.7195869011953,1901.9858161903646,output_token_throughput_tps,5,,fcfs,mixed,2000,workload_seed,110.98787671962053
fixed_concurrency,15.6684980279731,13.772576780428954,4,analytical,E9,E9-cf3982344c7f,14.741241400024913,14.631057818396297,observed_request_throughput_rps,5,,fcfs,mixed,2000,workload_seed,1.2152584099411052
fixed_concurrency,8.399616243896958,7.6899458246928205,4,analytical,E9,E9-cf3982344c7f,8.044781034294889,7.887456260960454,iteration_cv,5,,fcfs,mixed,2000,workload_seed,0.45349515012451536
fixed_concurrency,664.6807999999453,535.0406000001273,4,analytical,E9,E9-cf3982344c7f,598.5894000001083,590.9600000003657,max_wait_ms,5,,fcfs,mixed,2000,workload_seed,81.80840563032491
fixed_concurrency,0.0,0.0,4,analytical,E9,E9-cf3982344c7f,0.0,0.0,starvation_proxy_count,5,,fcfs,mixed,2000,workload_seed,0.0
fixed_concurrency,0.9931250055916774,0.991169230551707,4,analytical,E9,E9-cf3982344c7f,0.9921471180716921,0.991673135417523,waiting_satisfaction_jain,5,,fcfs,mixed,2000,workload_seed,0.0012840981328359382
fixed_concurrency,383.4789500000537,329.94269000017084,4,analytical,E9,E9-cf3982344c7f,358.989040000116,366.45835000007474,short_prompt_ttft_p95_ms,5,,fcfs,mixed,2000,workload_seed,32.42601138111007
fixed_concurrency,497.9812699999787,455.72719999998344,4,analytical,E9,E9-cf3982344c7f,477.82149000001726,476.20640000012696,long_prompt_ttft_p95_ms,5,,fcfs,mixed,2000,workload_seed,27.566336242265276
fixed_concurrency,0.3230000000000047,0.3230000000000004,4,analytical,E9,E9-cf3982344c7f,0.32300000000000184,0.3230000000000004,primer_max_itl_ms,5,,fcfs,mixed,2000,workload_seed,3.1776437161565094e-15
fixed_concurrency,4.0,4.0,4,analytical,E9,E9-cf3982344c7f,4.0,4.0,backlog_at_arrival_end,5,,fcfs,mixed,2000,workload_seed,0.0
fixed_concurrency,0.9999999999997626,0.9999999999996833,4,analytical,E9,E9-cf3982344c7f,0.9999999999997209,0.9999999999996967,server_busy_fraction,5,,fcfs,mixed,2000,workload_seed,4.9786441036252594e-14
fixed_concurrency,0.03125,0.03125,4,analytical,E9,E9-cf3982344c7f,0.03125,0.03125,batch_slot_occupancy,5,,fcfs,mixed,2000,workload_seed,0.0
fixed_concurrency,10.073199999999838,7.50819999999992,4,analytical,E9,E9-cf3982344c7f,8.564799999999924,8.203000000000088,ttft_p50_ms,5,,mono,mixed,2000,workload_seed,1.68334167654691
fixed_concurrency,148.23165999999998,135.80823999999998,4,analytical,E9,E9-cf3982344c7f,142.06629999999998,148.18630000000002,ttft_p95_ms,5,,mono,mixed,2000,workload_seed,8.43395227014001
fixed_concurrency,149.27239600000013,148.24300000000017,4,analytical,E9,E9-cf3982344c7f,148.58613200000022,148.2430000000004,ttft_p99_ms,5,,mono,mixed,2000,workload_seed,0.7672664772553275
fixed_concurrency,3.5345414526146577,2.917141737085509,4,analytical,E9,E9-cf3982344c7f,3.19939880468642,3.0655101773648794,tpot_p95_ms,5,,mono,mixed,2000,workload_seed,0.38787283974717884
fixed_concurrency,7.034841702987113,4.0545215317602095,4,analytical,E9,E9-cf3982344c7f,5.3206285395381645,4.953281059908013,tpot_p99_ms,5,,mono,mixed,2000,workload_seed,1.878825643244635
fixed_concurrency,855.915949249995,673.3283399999915,4,analytical,E9,E9-cf3982344c7f,759.0159000000142,769.3042500000473,e2e_p95_ms,5,,mono,mixed,2000,workload_seed,116.53070733631989
fixed_concurrency,1.0280000000002474,1.0280000000002474,4,analytical,E9,E9-cf3982344c7f,1.0280000000002474,1.0280000000002474,itl_p95_ms,5,,mono,mixed,2000,workload_seed,0.0
fixed_concurrency,12.337423600000223,9.429879999999688,4,analytical,E9,E9-cf3982344c7f,10.656796000000003,9.807880000000049,itl_p99_ms,5,,mono,mixed,2000,workload_seed,1.8890025042019072
fixed_concurrency,17.95601084633858,15.803704030538986,4,analytical,E9,E9-cf3982344c7f,16.93213159324218,17.055071492060826,request_throughput_rps,5,,mono,mixed,2000,workload_seed,1.4184561181727884
fixed_concurrency,2253.0759975095852,2021.4160287090822,4,analytical,E9,E9-cf3982344c7f,2146.531958647359,2173.0116218533262,output_token_throughput_tps,5,,mono,mixed,2000,workload_seed,142.34549956437624
fixed_concurrency,17.74801706333357,15.575184979417775,4,analytical,E9,E9-cf3982344c7f,16.72450598243751,16.962194141886826,observed_request_throughput_rps,5,,mono,mixed,2000,workload_seed,1.4084157521569207
fixed_concurrency,4.813379455064473,4.496114054799124,4,analytical,E9,E9-cf3982344c7f,4.649842222001114,4.58897382914026,iteration_cv,5,,mono,mixed,2000,workload_seed,0.21073330484746955
fixed_concurrency,130.38239999999996,45.53219999999999,4,analytical,E9,E9-cf3982344c7f,88.08239999999996,115.39199999999983,max_wait_ms,5,,mono,mixed,2000,workload_seed,57.66190627962274
fixed_concurrency,0.0,0.0,4,analytical,E9,E9-cf3982344c7f,0.0,0.0,starvation_proxy_count,5,,mono,mixed,2000,workload_seed,0.0
fixed_concurrency,0.9999715678582959,0.9997347097313961,4,analytical,E9,E9-cf3982344c7f,0.9998702654178366,0.9999060292948189,waiting_satisfaction_jain,5,,mono,mixed,2000,workload_seed,0.00015589170772831114
fixed_concurrency,6.449420500000185,5.257660000000037,4,analytical,E9,E9-cf3982344c7f,5.6939000000000775,5.330200000000036,short_prompt_ttft_p95_ms,5,,mono,mixed,2000,workload_seed,0.8449996508876148
fixed_concurrency,148.24300000000036,148.24300000000005,4,analytical,E9,E9-cf3982344c7f,148.24300000000022,148.2430000000003,long_prompt_ttft_p95_ms,5,,mono,mixed,2000,workload_seed,2.092424701834939e-13
fixed_concurrency,110.27459999999999,28.888599999999997,4,analytical,E9,E9-cf3982344c7f,67.7046,47.334999999999994,primer_max_itl_ms,5,,mono,mixed,2000,workload_seed,54.02449550713082
fixed_concurrency,4.0,4.0,4,analytical,E9,E9-cf3982344c7f,4.0,4.0,backlog_at_arrival_end,5,,mono,mixed,2000,workload_seed,0.0
fixed_concurrency,0.999999999999973,0.9999999999999499,4,analytical,E9,E9-cf3982344c7f,0.9999999999999598,0.9999999999999548,server_busy_fraction,5,,mono,mixed,2000,workload_seed,1.5204989707729327e-14
fixed_concurrency,0.1237751135718385,0.12275009467572195,4,analytical,E9,E9-cf3982344c7f,0.1232981357013544,0.12336933779954135,batch_slot_occupancy,5,,mono,mixed,2000,workload_seed,0.0006956715391288926
fixed_concurrency,65.26597000000093,30.869125000000356,16,analytical,E9,E9-d0634cf633f1,46.80100000000051,45.59450000000038,ttft_p50_ms,5,,chunk_512,mixed,2000,workload_seed,23.20257849895183
fixed_concurrency,395.6230499999998,242.2959699999998,16,analytical,E9,E9-d0634cf633f1,312.87645999999984,269.30059999999884,ttft_p95_ms,5,,chunk_512,mixed,2000,workload_seed,99.6161767856153
fixed_concurrency,611.5016839999998,353.6208120000002,16,analytical,E9,E9-d0634cf633f1,470.91279200000025,391.53708000000114,ttft_p99_ms,5,,chunk_512,mixed,2000,workload_seed,163.04337235969413
fixed_concurrency,10.738593094017101,9.994887574879225,16,analytical,E9,E9-d0634cf633f1,10.352766521112683,10.43865666666668,tpot_p95_ms,5,,chunk_512,mixed,2000,workload_seed,0.5004323498904449
fixed_concurrency,12.292896883699624,11.496340118125952,16,analytical,E9,E9-d0634cf633f1,11.843579592405465,11.784837738095238,tpot_p99_ms,5,,chunk_512,mixed,2000,workload_seed,0.5224243897820918
fixed_concurrency,3091.5909399999914,2335.0611299999923,16,analytical,E9,E9-d0634cf633f1,2730.5023799999917,2846.647299999993,e2e_p95_ms,5,,chunk_512,mixed,2000,workload_seed,481.34720179271727
fixed_concurrency,13.291000000000167,13.291000000000167,16,analytical,E9,E9-d0634cf633f1,13.291000000000167,13.291000000000167,itl_p95_ms,5,,chunk_512,mixed,2000,workload_seed,0.0
fixed_concurrency,13.291000000000167,13.291000000000167,16,analytical,E9,E9-d0634cf633f1,13.291000000000167,13.291000000000167,itl_p99_ms,5,,chunk_512,mixed,2000,workload_seed,0.0
fixed_concurrency,17.48289138062666,15.357958947382272,16,analytical,E9,E9-d0634cf633f1,16.46213522433136,16.541551796574012,request_throughput_rps,5,,chunk_512,mixed,2000,workload_seed,1.3698887500772687
fixed_concurrency,2188.186820736529,1968.5024513678272,16,analytical,E9,E9-d0634cf633f1,2086.800977701829,2111.541868464343,output_token_throughput_tps,5,,chunk_512,mixed,2000,workload_seed,133.95028751180752
fixed_concurrency,16.46313580270978,14.487748188820259,16,analytical,E9,E9-d0634cf633f1,15.52105148542602,15.774585677690329,observed_request_throughput_rps,5,,chunk_512,mixed,2000,workload_seed,1.2681262181601018
fixed_concurrency,0.7943302429319994,0.6992855808587501,16,analytical,E9,E9-d0634cf633f1,0.747701901798397,0.7476845473837045,iteration_cv,5,,chunk_512,mixed,2000,workload_seed,0.06336695758433575
fixed_concurrency,616.1769999999998,352.5044,16,analytical,E9,E9-d0634cf633f1,474.5785999999995,380.2519999999977,max_wait_ms,5,,chunk_512,mixed,2000,workload_seed,167.56978973788821
fixed_concurrency,0.0,0.0,16,analytical,E9,E9-d0634cf633f1,0.0,0.0,starvation_proxy_count,5,,chunk_512,mixed,2000,workload_seed,0.0
fixed_concurrency,0.9962070916468868,0.9907868957268263,16,analytical,E9,E9-d0634cf633f1,0.9938318954967326,0.9955706508457376,waiting_satisfaction_jain,5,,chunk_512,mixed,2000,workload_seed,0.003440278466877888
fixed_concurrency,330.8458699999997,168.28956000000153,16,analytical,E9,E9-d0634cf633f1,243.9107100000004,201.01189999999997,short_prompt_ttft_p95_ms,5,,chunk_512,mixed,2000,workload_seed,106.19316099750819
fixed_concurrency,465.20667000000066,298.0293199999999,16,analytical,E9,E9-d0634cf633f1,378.9256100000002,371.6082000000014,long_prompt_ttft_p95_ms,5,,chunk_512,mixed,2000,workload_seed,108.90742858033393
fixed_concurrency,13.291000000000043,12.454200000000004,16,analytical,E9,E9-d0634cf633f1,12.931000000000017,13.290999999999997,primer_max_itl_ms,5,,chunk_512,mixed,2000,workload_seed,0.5344455070444731
fixed_concurrency,16.0,16.0,16,analytical,E9,E9-d0634cf633f1,16.0,16.0,backlog_at_arrival_end,5,,chunk_512,mixed,2000,workload_seed,0.0
fixed_concurrency,0.9999999999999993,0.9999999999999931,16,analytical,E9,E9-d0634cf633f1,0.9999999999999961,0.9999999999999969,server_busy_fraction,5,,chunk_512,mixed,2000,workload_seed,4.004967025387238e-15
fixed_concurrency,0.4620136094794661,0.45057695662853836,16,analytical,E9,E9-d0634cf633f1,0.45669334363446146,0.4595509003644929,batch_slot_occupancy,5,,chunk_512,mixed,2000,workload_seed,0.007237269484546936
fixed_concurrency,1084.564400000483,940.5509000001264,16,analytical,E9,E9-d0634cf633f1,1008.1634000003111,988.4000000002122,ttft_p50_ms,5,,fcfs,mixed,2000,workload_seed,97.09642675689942
fixed_concurrency,1557.813470000095,1353.8770400001224,16,analytical,E9,E9-d0634cf633f1,1447.606120000279,1423.316750000916,ttft_p95_ms,5,,fcfs,mixed,2000,workload_seed,123.04096010826264
fixed_concurrency,1656.708118000067,1469.4879420005723,16,analytical,E9,E9-d0634cf633f1,1571.5830640004492,1584.850750000783,ttft_p99_ms,5,,fcfs,mixed,2000,workload_seed,120.63008656459024
fixed_concurrency,0.32300000000032014,0.32300000000032014,16,analytical,E9,E9-d0634cf633f1,0.32300000000032014,0.32300000000032014,tpot_p95_ms,5,,fcfs,mixed,2000,workload_seed,0.0
fixed_concurrency,0.32300000000032014,0.32300000000032014,16,analytical,E9,E9-d0634cf633f1,0.32300000000032014,0.32300000000032014,tpot_p99_ms,5,,fcfs,mixed,2000,workload_seed,0.0
fixed_concurrency,1605.211330000411,1408.9644100002722,16,analytical,E9,E9-d0634cf633f1,1491.0464400004685,1455.8832500010153,e2e_p95_ms,5,,fcfs,mixed,2000,workload_seed,125.38220769602862
fixed_concurrency,0.32300000000032014,0.32300000000032014,16,analytical,E9,E9-d0634cf633f1,0.32300000000032014,0.32300000000032014,itl_p95_ms,5,,fcfs,mixed,2000,workload_seed,0.0
fixed_concurrency,0.32300000000032014,0.32300000000032014,16,analytical,E9,E9-d0634cf633f1,0.32300000000032014,0.32300000000032014,itl_p99_ms,5,,fcfs,mixed,2000,workload_seed,0.0
fixed_concurrency,15.756400625276871,13.912873726781829,16,analytical,E9,E9-d0634cf633f1,14.84506977497052,14.815433839302772,request_throughput_rps,5,,fcfs,mixed,2000,workload_seed,1.1908791854433882
fixed_concurrency,1964.464807751249,1784.0881774334134,16,analytical,E9,E9-d0634cf633f1,1881.7195869011953,1901.9858161903646,output_token_throughput_tps,5,,fcfs,mixed,2000,workload_seed,110.98787671962053
fixed_concurrency,15.895974217859116,13.836718252052203,16,analytical,E9,E9-d0634cf633f1,14.865927674658508,14.867592802647309,observed_request_throughput_rps,5,,fcfs,mixed,2000,workload_seed,1.336042908895291
fixed_concurrency,8.399616243896958,7.6899458246928205,16,analytical,E9,E9-d0634cf633f1,8.044781034294889,7.887456260960454,iteration_cv,5,,fcfs,mixed,2000,workload_seed,0.45349515012451536
fixed_concurrency,1680.2461999999607,1495.3474000005838,16,analytical,E9,E9-d0634cf633f1,1593.6874000004045,1591.2690000007933,max_wait_ms,5,,fcfs,mixed,2000,workload_seed,122.480969375614
fixed_concurrency,74.8,45.0,16,analytical,E9,E9-d0634cf633f1,59.8,59.0,starvation_proxy_count,5,,fcfs,mixed,2000,workload_seed,19.867058161690675
fixed_concurrency,0.9676966313771392,0.9589029339224857,16,analytical,E9,E9-d0634cf633f1,0.9629775267340929,0.9637651389463434,waiting_satisfaction_jain,5,,fcfs,mixed,2000,workload_seed,0.005943444241617522
fixed_concurrency,1489.706930000437,1341.5553200005872,16,analytical,E9,E9-d0634cf633f1,1408.3509500004511,1384.5577000006797,short_prompt_ttft_p95_ms,5,,fcfs,mixed,2000,workload_seed,93.60382690156449
fixed_concurrency,1572.7411799999386,1351.0876800001838,16,analytical,E9,E9-d0634cf633f1,1460.8574600002469,1456.6768000008894,long_prompt_ttft_p95_ms,5,,fcfs,mixed,2000,workload_seed,133.00014662992936
fixed_concurrency,0.3230000000000047,0.3230000000000004,16,analytical,E9,E9-d0634cf633f1,0.32300000000000184,0.3230000000000004,primer_max_itl_ms,5,,fcfs,mixed,2000,workload_seed,3.1776437161565094e-15
fixed_concurrency,16.0,16.0,16,analytical,E9,E9-d0634cf633f1,16.0,16.0,backlog_at_arrival_end,5,,fcfs,mixed,2000,workload_seed,0.0
fixed_concurrency,0.9999999999997626,0.9999999999996833,16,analytical,E9,E9-d0634cf633f1,0.9999999999997209,0.9999999999996967,server_busy_fraction,5,,fcfs,mixed,2000,workload_seed,4.9786441036252594e-14
fixed_concurrency,0.03125,0.03125,16,analytical,E9,E9-d0634cf633f1,0.03125,0.03125,batch_slot_occupancy,5,,fcfs,mixed,2000,workload_seed,0.0
fixed_concurrency,19.18060000000014,13.850800000000197,16,analytical,E9,E9-d0634cf633f1,16.33300000000012,15.352000000000203,ttft_p50_ms,5,,mono,mixed,2000,workload_seed,3.460169360016927
fixed_concurrency,311.04353999999967,151.53099999999995,16,analytical,E9,E9-d0634cf633f1,227.3417599999997,151.53099999999998,ttft_p95_ms,5,,mono,mixed,2000,workload_seed,104.74121376795375
fixed_concurrency,508.28716599999996,204.19374400000007,16,analytical,E9,E9-d0634cf633f1,353.5432320000001,266.3986200000001,ttft_p99_ms,5,,mono,mixed,2000,workload_seed,196.22809650818678
fixed_concurrency,14.444821823955618,11.902234872994601,16,analytical,E9,E9-d0634cf633f1,13.148480788221045,12.61092784090904,tpot_p95_ms,5,,mono,mixed,2000,workload_seed,1.6988124879580617
fixed_concurrency,24.67686947727274,16.984267271720302,16,analytical,E9,E9-d0634cf633f1,20.753149232451072,20.395366874999986,tpot_p99_ms,5,,mono,mixed,2000,workload_seed,4.9226731739636955
fixed_concurrency,3182.57721999997,2505.3881999999785,16,analytical,E9,E9-d0634cf633f1,2843.9827099999743,2912.5316999999723,e2e_p95_ms,5,,mono,mixed,2000,workload_seed,437.0283941626208
fixed_concurrency,14.586999999999898,11.833400000000069,16,analytical,E9,E9-d0634cf633f1,13.075200000000038,12.048999999999978,itl_p95_ms,5,,mono,mixed,2000,workload_seed,1.7744613830679907
fixed_concurrency,119.81140000000005,87.02591200000086,16,analytical,E9,E9-d0634cf633f1,103.41865600000047,96.721,itl_p99_ms,5,,mono,mixed,2000,workload_seed,21.05281225280042
fixed_concurrency,17.42909558349309,15.316412796256845,16,analytical,E9,E9-d0634cf633f1,16.41444113971925,16.497794128924923,request_throughput_rps,5,,mono,mixed,2000,workload_seed,1.3671055388588162
fixed_concurrency,2182.0612224228908,1962.2178402631318,16,analytical,E9,E9-d0634cf633f1,2080.7849633363444,2105.277646034651,output_token_throughput_tps,5,,mono,mixed,2000,workload_seed,134.36552482782818
fixed_concurrency,16.45882326307526,14.395262674886458,16,analytical,E9,E9-d0634cf633f1,15.464948447094912,15.622694083379011,observed_request_throughput_rps,5,,mono,mixed,2000,workload_seed,1.318130536283189
fixed_concurrency,2.603268441466916,2.351154797014159,16,analytical,E9,E9-d0634cf633f1,2.474662620014064,2.4623231819140163,iteration_cv,5,,mono,mixed,2000,workload_seed,0.16479608551039104
fixed_concurrency,513.4911999999999,204.90900000000002,16,analytical,E9,E9-d0634cf633f1,358.5723999999999,273.525,max_wait_ms,5,,mono,mixed,2000,workload_seed,200.16420154663015
fixed_concurrency,0.0,0.0,16,analytical,E9,E9-d0634cf633f1,0.0,0.0,starvation_proxy_count,5,,mono,mixed,2000,workload_seed,0.0
fixed_concurrency,0.9989004209301164,0.9947929742549902,16,analytical,E9,E9-d0634cf633f1,0.996853797145828,0.9987220904333158,waiting_satisfaction_jain,5,,mono,mixed,2000,workload_seed,0.0027822868204203663
fixed_concurrency,272.0104299999999,89.28227999999989,16,analytical,E9,E9-d0634cf633f1,169.06156999999988,144.62179999999958,short_prompt_ttft_p95_ms,5,,mono,mixed,2000,workload_seed,115.1850513265263
fixed_concurrency,348.9745099999998,152.56859999999995,16,analytical,E9,E9-d0634cf633f1,250.5211299999998,156.71899999999968,long_prompt_ttft_p95_ms,5,,mono,mixed,2000,workload_seed,133.22443298758856
fixed_concurrency,151.53100000000003,91.5694,16,analytical,E9,E9-d0634cf633f1,131.0344,151.531,primer_max_itl_ms,5,,mono,mixed,2000,workload_seed,44.42166770619942
fixed_concurrency,16.0,16.0,16,analytical,E9,E9-d0634cf633f1,16.0,16.0,backlog_at_arrival_end,5,,mono,mixed,2000,workload_seed,0.0
fixed_concurrency,1.0,0.9999999999999958,16,analytical,E9,E9-d0634cf633f1,0.9999999999999984,1.0,server_busy_fraction,5,,mono,mixed,2000,workload_seed,2.9401003193755343e-15
fixed_concurrency,0.4768084111581767,0.47004645240786996,16,analytical,E9,E9-d0634cf633f1,0.4734274317830233,0.47071959597984236,batch_slot_occupancy,5,,mono,mixed,2000,workload_seed,0.004682813502534899
fixed_concurrency,470.84377000000075,229.10740000000095,32,analytical,E9,E9-dbdb4d478526,325.754200000001,273.3605000000008,ttft_p50_ms,5,,chunk_512,mixed,2000,workload_seed,161.62520921780776
fixed_concurrency,1029.4145800000001,768.3532899999998,32,analytical,E9,E9-dbdb4d478526,895.5708699999999,901.1858499999998,ttft_p95_ms,5,,chunk_512,mixed,2000,workload_seed,176.24496134081633
fixed_concurrency,1196.5967859999996,901.3606019999959,32,analytical,E9,E9-dbdb4d478526,1055.2436479999985,1146.0188299999995,ttft_p99_ms,5,,chunk_512,mixed,2000,workload_seed,206.03522044897423
fixed_concurrency,16.964000568091826,16.675341653826173,32,analytical,E9,E9-dbdb4d478526,16.818946264799866,16.78034484126988,tpot_p95_ms,5,,chunk_512,mixed,2000,workload_seed,0.18707600004246397
fixed_concurrency,17.908799097255983,17.602249541270044,32,analytical,E9,E9-dbdb4d478526,17.755524319263014,17.858214428571554,tpot_p99_ms,5,,chunk_512,mixed,2000,workload_seed,0.2028231186201861
fixed_concurrency,5519.291830000019,4559.937450000019,32,analytical,E9,E9-dbdb4d478526,5039.61464000002,4994.993549999989,e2e_p95_ms,5,,chunk_512,mixed,2000,workload_seed,628.5999501796744
fixed_concurrency,18.938399999999955,18.615999999999985,32,analytical,E9,E9-dbdb4d478526,18.777199999999947,18.615999999999985,itl_p95_ms,5,,chunk_512,mixed,2000,workload_seed,0.22073219067453062
fixed_concurrency,19.019000000000233,19.01899999999996,32,analytical,E9,E9-dbdb4d478526,19.01900000000014,19.019000000000233,itl_p99_ms,5,,chunk_512,mixed,2000,workload_seed,2.033691978340166e-13
fixed_concurrency,16.57040487407828,14.661392611253145,32,analytical,E9,E9-dbdb4d478526,15.582525851160653,15.484788191687441,request_throughput_rps,5,,chunk_512,mixed,2000,workload_seed,1.2294239281819983
fixed_concurrency,2057.6885174447875,1879.910463775618,32,analytical,E9,E9-dbdb4d478526,1974.9618751438215,1994.260592981524,output_token_throughput_tps,5,,chunk_512,mixed,2000,workload_seed,107.48177738556419
fixed_concurrency,14.873645567315853,13.186553261209227,32,analytical,E9,E9-dbdb4d478526,13.952923660025515,13.762975188222992,observed_request_throughput_rps,5,,chunk_512,mixed,2000,workload_seed,1.1104057732579367
fixed_concurrency,0.7972351752464073,0.704092467041876,32,analytical,E9,E9-dbdb4d478526,0.7497124039270552,0.7251082006005886,iteration_cv,5,,chunk_512,mixed,2000,workload_seed,0.05986029851584824
fixed_concurrency,1195.0839999999998,872.9033999999962,32,analytical,E9,E9-dbdb4d478526,1045.9427999999987,1148.6299999999994,max_wait_ms,5,,chunk_512,mixed,2000,workload_seed,224.01784170396127
fixed_concurrency,8.2,0.6,32,analytical,E9,E9-dbdb4d478526,4.0,3.0,starvation_proxy_count,5,,chunk_512,mixed,2000,workload_seed,4.949747468305833
fixed_concurrency,0.9725805567105349,0.9553372015182469,32,analytical,E9,E9-dbdb4d478526,0.9653019429890906,0.9671403203952382,waiting_satisfaction_jain,5,,chunk_512,mixed,2000,workload_seed,0.011019753872478048
fixed_concurrency,1017.12098,728.0174299999985,32,analytical,E9,E9-dbdb4d478526,876.5401499999995,907.5702999999997,short_prompt_ttft_p95_ms,5,,chunk_512,mixed,2000,workload_seed,196.43856933651773
fixed_concurrency,1041.1599900000033,765.278319999997,32,analytical,E9,E9-dbdb4d478526,900.3714899999998,794.5673999999998,long_prompt_ttft_p95_ms,5,,chunk_512,mixed,2000,workload_seed,184.84297640952371
fixed_concurrency,17.25880000000002,13.060800000000006,32,analytical,E9,E9-dbdb4d478526,15.146600000000001,15.607999999999947,primer_max_itl_ms,5,,chunk_512,mixed,2000,workload_seed,2.8262976311775914
fixed_concurrency,32.0,32.0,32,analytical,E9,E9-dbdb4d478526,32.0,32.0,backlog_at_arrival_end,5,,chunk_512,mixed,2000,workload_seed,0.0
fixed_concurrency,0.9999999999999988,0.9999999999999896,32,analytical,E9,E9-dbdb4d478526,0.9999999999999941,0.9999999999999941,server_busy_fraction,5,,chunk_512,mixed,2000,workload_seed,5.951561747943798e-15
fixed_concurrency,0.8148082030220477,0.7436807628830151,32,analytical,E9,E9-dbdb4d478526,0.78546446784128,0.801409590758278,batch_slot_occupancy,5,,chunk_512,mixed,2000,workload_seed,0.045886963665314355
fixed_concurrency,2148.4955000003656,1921.375800000275,32,analytical,E9,E9-dbdb4d478526,2038.7177000004037,2058.200000000035,ttft_p50_ms,5,,fcfs,mixed,2000,workload_seed,148.6045004871892
fixed_concurrency,2729.038740000413,2398.3018300007907,32,analytical,E9,E9-dbdb4d478526,2548.522810000555,2547.452400001419,ttft_p95_ms,5,,fcfs,mixed,2000,workload_seed,209.24814090777446
fixed_concurrency,2795.928342000525,2462.6418560001657,32,analytical,E9,E9-dbdb4d478526,2626.8779660006744,2603.099670001746,ttft_p99_ms,5,,fcfs,mixed,2000,workload_seed,203.66993212602975
fixed_concurrency,0.32300000000032014,0.32300000000032014,32,analytical,E9,E9-dbdb4d478526,0.32300000000032014,0.32300000000032014,tpot_p95_ms,5,,fcfs,mixed,2000,workload_seed,0.0
fixed_concurrency,0.32300000000032014,0.32300000000032014,32,analytical,E9,E9-dbdb4d478526,0.32300000000032014,0.32300000000032014,tpot_p99_ms,5,,fcfs,mixed,2000,workload_seed,0.0
fixed_concurrency,2758.5776900009937,2431.124010000714,32,analytical,E9,E9-dbdb4d478526,2585.8388400008525,2585.608100000822,e2e_p95_ms,5,,fcfs,mixed,2000,workload_seed,202.8543295069268
fixed_concurrency,0.32300000000032014,0.32300000000032014,32,analytical,E9,E9-dbdb4d478526,0.32300000000032014,0.32300000000032014,itl_p95_ms,5,,fcfs,mixed,2000,workload_seed,0.0
fixed_concurrency,0.32300000000032014,0.32300000000032014,32,analytical,E9,E9-dbdb4d478526,0.32300000000032014,0.32300000000032014,itl_p99_ms,5,,fcfs,mixed,2000,workload_seed,0.0
fixed_concurrency,15.756400625276871,13.912873726781829,32,analytical,E9,E9-dbdb4d478526,14.84506977497052,14.815433839302772,request_throughput_rps,5,,fcfs,mixed,2000,workload_seed,1.1908791854433882
fixed_concurrency,1964.464807751249,1784.0881774334134,32,analytical,E9,E9-dbdb4d478526,1881.7195869011953,1901.9858161903646,output_token_throughput_tps,5,,fcfs,mixed,2000,workload_seed,110.98787671962053
fixed_concurrency,16.54415431139706,13.899481414240592,32,analytical,E9,E9-dbdb4d478526,15.132940702619294,14.828922887280969,observed_request_throughput_rps,5,,fcfs,mixed,2000,workload_seed,1.7240730708235228
fixed_concurrency,8.399616243896958,7.6899458246928205,32,analytical,E9,E9-dbdb4d478526,8.044781034294889,7.887456260960454,iteration_cv,5,,fcfs,mixed,2000,workload_seed,0.45349515012451536
fixed_concurrency,2790.7238000004395,2470.2818000006223,32,analytical,E9,E9-dbdb4d478526,2628.160200000778,2598.209000000353,max_wait_ms,5,,fcfs,mixed,2000,workload_seed,198.33388598714535
fixed_concurrency,113.4,108.2,32,analytical,E9,E9-dbdb4d478526,110.8,111.0,starvation_proxy_count,5,,fcfs,mixed,2000,workload_seed,3.3466401061363023
fixed_concurrency,0.8817127600217617,0.8681181746730038,32,analytical,E9,E9-dbdb4d478526,0.8749195320152555,0.8760107778590261,waiting_satisfaction_jain,5,,fcfs,mixed,2000,workload_seed,0.00883982077086925
fixed_concurrency,2705.567170000699,2371.94449000113,32,analytical,E9,E9-dbdb4d478526,2515.069440001061,2472.730750001573,short_prompt_ttft_p95_ms,5,,fcfs,mixed,2000,workload_seed,213.50439047003857
fixed_concurrency,2692.298980000912,2367.3622000005007,32,analytical,E9,E9-dbdb4d478526,2514.9261400007163,2500.4288000002884,long_prompt_ttft_p95_ms,5,,fcfs,mixed,2000,workload_seed,208.43679263649923
fixed_concurrency,0.3230000000000047,0.3230000000000004,32,analytical,E9,E9-dbdb4d478526,0.32300000000000184,0.3230000000000004,primer_max_itl_ms,5,,fcfs,mixed,2000,workload_seed,3.1776437161565094e-15
fixed_concurrency,32.0,32.0,32,analytical,E9,E9-dbdb4d478526,32.0,32.0,backlog_at_arrival_end,5,,fcfs,mixed,2000,workload_seed,0.0
fixed_concurrency,0.9999999999997626,0.9999999999996833,32,analytical,E9,E9-dbdb4d478526,0.9999999999997209,0.9999999999996967,server_busy_fraction,5,,fcfs,mixed,2000,workload_seed,4.9786441036252594e-14
fixed_concurrency,0.03125,0.03125,32,analytical,E9,E9-dbdb4d478526,0.03125,0.03125,batch_slot_occupancy,5,,fcfs,mixed,2000,workload_seed,0.0
fixed_concurrency,48.11750000000002,31.352899999999863,32,analytical,E9,E9-dbdb4d478526,39.59099999999999,41.06050000000005,ttft_p50_ms,5,,mono,mixed,2000,workload_seed,10.927598192192159
fixed_concurrency,824.2351899999998,557.6863899999998,32,analytical,E9,E9-dbdb4d478526,684.0123599999997,689.6982999999997,ttft_p95_ms,5,,mono,mixed,2000,workload_seed,173.3242806340704
fixed_concurrency,983.8828199999998,699.5634579999999,32,analytical,E9,E9-dbdb4d478526,834.7779299999999,824.6888199999999,ttft_p99_ms,5,,mono,mixed,2000,workload_seed,191.16853686504984
fixed_concurrency,27.626096519480644,24.369760372775424,32,analytical,E9,E9-dbdb4d478526,25.893495342231915,25.275301851851825,tpot_p95_ms,5,,mono,mixed,2000,workload_seed,2.1490700254352233
fixed_concurrency,38.85440896363638,30.732100232142933,32,analytical,E9,E9-dbdb4d478526,34.71465358772067,34.05990841346154,tpot_p99_ms,5,,mono,mixed,2000,workload_seed,5.30486214505743
fixed_concurrency,5776.161380000049,4575.796960000059,32,analytical,E9,E9-dbdb4d478526,5208.512590000051,5378.946300000018,e2e_p95_ms,5,,mono,mixed,2000,workload_seed,762.365052224793
fixed_concurrency,53.49619999999995,38.25459500000013,32,analytical,E9,E9-dbdb4d478526,45.24359999999997,45.003999999999905,itl_p95_ms,5,,mono,mixed,2000,workload_seed,9.634987535020402
fixed_concurrency,156.63459999999995,141.8336,32,analytical,E9,E9-dbdb4d478526,150.36479999999995,154.13699999999972,itl_p99_ms,5,,mono,mixed,2000,workload_seed,9.58612065436272
fixed_concurrency,16.246990656988196,14.35047180077109,32,analytical,E9,E9-dbdb4d478526,15.303779916993998,15.281168121143148,request_throughput_rps,5,,mono,mixed,2000,workload_seed,1.2166169302512686
fixed_concurrency,2025.748332084668,1840.1546752084462,32,analytical,E9,E9-dbdb4d478526,1939.9228139992779,1956.7703534632954,output_token_throughput_tps,5,,mono,mixed,2000,workload_seed,113.9950703206325
fixed_concurrency,14.379161722286657,12.577166720155592,32,analytical,E9,E9-dbdb4d478526,13.489510084161822,13.453418170214496,observed_request_throughput_rps,5,,mono,mixed,2000,workload_seed,1.1629556233777385
fixed_concurrency,2.0522288225514194,1.8250609559373396,32,analytical,E9,E9-dbdb4d478526,1.932831528211619,1.8662581597391774,iteration_cv,5,,mono,mixed,2000,workload_seed,0.14865318119026472
fixed_concurrency,986.3921999999999,703.0071999999998,32,analytical,E9,E9-dbdb4d478526,837.8885999999999,827.6409999999998,max_wait_ms,5,,mono,mixed,2000,workload_seed,190.28226187246142
fixed_concurrency,1.8,0.0,32,analytical,E9,E9-dbdb4d478526,0.6,0.0,starvation_proxy_count,5,,mono,mixed,2000,workload_seed,1.3416407864998738
fixed_concurrency,0.9862730222078074,0.9731258244632516,32,analytical,E9,E9-dbdb4d478526,0.979963470447915,0.9832447081112465,waiting_satisfaction_jain,5,,mono,mixed,2000,workload_seed,0.008362557690451874
fixed_concurrency,776.4470699999999,393.9786999999998,32,analytical,E9,E9-dbdb4d478526,566.1716699999997,457.3075999999992,short_prompt_ttft_p95_ms,5,,mono,mixed,2000,workload_seed,243.54649124801006
fixed_concurrency,729.8614399999997,494.16233999999974,32,analytical,E9,E9-dbdb4d478526,629.2762499999997,676.1293999999997,long_prompt_ttft_p95_ms,5,,mono,mixed,2000,workload_seed,158.29097100075697
fixed_concurrency,157.25900000000001,105.24080000000001,32,analytical,E9,E9-dbdb4d478526,139.9196,157.25900000000001,primer_max_itl_ms,5,,mono,mixed,2000,workload_seed,38.772077089059856
fixed_concurrency,32.0,32.0,32,analytical,E9,E9-dbdb4d478526,32.0,32.0,backlog_at_arrival_end,5,,mono,mixed,2000,workload_seed,0.0
fixed_concurrency,0.9999999999999958,0.9999999999999879,32,analytical,E9,E9-dbdb4d478526,0.9999999999999918,0.9999999999999905,server_busy_fraction,5,,mono,mixed,2000,workload_seed,5.039360889269049e-15
fixed_concurrency,0.8959986926100516,0.8741217721438401,32,analytical,E9,E9-dbdb4d478526,0.8859439689858968,0.8896534550786641,batch_slot_occupancy,5,,mono,mixed,2000,workload_seed,0.014036287022657938
