arrival_mode,baseline_mean,baseline_policy,candidate_mean,ci95_high,ci95_low,concurrency,cost_id,experiment_id,group_id,mean,mean_delta,median,metric,n,offered_load_rps,paired_dz,policy_id,regime,relative_change_pct,relative_ci95_high,relative_ci95_low,resamples,resampling_unit,std
poisson,13.154016130318336,mono,182.5217283202606,305.54425338557604,84.3520076551118,,piecewise,E1,E1-33a71da3b08d,169.36771218994227,169.36771218994227,103.00918185656974,ttft_p50_ms,5,16,1.1078140226781994,chunk_128,mixed,1287.5741561512245,2321.208620474483,665.7771083700931,2000,workload_seed,152.88460763521192
poisson,92.35158865211201,mono,772.7112009545208,1106.4294521835998,399.30884522472627,,piecewise,E1,E1-33a71da3b08d,680.3596123024088,680.3596123024088,557.4664449957977,ttft_p95_ms,5,16,1.4119824001211876,chunk_128,mixed,736.7059107833219,1157.005443361701,443.54518946443574,2000,workload_seed,481.84709118471653
poisson,136.7328619376977,mono,906.8990691596485,1266.7075950882997,463.3487074425839,,piecewise,E1,E1-33a71da3b08d,770.1662072219509,770.1662072219509,602.0052492616555,ttft_p99_ms,5,16,1.3782414087702737,chunk_128,mixed,563.2634293670214,976.4517107232538,357.3386879760818,2000,workload_seed,558.8035610605593
poisson,3.590805611196398,mono,3.8673819392510667,0.6928143718133354,-0.18160243265993198,,piecewise,E1,E1-33a71da3b08d,0.27657632805466836,0.27657632805466836,0.2449965836592236,tpot_p95_ms,5,16,0.47320958268593294,chunk_128,mixed,7.702347550986421,21.895911833490068,-4.432234133140989,2000,workload_seed,0.5844689925441151
poisson,8.334865911912598,mono,3.9465503487405806,-1.5072601536384609,-8.449406863618702,,piecewise,E1,E1-33a71da3b08d,-4.388315563172018,-4.388315563172018,-3.0201414357643115,tpot_p99_ms,5,16,-0.9410213628786334,chunk_128,mixed,-52.65010390749085,-27.67516199583493,-68.38569074264322,2000,workload_seed,4.663353815632763
poisson,626.2676285377613,mono,1454.920524886913,1155.955292908069,609.7820406813757,,piecewise,E1,E1-33a71da3b08d,828.6528963491515,828.6528963491515,747.7405440969824,e2e_p95_ms,5,16,2.2990307598316204,chunk_128,mixed,132.31609915459447,168.28858465817035,99.81632323143849,2000,workload_seed,360.4357587672475
poisson,1.3670609999999215,mono,4.013366275000044,2.7248980099997424,2.567630745000315,,piecewise,E1,E1-33a71da3b08d,2.6463052750001226,2.6463052750001226,2.6829274000001533,itl_p95_ms,5,16,24.888168937575415,chunk_128,mixed,193.5762394655596,214.50940924651687,174.95407081616904,2000,workload_seed,0.10632784121795355
poisson,13.741670277500072,mono,4.096792223999764,-6.018428737500636,-15.196263687500306,,piecewise,E1,E1-33a71da3b08d,-9.644878053500307,-9.644878053500307,-7.843867379999938,itl_p99_ms,5,16,-1.5494574244566894,chunk_128,mixed,-70.18708685866486,-59.70982934691247,-78.36899294234449,2000,workload_seed,6.2246809116954225
poisson,16.740390610678617,mono,16.591987180655885,-0.004995252115469739,-0.31348016629653336,,piecewise,E1,E1-33a71da3b08d,-0.1484034300227343,-0.1484034300227343,-0.007460053232385633,request_throughput_rps,5,16,-0.7428712090416817,chunk_128,mixed,-0.8864992070619082,-0.03069085609574973,-1.8043716947304889,2000,workload_seed,0.19977006541171194
poisson,2076.4435418947305,mono,2057.4725343590962,-0.5948300912470131,-38.905520942551675,,piecewise,E1,E1-33a71da3b08d,-18.971007535634136,-18.971007535634136,-0.8883000104801795,output_token_throughput_tps,5,16,-0.7503432383702822,chunk_128,mixed,-0.9136298268106802,-0.030134921978075546,-1.7868963348379285,2000,workload_seed,25.28310587143887
poisson,16.788215692507457,mono,16.46477649901663,-0.03978031965217532,-0.7242372979303632,,piecewise,E1,E1-33a71da3b08d,-0.3234391934908313,-0.3234391934908313,-0.06852703445178321,observed_request_throughput_rps,5,16,-0.7230368904474265,chunk_128,mixed,-1.9265846913986029,-0.24513657157332336,-4.141713832908759,2000,workload_seed,0.44733428925138535
poisson,3.3480350516848327,mono,0.6854560996087431,-2.492079954973158,-2.8516815197180505,,piecewise,E1,E1-33a71da3b08d,-2.6625789520760894,-2.6625789520760894,-2.6860054956720036,iteration_cv,5,16,-11.301425475456112,chunk_128,mixed,-79.52661519287855,-77.23333177906646,-81.83563285956265,2000,workload_seed,0.2355967358151898
poisson,128.63226158158167,mono,928.5238804214152,1287.7671984196927,492.59218134970405,,piecewise,E1,E1-33a71da3b08d,799.8916188398335,799.8916188398335,628.4261869193278,max_wait_ms,5,16,1.4856788926877929,chunk_128,mixed,621.8437031308223,1009.7642762904272,401.4705754951625,2000,workload_seed,538.401415525748
poisson,0.0,mono,14.8,44.4,0.0,,piecewise,E1,E1-33a71da3b08d,14.8,14.8,0.0,starvation_proxy_count,5,16,0.4472135954999579,chunk_128,mixed,,,,2000,workload_seed,33.09380606699689
poisson,0.9995257361875785,mono,0.97066585650311,-0.012351511591549725,-0.05833121676659401,,piecewise,E1,E1-33a71da3b08d,-0.02885987968446837,-0.02885987968446837,-0.014479720562534548,waiting_satisfaction_jain,5,16,-0.8927898097711876,chunk_128,mixed,-2.887357337545571,-1.2356966438412331,-5.835677198094258,2000,workload_seed,0.032325503011582137
poisson,65.2087045226066,mono,670.99684705054,1049.3026047302124,330.11889945166257,,piecewise,E1,E1-33a71da3b08d,605.7881425279335,605.7881425279335,374.16357338167745,short_prompt_ttft_p95_ms,5,16,1.251499723433291,chunk_128,mixed,928.9988920388971,1600.0702480819473,506.40946475801394,2000,workload_seed,484.04976140629884
poisson,128.82427177798303,mono,824.1489692385721,1167.2804996095056,398.77981549655095,,piecewise,E1,E1-33a71da3b08d,695.3246974605892,695.3246974605892,490.307123472066,long_prompt_ttft_p95_ms,5,16,1.3228716591429395,chunk_128,mixed,539.746654775521,910.9529929228119,331.04286340724167,2000,workload_seed,525.6176535757636
poisson,31.8340661,mono,3.1460749499999885,-1.0857179299999984,-62.577362730000026,,piecewise,E1,E1-33a71da3b08d,-28.68799115000001,-28.68799115000001,-1.8262119999999982,primer_max_itl_ms,5,16,-0.730868366308306,chunk_128,mixed,-90.117269530957,-30.26632906649254,-94.56217435620569,2000,workload_seed,39.251926164086306
poisson,2.6,mono,7.2,10.2,0.6,,piecewise,E1,E1-33a71da3b08d,4.6,4.6,1.0,backlog_at_arrival_end,5,16,0.7337727113061008,chunk_128,mixed,176.9230769230769,511.1111111111111,42.85714285714286,2000,workload_seed,6.268971207462991
poisson,0.9097515642432649,mono,0.9766558564844916,0.08145220503056574,0.05047137520733762,,piecewise,E1,E1-33a71da3b08d,0.0669042922412267,0.0669042922412267,0.07010368006657453,server_busy_fraction,5,16,3.3241841628175637,chunk_128,mixed,7.35412774990698,9.202915776863524,5.393743942392604,2000,workload_seed,0.02012652998879548
poisson,0.11483420534105941,mono,0.17700617215861103,0.08092555501788004,0.04417328066578392,,piecewise,E1,E1-33a71da3b08d,0.06217196681755162,0.06217196681755162,0.06343557414909255,batch_slot_occupancy,5,16,2.574215856684009,chunk_128,mixed,54.140633997422526,64.86697551180869,43.465200789253956,2000,workload_seed,0.02415180788204715
poisson,13.154016130318336,mono,38.65218197548437,38.59585442866683,16.16539194135091,,piecewise,E1,E1-33a71da3b08d,25.498165845166028,25.498165845166028,22.052209506939562,ttft_p50_ms,5,16,1.7840589829816837,chunk_512,mixed,193.8432003773813,286.4039811141289,135.04288363607668,2000,workload_seed,14.29222132698278
poisson,92.35158865211201,mono,251.79606405708438,230.58749293068854,105.03724791927523,,piecewise,E1,E1-33a71da3b08d,159.44447540497237,159.44447540497237,150.05494361751084,ttft_p95_ms,5,16,1.9596397192936916,chunk_512,mixed,172.64941267615757,241.9609018030048,116.10894750553746,2000,workload_seed,81.36417823906966
poisson,136.7328619376977,mono,348.14731418356325,269.78758711350554,162.032559331185,,piecewise,E1,E1-33a71da3b08d,211.41445224586556,211.41445224586556,192.6475950430217,ttft_p99_ms,5,16,2.997698345499375,chunk_512,mixed,154.61861124664858,203.55031441222752,126.47083689501106,2000,workload_seed,70.52559259782586
poisson,3.590805611196398,mono,5.90248790727391,3.494947394305787,1.613419897540504,,piecewise,E1,E1-33a71da3b08d,2.311682296077512,2.311682296077512,1.7251060877255204,tpot_p95_ms,5,16,1.7363353305803686,chunk_512,mixed,64.37781785985617,86.05954741592889,49.03556013804706,2000,workload_seed,1.3313570572251354
poisson,8.334865911912598,mono,8.804175012572244,2.855261676859747,-3.22380217927723,,piecewise,E1,E1-33a71da3b08d,0.46930910065964593,0.46930910065964593,1.7625508208986078,tpot_p99_ms,5,16,0.11340374210792452,chunk_512,mixed,5.630673673932618,50.30268561915086,-26.65053509632147,2000,workload_seed,4.138391660947238
poisson,626.2676285377613,mono,1028.8012412176483,693.3289337643728,229.45632172207766,,piecewise,E1,E1-33a71da3b08d,402.53361267988697,402.53361267988697,285.8197056559454,e2e_p95_ms,5,16,1.2559810267974703,chunk_512,mixed,64.27501507937447,99.6031929919569,38.78627504721097,2000,workload_seed,320.4933865173717
poisson,1.3670609999999215,mono,9.792900839999856,8.664554589999625,8.255594169999677,,piecewise,E1,E1-33a71da3b08d,8.425839839999934,8.425839839999934,8.374537799999871,itl_p95_ms,5,16,31.449054060456394,chunk_512,mixed,616.3470276747285,662.179752351433,581.2757970297807,2000,workload_seed,0.26792029495712144
poisson,13.741670277500072,mono,10.033088950000273,-0.21762083999947207,-9.043359867500095,,piecewise,E1,E1-33a71da3b08d,-3.7085813274997967,-3.7085813274997967,-1.9793931499998507,itl_p99_ms,5,16,-0.6195893934980029,chunk_512,mixed,-26.98784974903703,-2.15406569887564,-46.6377143885805,2000,workload_seed,5.985546825716845
poisson,16.740390610678617,mono,16.694840844607842,-0.0002723961774460548,-0.1034047492657983,,piecewise,E1,E1-33a71da3b08d,-0.04554976607077386,-0.04554976607077386,-0.001361980887230274,request_throughput_rps,5,16,-0.6922671476183105,chunk_512,mixed,-0.2720950014255874,-0.001711593526273486,-0.6001266123493387,2000,workload_seed,0.06579795997467765
poisson,2076.4435418947305,mono,2070.4470353822267,-0.031194682555405962,-13.980078381078874,,piecewise,E1,E1-33a71da3b08d,-5.99650651250372,-5.99650651250372,-0.1559734127770298,output_token_throughput_tps,5,16,-0.6730121907718983,chunk_512,mixed,-0.28878736125096394,-0.0015955269303358243,-0.6129080562257694,2000,workload_seed,8.909952293176357
poisson,16.788215692507457,mono,16.75999862991269,0.0,-0.056675263741526295,,piecewise,E1,E1-33a71da3b08d,-0.028217062594768548,-0.028217062594768548,0.0,observed_request_throughput_rps,5,16,-0.7302523018955808,chunk_512,mixed,-0.1680766027288949,0.0,-0.3274142488901788,2000,workload_seed,0.03864015563048964
poisson,3.3480350516848327,mono,1.418128692406998,-1.797354329411046,-2.0662530653820417,,piecewise,E1,E1-33a71da3b08d,-1.9299063592778345,-1.9299063592778345,-1.93848188620394,iteration_cv,5,16,-11.285921061633227,chunk_512,mixed,-57.642955628754464,-55.98037730128418,-59.199982369584816,2000,workload_seed,0.17100122787838734
poisson,128.63226158158167,mono,353.15905382052745,280.87631562893546,167.9593785809173,,piecewise,E1,E1-33a71da3b08d,224.52679223894575,224.52679223894575,198.53641076527765,max_wait_ms,5,16,3.0756771481918634,chunk_512,mixed,174.5493622504223,208.667928595218,145.11879107588476,2000,workload_seed,73.00076744756552
poisson,0.0,mono,0.0,0.0,0.0,,piecewise,E1,E1-33a71da3b08d,0.0,0.0,0.0,starvation_proxy_count,5,16,,chunk_512,mixed,,,,2000,workload_seed,0.0
poisson,0.9995257361875785,mono,0.9954795551367642,-0.002183103662338426,-0.006734523247196722,,piecewise,E1,E1-33a71da3b08d,-0.004046181050814201,-0.004046181050814201,-0.003466355311102509,waiting_satisfaction_jain,5,16,-1.3213981252695421,chunk_512,mixed,-0.40481009185889816,-0.21839953327790207,-0.6737430604276673,2000,workload_seed,0.0030620453998213833
poisson,65.2087045226066,mono,197.2450744852887,186.93444790310133,84.6004697578225,,piecewise,E1,E1-33a71da3b08d,132.0363699626821,132.0363699626821,108.42042805682703,short_prompt_ttft_p95_ms,5,16,2.0483693617710768,chunk_512,mixed,202.48273743409158,286.3253012439743,129.77893322526546,2000,workload_seed,64.45925838712985
poisson,128.82427177798303,mono,323.97444538859645,255.2853130407354,140.94971295785163,,piecewise,E1,E1-33a71da3b08d,195.15017361061345,195.15017361061345,170.81516388565433,long_prompt_ttft_p95_ms,5,16,2.5396920897319615,chunk_512,mixed,151.48556317627558,201.61332578679233,110.9719220193759,2000,workload_seed,76.84009191492562
poisson,31.8340661,mono,6.238997010000003,-1.4999999997655777e-06,-57.482506189999995,,piecewise,E1,E1-33a71da3b08d,-25.595069089999996,-25.595069089999996,-7.499999998827889e-06,primer_max_itl_ms,5,16,-0.6960793159139668,chunk_512,mixed,-80.40150764780877,-5.5087644257323376e-05,-87.02773319159837,2000,workload_seed,36.770334220308115
poisson,2.6,mono,3.0,0.8,0.0,,piecewise,E1,E1-33a71da3b08d,0.4,0.4,0.0,backlog_at_arrival_end,5,16,0.7302967433402215,chunk_512,mixed,15.384615384615374,33.33333333333333,0.0,2000,workload_seed,0.5477225575051661
poisson,0.9097515642432649,mono,0.9448621744896191,0.04265884383032352,0.026505647174581547,,piecewise,E1,E1-33a71da3b08d,0.03511061024635416,0.03511061024635416,0.04136940511077747,server_busy_fraction,5,16,3.363835650488199,chunk_512,mixed,3.8593624486437994,4.78113548803194,2.832589231020388,2000,workload_seed,0.010437671127380583
poisson,0.11483420534105941,mono,0.1629096373177736,0.08332583992111472,0.02504422011938733,,piecewise,E1,E1-33a71da3b08d,0.0480754319767142,0.0480754319767142,0.030863916105242653,batch_slot_occupancy,5,16,1.2118412001111871,chunk_512,mixed,41.865080037719935,63.801532184350386,24.65860952425818,2000,workload_seed,0.03967139586630926
poisson,13.154016130318336,mono,8137.894547570197,9040.982127436295,7116.381796777256,,piecewise,E1,E1-33a71da3b08d,8124.74053143988,8124.74053143988,8199.287116417687,ttft_p50_ms,5,16,6.375528843190379,fcfs,mixed,61766.235125053434,71381.62227065305,51109.76867801112,2000,workload_seed,1274.3633871436111
poisson,92.35158865211201,mono,14117.235762428953,16076.782058212217,12155.94707094676,,piecewise,E1,E1-33a71da3b08d,14024.884173776842,14024.884173776842,13659.783735366836,ttft_p95_ms,5,16,5.8819654761823195,fcfs,mixed,15186.402722976982,17538.17271612734,12987.496936812051,2000,workload_seed,2384.38736687038
poisson,136.7328619376977,mono,14433.27926272316,16489.019812731083,12283.520600634185,,piecewise,E1,E1-33a71da3b08d,14296.54640078546,14296.54640078546,13985.595574507688,ttft_p99_ms,5,16,5.633442893890598,fcfs,mixed,10455.823273339865,13241.447059438926,7780.690761969911,2000,workload_seed,2537.799116822485
poisson,3.590805611196398,mono,0.8280807499999912,-2.310507166340665,-3.277171534551818,,piecewise,E1,E1-33a71da3b08d,-2.762724861196407,-2.762724861196407,-2.7939457583666534,tpot_p95_ms,5,16,-4.352476861352848,fcfs,mixed,-76.93885886170018,-73.68298288329771,-79.7745472383439,2000,workload_seed,0.6347477423091205
poisson,8.334865911912598,mono,0.8317666499999918,-4.614442488322253,-11.523863506577381,,piecewise,E1,E1-33a71da3b08d,-7.503099261912605,-7.503099261912605,-6.191552757915504,tpot_p99_ms,5,16,-1.62277504779121,fcfs,mixed,-90.02063549923233,-84.72687550089249,-93.26895705714902,2000,workload_seed,4.623622523728853
poisson,626.2676285377613,mono,14198.34842521534,15628.617300853872,11721.072638231448,,piecewise,E1,E1-33a71da3b08d,13572.08079667758,13572.08079667758,13213.025768931575,e2e_p95_ms,5,16,5.727266097732431,fcfs,mixed,2167.137526869511,2409.9231907677877,1967.5033744891618,2000,workload_seed,2369.731136126381
poisson,1.3670609999999215,mono,0.8313999999997577,-0.428957000000446,-0.6483019999995122,,piecewise,E1,E1-33a71da3b08d,-0.5356610000001638,-0.5356610000001638,-0.5354550000001836,itl_p95_ms,5,16,-3.9201368643256616,fcfs,mixed,-39.183401472223586,-34.0351843241941,-43.813336703373274,2000,workload_seed,0.136643443466178
poisson,13.741670277500072,mono,0.8324440000001223,-9.218623987500276,-18.558211367500068,,piecewise,E1,E1-33a71da3b08d,-12.909226277499949,-12.909226277499949,-11.038998499999433,itl_p99_ms,5,16,-2.0431864828633532,fcfs,mixed,-93.94219201021636,-91.71552838332273,-95.70696887014786,2000,workload_seed,6.318183085965192
poisson,16.740390610678617,mono,8.651239146666734,-6.937110767261243,-9.241192160762523,,piecewise,E1,E1-33a71da3b08d,-8.089151464011882,-8.089151464011882,-8.493061285271635,request_throughput_rps,5,16,-5.320854152618476,fcfs,mixed,-48.32116318033732,-43.81209424048747,-52.70164737171026,2000,workload_seed,1.5202731050297786
poisson,2076.4435418947305,mono,1067.752610415449,-836.2162411495162,-1205.4956026904852,,piecewise,E1,E1-33a71da3b08d,-1008.6909314792814,-1008.6909314792814,-1011.3046373395912,output_token_throughput_tps,5,16,-4.171132287738305,fcfs,mixed,-48.577816402311754,-43.91485671998861,-52.850774258443245,2000,workload_seed,241.82664607509233
poisson,16.788215692507457,mono,8.296983989748679,-7.164437585504634,-9.712385454740103,,piecewise,E1,E1-33a71da3b08d,-8.491231702758778,-8.491231702758778,-8.908514478731936,observed_request_throughput_rps,5,16,-5.00870114330126,fcfs,mixed,-50.578523997332226,-45.0758777784778,-55.04570610814279,2000,workload_seed,1.6952961376254452
poisson,3.3480350516848327,mono,2.7126286731249545,-0.5994964555205636,-0.6742141362746616,,piecewise,E1,E1-33a71da3b08d,-0.6354063785598776,-0.6354063785598776,-0.64463750451872,iteration_cv,5,16,-12.559118860718133,fcfs,mixed,-18.97848644804726,-17.950559113749577,-20.12926097617571,2000,workload_seed,0.05059322915935401
poisson,128.63226158158167,mono,14521.454976184823,16682.90692738987,12337.715771362808,,piecewise,E1,E1-33a71da3b08d,14392.82271460324,14392.82271460324,14014.07494685733,max_wait_ms,5,16,5.5061069944299526,fcfs,mixed,11189.123581936688,14473.50380780046,8314.635801251405,2000,workload_seed,2613.9743977302296
poisson,0.0,mono,237.2,240.2,233.4,,piecewise,E1,E1-33a71da3b08d,237.2,237.2,239.0,starvation_proxy_count,5,16,53.44186081443688,fcfs,mixed,,,,2000,workload_seed,4.43846820423443
poisson,0.9995257361875785,mono,0.5177468706397539,-0.4670924415386681,-0.49559091717218584,,piecewise,E1,E1-33a71da3b08d,-0.4817788655478246,-0.4817788655478246,-0.48800789446848425,waiting_satisfaction_jain,5,16,-26.495216483663793,fcfs,mixed,-48.200746424543325,-46.737152457270305,-49.57917567691553,2000,workload_seed,0.018183616874573413
poisson,65.2087045226066,mono,14017.798422887305,16051.451756540997,12012.39080045353,,piecewise,E1,E1-33a71da3b08d,13952.5897183647,13952.5897183647,13637.973099481065,short_prompt_ttft_p95_ms,5,16,5.807102164133454,fcfs,mixed,21396.820900693718,24920.9051035838,17980.699107890807,2000,workload_seed,2402.6768126347797
poisson,128.82427177798303,mono,13803.58909153374,15604.504771944616,11865.922682591317,,piecewise,E1,E1-33a71da3b08d,13674.764819755757,13674.764819755757,13483.645909770225,long_prompt_ttft_p95_ms,5,16,6.1438835451153775,fcfs,mixed,10615.05307270277,12761.889811611738,8272.150511798733,2000,workload_seed,2225.752607343562
poisson,31.8340661,mono,0.8004950000000001,-2.7941237899999978,-65.6032757,,piecewise,E1,E1-33a71da3b08d,-31.0335711,-31.0335711,-4.662517599999994,primer_max_itl_ms,5,16,-0.7778873463759027,fcfs,mixed,-97.48541390381796,-77.89119783685928,-98.77056830228169,2000,workload_seed,39.89468557957938
poisson,2.6,mono,129.8,139.0,113.4,,piecewise,E1,E1-33a71da3b08d,127.2,127.2,130.0,backlog_at_arrival_end,5,16,7.397099304437917,fcfs,mixed,4892.307692307692,10933.333333333334,2666.666666666667,2000,workload_seed,17.19592975096142
poisson,0.9097515642432649,mono,0.9993241665046343,0.1149767484350797,0.0642433115627442,,piecewise,E1,E1-33a71da3b08d,0.08957260226136947,0.08957260226136947,0.0882669939695252,server_busy_fraction,5,16,2.8503567226372035,fcfs,mixed,9.845831079815316,13.021211970114631,6.865510318223805,2000,workload_seed,0.03142504990690962
poisson,0.11483420534105941,mono,0.03125,-0.06897288966605822,-0.10041698861767127,,piecewise,E1,E1-33a71da3b08d,-0.08358420534105941,-0.08358420534105941,-0.07791815658101213,batch_slot_occupancy,5,16,-4.126224517267131,fcfs,mixed,-72.78685396290504,-68.81949811652336,-76.2658808194191,2000,workload_seed,0.020256824366023267
poisson,321.3580219391646,mono,378.2615523798171,184.55690912176738,-79.54603578781021,,analytical,E1,E1-608c400d1048,56.9035304406525,56.9035304406525,26.709743190356676,ttft_p50_ms,5,16,0.3300155757098336,chunk_128,mixed,17.707207088617437,170.49374151836184,-10.89889634995812,2000,workload_seed,172.4268023357933
poisson,853.234066396084,mono,1016.7139099690175,471.0283901824417,-247.46506937787186,,analytical,E1,E1-608c400d1048,163.47984357293353,163.47984357293353,290.1488846190264,ttft_p95_ms,5,16,0.3545256092348392,chunk_128,mixed,19.160023024331952,135.64621535202411,-19.056151279320222,2000,workload_seed,461.12280555914316
poisson,998.5341939454069,mono,1167.1166410359515,506.07644213737944,-255.18270725917824,,analytical,E1,E1-608c400d1048,168.5824470905446,168.5824470905446,251.93873549796444,ttft_p99_ms,5,16,0.3619046626135917,chunk_128,mixed,16.882991900802313,111.23618136958066,-17.071251257573227,2000,workload_seed,465.82004739336924
poisson,16.28766406130889,mono,5.870168805759712,-5.549692495216127,-15.285298015882228,,analytical,E1,E1-608c400d1048,-10.417495255549177,-10.417495255549177,-12.464599246630947,tpot_p95_ms,5,16,-1.6717170711892217,chunk_128,mixed,-63.95941871306019,-52.55041566102522,-69.43246517591628,2000,workload_seed,6.231613850864373
poisson,30.442248569754536,mono,6.365218131095597,-15.250230663685215,-32.56885885747262,,analytical,E1,E1-608c400d1048,-24.07703043865894,-24.07703043865894,-25.99991333333304,tpot_p99_ms,5,16,-2.1366525023702745,chunk_128,mixed,-79.09084108386241,-72.01431444721398,-83.49061961149667,2000,workload_seed,11.268575686476543
poisson,3875.05369273212,mono,2113.899713971773,-531.7594470153678,-3013.554432867107,,analytical,E1,E1-608c400d1048,-1761.153978760347,-1761.153978760347,-1678.5595302460229,e2e_p95_ms,5,16,-1.1229267114378123,chunk_128,mixed,-45.44850519267616,-28.16070275705005,-51.88019293928596,2000,workload_seed,1568.3605713727645
poisson,21.88140000000003,mono,6.0538000000001375,-3.3117999999994026,-28.946000000000275,,analytical,E1,E1-608c400d1048,-15.827599999999894,-15.827599999999894,-15.02599999999984,itl_p95_ms,5,16,-0.9558999881519455,chunk_128,mixed,-72.33358011827337,-39.6879419025415,-80.43329532497214,2000,workload_seed,16.55779913817094
poisson,87.62999999999992,mono,6.863999999999942,-42.00400000000009,-121.11699999999965,,analytical,E1,E1-608c400d1048,-80.76599999999999,-80.76599999999999,-94.8149999999996,itl_p99_ms,5,16,-1.54525692999744,chunk_128,mixed,-92.16706607326263,-87.67102318095912,-93.92992306737804,2000,workload_seed,52.26703626569971
poisson,15.52161078823438,mono,16.214091597462716,1.2060458944971884,0.1789500874407647,,analytical,E1,E1-608c400d1048,0.6924808092283318,0.6924808092283318,0.8956962197381273,request_throughput_rps,5,16,1.0621931889411567,chunk_128,mixed,4.461397845082216,7.866047081993588,1.145095175078814,2000,workload_seed,0.651934898884664
poisson,1920.2255436552587,mono,2007.9312180645472,154.10704967037663,21.3077499539399,,analytical,E1,E1-608c400d1048,87.70567440928866,87.70567440928866,106.65432760264548,output_token_throughput_tps,5,16,1.0440358188575072,chunk_128,mixed,4.567467332110153,7.913460992384946,1.1555169045371239,2000,workload_seed,84.00638447947634
poisson,14.740953531340804,mono,16.010155414894733,2.1747167545517216,0.36368701255612984,,analytical,E1,E1-608c400d1048,1.2692018835539258,1.2692018835539258,1.8184350627806491,observed_request_throughput_rps,5,16,1.0679655508482888,chunk_128,mixed,8.610039241053657,15.19713881248903,2.397114532188671,2000,workload_seed,1.1884296104362115
poisson,3.4810549657609315,mono,0.7566727023672037,-1.855204170882351,-3.5355022664286238,,analytical,E1,E1-608c400d1048,-2.7243822633937276,-2.7243822633937276,-2.405109691465088,iteration_cv,5,16,-2.4636897575146652,chunk_128,mixed,-78.26312109950263,-76.08919163780222,-79.57503983339139,2000,workload_seed,1.1058138530161545
poisson,1009.8734385784832,mono,1176.1008955124494,500.266406978216,-264.3504575449053,,analytical,E1,E1-608c400d1048,166.22745693396627,166.22745693396627,237.69800000008672,max_wait_ms,5,16,0.34917562753356696,chunk_128,mixed,16.46022665651561,109.0308315498064,-17.745222715656272,2000,workload_seed,476.0568717471167
poisson,43.4,mono,33.8,4.8,-25.6,,analytical,E1,E1-608c400d1048,-9.6,-9.6,0.0,starvation_proxy_count,5,16,-0.49324903909925016,chunk_128,mixed,-22.11981566820277,4.545454545454519,-77.27272727272727,2000,workload_seed,19.462785001124583
poisson,0.9566245360303632,mono,0.9555369349643501,0.01278799296856017,-0.014787193194400406,,analytical,E1,E1-608c400d1048,-0.0010876010660130885,-0.0010876010660130885,-0.005012340611493471,waiting_satisfaction_jain,5,16,-0.05863552194652792,chunk_128,mixed,-0.11369152944019634,1.4112569355169358,-1.5103584337085252,2000,workload_seed,0.018548501486947033
poisson,806.265445505929,mono,907.7141296614652,402.1436619994239,-290.59398838445696,,analytical,E1,E1-608c400d1048,101.44868415553617,101.44868415553617,175.54873802747403,short_prompt_ttft_p95_ms,5,16,0.2345293454579223,chunk_128,mixed,12.582541484445908,123.05331107279312,-23.98986461852801,2000,workload_seed,432.5628588501622
poisson,926.5978740062983,mono,1085.8581393928862,421.0074864456419,-194.30271753512133,,analytical,E1,E1-608c400d1048,159.2602653865879,159.2602653865879,254.90193007136827,long_prompt_ttft_p95_ms,5,16,0.401298198549759,chunk_128,mixed,17.187635527156985,96.56332552856001,-14.468111324603573,2000,workload_seed,396.86264718390055
poisson,49.44419999999998,mono,2.044000000000003,-0.26280000000000003,-104.79819999999995,,analytical,E1,E1-608c400d1048,-47.400199999999984,-47.400199999999984,-1.314,primer_max_itl_ms,5,16,-0.7080517421356063,chunk_128,mixed,-95.86604697820977,-25.109879610166264,-97.10020498313307,2000,workload_seed,66.94454257966063
poisson,31.8,mono,13.6,-5.2,-31.2,,analytical,E1,E1-608c400d1048,-18.2,-18.2,-26.0,backlog_at_arrival_end,5,16,-1.062892652749448,chunk_128,mixed,-57.232704402515736,-41.269841269841265,-91.35802469135803,2000,workload_seed,17.123083834403193
poisson,0.9407748716949911,mono,0.9412463992846952,0.0014901359483323827,-0.0005470807689241797,,analytical,E1,E1-608c400d1048,0.0004715275897041016,0.0004715275897041016,0.00013457096489399856,server_busy_fraction,5,16,0.353070538459393,chunk_128,mixed,0.05012119306020413,0.1661129938846262,-0.0555700741757148,2000,workload_seed,0.0013355053405520337
poisson,0.5308873773661787,mono,0.2547819956036751,-0.10513441631856776,-0.45298470013305625,,analytical,E1,E1-608c400d1048,-0.27610538176250365,-0.27610538176250365,-0.32842372418171517,batch_slot_occupancy,5,16,-1.2304069854873887,chunk_128,mixed,-52.00827775041643,-37.48101876924482,-58.176217117950266,2000,workload_seed,0.22440166954443355
poisson,321.3580219391646,mono,316.7600767735147,31.032970649103028,-54.05175599315148,,analytical,E1,E1-608c400d1048,-4.597945165649935,-4.597945165649935,3.598500254377541,ttft_p50_ms,5,16,-0.0808876695929994,chunk_512,mixed,-1.4307858686410269,31.671939243662074,-7.209876133774107,2000,workload_seed,56.84358554011147
poisson,853.234066396084,mono,893.6946845254246,108.59384688631721,-36.54325758679401,,analytical,E1,E1-608c400d1048,40.46061812934064,40.46061812934064,36.899543181152296,ttft_p95_ms,5,16,0.43657984436349234,chunk_512,mixed,4.742030320031576,34.38431221670608,-2.9380711939348103,2000,workload_seed,92.67633092024629
poisson,998.5341939454069,mono,1034.4251239574492,123.84324351681963,-70.16771726423022,,analytical,E1,E1-608c400d1048,35.89093001204229,35.89093001204229,43.372045900627825,ttft_p99_ms,5,16,0.2978259652799823,chunk_512,mixed,3.594361638255994,27.54075802683762,-5.030126625079512,2000,workload_seed,120.5097412453669
poisson,16.28766406130889,mono,12.338363180903638,-1.456145781628674,-6.590962839260557,,analytical,E1,E1-608c400d1048,-3.949300880405251,-3.949300880405251,-3.2250817339873024,tpot_p95_ms,5,16,-1.2044018539552928,chunk_512,mixed,-24.24719017742244,-13.788343435892504,-31.136762308184974,2000,workload_seed,3.2790557963985405
poisson,30.442248569754536,mono,14.278775885665008,-7.2778591419061796,-24.246504907224196,,analytical,E1,E1-608c400d1048,-16.16347268408953,-16.16347268408953,-16.061291597653547,tpot_p99_ms,5,16,-1.422975220042087,chunk_512,mixed,-53.09552823291942,-33.79987127693702,-65.13877547670012,2000,workload_seed,11.358927728630064
poisson,3875.05369273212,mono,3613.1897545479333,-92.04567255593247,-453.36652312572767,,analytical,E1,E1-608c400d1048,-261.8639381841863,-261.8639381841863,-152.67414423720084,e2e_p95_ms,5,16,-1.131429124909314,chunk_512,mixed,-6.757685414148639,-4.3492006074351774,-8.157297825548094,2000,workload_seed,231.44528669011868
poisson,21.88140000000003,mono,15.652599999999984,4.101600000000326,-17.664199999999617,,analytical,E1,E1-608c400d1048,-6.228800000000047,-6.228800000000047,-3.1860000000015134,itl_p95_ms,5,16,-0.4421351820046165,chunk_512,mixed,-28.46618589304175,49.15274548810511,-50.09170210570927,2000,workload_seed,14.087998995599065
poisson,87.62999999999992,mono,16.606200000000353,-33.77419999999929,-109.92499999999946,,analytical,E1,E1-608c400d1048,-71.02379999999957,-71.02379999999957,-82.80699999999979,itl_p99_ms,5,16,-1.4067051201492726,chunk_512,mixed,-81.04964053406326,-70.38770081131234,-85.57383067550165,2000,workload_seed,50.48947287009439
poisson,15.52161078823438,mono,15.640589392951977,0.20951474672478518,0.028460728472116514,,analytical,E1,E1-608c400d1048,0.118978604717595,0.118978604717595,0.14239497116914102,request_throughput_rps,5,16,0.9781091773039021,chunk_512,mixed,0.7665351640422813,1.3370884455123688,0.1850067161005331,2000,workload_seed,0.12164143582166585
poisson,1920.2255436552587,mono,1935.0250615079851,25.676455456259283,3.9246720356623426,,analytical,E1,E1-608c400d1048,14.79951785272624,14.79951785272624,19.63381911065744,output_token_throughput_tps,5,16,0.9984771851195874,chunk_512,mixed,0.7707176847858488,1.3363933377026793,0.20551941240087856,2000,workload_seed,14.822089150643642
poisson,14.740953531340804,mono,14.978700108203109,0.45533121834810686,0.027975924042779356,,analytical,E1,E1-608c400d1048,0.237746576862304,0.237746576862304,0.13987962021389677,observed_request_throughput_rps,5,16,0.8814523257166623,chunk_512,mixed,1.6128303800485577,3.1693392868120007,0.18439342555298666,2000,workload_seed,0.2697214244332554
poisson,3.4810549657609315,mono,1.340142853167549,-1.3988481021358143,-2.8377211970912413,,analytical,E1,E1-608c400d1048,-2.1409121125933823,-2.1409121125933823,-1.815918303505305,iteration_cv,5,16,-2.256137321413184,chunk_512,mixed,-61.50181866276265,-57.089896698611284,-64.16431677008305,2000,workload_seed,0.9489281048071899
poisson,1009.8734385784832,mono,1067.2960955122717,139.7307506699803,-42.799057545206416,,analytical,E1,E1-608c400d1048,57.422656933788495,57.422656933788495,90.05599999997867,max_wait_ms,5,16,0.5054000846639823,chunk_512,mixed,5.686124096363776,33.92098724423248,-2.7800677011583175,2000,workload_seed,113.61821787577702
poisson,43.4,mono,38.8,0.0,-11.4,,analytical,E1,E1-608c400d1048,-4.6,-4.6,0.0,starvation_proxy_count,5,16,-0.621394711002044,chunk_512,mixed,-10.599078341013824,-9.826589595375722,-13.636363636363647,2000,workload_seed,7.402702209328699
poisson,0.9566245360303632,mono,0.9611427730848593,0.013473607980415324,-0.0018294483758352076,,analytical,E1,E1-608c400d1048,0.004518237054496011,0.004518237054496011,-0.0009104353728506265,waiting_satisfaction_jain,5,16,0.45576696359435354,chunk_512,mixed,0.47231038765167543,1.4894343199274926,-0.18414339518679768,2000,workload_seed,0.009913480825515426
poisson,806.265445505929,mono,785.2873981436682,22.47585620877298,-67.84330256273606,,analytical,E1,E1-608c400d1048,-20.978047362260877,-20.978047362260877,-5.690751222020879,short_prompt_ttft_p95_ms,5,16,-0.35207715855251775,chunk_512,mixed,-2.6018785102587705,11.5695646770962,-4.818360645649333,2000,workload_seed,59.583664695850125
poisson,926.5978740062983,mono,933.672712390272,50.17466607531577,-33.22953076841331,,analytical,E1,E1-608c400d1048,7.074838383973622,7.074838383973622,-3.116845879222865,long_prompt_ttft_p95_ms,5,16,0.13537906237227174,chunk_512,mixed,0.7635284498748618,10.024638817104359,-2.5718371763606473,2000,workload_seed,52.25947247676231
poisson,49.44419999999998,mono,5.481200000000003,0.0,-98.53379999999996,,analytical,E1,E1-608c400d1048,-43.96299999999998,-43.96299999999998,0.0,primer_max_itl_ms,5,16,-0.6972512216419676,chunk_512,mixed,-88.91437216094101,0.0,-91.72950530332317,2000,workload_seed,63.051879488243614
poisson,31.8,mono,28.4,-0.4,-6.4,,analytical,E1,E1-608c400d1048,-3.4,-3.4,-2.0,backlog_at_arrival_end,5,16,-0.8837879163470618,chunk_512,mixed,-10.691823899371078,-3.1746031746031744,-17.28395061728395,2000,workload_seed,3.847076812334269
poisson,0.9407748716949911,mono,0.9406128869559345,0.00013967822486320446,-0.0004906895782074594,,analytical,E1,E1-608c400d1048,-0.00016198473905666423,-0.00016198473905666423,-0.00012477368564900448,server_busy_fraction,5,16,-0.40522516873023273,chunk_512,mixed,-0.017218225521342667,0.015000637454742893,-0.05322224008964538,2000,workload_seed,0.0003997400743005206
poisson,0.5308873773661787,mono,0.4803999548828145,-0.01996333347170487,-0.08629186711909302,,analytical,E1,E1-608c400d1048,-0.050487422483364255,-0.050487422483364255,-0.04653034394086186,batch_slot_occupancy,5,16,-1.1793217137455405,chunk_512,mixed,-9.510006196387788,-5.8182820892688785,-12.52291796837569,2000,workload_seed,0.04281055957412636
poisson,321.3580219391646,mono,1540.7306769876818,1641.7314597196266,790.6677457943724,,analytical,E1,E1-608c400d1048,1219.3726550485171,1219.3726550485171,1467.8553629273274,ttft_p50_ms,5,16,2.032170209633592,fcfs,mixed,379.4436646362459,2222.1043884364226,155.9541758149741,2000,workload_seed,600.0347063784459
poisson,853.234066396084,mono,2358.340967593895,1862.8149003313072,1099.8565021656498,,analytical,E1,E1-608c400d1048,1505.106901197811,1505.106901197811,1624.5351434003921,ttft_p95_ms,5,16,2.90343853609314,fcfs,mixed,176.40023534868075,491.79594334461353,107.07055586991157,2000,workload_seed,518.3877263071253
poisson,998.5341939454069,mono,2542.3784905369916,1904.0548839608832,1172.6840815112255,,analytical,E1,E1-608c400d1048,1543.8442965915847,1543.8442965915847,1506.1036218312206,ttft_p99_ms,5,16,2.98413962012609,fcfs,mixed,154.6110594862605,409.3351479432321,93.03530605241657,2000,workload_seed,517.3498874447275
poisson,16.28766406130889,mono,0.32300000000032014,-10.237701424350423,-21.691626698266713,,analytical,E1,E1-608c400d1048,-15.964664061308572,-15.964664061308572,-18.413564965694185,tpot_p95_ms,5,16,-2.1665017664296875,fcfs,mixed,-98.01690408898105,-96.94149103339338,-98.5327936538404,2000,workload_seed,7.368867318127199
poisson,30.442248569754536,mono,0.32300000000032014,-20.364097658632044,-38.57289011652712,,analytical,E1,E1-608c400d1048,-30.119248569754216,-30.119248569754216,-32.64131944444388,tpot_p99_ms,5,16,-2.5275468463210022,fcfs,mixed,-98.93897456602062,-98.4386403287194,-99.16957807358914,2000,workload_seed,11.916395778616176
poisson,3875.05369273212,mono,2391.567017094237,-404.8892946908923,-2636.4005265926203,,analytical,E1,E1-608c400d1048,-1483.4866756378824,-1483.4866756378824,-1517.1347365854886,e2e_p95_ms,5,16,-1.0180768876118644,fcfs,mixed,-38.28299665680104,-19.656925747163022,-46.344914084367424,2000,workload_seed,1457.1460109636164
poisson,21.88140000000003,mono,0.32300000000032014,-8.02159999999949,-35.774799999999956,,analytical,E1,E1-608c400d1048,-21.55839999999971,-21.55839999999971,-21.082000000000335,itl_p95_ms,5,16,-1.2107035076637787,fcfs,mixed,-98.5238604476847,-96.1292332766061,-99.10520862767173,2000,workload_seed,17.80650660011686
poisson,87.62999999999992,mono,0.32300000000032014,-47.52299999999959,-128.62099999999936,,analytical,E1,E1-608c400d1048,-87.3069999999996,-87.3069999999996,-101.5029999999997,itl_p99_ms,5,16,-1.6289414378702223,fcfs,mixed,-99.63140477005555,-99.32491744346378,-99.74950366050354,2000,workload_seed,53.59738414792254
poisson,15.52161078823438,mono,15.115750788510843,-0.16894092387418952,-0.6590266179732199,,analytical,E1,E1-608c400d1048,-0.4058599997235383,-0.4058599997235383,-0.3957319588363397,request_throughput_rps,5,16,-1.2678220983468442,fcfs,mixed,-2.614805932585207,-1.0923968622100766,-4.126181407885854,2000,workload_seed,0.32012377781768653
poisson,1920.2255436552587,mono,1869.2457899309004,-20.964958313572744,-80.99454913514406,,analytical,E1,E1-608c400d1048,-50.979753724358396,-50.979753724358396,-47.78772568541649,output_token_throughput_tps,5,16,-1.2894121187339305,fcfs,mixed,-2.654883635560612,-1.1217657926066549,-4.108215385775105,2000,workload_seed,39.53720690512452
poisson,14.740953531340804,mono,14.967185342268817,0.6477039137616305,-0.19524029190560377,,analytical,E1,E1-608c400d1048,0.2262318109280134,0.2262318109280134,0.1370540689035682,observed_request_throughput_rps,5,16,0.39941533553107184,fcfs,mixed,1.5347162613803755,4.596384367767725,-1.2685922368421476,2000,workload_seed,0.5664074230580315
poisson,3.4810549657609315,mono,7.865555717532243,5.583182789239119,3.1909889591397116,,analytical,E1,E1-608c400d1048,4.384500751771311,4.384500751771311,4.856071865504994,iteration_cv,5,16,2.86142960182457,fcfs,mixed,125.9532180587931,229.1056725393289,71.56144830748752,2000,workload_seed,1.5322762960778646
poisson,1009.8734385784832,mono,2586.396986616977,1941.619005833169,1178.338989720161,,analytical,E1,E1-608c400d1048,1576.523548038494,1576.523548038494,1561.0097383853426,max_wait_ms,5,16,2.911876731617831,fcfs,mixed,156.11100241012755,410.88912646625477,93.53594068234332,2000,workload_seed,541.4114996422193
poisson,43.4,mono,135.8,142.4,42.38,,analytical,E1,E1-608c400d1048,92.4,92.4,122.0,starvation_proxy_count,5,16,1.414309644654479,fcfs,mixed,212.90322580645164,1343.181818181818,47.42451154529308,2000,workload_seed,65.33222788180424
poisson,0.9566245360303632,mono,0.8780921349704638,-0.05343146258039193,-0.10658089695214387,,analytical,E1,E1-608c400d1048,-0.07853240105989942,-0.07853240105989942,-0.07387386744935232,waiting_satisfaction_jain,5,16,-2.217896812899922,fcfs,mixed,-8.209323313593831,-5.502363802772281,-11.043156897506844,2000,workload_seed,0.03540850079369451
poisson,806.265445505929,mono,2303.0038797386055,1847.707900850825,1113.6512007708352,,analytical,E1,E1-608c400d1048,1496.7384342326764,1496.7384342326764,1602.1303869207359,short_prompt_ttft_p95_ms,5,16,2.979067580321301,fcfs,mixed,185.63842002350452,575.033274423277,112.65637974497476,2000,workload_seed,502.4184225022679
poisson,926.5978740062983,mono,2363.0596282423594,1810.6295830766344,1004.2861421086266,,analytical,E1,E1-608c400d1048,1436.461754236061,1436.461754236061,1539.1781041235117,long_prompt_ttft_p95_ms,5,16,2.604007576428375,fcfs,mixed,155.02536693995233,388.24369197641255,96.15221775917911,2000,workload_seed,551.6350133690066
poisson,49.44419999999998,mono,0.32300000000000184,-0.7235999999999997,-107.56559999999995,,analytical,E1,E1-608c400d1048,-49.12119999999998,-49.12119999999998,-3.6179999999999986,primer_max_itl_ms,5,16,-0.7188474888738143,fcfs,mixed,-99.34673834342551,-69.13816166634814,-99.7006171180273,2000,workload_seed,68.33327063151592
poisson,31.8,mono,28.8,3.4,-9.2,,analytical,E1,E1-608c400d1048,-3.0,-3.0,-2.0,backlog_at_arrival_end,5,16,-0.35603449745815596,fcfs,mixed,-9.433962264150942,37.20930232558142,-18.99441340782122,2000,workload_seed,8.426149773176359
poisson,0.9407748716949911,mono,0.9799159721988884,0.07479408067874013,0.0034881203290544117,,analytical,E1,E1-608c400d1048,0.039141100503897276,0.039141100503897276,0.010567288804346764,server_busy_fraction,5,16,0.8259795399096738,fcfs,mixed,4.1605172163428294,8.35580205314168,0.3523020831219581,2000,workload_seed,0.04738749401489728
poisson,0.5308873773661787,mono,0.03125,-0.2492504233365081,-0.7528830345040397,,analytical,E1,E1-608c400d1048,-0.49963737736617875,-0.49963737736617875,-0.5877391315418177,batch_slot_occupancy,5,16,-1.5569913432613423,fcfs,mixed,-94.11362911752838,-88.8591968495854,-96.01470686415277,2000,workload_seed,0.3208992648087666
poisson,2160.3437556461654,mono,2190.5010176347114,89.76301555320056,-50.05388675042809,,analytical,E10,E10-5e2b2aeb6c24,30.15726198854618,30.15726198854618,44.18007776598347,ttft_p50_ms,5,64,0.3251075459896668,chunk_512,mixed,1.3959473768805797,3.85491847198951,-2.206455458233292,2000,workload_seed,92.7608797782402
poisson,5127.400315822145,mono,5128.159403072323,49.04427315133635,-53.45487730193563,,analytical,E10,E10-5e2b2aeb6c24,0.7590872501772538,0.7590872501772538,9.233906745196691,ttft_p95_ms,5,64,0.011408692651299285,chunk_512,mixed,0.014804524777112249,1.00400555366289,-0.9223025226189896,2000,workload_seed,66.53586641154757
poisson,5316.91622991871,mono,5288.437364652539,12.623318940217723,-89.13463493973995,,analytical,E10,E10-5e2b2aeb6c24,-28.478865266170214,-28.478865266170214,-15.48531264106623,ttft_p99_ms,5,64,-0.423674285389046,chunk_512,mixed,-0.5356274959894658,0.2682664734867668,-1.6535971482984246,2000,workload_seed,67.21877217546734
poisson,25.554805520596137,mono,16.731670114677573,-7.7678733966943465,-10.411661201930277,,analytical,E10,E10-5e2b2aeb6c24,-8.823135405918563,-8.823135405918563,-8.199289756320209,tpot_p95_ms,5,64,-4.940106953408493,chunk_512,mixed,-34.52632577777778,-31.6086747685423,-38.48267122958455,2000,workload_seed,1.7860211305406906
poisson,33.612708509032686,mono,17.736947177793674,-13.133188231973502,-19.89461224296239,,analytical,E10,E10-5e2b2aeb6c24,-15.87576133123901,-15.87576133123901,-14.131767840909014,tpot_p99_ms,5,64,-3.631101673487326,chunk_512,mixed,-47.2314253609546,-42.609683228651576,-52.946111576004284,2000,workload_seed,4.372161057112967
poisson,7041.221528494588,mono,6822.763016791813,-168.182080655511,-267.8583789969574,,analytical,E10,E10-5e2b2aeb6c24,-218.45851170277493,-218.45851170277493,-247.6386032774417,e2e_p95_ms,5,64,-3.338466076102481,chunk_512,mixed,-3.1025655252957307,-2.2682142204533093,-3.9591491873096962,2000,workload_seed,65.43679244385675
poisson,44.825,mono,18.777199999999947,-19.290045000000177,-34.346000000000046,,analytical,E10,E10-5e2b2aeb6c24,-26.047800000000052,-26.047800000000052,-26.29800000000023,itl_p95_ms,5,64,-2.625011733720831,chunk_512,mixed,-58.109983268265594,-50.77842172266925,-64.75172785647767,2000,workload_seed,9.922927073197695
poisson,150.36359999999988,mono,19.01900000000014,-122.81459999999977,-137.5337999999997,,analytical,E10,E10-5e2b2aeb6c24,-131.34459999999973,-131.34459999999973,-135.51499999999987,itl_p99_ms,5,64,-13.74350858926835,chunk_512,mixed,-87.3513270498976,-86.59062450646375,-87.85138304776397,2000,workload_seed,9.556846357454926
poisson,15.316002757014076,mono,15.594753632812626,0.3318421589637097,0.22482026879169617,,analytical,E10,E10-5e2b2aeb6c24,0.2787508757985503,0.2787508757985503,0.3170136293300345,request_throughput_rps,5,64,3.968954891126155,chunk_512,mixed,1.8199975556343784,2.2149023599108197,1.4643450844046502,2000,workload_seed,0.07023281529900614
poisson,1941.536002815923,mono,1976.6056745670746,40.88070959844358,29.258633903860165,,analytical,E10,E10-5e2b2aeb6c24,35.06967175115187,35.06967175115187,36.36740728970494,output_token_throughput_tps,5,64,4.651709987463201,chunk_512,mixed,1.8062849053681163,2.2330624305332947,1.4505481589169866,2000,workload_seed,7.539092472589211
poisson,9.03362094142827,mono,10.717295730284985,2.4996990351374615,0.7557558885557139,,analytical,E10,E10-5e2b2aeb6c24,1.6836747888567167,1.6836747888567167,1.7141606365286002,observed_request_throughput_rps,5,64,1.5176799039106972,chunk_512,mixed,18.637872894747744,32.481500295774104,8.989885866078051,2000,workload_seed,1.1093741074901833
poisson,2.0087925813682816,mono,0.8020646248849974,-1.1163523085312703,-1.2971036044352973,,analytical,E10,E10-5e2b2aeb6c24,-1.206727956483284,-1.206727956483284,-1.1670499572017863,iteration_cv,5,64,-10.47597321713208,chunk_512,mixed,-60.07230252021968,-57.73022532476699,-62.70399647979579,2000,workload_seed,0.1151900574268211
poisson,5366.4699996428435,mono,5317.165285078352,5.4812450654826534,-113.31220000003395,,analytical,E10,E10-5e2b2aeb6c24,-49.30471456449159,-49.30471456449159,-28.663370972210032,max_wait_ms,5,64,-0.655262769798947,chunk_512,mixed,-0.9187550581252202,0.10358775945424892,-2.11679643266673,2000,workload_seed,75.24418727409106
poisson,80.8,mono,83.2,6.2,0.2,,analytical,E10,E10-5e2b2aeb6c24,2.4,2.4,1.0,starvation_proxy_count,5,64,0.5610294986546213,chunk_512,mixed,2.970297029702973,7.788944723618085,0.23752969121140222,2000,workload_seed,4.277849927241488
poisson,0.7306416929950907,mono,0.7365372270118782,0.008547818706121469,0.004179379516399151,,analytical,E10,E10-5e2b2aeb6c24,0.005895534016787396,0.005895534016787396,0.00493417041305233,waiting_satisfaction_jain,5,64,2.008547467869695,chunk_512,mixed,0.8068981107032247,1.1604423424918409,0.589405071575877,2000,workload_seed,0.002935222647757643
poisson,5130.092492007585,mono,5119.503751708391,33.062677349604385,-60.310992643937425,,analytical,E10,E10-5e2b2aeb6c24,-10.588740299194068,-10.588740299194068,-20.203935070824627,short_prompt_ttft_p95_ms,5,64,-0.16770780153068476,chunk_512,mixed,-0.2064044715702651,0.7155343713064921,-1.1132602568752037,2000,workload_seed,63.13803056595845
poisson,4906.785287703873,mono,4976.294157703853,132.97063999998082,-12.47669000002279,,analytical,E10,E10-5e2b2aeb6c24,69.50886999997984,69.50886999997984,87.26639999999225,long_prompt_ttft_p95_ms,5,64,0.7393618747388121,chunk_512,mixed,1.4165867451784608,3.0295465143721945,-0.23701456285968314,2000,workload_seed,94.01197488649875
poisson,97.114,mono,11.319199999999999,-28.8534,-143.138,,analytical,E10,E10-5e2b2aeb6c24,-85.79480000000001,-85.79480000000001,-138.24,primer_max_itl_ms,5,64,-1.1077692831801873,chunk_512,mixed,-88.34441996004696,-76.6265735169754,-91.63356729025205,2000,workload_seed,77.44825687321827
poisson,111.6,mono,108.6,-1.4,-4.2,,analytical,E10,E10-5e2b2aeb6c24,-3.0,-3.0,-3.0,backlog_at_arrival_end,5,64,-1.6035674514745464,chunk_512,mixed,-2.6881720430107503,-1.2494517543859744,-3.7634408602150393,2000,workload_seed,1.8708286933869707
poisson,0.999600885936314,mono,0.9995934617831163,3.3528735343679727e-15,-2.2272459597538764e-05,,analytical,E10,E10-5e2b2aeb6c24,-7.424153197788108e-06,-7.424153197788108e-06,3.3306690738754696e-16,server_busy_fraction,5,64,-0.4472135953728911,chunk_512,mixed,-0.0007427117464819943,3.3306690738754696e-13,-0.0022299159321836903,2000,workload_seed,1.6600911230343467e-05
poisson,0.8772063779965293,mono,0.7756779407741602,-0.0758890900730725,-0.13201607599214038,,analytical,E10,E10-5e2b2aeb6c24,-0.10152843722236918,-0.10152843722236918,-0.09988395769073011,batch_slot_occupancy,5,64,-2.764534392367744,chunk_512,mixed,-11.574065096773712,-8.615003242425,-15.165120648621988,2000,workload_seed,0.036725329770780316
poisson,2160.3437556461654,mono,3395.740021702752,1436.263955442523,1005.406661277519,,analytical,E10,E10-5e2b2aeb6c24,1235.3962660565865,1235.3962660565865,1386.0220000003997,ttft_p50_ms,5,64,4.519035290814869,fcfs,mixed,57.18517077792909,76.78053270781726,42.519594352424136,2000,workload_seed,273.3761049770029
poisson,5127.400315822145,mono,6611.92665534271,1610.7292082721735,1373.5753102870976,,analytical,E10,E10-5e2b2aeb6c24,1484.5263395205634,1484.5263395205634,1487.8245000026263,ttft_p95_ms,5,64,9.849287162493205,fcfs,mixed,28.952807428349402,33.13218137666152,25.32455018120259,2000,workload_seed,150.72424176784557
poisson,5316.91622991871,mono,6829.291556378562,1655.1323311888245,1383.8789967021937,,analytical,E10,E10-5e2b2aeb6c24,1512.3753264598515,1512.3753264598515,1499.1550463588428,ttft_p99_ms,5,64,8.543173096597828,fcfs,mixed,28.44459572166278,32.807919892207195,24.957945784224012,2000,workload_seed,177.02735381331897
poisson,25.554805520596137,mono,0.32300000000032014,-24.222070725983052,-26.762847037036785,,analytical,E10,E10-5e2b2aeb6c24,-25.231805520595817,-25.231805520595817,-24.801997872340287,tpot_p95_ms,5,64,-14.540581640379145,fcfs,mixed,-98.73604986060256,-98.68405349649943,-98.80749529612771,2000,workload_seed,1.7352679655212127
poisson,33.612708509032686,mono,0.32300000000032014,-30.499074319347084,-37.25220930390411,,analytical,E10,E10-5e2b2aeb6c24,-33.289708509032366,-33.289708509032366,-31.682824999999696,tpot_p99_ms,5,64,-7.636308661608483,fcfs,mixed,-99.0390539342775,-98.9520497658473,-99.14039068315513,2000,workload_seed,4.359397974101841
poisson,7041.221528494588,mono,6639.847928367331,-255.88776392084364,-536.5058502114878,,analytical,E10,E10-5e2b2aeb6c24,-401.3736001272575,-401.3736001272575,-427.3212493038927,e2e_p95_ms,5,64,-2.2331147833566325,fcfs,mixed,-5.700340466536491,-3.3590839092387137,-7.631978014838814,2000,workload_seed,179.73711119494988
poisson,44.825,mono,0.32300000000032014,-37.66565999999978,-52.719599999999716,,analytical,E10,E10-5e2b2aeb6c24,-44.50199999999968,-44.50199999999968,-44.99399999999969,itl_p95_ms,5,64,-4.474702948217318,fcfs,mixed,-99.27941996653583,-99.14974623648915,-99.39105549124605,2000,workload_seed,9.945241173546254
poisson,150.36359999999988,mono,0.32300000000032014,-141.51059999999967,-156.22979999999953,,analytical,E10,E10-5e2b2aeb6c24,-150.04059999999956,-150.04059999999956,-154.21099999999933,itl_p99_ms,5,64,-15.699802464958482,fcfs,mixed,-99.78518737247558,-99.77226834826139,-99.79367983197982,2000,workload_seed,9.556846357454877
poisson,15.316002757014076,mono,14.83876800807749,-0.43799477341195187,-0.515227493679663,,analytical,E10,E10-5e2b2aeb6c24,-0.4772347489365842,-0.4772347489365842,-0.4942474131732091,request_throughput_rps,5,64,-9.446428655860673,fcfs,mixed,-3.115922323257825,-2.9407202625534867,-3.304260722310981,2000,workload_seed,0.05052012419958333
poisson,1941.536002815923,mono,1880.9966560804357,-56.095393305915486,-65.54380640725688,,analytical,E10,E10-5e2b2aeb6c24,-60.539346735487015,-60.539346735487015,-58.04880546588652,output_token_throughput_tps,5,64,-9.747197865286592,fcfs,mixed,-3.118116102286206,-2.942734498415578,-3.2966143604123754,2000,workload_seed,6.2109487846851055
poisson,9.03362094142827,mono,15.552733335310924,8.07498652834895,5.180233572263141,,analytical,E10,E10-5e2b2aeb6c24,6.519112393882653,6.519112393882653,5.746489769819945,observed_request_throughput_rps,5,64,3.5078646700825757,fcfs,mixed,72.16499824545377,104.52453056569078,51.51488829757065,2000,workload_seed,1.8584275640625534
poisson,2.0087925813682816,mono,8.044781034294889,6.338614271639914,5.733362634213302,,analytical,E10,E10-5e2b2aeb6c24,6.035988452926608,6.035988452926608,6.091455955795863,iteration_cv,5,64,15.65608522232012,fcfs,mixed,300.4784321144404,322.27282571751925,283.9124933944079,2000,workload_seed,0.38553625425603794
poisson,5366.4699996428435,mono,6858.0126477346985,1613.5441161943118,1369.5411799893982,,analytical,E10,E10-5e2b2aeb6c24,1491.542648091855,1491.542648091855,1523.8585809606147,max_wait_ms,5,64,9.488608795382055,fcfs,mixed,27.793738680941505,31.27677749883757,24.860923669635792,2000,workload_seed,157.19297530927437
poisson,80.8,mono,105.6,26.0,23.6,,analytical,E10,E10-5e2b2aeb6c24,24.8,24.8,24.0,starvation_proxy_count,5,64,15.092799362364577,fcfs,mixed,30.6930693069307,34.308510638297875,27.441860465116275,2000,workload_seed,1.6431676725154984
poisson,0.7306416929950907,mono,0.6962871758986833,-0.021377379600684976,-0.04733165459212978,,analytical,E10,E10-5e2b2aeb6c24,-0.034354517096407376,-0.034354517096407376,-0.0325530680559295,waiting_satisfaction_jain,5,64,-2.021639873560715,fcfs,mixed,-4.701965056987012,-3.0164660615498495,-6.289136583600352,2000,workload_seed,0.016993391130487923
poisson,5130.092492007585,mono,6609.44077917023,1607.308429858124,1367.0318879376325,,analytical,E10,E10-5e2b2aeb6c24,1479.3482871626447,1479.3482871626447,1482.3364967804391,short_prompt_ttft_p95_ms,5,64,9.657896248531022,fcfs,mixed,28.836678665489778,33.11767911946604,25.104093682900675,2000,workload_seed,153.17500303315595
poisson,4906.785287703873,mono,6386.03741770582,1618.9661200020878,1338.3085600015272,,analytical,E10,E10-5e2b2aeb6c24,1479.2521300019475,1479.2521300019475,1488.2116500024658,long_prompt_ttft_p95_ms,5,64,8.43240818388684,fcfs,mixed,30.14707274249129,34.26302882010748,26.49636311696735,2000,workload_seed,175.4246352576471
poisson,97.114,mono,0.32300000000000184,-36.7266,-156.8554,,analytical,E10,E10-5e2b2aeb6c24,-96.791,-96.791,-156.533,primer_max_itl_ms,5,64,-1.1767335875005913,fcfs,mixed,-99.66740119859135,-99.12819571601312,-99.79450102558621,2000,workload_seed,82.25396217812246
poisson,111.6,mono,100.0,-9.4,-14.0,,analytical,E10,E10-5e2b2aeb6c24,-11.6,-11.6,-11.0,backlog_at_arrival_end,5,64,-3.803789847546927,fcfs,mixed,-10.39426523297491,-8.241716041255211,-12.456140350877199,2000,workload_seed,3.0495901363953815
poisson,0.999600885936314,mono,0.9996199073541261,5.706425401328374e-05,-3.0593305666570813e-13,,analytical,E10,E10-5e2b2aeb6c24,1.9021417812026265e-05,1.9021417812026265e-05,-2.927658115936538e-13,server_busy_fraction,5,64,0.44721358875767864,fcfs,mixed,0.0019029012558569036,0.005713266135920492,-3.058664432842306e-11,2000,workload_seed,4.2533183897354614e-05
poisson,0.8772063779965293,mono,0.03125,-0.839274403009852,-0.8524767144237849,,analytical,E10,E10-5e2b2aeb6c24,-0.8459563779965293,-0.8459563779965293,-0.8462769147523418,batch_slot_occupancy,5,64,-94.76591155845233,fcfs,mixed,-96.43755440180763,-96.41020976644047,-96.46383893459915,2000,workload_seed,0.00892680040833815
poisson,2156.1949999123713,mono,2154.2339977404185,21.098550639618587,-24.3383563095319,,analytical,E10,E10-818f5dc31b5a,-1.961002171952714,-1.961002171952714,-6.933581826079035,ttft_p50_ms,5,64,-0.06379989020415296,chunk_512,mixed,-0.09094734808458016,1.2265387178373999,-1.0089771923468493,2000,workload_seed,30.73676405519998
poisson,5143.657242922028,mono,5069.387574671986,-23.42685390271854,-140.37918258362333,,analytical,E10,E10-818f5dc31b5a,-74.26966825004165,-74.26966825004165,-58.50180000002001,ttft_p95_ms,5,64,-0.9644601302986038,chunk_512,mixed,-1.443907802220712,-0.5078909936300557,-2.430111753696218,2000,workload_seed,77.00646809220328
poisson,5336.281834883591,mono,5287.403242712293,-16.925656391621487,-79.2969584394179,,analytical,E10,E10-818f5dc31b5a,-48.87859217129862,-48.87859217129862,-42.39147493950895,ttft_p99_ms,5,64,-1.1605856306019542,chunk_512,mixed,-0.9159672161949128,-0.34056757105025426,-1.4714155119459615,2000,workload_seed,42.115455234394936
poisson,26.168759575202472,mono,24.37002479559014,-0.913972231994201,-3.0798689059464905,,analytical,E10,E10-818f5dc31b5a,-1.7987347796123294,-1.7987347796123294,-1.3025386097819407,tpot_p95_ms,5,64,-1.2794649936369935,chunk_512,mixed,-6.87359587848716,-3.7751485576129507,-10.361963531653895,2000,workload_seed,1.4058491545745735
poisson,40.740374133156095,mono,32.73567990833336,-3.771237576568491,-12.238150873076973,,analytical,E10,E10-818f5dc31b5a,-8.004694224822732,-8.004694224822732,-5.376087615384854,tpot_p99_ms,5,64,-1.4507198162818902,chunk_512,mixed,-19.64806262863503,-10.752079420349425,-26.81241036135894,2000,workload_seed,5.517739631721785
poisson,7058.932829431507,mono,7012.876994284097,-32.201894794283724,-59.90977550053758,,analytical,E10,E10-818f5dc31b5a,-46.055835147410654,-46.055835147410654,-42.78850000001512,e2e_p95_ms,5,64,-2.5247637290188187,chunk_512,mixed,-0.6524475619796966,-0.46349519634085734,-0.8686076744532589,2000,workload_seed,18.241641630882036
poisson,42.27920000000008,mono,31.88180000000002,-3.2306000000001402,-17.906000000000176,,analytical,E10,E10-818f5dc31b5a,-10.397400000000061,-10.397400000000061,-9.754999999999654,itl_p95_ms,5,64,-1.0928227495370841,chunk_512,mixed,-24.59223447936584,-9.086094433126036,-35.42183447680581,2000,workload_seed,9.514260207709222
poisson,154.81319999999997,mono,39.58244199999979,-112.35860000000002,-117.91175800000019,,analytical,E10,E10-818f5dc31b5a,-115.23075800000018,-115.23075800000018,-114.66479000000074,itl_p99_ms,5,64,-32.143563038778,chunk_512,mixed,-74.43212723462871,-72.90499656096749,-75.92017945813161,2000,workload_seed,3.584878187305675
poisson,15.293811681354338,mono,15.350857313142123,0.060461530401652655,0.05338686043889958,,analytical,E10,E10-818f5dc31b5a,0.057045631787783435,0.057045631787783435,0.057720889420984633,request_throughput_rps,5,64,12.58961888004506,chunk_512,mixed,0.37299813137710025,0.39944650720122266,0.34843609159491695,2000,workload_seed,0.004531164313337757
poisson,1938.720906790797,mono,1945.9463217681691,7.454105071279491,7.004392642483708,,analytical,E10,E10-818f5dc31b5a,7.225414977372111,7.225414977372111,7.310947464507308,output_token_throughput_tps,5,64,24.564813689883707,chunk_512,mixed,0.37268979521825063,0.4002555875117553,0.3479953524657464,2000,workload_seed,0.29413677093540036
poisson,9.156515742181343,mono,9.364228314672385,0.41542514498208616,0.0,,analytical,E10,E10-818f5dc31b5a,0.20771257249104308,0.20771257249104308,0.0,observed_request_throughput_rps,5,64,0.7302746798853681,chunk_512,mixed,2.2684673771069086,4.092862967036104,0.0,2000,workload_seed,0.28443074669335094
poisson,2.181593517302172,mono,1.04162679391613,-1.0405939852837909,-1.2446314788133015,,analytical,E10,E10-818f5dc31b5a,-1.139966723386042,-1.139966723386042,-1.1040116262909792,iteration_cv,5,64,-8.747200042276253,chunk_512,mixed,-52.25385546596972,-49.908605471713706,-54.52357390289484,2000,workload_seed,0.1303236141709859
poisson,5400.791475464386,mono,5319.400115834391,-41.57680000002256,-142.0285596299953,,analytical,E10,E10-818f5dc31b5a,-81.39135962999607,-81.39135962999607,-61.10200000002442,max_wait_ms,5,64,-1.2279976426210326,chunk_512,mixed,-1.5070265163866003,-0.7538179626807251,-2.5490271694303623,2000,workload_seed,66.27973605574252
poisson,80.8,mono,79.4,-1.0,-1.8,,analytical,E10,E10-818f5dc31b5a,-1.4,-1.4,-1.0,starvation_proxy_count,5,64,-2.556038601690775,chunk_512,mixed,-1.732673267326723,-1.2468827930174564,-2.2388059701492713,2000,workload_seed,0.5477225575051661
poisson,0.7203667463248344,mono,0.7141361747010774,-0.001683809277584447,-0.012254458873250162,,analytical,E10,E10-818f5dc31b5a,-0.006230571623757108,-0.006230571623757108,-0.004991412889919777,waiting_satisfaction_jain,5,64,-0.942527736054474,chunk_512,mixed,-0.8649166074842007,-0.22868293817699392,-1.7011010547900551,2000,workload_seed,0.006610491538253266
poisson,5141.002820797209,mono,5012.422851678331,-65.7131661706895,-191.4467720670662,,analytical,E10,E10-818f5dc31b5a,-128.57996911887784,-128.57996911887784,-150.37146033524368,short_prompt_ttft_p95_ms,5,64,-1.6066594434691517,chunk_512,mixed,-2.5010678577869205,-1.379287403712448,-3.4885424488814376,2000,workload_seed,80.02938621593869
poisson,4914.424436291001,mono,4996.7693510229565,107.37247017540285,57.4380905262391,,analytical,E10,E10-818f5dc31b5a,82.34491473195575,82.34491473195575,80.29259999998612,long_prompt_ttft_p95_ms,5,64,2.5595701877454498,chunk_512,mixed,1.6755759662081982,2.372566702877843,1.1172277546184217,2000,workload_seed,32.171383744896545
poisson,130.1354,mono,27.48319999999999,-34.00220000000003,-171.704,,analytical,E10,E10-818f5dc31b5a,-102.65220000000002,-102.65220000000002,-163.98400000000015,primer_max_itl_ms,5,64,-1.105202779262197,chunk_512,mixed,-78.88107309771209,-70.72652239389629,-80.70719048154848,2000,workload_seed,92.88087392299883
poisson,111.4,mono,111.0,0.0,-0.8,,analytical,E10,E10-818f5dc31b5a,-0.4,-0.4,0.0,backlog_at_arrival_end,5,64,-0.7302967433402215,chunk_512,mixed,-0.35906642728905647,0.0,-0.7462686567164201,2000,workload_seed,0.5477225575051661
poisson,0.9996014565783333,mono,0.9996000481955118,2.1316282072803005e-15,-4.225148467718043e-06,,analytical,E10,E10-818f5dc31b5a,-1.4083828214994654e-06,-1.4083828214994654e-06,9.992007221626409e-16,server_busy_fraction,5,64,-0.447213594997593,chunk_512,mixed,-0.00014089443469700313,2.220446049250313e-13,-0.0004230206230193545,2000,workload_seed,3.149239730753368e-06
poisson,0.8889934498591879,mono,0.8915310219609112,0.0038567961305378874,0.0014078622406589643,,analytical,E10,E10-818f5dc31b5a,0.002537572101723162,0.002537572101723162,0.0026688620996908607,batch_slot_occupancy,5,64,1.5857530209435813,chunk_512,mixed,0.28544328443873557,0.4355741500937427,0.15694005558427038,2000,workload_seed,0.0016002316049274895
poisson,2156.1949999123713,mono,3395.740021702752,1450.5120554425234,1022.4358999996823,,analytical,E10,E10-818f5dc31b5a,1239.5450217903801,1239.5450217903801,1372.3625000004004,ttft_p50_ms,5,64,4.426093872677263,fcfs,mixed,57.4876122911312,78.95305133444673,42.17188189204424,2000,workload_seed,280.0539386302266
poisson,5143.657242922028,mono,6611.92665534271,1589.1757098606886,1370.2151298692456,,analytical,E10,E10-818f5dc31b5a,1468.2694124206807,1468.2694124206807,1459.6672132485246,ttft_p95_ms,5,64,10.51572672086168,fcfs,mixed,28.545242092892288,32.65071851817449,24.907129093648162,2000,workload_seed,139.62605261582604
poisson,5336.281834883591,mono,6829.291556378562,1644.3997077632641,1360.7922413772837,,analytical,E10,E10-818f5dc31b5a,1493.00972149497,1493.00972149497,1466.6517044355023,ttft_p99_ms,5,64,8.203027624719343,fcfs,mixed,27.978464550636705,32.51094450459955,24.35948538717694,2000,workload_seed,182.00715513816786
poisson,26.168759575202472,mono,0.32300000000032014,-23.802275001294806,-29.28087438872192,,analytical,E10,E10-818f5dc31b5a,-25.845759575202152,-25.845759575202152,-24.176103205127873,tpot_p95_ms,5,64,-6.803421554209261,fcfs,mixed,-98.7657038191967,-98.6611551578874,-98.90892659602903,2000,workload_seed,3.7989354869846985
poisson,40.740374133156095,mono,0.32300000000032014,-34.64376183583139,-46.297196131817884,,analytical,E10,E10-818f5dc31b5a,-40.417374133155775,-40.417374133155775,-39.27459799999992,tpot_p99_ms,5,64,-5.269444196127593,fcfs,mixed,-99.20717468390295,-99.07626562185884,-99.30716722193308,2000,workload_seed,7.670139891197192
poisson,7058.932829431507,mono,6639.847928367331,-287.0648767315964,-547.4041602114897,,analytical,E10,E10-818f5dc31b5a,-419.0849010641767,-419.0849010641767,-440.68939930389297,e2e_p95_ms,5,64,-2.4958112452586936,fcfs,mixed,-5.936944169759539,-3.7529916063271496,-7.77116589664375,2000,workload_seed,167.91530283402423
poisson,42.27920000000008,mono,0.32300000000032014,-34.64959999999983,-51.24011999999978,,analytical,E10,E10-818f5dc31b5a,-41.95619999999976,-41.95619999999976,-37.26399999999967,itl_p95_ms,5,64,-3.889850801769617,fcfs,mixed,-99.23603095611952,-99.07641982580557,-99.37358208060128,2000,workload_seed,10.786069219136259
poisson,154.81319999999997,mono,0.32300000000032014,-151.39559999999966,-156.64659999999967,,analytical,E10,E10-818f5dc31b5a,-154.49019999999965,-154.49019999999965,-155.48899999999958,itl_p99_ms,5,64,-44.07381415143808,fcfs,mixed,-99.79136146013369,-99.78710586572753,-99.79422767210956,2000,workload_seed,3.5052605038712947
poisson,15.293811681354338,mono,14.83876800807749,-0.41689443906493295,-0.49319290748875916,,analytical,E10,E10-818f5dc31b5a,-0.45504367327684603,-0.45504367327684603,-0.46988082310524604,request_throughput_rps,5,64,-9.07086492051748,fcfs,mixed,-2.975345079157865,-2.793803238748216,-3.1636055098118954,2000,workload_seed,0.050165411707055435
poisson,1938.720906790797,mono,1880.9966560804357,-53.23585572606833,-62.765141705989706,,analytical,E10,E10-818f5dc31b5a,-57.72425071036123,-57.72425071036123,-54.780320631535005,output_token_throughput_tps,5,64,-9.315085958857802,fcfs,mixed,-2.977439945490312,-2.795182513844807,-3.156739292301569,2000,workload_seed,6.196856471890172
poisson,9.156515742181343,mono,15.552733335310924,7.952091727595876,4.934443970756993,,analytical,E10,E10-818f5dc31b5a,6.39621759312958,6.39621759312958,5.746489769819945,observed_request_throughput_rps,5,64,3.189402443100902,fcfs,mixed,69.85427397524269,102.95106056372094,49.74172053669472,2000,workload_seed,2.005459551511112
poisson,2.181593517302172,mono,8.044781034294889,6.106251255448206,5.620123778537229,,analytical,E10,E10-818f5dc31b5a,5.863187516992717,5.863187516992717,5.913311346316068,iteration_cv,5,64,18.686324148544603,fcfs,mixed,268.75710211329016,286.3904695332224,254.7554713924848,2000,workload_seed,0.31376890769870197
poisson,5400.791475464386,mono,6858.0126477346985,1574.9380000027422,1339.5043445378824,,analytical,E10,E10-818f5dc31b5a,1457.2211722703123,1457.2211722703123,1488.6740000027976,max_wait_ms,5,64,9.611960786375978,fcfs,mixed,26.981622580512866,30.3334098232654,24.154969477885224,2000,workload_seed,151.60498514889719
poisson,80.8,mono,105.6,26.0,23.6,,analytical,E10,E10-818f5dc31b5a,24.8,24.8,24.0,starvation_proxy_count,5,64,15.092799362364577,fcfs,mixed,30.6930693069307,34.03693931398417,27.738927738927742,2000,workload_seed,1.6431676725154984
poisson,0.7203667463248344,mono,0.6962871758986833,-0.008228031268216696,-0.039931109584085675,,analytical,E10,E10-818f5dc31b5a,-0.024079570426151185,-0.024079570426151185,-0.018923669909937657,waiting_satisfaction_jain,5,64,-1.1787589815761281,fcfs,mixed,-3.342682119767504,-1.1829699146057582,-5.4025319238790726,2000,workload_seed,0.020427899852736815
poisson,5141.002820797209,mono,6609.44077917023,1599.960050249903,1363.8885483294143,,analytical,E10,E10-818f5dc31b5a,1468.4379583730201,1468.4379583730201,1446.1611508734086,short_prompt_ttft_p95_ms,5,64,9.758557131407551,fcfs,mixed,28.563259145329777,32.89579432921719,25.03607370549461,2000,workload_seed,150.47695459474306
poisson,4914.424436291001,mono,6386.03741770582,1611.4395442407106,1339.007080001523,,analytical,E10,E10-818f5dc31b5a,1471.6129814148194,1471.6129814148194,1469.2408000024625,long_prompt_ttft_p95_ms,5,64,8.570839512155343,fcfs,mixed,29.944767703569973,33.996305345501135,26.206978721246756,2000,workload_seed,171.69998100276493
poisson,130.1354,mono,0.32300000000000184,-46.20979999999999,-213.93419999999998,,analytical,E10,E10-818f5dc31b5a,-129.8124,-129.8124,-201.35300000000015,primer_max_itl_ms,5,64,-1.1530954776842117,fcfs,mixed,-99.75179697453575,-99.30586596981054,-99.8492466064151,2000,workload_seed,112.57732122989958
poisson,111.4,mono,100.0,-8.8,-14.0,,analytical,E10,E10-818f5dc31b5a,-11.4,-11.4,-11.0,backlog_at_arrival_end,5,64,-3.391295468659759,fcfs,mixed,-10.23339317773788,-7.801418439716312,-12.456140350877199,2000,workload_seed,3.361547262794322
poisson,0.9996014565783333,mono,0.9996199073541261,5.535232795488288e-05,-3.0533353623241053e-13,,analytical,E10,E10-818f5dc31b5a,1.845077579276655e-05,1.845077579276655e-05,-2.9309887850104133e-13,server_busy_fraction,5,64,0.44721358855655485,fcfs,mixed,0.0018458132159837604,0.005541858809610112,-3.0531133177191805e-11,2000,workload_seed,4.1257189550789454e-05
poisson,0.8889934498591879,mono,0.03125,-0.8521920357009879,-0.8637948369607351,,analytical,E10,E10-818f5dc31b5a,-0.8577434498591879,-0.8577434498591879,-0.8572534313255097,batch_slot_occupancy,5,64,-108.60493623244226,fcfs,mixed,-96.48478849816613,-96.46269944861703,-96.50855479976687,2000,workload_seed,0.007897831163248402
poisson,2660.6454230051336,mono,2657.7393689595146,-0.8376799024267712,-5.100852921155547,,analytical,E10,E10-c724198a6807,-2.9060540456185664,-2.9060540456185664,-1.9020000000004984,ttft_p50_ms,5,64,-1.0363859874198211,chunk_512,mixed,-0.10922365003964707,-0.035836038573922036,-0.17685368865373308,2000,workload_seed,2.804026763091864
poisson,5369.7265777903685,mono,5364.777643093328,3.2188479760578046,-13.308374623606323,,analytical,E10,E10-c724198a6807,-4.948934697040568,-4.948934697040568,-6.614093608941403,ttft_p95_ms,5,64,-0.4429301564199232,chunk_512,mixed,-0.09216362556540014,0.05550425926188485,-0.2719955235949034,2000,workload_seed,11.173171718632528
poisson,5537.238158473993,mono,5535.675368538574,3.9113895914893875,-6.855093133819173,,analytical,E10,E10-c724198a6807,-1.5627899354192778,-1.5627899354192778,-3.361944019159637,ttft_p99_ms,5,64,-0.23161735803958955,chunk_512,mixed,-0.02822327468483543,0.07170141365999694,-0.11648175183401888,2000,workload_seed,6.747291950166169
poisson,5.968572739188489,mono,5.723897510903264,0.21013865881825317,-0.6741819870641075,,analytical,E10,E10-c724198a6807,-0.2446752282852252,-0.2446752282852252,-0.15757358585866488,tpot_p95_ms,5,64,-0.4042486016476734,chunk_512,mixed,-4.0993925847420005,3.5692774575899033,-11.424866811434464,2000,workload_seed,0.6052593064959422
poisson,9.941506077134173,mono,9.960834596642055,2.4616422262238373,-1.902756631569773,,analytical,E10,E10-c724198a6807,0.019328519507881836,0.019328519507881836,-0.7871605594405544,tpot_p99_ms,5,64,0.006920720155483001,chunk_512,mixed,0.19442244824794397,22.961459578696754,-18.768944192369574,2000,workload_seed,2.7928480091148677
poisson,5730.489010414747,mono,5722.02421046602,0.6339768459150946,-16.914241065230453,,analytical,E10,E10-c724198a6807,-8.464799948727158,-8.464799948727158,-8.72602426938738,e2e_p95_ms,5,64,-0.7755430822231419,chunk_512,mixed,-0.14771514147122744,0.010027633493070454,-0.30595920127837184,2000,workload_seed,10.914674042945865
poisson,2.3970000000001503,mono,11.003000000000043,8.946399999999915,8.032599999999785,,analytical,E10,E10-c724198a6807,8.605999999999892,8.605999999999892,8.928000000000054,itl_p95_ms,5,64,13.782935100465387,chunk_512,mixed,359.03212348766596,435.00923854903516,270.42149205491256,2000,workload_seed,0.6243953074776726
poisson,53.444767999999364,mono,18.314800000000094,-26.1277359999987,-44.582703999999964,,analytical,E10,E10-c724198a6807,-35.129967999999266,-35.129967999999266,-31.84899999999925,itl_p99_ms,5,64,-2.927351116996587,chunk_512,mixed,-65.73135091539679,-57.341399769727396,-71.1026087831138,2000,workload_seed,12.00059938011195
poisson,16.950696377065857,mono,16.95506657508275,0.00575190714738909,0.0031366836687524826,,analytical,E10,E10-c724198a6807,0.004370198016896154,0.004370198016896154,0.004417989030294223,request_throughput_rps,5,64,2.474894729227506,chunk_512,mixed,0.025781819930448258,0.034144927778090306,0.01800860968743656,2000,workload_seed,0.00176581167889118
poisson,2149.009064943487,mono,2149.562083597213,0.7143450119563568,0.3944535788314624,,analytical,E10,E10-c724198a6807,0.5530186537264399,0.5530186537264399,0.5680567457859524,output_token_throughput_tps,5,64,2.5807585445796595,chunk_512,mixed,0.025733658491611244,0.03393850481472338,0.01801664344602827,2000,workload_seed,0.21428531347418736
poisson,16.298665734498947,mono,16.298665734498947,0.0,0.0,,analytical,E10,E10-c724198a6807,0.0,0.0,0.0,observed_request_throughput_rps,5,64,,chunk_512,mixed,0.0,0.0,0.0,2000,workload_seed,0.0
poisson,3.4330445159350127,mono,1.1289651153828735,-2.204032833080376,-2.4041259680239024,,analytical,E10,E10-c724198a6807,-2.3040794005521392,-2.3040794005521392,-2.2521885921997975,iteration_cv,5,64,-17.902625378452477,chunk_512,mixed,-67.11475455262507,-65.49438314288288,-68.63395382992579,2000,workload_seed,0.12870064316518176
poisson,5571.110275464098,mono,5560.2986204697845,-8.313594999998069,-14.776659994310931,,analytical,E10,E10-c724198a6807,-10.81165499431263,-10.81165499431263,-9.316999999997279,max_wait_ms,5,64,-2.435366717021796,chunk_512,mixed,-0.1940664330758124,-0.14748539870767863,-0.2720412729152133,2000,workload_seed,4.439436130396894
poisson,97.0,mono,97.0,0.6,-0.6,,analytical,E10,E10-c724198a6807,0.0,0.0,0.0,starvation_proxy_count,5,64,0.0,chunk_512,mixed,0.0,0.6109979633401208,-0.588235294117645,2000,workload_seed,0.7071067811865476
poisson,0.71044498448744,mono,0.7041150401449251,-7.264344012378743e-05,-0.014791180187399822,,analytical,E10,E10-c724198a6807,-0.006329944342514904,-0.006329944342514904,-0.001632882337475161,waiting_satisfaction_jain,5,64,-0.6739299060911764,chunk_512,mixed,-0.890983043124971,-0.010058350665276272,-2.0777596930675157,2000,workload_seed,0.009392585616550042
poisson,5373.269323508769,mono,5364.990592737813,-1.6643199999967693,-14.767461541914054,,analytical,E10,E10-c724198a6807,-8.278730770955736,-8.278730770955736,-13.023199999993267,short_prompt_ttft_p95_ms,5,64,-0.9441375057507895,chunk_512,mixed,-0.1540725073045479,-0.02821070279750426,-0.3069821945359652,2000,workload_seed,8.768564664076543
poisson,5150.990196290787,mono,5176.821507879081,36.128823176587865,15.533800000000884,,analytical,E10,E10-c724198a6807,25.831311588294376,25.831311588294376,20.34360000000288,long_prompt_ttft_p95_ms,5,64,1.822403093487456,chunk_512,mixed,0.5014824451984978,0.7677450416030629,0.27758040419720853,2000,workload_seed,14.174312851314406
poisson,79.02259999999998,mono,17.999800000000004,-4.9184,-119.13579999999997,,analytical,E10,E10-c724198a6807,-61.02279999999998,-61.02279999999998,-18.564999999999998,primer_max_itl_ms,5,64,-0.8133911018639001,chunk_512,mixed,-77.22195928759619,-36.34532831628597,-85.61910049972235,2000,workload_seed,75.02270415814134
poisson,98.6,mono,98.6,0.0,0.0,,analytical,E10,E10-c724198a6807,0.0,0.0,0.0,backlog_at_arrival_end,5,64,,chunk_512,mixed,0.0,0.0,0.0,2000,workload_seed,0.0
poisson,0.9995570315850543,mono,0.9995569595689131,0.0,-2.160484238178384e-07,,analytical,E10,E10-c724198a6807,-7.20161412726128e-08,-7.20161412726128e-08,0.0,server_busy_fraction,5,64,-0.447213595499958,chunk_512,mixed,-7.204805618776788e-06,0.0,-2.1633591362757443e-05,2000,workload_seed,1.6103298736279042e-07
poisson,0.24374962573253917,mono,0.24459563793805797,0.002064704037181048,-4.303375787324537e-05,,analytical,E10,E10-c724198a6807,0.000846012205518798,0.000846012205518798,3.6637785399695755e-06,batch_slot_occupancy,5,64,0.6280634892217777,chunk_512,mixed,0.34708246339918425,0.8477277754797008,-0.01769083524622017,2000,workload_seed,0.001347017013466388
poisson,2660.6454230051336,mono,3395.740021702752,861.7834677081385,627.6309729421499,,analytical,E10,E10-c724198a6807,735.094598697618,735.094598697618,642.3463886061049,ttft_p50_ms,5,64,4.8679702710615596,fcfs,mixed,27.628431520474738,32.98505230470803,23.521939248999544,2000,workload_seed,151.00638618676604
poisson,5369.7265777903685,mono,6611.92665534271,1301.2187428286363,1155.2329258395653,,analytical,E10,E10-c724198a6807,1242.20007755234,1242.20007755234,1295.6203184136857,ttft_p95_ms,5,64,12.92259020147192,fcfs,mixed,23.13339533320342,25.581613780816316,20.58664001066457,2000,workload_seed,96.12624544968159
poisson,5537.238158473993,mono,6829.291556378562,1412.6644839854202,1170.6461653862195,,analytical,E10,E10-c724198a6807,1292.053397904568,1292.053397904568,1320.960774959227,ttft_p99_ms,5,64,8.134356923275663,fcfs,mixed,23.333896085492654,26.69777157540556,20.08724756445258,2000,workload_seed,158.83903424590142
poisson,5.968572739188489,mono,0.32300000000032014,-5.349894064846851,-5.919901092868989,,analytical,E10,E10-c724198a6807,-5.645572739188169,-5.645572739188169,-5.757278875379507,tpot_p95_ms,5,64,-14.892791004778077,fcfs,mixed,-94.5883209585507,-94.30625711855656,-94.82612338085488,2000,workload_seed,0.37908090816401646
poisson,9.941506077134173,mono,0.32300000000032014,-8.241475320373858,-11.156813370665375,,analytical,E10,E10-c724198a6807,-9.618506077133853,-9.618506077133853,-9.49382255681766,tpot_p99_ms,5,64,-5.304633133931131,fcfs,mixed,-96.75099529694769,-96.22860726527018,-97.18636540881683,2000,workload_seed,1.8132273871323912
poisson,5730.489010414747,mono,6639.847928367331,972.6543528738417,849.9525990742892,,analytical,E10,E10-c724198a6807,909.358917952583,909.358917952583,883.9766346828364,e2e_p95_ms,5,64,11.291583642999575,fcfs,mixed,15.868783908317251,17.274572309842263,14.621255018106316,2000,workload_seed,80.53422325010689
poisson,2.3970000000001503,mono,0.32300000000032014,-1.7335999999997853,-2.647399999999925,,analytical,E10,E10-c724198a6807,-2.07399999999983,-2.07399999999983,-1.7519999999996685,itl_p95_ms,5,64,-3.321613687934488,fcfs,mixed,-86.52482269502295,-84.29446659533679,-89.1260436304776,2000,workload_seed,0.6243953074776514
poisson,53.444767999999364,mono,0.32300000000032014,-42.95263199999836,-63.29090399999971,,analytical,E10,E10-c724198a6807,-53.121767999999044,-53.121767999999044,-49.09451999999982,itl_p99_ms,5,64,-4.061819328664716,fcfs,mixed,-99.3956377544752,-99.25362153000947,-99.4922493673705,2000,workload_seed,13.078318778265874
poisson,16.950696377065857,mono,14.83876800807749,-1.90429781666387,-2.273662684450973,,analytical,E10,E10-c724198a6807,-2.111928368988363,-2.111928368988363,-2.133894122717514,request_throughput_rps,5,64,-8.692630440083704,fcfs,mixed,-12.459242511391954,-11.893648154326964,-12.93524878833589,2000,workload_seed,0.24295618956142193
poisson,2149.009064943487,mono,1880.9966560804357,-240.8839761092313,-292.0113360888229,,analytical,E10,E10-c724198a6807,-268.012408863051,-268.012408863051,-271.52112420943376,output_token_throughput_tps,5,64,-8.542767859198518,fcfs,mixed,-12.471441523216619,-11.895668574395458,-12.951075904457818,2000,workload_seed,31.373017888396177
poisson,16.298665734498947,mono,15.552733335310924,0.44637075317596453,-1.978641472000517,,analytical,E10,E10-c724198a6807,-0.7459323991880258,-0.7459323991880258,-1.0448163217854471,observed_request_throughput_rps,5,64,-0.47038856755950903,fcfs,mixed,-4.576647017240976,2.9416533055669714,-12.32828585269774,2000,workload_seed,1.585779184766555
poisson,3.4330445159350127,mono,8.044781034294889,4.885323614458325,4.3425364462431135,,analytical,E10,E10-c724198a6807,4.611736518359876,4.611736518359876,4.504599393006595,iteration_cv,5,64,13.10857543220373,fcfs,mixed,134.33372322886524,140.15667625596717,128.34253244370348,2000,workload_seed,0.3518106557200915
poisson,5571.110275464098,mono,6858.0126477346985,1381.3013956963412,1177.037321112341,,analytical,E10,E10-c724198a6807,1286.9023722706013,1286.9023722706013,1352.3030000031667,max_wait_ms,5,64,9.670422105618945,fcfs,mixed,23.099567386743146,25.751739721513168,20.274764097280258,2000,workload_seed,133.07613237718485
poisson,97.0,mono,105.6,11.6,5.6,,analytical,E10,E10-c724198a6807,8.6,8.6,8.0,starvation_proxy_count,5,64,2.274209306996164,fcfs,mixed,8.865979381443289,12.608695652173907,5.490196078431375,2000,workload_seed,3.7815340802378072
poisson,0.71044498448744,mono,0.6962871758986833,-0.005007209411172187,-0.02268682056143432,,analytical,E10,E10-c724198a6807,-0.014157808588756638,-0.014157808588756638,-0.015502332860575785,waiting_satisfaction_jain,5,64,-1.2336274346550975,fcfs,mixed,-1.992808577425742,-0.7281568769657798,-3.137062872531371,2000,workload_seed,0.011476567552759505
poisson,5373.269323508769,mono,6609.44077917023,1302.403287716817,1146.8186107685337,,analytical,E10,E10-c724198a6807,1236.171455661461,1236.171455661461,1286.184424465856,short_prompt_ttft_p95_ms,5,64,12.165455070581807,fcfs,mixed,23.00594631006203,25.661737277130705,20.36237690455771,2000,workload_seed,101.61325231891567
poisson,5150.990196290787,mono,6386.03741770582,1342.1334028283784,1123.2203014145293,,analytical,E10,E10-c724198a6807,1235.0472214150336,1235.0472214150336,1277.7880000027226,long_prompt_ttft_p95_ms,5,64,8.621082339159042,fcfs,mixed,23.976889381470514,25.233984775490793,22.97049682919905,2000,workload_seed,143.25895204656035
poisson,79.02259999999998,mono,0.32300000000000184,-15.122399999999995,-144.33879999999996,,analytical,E10,E10-c724198a6807,-78.69959999999999,-78.69959999999999,-38.20199999999998,primer_max_itl_ms,5,64,-0.9234279705848741,fcfs,mixed,-99.59125617228489,-97.90876247944371,-99.77672059935657,2000,workload_seed,85.2254886216559
poisson,98.6,mono,100.0,3.6,-0.8,,analytical,E10,E10-c724198a6807,1.4,1.4,2.0,backlog_at_arrival_end,5,64,0.4859470941504363,fcfs,mixed,1.4198782961460488,3.6511156186612714,-0.7797270955165692,2000,workload_seed,2.8809720581775866
poisson,0.9995570315850543,mono,0.9996199073541261,0.00018862730781270541,-3.1676883338604964e-13,,analytical,E10,E10-c724198a6807,6.28757690717574e-05,6.28757690717574e-05,-3.0331293032759277e-13,server_busy_fraction,5,64,0.447213593391952,fcfs,mixed,0.006290363339456206,0.018887830918856707,-3.1674662892555716e-11,2000,workload_seed,0.0001405944944447409
poisson,0.24374962573253917,mono,0.03125,-0.21171065245530776,-0.21381293438783464,,analytical,E10,E10-c724198a6807,-0.21249962573253917,-0.21249962573253917,-0.21196208918980264,batch_slot_occupancy,5,64,-147.65425526311748,fcfs,mixed,-87.17946749412042,-87.13783500159624,-87.24817358461463,2000,workload_seed,0.0014391703466579294
poisson,2660.177279258739,mono,2663.672132734368,10.049117112253134,-1.276629412119928,,analytical,E10,E10-fcd75a7abace,3.494853475628406,3.494853475628406,1.7886818168749414,ttft_p50_ms,5,64,0.48000799859245785,chunk_512,mixed,0.1313767132318011,0.3254047447717845,-0.0534065540830686,2000,workload_seed,7.28082341518573
poisson,5370.339537790368,mono,5370.303330936838,7.760236177797014,-7.8326498848573465,,analytical,E10,E10-fcd75a7abace,-0.03620685353016597,-0.03620685353016597,1.2995473997807494,ttft_p95_ms,5,64,-0.003511868420931762,chunk_512,mixed,-0.0006742004537096946,0.13161216351578187,-0.16243728794520518,2000,workload_seed,10.309854809582996
poisson,5537.388918473994,mono,5533.680607929671,1.938991570588587,-7.6805340703615,,analytical,E10,E10-fcd75a7abace,-3.7083105443218303,-3.7083105443218303,-4.847935380240415,ttft_p99_ms,5,64,-0.584766323277438,chunk_512,mixed,-0.06696857668694323,0.03351217866103262,-0.14485852561743062,2000,workload_seed,6.341525489255047
poisson,6.056895640782012,mono,5.341006074950951,-0.42067825096944966,-1.0111008806926713,,analytical,E10,E10-fcd75a7abace,-0.7158895658310606,-0.7158895658310606,-0.6080457532050625,tpot_p95_ms,5,64,-1.8681360537315561,chunk_512,mixed,-11.819413909179255,-6.778384141492133,-17.115203521547496,2000,workload_seed,0.3832106148805857
poisson,10.136586389123654,mono,7.56896930426807,-1.0627398470215612,-4.459105769531124,,analytical,E10,E10-fcd75a7abace,-2.5676170848555846,-2.5676170848555846,-2.3294930462870704,tpot_p99_ms,5,64,-1.17639714588434,chunk_512,mixed,-25.330194863337653,-12.378506716018025,-36.96157886887087,2000,workload_seed,2.1826107737837246
poisson,5729.386462980843,mono,5721.030115338945,0.20747255301284895,-16.236824762443756,,analytical,E10,E10-fcd75a7abace,-8.356347641897992,-8.356347641897992,-7.10419999998885,e2e_p95_ms,5,64,-0.7930400115427956,chunk_512,mixed,-0.1458506542697191,0.0032816691864168135,-0.29552534767832705,2000,workload_seed,10.537107233267323
poisson,2.540600000000029,mono,11.002999999999838,8.849599999999658,7.973999999999944,,analytical,E10,E10-fcd75a7abace,8.462399999999809,8.462399999999809,8.477999999999838,itl_p95_ms,5,64,14.27740714661888,chunk_512,mixed,333.08667243956995,410.9594130212356,263.2551997358898,2000,workload_seed,0.592712662257015
poisson,51.72346399999926,mono,11.003000000000156,-32.185727999998484,-50.738399999999686,,analytical,E10,E10-fcd75a7abace,-40.72046399999911,-40.72046399999911,-37.97999999999979,itl_p99_ms,5,64,-3.461451246347973,chunk_512,mixed,-78.72725616366236,-74.52344509891446,-82.17889455049581,2000,workload_seed,11.763985999502811
poisson,16.95071343427596,mono,16.954878947662667,0.00579022653499813,0.002805989305256791,,analytical,E10,E10-fcd75a7abace,0.004165513386702813,0.004165513386702813,0.004244816739475965,request_throughput_rps,5,64,2.081534528860871,chunk_512,mixed,0.02457426587298972,0.03388570227664811,0.01602510860069073,2000,workload_seed,0.00200117429182518
poisson,2149.010821912867,mono,2149.536997754032,0.7111752028279851,0.3536007790315739,,analytical,E10,E10-fcd75a7abace,0.5261758411655137,0.5261758411655137,0.5726319039249574,output_token_throughput_tps,5,64,2.162122355939468,chunk_512,mixed,0.024484559863546806,0.03406645415959808,0.016064403019692697,2000,workload_seed,0.2433608069034946
poisson,16.298665734498947,mono,16.298665734498947,0.0,0.0,,analytical,E10,E10-fcd75a7abace,0.0,0.0,0.0,observed_request_throughput_rps,5,64,,chunk_512,mixed,0.0,0.0,0.0,2000,workload_seed,0.0
poisson,3.394906532600288,mono,0.9916041666736914,-2.3032949310768416,-2.5176703915235628,,analytical,E10,E10-fcd75a7abace,-2.4033023659265966,-2.4033023659265966,-2.3352799578061747,iteration_cv,5,64,-17.11718509540539,chunk_512,mixed,-70.79141481064033,-69.25797858906,-72.26397151028642,2000,workload_seed,0.14040289641850595
poisson,5570.994275464097,mono,5561.443315834124,-2.1417999999983293,-14.978919259943359,,analytical,E10,E10-fcd75a7abace,-9.550959629972748,-9.550959629972748,-11.173000000004322,max_wait_ms,5,64,-1.135364062484329,chunk_512,mixed,-0.17144084444741248,-0.03797351498463497,-0.29420899522124566,2000,workload_seed,8.41224409470383
poisson,97.2,mono,97.0,0.0,-0.6,,analytical,E10,E10-fcd75a7abace,-0.2,-0.2,0.0,starvation_proxy_count,5,64,-0.447213595499958,chunk_512,mixed,-0.2057613168724326,0.0,-0.5964809942738744,2000,workload_seed,0.4472135954999579
poisson,0.7137235409819913,mono,0.7142579242189335,0.0007509712234603505,0.00031867368831066666,,analytical,E10,E10-fcd75a7abace,0.0005343832369420598,0.0005343832369420598,0.00045998458233964534,waiting_satisfaction_jain,5,64,1.9163845500290966,chunk_512,mixed,0.07487258108467287,0.1064727935670362,0.04524891751898075,2000,workload_seed,0.00027884968960637164
poisson,5373.328243508769,mono,5366.919960545958,5.18667999999725,-18.810722962801993,,analytical,E10,E10-fcd75a7abace,-6.408282962810517,-6.408282962810517,0.22579999999288702,short_prompt_ttft_p95_ms,5,64,-0.4152994885692643,chunk_512,mixed,-0.1192609621523344,0.0976914660169026,-0.36958184741399114,2000,workload_seed,15.430510123880719
poisson,5151.7890362907865,mono,5170.199877703661,23.42986423862367,14.531719999995222,,analytical,E10,E10-fcd75a7abace,18.410841412874653,18.410841412874653,17.746600000001308,long_prompt_ttft_p95_ms,5,64,3.224626619421495,chunk_512,mixed,0.35736792176819243,0.4691035481986683,0.25244304759617364,2000,workload_seed,5.709449057447029
poisson,70.1896,mono,9.039200000000003,-6.709800000000004,-115.99279999999999,,analytical,E10,E10-fcd75a7abace,-61.15039999999999,-61.15039999999999,-27.52200000000002,primer_max_itl_ms,5,64,-0.8602139091729413,chunk_512,mixed,-87.12173883310348,-52.16845973112869,-92.32031577698416,2000,workload_seed,71.08743458797763
poisson,98.6,mono,98.6,0.0,0.0,,analytical,E10,E10-fcd75a7abace,0.0,0.0,0.0,backlog_at_arrival_end,5,64,,chunk_512,mixed,0.0,0.0,0.0,2000,workload_seed,0.0
poisson,0.99955703079955,mono,0.9995569606165885,0.0,-2.1054888472704646e-07,,analytical,E10,E10-fcd75a7abace,-7.018296157568216e-08,-7.018296157568216e-08,0.0,server_busy_fraction,5,64,-0.447213595499958,chunk_512,mixed,-7.0214064229467965e-06,0.0,-2.1082905710123612e-05,2000,workload_seed,1.5693387294548105e-07
poisson,0.24265608116099213,mono,0.23744698218320445,-0.004522727548742922,-0.005887202969560551,,analytical,E10,E10-fcd75a7abace,-0.005209098977787674,-0.005209098977787674,-0.005502872110497686,batch_slot_occupancy,5,64,-5.5841712502890894,chunk_512,mixed,-2.1467003640974758,-1.8619503401595565,-2.4251342068610238,2000,workload_seed,0.0009328329566393584
poisson,2660.177279258739,mono,3395.740021702752,862.1682989473204,630.0487729421503,,analytical,E10,E10-fcd75a7abace,735.5627424440123,735.5627424440123,643.3883886061053,ttft_p50_ms,5,64,4.932739371537577,fcfs,mixed,27.650891847665825,33.07994733189883,23.49281802362484,2000,workload_seed,149.11850942060437
poisson,5370.339537790368,mono,6611.92665534271,1301.2724628286367,1155.0150458395653,,analytical,E10,E10-fcd75a7abace,1241.5871175523403,1241.5871175523403,1293.244518413685,ttft_p95_ms,5,64,12.941760662052815,fcfs,mixed,23.119341129465987,25.57912335219026,20.55374227262565,2000,workload_seed,95.93649194833745
poisson,5537.388918473994,mono,6829.291556378562,1412.6425559854192,1169.8754213862192,,analytical,E10,E10-fcd75a7abace,1291.9026379045679,1291.9026379045679,1321.5808949592256,ttft_p99_ms,5,64,8.09188953713254,fcfs,mixed,23.330538218012563,26.69697011625845,20.09116595500594,2000,workload_seed,159.65401306780188
poisson,6.056895640782012,mono,0.32300000000032014,-5.527677484217425,-5.963364998560513,,analytical,E10,E10-fcd75a7abace,-5.733895640781692,-5.733895640781692,-5.744865038167692,tpot_p95_ms,5,64,-21.11648319148445,fcfs,mixed,-94.66723517860352,-94.47927183011512,-94.86189554576825,2000,workload_seed,0.27153648591892304
poisson,10.136586389123654,mono,0.32300000000032014,-8.262206320746298,-11.741164751594189,,analytical,E10,E10-fcd75a7abace,-9.813586389123333,-9.813586389123333,-9.603877212121008,tpot_p99_ms,5,64,-4.446549059589227,fcfs,mixed,-96.81352293956778,-96.23771090040432,-97.32264929523919,2000,workload_seed,2.207011832683999
poisson,5729.386462980843,mono,6639.847928367331,973.2550828738424,851.5773565081938,,analytical,E10,E10-fcd75a7abace,910.4614653864874,910.4614653864874,887.5334218523549,e2e_p95_ms,5,64,11.396196842519517,fcfs,mixed,15.89108137964217,17.2957479474007,14.626902970647905,2000,workload_seed,79.89169351564121
poisson,2.540600000000029,mono,0.32300000000032014,-1.83039999999977,-2.7059999999996194,,analytical,E10,E10-fcd75a7abace,-2.2175999999997087,-2.2175999999997087,-2.201999999999771,itl_p95_ms,5,64,-3.7414419181714043,fcfs,mixed,-87.28646776350797,-85.00046438189344,-89.33641465829228,2000,workload_seed,0.5927126622571066
poisson,51.72346399999926,mono,0.32300000000032014,-42.86572799999832,-61.41839999999952,,analytical,E10,E10-fcd75a7abace,-51.40046399999894,-51.40046399999894,-48.65999999999963,itl_p99_ms,5,64,-4.3693067980675355,fcfs,mixed,-99.37552519684235,-99.25211967344735,-99.47685021719572,2000,workload_seed,11.763985999502811
poisson,16.95071343427596,mono,14.83876800807749,-1.9042321063911942,-2.273757992155924,,analytical,E10,E10-fcd75a7abace,-2.1119454261984716,-2.1119454261984716,-2.1340820800652196,request_throughput_rps,5,64,-8.691389179150033,fcfs,mixed,-12.459330602143947,-11.893577737433937,-12.934831457608361,2000,workload_seed,0.24299284989617825
poisson,2149.010821912867,mono,1880.9966560804357,-240.88213424467108,-292.0006498490986,,analytical,E10,E10-fcd75a7abace,-268.0141658324311,-268.0141658324311,-271.52497202274117,output_token_throughput_tps,5,64,-8.542847925402622,fcfs,mixed,-12.47151308404616,-11.895588436802962,-12.950663311627238,2000,workload_seed,31.3729295163357
poisson,16.298665734498947,mono,15.552733335310924,0.44637075317596453,-1.978641472000517,,analytical,E10,E10-fcd75a7abace,-0.7459323991880258,-0.7459323991880258,-1.0448163217854471,observed_request_throughput_rps,5,64,-0.47038856755950903,fcfs,mixed,-4.576647017240976,2.9416533055669714,-12.32828585269774,2000,workload_seed,1.585779184766555
poisson,3.394906532600288,mono,8.044781034294889,4.932081126142992,4.372389946055327,,analytical,E10,E10-fcd75a7abace,4.649874501694602,4.649874501694602,4.562390304752469,iteration_cv,5,64,12.921384593451236,fcfs,mixed,136.966200896644,143.4936774339801,131.15754035349116,2000,workload_seed,0.3598588423760123
poisson,5570.994275464097,mono,6858.0126477346985,1382.0123956963423,1177.4051211123406,,analytical,E10,E10-fcd75a7abace,1287.0183722706017,1287.0183722706017,1351.2610000031673,max_wait_ms,5,64,9.695035955317913,fcfs,mixed,23.102130582666682,25.770279350939695,20.271811060947314,2000,workload_seed,132.75024230979233
poisson,97.2,mono,105.6,11.2,5.6,,analytical,E10,E10-fcd75a7abace,8.4,8.4,8.0,starvation_proxy_count,5,64,2.3951169837512447,fcfs,mixed,8.64197530864197,12.12121212121211,5.490196078431375,2000,workload_seed,3.507135583350036
poisson,0.7137235409819913,mono,0.6962871758986833,-0.00918325284370194,-0.024990081556144416,,analytical,E10,E10-fcd75a7abace,-0.01743636508330808,-0.01743636508330808,-0.017309500727451743,waiting_satisfaction_jain,5,64,-1.631778015382214,fcfs,mixed,-2.443013867710997,-1.2970330689367149,-3.434856090459215,2000,workload_seed,0.01068550067407541
poisson,5373.328243508769,mono,6609.44077917023,1302.7648077168171,1147.5147307685331,,analytical,E10,E10-fcd75a7abace,1236.112535661461,1236.112535661461,1283.090424465856,short_prompt_ttft_p95_ms,5,64,12.205782780985016,fcfs,mixed,23.00459751653441,25.676224898836303,20.346180479922225,2000,workload_seed,101.2726965440643
poisson,5151.7890362907865,mono,6386.03741770582,1341.2460428283784,1123.20414141453,,analytical,E10,E10-fcd75a7abace,1234.2483814150341,1234.2483814150341,1275.514800002723,long_prompt_ttft_p95_ms,5,64,8.645950160635458,fcfs,mixed,23.957665438561413,25.237627306630905,22.941171887519896,2000,workload_seed,142.75451031796368
poisson,70.1896,mono,0.32300000000000184,-15.122400000000003,-126.67279999999998,,analytical,E10,E10-fcd75a7abace,-69.86659999999999,-69.86659999999999,-38.202000000000005,primer_max_itl_ms,5,64,-0.95352943957741,fcfs,mixed,-99.53981786475488,-97.90876247944371,-99.7456608801236,2000,workload_seed,73.27157096582548
poisson,98.6,mono,100.0,3.6,-0.8,,analytical,E10,E10-fcd75a7abace,1.4,1.4,2.0,backlog_at_arrival_end,5,64,0.4859470941504363,fcfs,mixed,1.4198782961460488,3.6511156186612714,-0.7797270955165692,2000,workload_seed,2.8809720581775866
poisson,0.99955703079955,mono,0.9996199073541261,0.00018862966432562356,-3.1676883338604964e-13,,analytical,E10,E10-fcd75a7abace,6.287655457606344e-05,6.287655457606344e-05,-3.0331293032759277e-13,server_busy_fraction,5,64,0.4472135933919783,fcfs,mixed,0.006290441929635016,0.018888066928290925,-3.1674662892555716e-11,2000,workload_seed,0.00014059625088576582
poisson,0.24265608116099213,mono,0.03125,-0.21060560312746548,-0.21233135171119466,,analytical,E10,E10-fcd75a7abace,-0.21140608116099213,-0.21140608116099213,-0.21128234328965853,batch_slot_occupancy,5,64,-189.96861008228498,fcfs,mixed,-87.12169097494534,-87.07906717761243,-87.17061064795635,2000,workload_seed,0.0011128474386869573
poisson,700.931886681861,mono,889.8110066847585,239.64338979507224,143.99736911273288,,piecewise,E2,E2-033d3d1a6730,188.87912000289748,188.87912000289748,176.7995442209384,ttft_p50_ms,5,64,3.0404360518629505,chunk_1024,mixed,26.946857974607454,30.208700916306785,24.70280715693809,2000,workload_seed,62.122378757864865
poisson,1604.8874036016794,mono,1942.0479153468514,393.6797359371154,293.3379204689563,,piecewise,E2,E2-033d3d1a6730,337.1605117451721,337.1605117451721,336.1253370500003,ttft_p95_ms,5,64,5.073085741669396,chunk_1024,mixed,21.008359277324896,22.6066695033704,19.704364227787295,2000,workload_seed,66.46063735446012
poisson,1675.4399465929723,mono,2016.1871952487122,399.79736110922465,286.59002850461974,,piecewise,E2,E2-033d3d1a6730,340.74724865573984,340.74724865573984,349.2781123285522,ttft_p99_ms,5,64,4.523061976226158,chunk_1024,mixed,20.33777751023864,21.33654927087587,19.47012291548871,2000,workload_seed,75.33552501530042
poisson,13.52264243590255,mono,12.102020647981266,-0.48283443733881837,-2.422690578628702,,piecewise,E2,E2-033d3d1a6730,-1.4206217879212861,-1.4206217879212861,-1.4173243304381629,tpot_p95_ms,5,64,-1.1230953029094546,chunk_1024,mixed,-10.50550433951829,-3.890087252596952,-16.11665414027662,2000,workload_seed,1.2649165073000208
poisson,18.931874857287788,mono,13.409362258577435,-2.834330229984376,-9.107970713430706,,piecewise,E2,E2-033d3d1a6730,-5.522512598710352,-5.522512598710352,-4.349705814230072,tpot_p99_ms,5,64,-1.4040954403697552,chunk_1024,mixed,-29.170447408617186,-17.136467444431634,-41.258160923536416,2000,workload_seed,3.933146166514187
poisson,2835.6185672221523,mono,3143.220583688607,352.83112069237404,260.2307270819885,,piecewise,E2,E2-033d3d1a6730,307.6020164664541,307.6020164664541,344.17270594999945,e2e_p95_ms,5,64,5.040798782736759,chunk_1024,mixed,10.847792436617798,12.331372953325047,9.40820811761931,2000,workload_seed,61.022474755370084
poisson,25.46261956000003,mono,16.070535880000058,-5.145190049999999,-14.910970359999988,,piecewise,E2,E2-033d3d1a6730,-9.392083679999974,-9.392083679999974,-8.84597894999979,itl_p95_ms,5,64,-1.4759645300122155,chunk_1024,mixed,-36.885771543923425,-24.256886568115693,-48.09592333237435,2000,workload_seed,6.363353243944313
poisson,86.90068695999999,mono,16.34625737000001,-65.73509609999994,-74.11746917000002,,piecewise,E2,E2-033d3d1a6730,-70.55442958999997,-70.55442958999997,-73.04151735000005,itl_p99_ms,5,64,-13.073893072429545,chunk_1024,mixed,-81.18972594828378,-80.09219199593679,-81.92877840689664,2000,workload_seed,5.396589156659571
poisson,31.642337919242287,mono,29.23535960205743,-2.2762357501014217,-2.5180425996077944,,piecewise,E2,E2-033d3d1a6730,-2.406978317184864,-2.406978317184864,-2.4716303729056577,request_throughput_rps,5,64,-14.757655177981297,chunk_1024,mixed,-7.606828304937386,-6.948882526244238,-8.325585979671956,2000,workload_seed,0.16310032238564035
poisson,4014.7616683792776,mono,3709.0967355344956,-287.1170969017191,-323.23367828788093,,piecewise,E2,E2-033d3d1a6730,-305.66493284478213,-305.66493284478213,-313.00223450323074,output_token_throughput_tps,5,64,-12.576887368117614,chunk_1024,mixed,-7.613526233754642,-6.96073099783524,-8.327171652276855,2000,workload_seed,24.30370280802881
poisson,22.04713583007105,mono,19.543529321890396,-1.198556611694221,-3.4534570015974944,,piecewise,E2,E2-033d3d1a6730,-2.503606508180652,-2.503606508180652,-3.096928209374955,observed_request_throughput_rps,5,64,-1.6847487163669927,chunk_1024,mixed,-11.355699567858945,-6.958386975590353,-14.107966430509201,2000,workload_seed,1.4860414991616384
poisson,2.4088175026192262,mono,1.121680013696802,-1.2028564822616699,-1.3837404315030517,,piecewise,E2,E2-033d3d1a6730,-1.2871374889224243,-1.2871374889224243,-1.2171140498231536,iteration_cv,5,64,-11.134328405752969,chunk_1024,mixed,-53.43441284044375,-51.61390355797331,-55.14833615021863,2000,workload_seed,0.11560081955705352
poisson,1677.5874489692992,mono,2017.628030424946,401.0593565992846,285.6626499339339,,piecewise,E2,E2-033d3d1a6730,340.0405814556464,340.0405814556464,345.3878275696784,max_wait_ms,5,64,4.449545200258525,chunk_1024,mixed,20.269618830575187,21.040840711046616,19.570972049932635,2000,workload_seed,76.42142424710947
poisson,39.2,mono,53.0,20.2,7.8,,piecewise,E2,E2-033d3d1a6730,13.8,13.8,13.0,starvation_proxy_count,5,64,1.689725543925138,chunk_1024,mixed,35.20408163265305,57.89473684210527,17.88321167883211,2000,workload_seed,8.167006795638168
poisson,0.9100761289015311,mono,0.893538160503104,-0.013235646883828805,-0.020470264647684592,,piecewise,E2,E2-033d3d1a6730,-0.016537968398427094,-0.016537968398427094,-0.017031591682216685,waiting_satisfaction_jain,5,64,-3.4062064246235777,chunk_1024,mixed,-1.817207140504673,-1.429711538385488,-2.2535145852150773,2000,workload_seed,0.0048552454950685255
poisson,1605.316936217208,mono,1936.8469273512078,388.61617978900273,283.107547802998,,piecewise,E2,E2-033d3d1a6730,331.5299911339997,331.5299911339997,337.4525116999978,short_prompt_ttft_p95_ms,5,64,4.649353210133898,chunk_1024,mixed,20.651996104596137,21.97443147645286,19.526775729025314,2000,workload_seed,71.30669066213015
poisson,1564.6421064380343,mono,1908.1798317570742,404.8018261332496,297.63895749357994,,piecewise,E2,E2-033d3d1a6730,343.53772531903985,343.53772531903985,342.76682719999803,long_prompt_ttft_p95_ms,5,64,4.797401971477738,chunk_1024,mixed,21.956313453759478,23.66921247840943,20.6548369404838,2000,workload_seed,71.60911830225899
poisson,43.70607885,mono,12.031240220000008,-1.926452520000001,-61.42322473999998,,piecewise,E2,E2-033d3d1a6730,-31.67483862999999,-31.67483862999999,-9.632262600000004,primer_max_itl_ms,5,64,-0.8085690468188933,chunk_1024,mixed,-72.47238705331716,-22.374806093978393,-81.64454721195999,2000,workload_seed,39.17394408630467
poisson,88.0,mono,92.6,6.4,2.2,,piecewise,E2,E2-033d3d1a6730,4.6,4.6,6.0,backlog_at_arrival_end,5,64,1.6470642102906956,chunk_1024,mixed,5.227272727272725,8.115183246073276,2.2916666666666696,2000,workload_seed,2.792848008753788
poisson,0.9998569216118817,mono,0.9998665697700693,2.894447456243121e-05,-4.662936703425658e-16,,piecewise,E2,E2-033d3d1a6730,9.648158187558487e-06,9.648158187558487e-06,1.1102230246251565e-16,server_busy_fraction,5,64,0.44721359550381756,chunk_1024,mixed,0.0009649538827982695,0.002895690388404759,-4.440892098500626e-14,2000,workload_seed,2.1573937564865752e-05
poisson,0.8199261999403851,mono,0.7948781121287011,-0.013013139901247195,-0.0372615676354202,,piecewise,E2,E2-033d3d1a6730,-0.025048087811683904,-0.025048087811683904,-0.02472144981577329,batch_slot_occupancy,5,64,-1.7196689177834306,chunk_1024,mixed,-3.054919798087341,-1.5945176650705384,-4.51234528672142,2000,workload_seed,0.014565645487138111
poisson,700.931886681861,mono,2095.6922381797763,1753.7252238918984,1078.7205871960252,,piecewise,E2,E2-033d3d1a6730,1394.760351497915,1394.760351497915,1295.6636333560505,ttft_p50_ms,5,64,3.180271033408187,chunk_128,mixed,198.98657458723505,234.568043854861,182.46316287204684,2000,workload_seed,438.5665048186784
poisson,1604.8874036016794,mono,4077.5042515515283,2912.138198396431,2164.302211615476,,piecewise,E2,E2-033d3d1a6730,2472.616847949849,2472.616847949849,2397.397286012502,ttft_p95_ms,5,64,4.832393502875222,chunk_128,mixed,154.06793289054522,165.38650368855153,145.9266958091329,2000,workload_seed,511.6753936695488
poisson,1675.4399465929723,mono,4181.056159202084,2928.8307270591313,2171.9549902627186,,piecewise,E2,E2-033d3d1a6730,2505.616212609112,2505.616212609112,2492.8784555458988,ttft_p99_ms,5,64,4.8762037182169395,chunk_128,mixed,149.5497476769796,158.31764022808036,143.47238265002926,2000,workload_seed,513.8456794264802
poisson,13.52264243590255,mono,4.025632625265171,-8.394249179962156,-11.091323169174641,,piecewise,E2,E2-033d3d1a6730,-9.49700981063738,-9.49700981063738,-8.628973363855867,tpot_p95_ms,5,64,-5.248075611559339,chunk_128,mixed,-70.23042911659681,-67.67878418308175,-73.45867638712424,2000,workload_seed,1.809617565288007
poisson,18.931874857287788,mono,4.107618669621971,-12.439417995455639,-17.906466647672847,,piecewise,E2,E2-033d3d1a6730,-14.824256187665815,-14.824256187665815,-14.351088404327147,tpot_p99_ms,5,64,-4.286942163905729,chunk_128,mixed,-78.30315961527312,-75.20919025302763,-81.11562047201528,2000,workload_seed,3.4580023757912786
poisson,2835.6185672221523,mono,4476.738544765479,2091.397728698703,1223.5349549933949,,piecewise,E2,E2-033d3d1a6730,1641.1199775433258,1641.1199775433258,1680.7085249371817,e2e_p95_ms,5,64,2.823549152717885,chunk_128,mixed,57.875202134503276,69.19802625920074,45.38090240563874,2000,workload_seed,581.2259283546102
poisson,25.46261956000003,mono,4.155142398999853,-17.013837033250145,-26.898450633000216,,piecewise,E2,E2-033d3d1a6730,-21.307477161000175,-21.307477161000175,-20.813570349999964,itl_p95_ms,5,64,-3.302377768833268,chunk_128,mixed,-83.68140249981472,-80.21147383717327,-86.76201401854541,2000,workload_seed,6.452162245668253
poisson,86.90068695999999,mono,4.233611709999923,-77.83533587000012,-86.28350218000006,,piecewise,E2,E2-033d3d1a6730,-82.66707525000007,-82.66707525000007,-85.18408829999998,itl_p99_ms,5,64,-15.216797408354134,chunk_128,mixed,-95.12821836270565,-94.80350149142494,-95.3847653819962,2000,workload_seed,5.432619823446899
poisson,31.642337919242287,mono,20.561587549954456,-10.55411924371015,-11.48690522439552,,piecewise,E2,E2-033d3d1a6730,-11.080750369287836,-11.080750369287836,-11.1573563761783,request_throughput_rps,5,64,-18.34928582926902,chunk_128,mixed,-35.018747342779065,-32.77915208007099,-37.49473789577864,2000,workload_seed,0.603879108559794
poisson,4014.7616683792776,mono,2609.121198779673,-1358.6190261901527,-1454.8725490227696,,piecewise,E2,E2-033d3d1a6730,-1405.6404695996043,-1405.6404695996043,-1414.650239153838,output_token_throughput_tps,5,64,-21.700931952885416,chunk_128,mixed,-35.01180358153238,-32.765612641255046,-37.62686978759567,2000,workload_seed,64.77327668006933
poisson,22.04713583007105,mono,18.14481690023272,-1.612477864972672,-6.14873239987694,,piecewise,E2,E2-033d3d1a6730,-3.902318929838329,-3.902318929838329,-3.6130829109374503,observed_request_throughput_rps,5,64,-1.3526886172586348,chunk_128,mixed,-17.699890633937976,-9.748094381401696,-23.3928724373059,2000,workload_seed,2.8848612164318994
poisson,2.4088175026192262,mono,0.37104244471460524,-1.916162202913831,-2.159387912895411,,piecewise,E2,E2-033d3d1a6730,-2.037775057904621,-2.037775057904621,-2.0157674571074655,iteration_cv,5,64,-12.97602508827371,chunk_128,mixed,-84.59649000760115,-82.0844170953468,-86.67064671411865,2000,workload_seed,0.15704154731837994
poisson,1677.5874489692992,mono,4178.1313080099435,2930.083612457536,2163.6533392958418,,piecewise,E2,E2-033d3d1a6730,2500.543859040644,2500.543859040644,2476.012553864628,max_wait_ms,5,64,4.840107566517025,chunk_128,mixed,149.0559470134904,157.93284270611161,143.72246835206067,2000,workload_seed,516.6298113576952
poisson,39.2,mono,86.8,54.2,39.8,,piecewise,E2,E2-033d3d1a6730,47.6,47.6,50.0,starvation_proxy_count,5,64,5.262962806833473,chunk_128,mixed,121.4285714285714,209.3023255813953,71.3793103448276,2000,workload_seed,9.044335243676011
poisson,0.9100761289015311,mono,0.7839867981140516,-0.10796124124611937,-0.1441966446124966,,piecewise,E2,E2-033d3d1a6730,-0.12608933078747955,-0.12608933078747955,-0.13100689777007324,waiting_satisfaction_jain,5,64,-5.146791738226549,chunk_128,mixed,-13.854811348548424,-11.74584494776978,-16.043939199663406,2000,workload_seed,0.02449862695064609
poisson,1605.316936217208,mono,4066.2457009964332,2903.5641178067285,2142.889661499222,,piecewise,E2,E2-033d3d1a6730,2460.9287647792253,2460.9287647792253,2397.280731800002,short_prompt_ttft_p95_ms,5,64,4.744941350365025,chunk_128,mixed,153.29862342187664,164.8260567940429,145.0498908395631,2000,workload_seed,518.6426096899824
poisson,1564.6421064380343,mono,3978.0444207167084,2785.354997727444,2118.370726442582,,piecewise,E2,E2-033d3d1a6730,2413.4023142786746,2413.4023142786746,2403.2760983499966,long_prompt_ttft_p95_ms,5,64,5.353122442011233,chunk_128,mixed,154.2462844600849,169.42425404069587,143.4691329328139,2000,workload_seed,450.8401106872366
poisson,43.70607885,mono,3.6171179999999863,-8.174914984250002,-73.36558218000002,,piecewise,E2,E2-033d3d1a6730,-40.088960850000014,-40.088960850000014,-20.435789300000003,primer_max_itl_ms,5,64,-0.9303575520136338,chunk_128,mixed,-91.72399333187954,-69.12616661124267,-95.09801100993676,2000,workload_seed,43.089842999858334
poisson,88.0,mono,95.2,11.4,2.8,,piecewise,E2,E2-033d3d1a6730,7.2,7.2,7.0,backlog_at_arrival_end,5,64,1.31017414544431,chunk_128,mixed,8.18181818181818,13.994910941475824,2.9045643153526868,2000,workload_seed,5.495452665613635
poisson,0.9998569216118817,mono,0.9999130728170782,0.00016845361558852633,2.2204460492503132e-17,,piecewise,E2,E2-033d3d1a6730,5.615120519646411e-05,5.615120519646411e-05,3.3306690738754696e-16,server_busy_fraction,5,64,0.44721359550327383,chunk_128,mixed,0.005615924037005726,0.01685259528536598,0.0,2000,workload_seed,0.00012555791183690223
poisson,0.8199261999403851,mono,0.318703091596871,-0.47750826116770184,-0.5334146803390082,,piecewise,E2,E2-033d3d1a6730,-0.501223108343514,-0.501223108343514,-0.49750427071339337,batch_slot_occupancy,5,64,-13.597607432177737,chunk_128,mixed,-61.1302710390224,-58.18309052910928,-64.97662186394447,2000,workload_seed,0.03686112507979944
poisson,700.931886681861,mono,773.8537813926804,95.18063837711536,51.670238179271635,,piecewise,E2,E2-033d3d1a6730,72.9218947108194,72.9218947108194,74.61040553555677,ttft_p50_ms,5,64,2.5556735818835303,chunk_2048,mixed,10.40356361243946,11.307855365456309,9.8707941253521,2000,workload_seed,28.533336662296282
poisson,1604.8874036016794,mono,1737.1289245375192,157.15668146078502,113.23934298844911,,piecewise,E2,E2-033d3d1a6730,132.24152093583993,132.24152093583993,123.27069081724426,ttft_p95_ms,5,64,4.645941105403662,chunk_2048,mixed,8.239925158554051,9.039558312068419,7.664763930418772,2000,workload_seed,28.463882329896677
poisson,1675.4399465929723,mono,1807.842596946637,155.1848799473115,110.98574008559144,,piecewise,E2,E2-033d3d1a6730,132.40265035366468,132.40265035366468,131.4649217375029,ttft_p99_ms,5,64,4.500430972170795,chunk_2048,mixed,7.902560197571229,8.523961444783312,7.4329156887486425,2000,workload_seed,29.41999359003609
poisson,13.52264243590255,mono,12.738130175772344,-0.21642453249782,-1.3913151316242633,,piecewise,E2,E2-033d3d1a6730,-0.7845122601302073,-0.7845122601302073,-0.6890830059255482,tpot_p95_ms,5,64,-1.0390231099119984,chunk_2048,mixed,-5.801471597350904,-1.683410077636216,-9.538962721503907,2000,workload_seed,0.7550479413269765
poisson,18.931874857287788,mono,16.61759178366815,-0.26373389510047573,-4.920767215401865,,piecewise,E2,E2-033d3d1a6730,-2.314283073619636,-2.314283073619636,-1.0057712531122434,tpot_p99_ms,5,64,-0.7935056117378586,chunk_2048,mixed,-12.224267755122831,-1.5749930404489354,-22.2905641693527,2000,workload_seed,2.916530191325451
poisson,2835.6185672221523,mono,2963.2732750993277,143.55938194934942,111.75003380500084,,piecewise,E2,E2-033d3d1a6730,127.65470787717513,127.65470787717513,135.3592530249948,e2e_p95_ms,5,64,6.05461194343876,chunk_2048,mixed,4.5018293134619025,5.040401520676063,4.112182980403634,2000,workload_seed,21.08387937488075
poisson,25.46261956000003,mono,26.332070260000044,5.1095429600000895,-4.502970050000021,,piecewise,E2,E2-033d3d1a6730,0.8694507000000158,0.8694507000000158,1.2438120000001618,itl_p95_ms,5,64,0.13862474885342466,chunk_2048,mixed,3.4146160725970987,24.085754596564456,-14.524507598362579,2000,workload_seed,6.271973130276559
poisson,86.90068695999999,mono,27.149124809999922,-55.00542925000002,-63.17539061000008,,piecewise,E2,E2-033d3d1a6730,-59.75156215000006,-59.75156215000006,-62.329639450000286,itl_p99_ms,5,64,-11.338299163570918,chunk_2048,mixed,-68.7584462680985,-67.02059951807462,-69.8335039771007,2000,workload_seed,5.269887598483662
poisson,31.642337919242287,mono,30.64797712224155,-0.9190314648257605,-1.0610223677573956,,piecewise,E2,E2-033d3d1a6730,-0.9943607970007434,-0.9943607970007434,-1.0005299099133254,request_throughput_rps,5,64,-10.954039797337913,chunk_2048,mixed,-3.142501036233636,-2.811282391366643,-3.5043331973673597,2000,workload_seed,0.09077571520621974
poisson,4014.7616683792776,mono,3888.5738330366667,-117.81139256446559,-134.56427812075626,,piecewise,E2,E2-033d3d1a6730,-126.18783534261092,-126.18783534261092,-133.41956342488947,output_token_throughput_tps,5,64,-10.95615081955829,chunk_2048,mixed,-3.1430965463399962,-2.814059701785454,-3.5028044971963435,2000,workload_seed,11.51753361384435
poisson,22.04713583007105,mono,21.06141221448067,-0.4301473912567832,-1.4920650364524064,,piecewise,E2,E2-033d3d1a6730,-0.9857236155903799,-0.9857236155903799,-1.2289480075307395,observed_request_throughput_rps,5,64,-1.4506032679862817,chunk_2048,mixed,-4.47098264004846,-1.950635220410324,-6.867410857192158,2000,workload_seed,0.6795266751044586
poisson,2.4088175026192262,mono,1.4771061166992048,-0.8628531640872689,-1.0124842086046817,,piecewise,E2,E2-033d3d1a6730,-0.9317113859200216,-0.9317113859200216,-0.8692744270276975,iteration_cv,5,64,-9.724482092856505,chunk_2048,mixed,-38.67920192820442,-37.073669130609744,-40.219681217619986,2000,workload_seed,0.09581090046990227
poisson,1677.5874489692992,mono,1808.2681138040014,155.36452708635642,108.65048840274812,,piecewise,E2,E2-033d3d1a6730,130.68066483470201,130.68066483470201,130.37230627500276,max_wait_ms,5,64,4.167441967688154,chunk_2048,mixed,7.789797480601779,8.216153064797016,7.506249789658059,2000,workload_seed,31.357524795287258
poisson,39.2,mono,45.2,11.6,2.8,,piecewise,E2,E2-033d3d1a6730,6.0,6.0,4.0,starvation_proxy_count,5,64,0.9669875568304563,chunk_2048,mixed,15.306122448979597,34.96932515337423,6.643356643356646,2000,workload_seed,6.2048368229954285
poisson,0.9100761289015311,mono,0.9038233031281825,-0.004926666460610063,-0.007823125627547308,,piecewise,E2,E2-033d3d1a6730,-0.006252825773348602,-0.006252825773348602,-0.00624249001189825,waiting_satisfaction_jain,5,64,-3.2460166016200205,chunk_2048,mixed,-0.687066232678335,-0.533880246977468,-0.8671598615936013,2000,workload_seed,0.001926307391720654
poisson,1605.316936217208,mono,1736.5726996767717,154.3195497549997,113.10902044956356,,piecewise,E2,E2-033d3d1a6730,131.25576345956352,131.25576345956352,122.91110352500255,short_prompt_ttft_p95_ms,5,64,4.940146831879642,chunk_2048,mixed,8.176314626621739,9.071260828684569,7.535914317373527,2000,workload_seed,26.569202885336697
poisson,1564.6421064380343,mono,1698.323944728035,160.86168835499922,113.52370825500138,,piecewise,E2,E2-033d3d1a6730,133.68183829000077,133.68183829000077,129.2505362750021,long_prompt_ttft_p95_ms,5,64,4.262366019674254,chunk_2048,mixed,8.543924373499866,9.160899923870502,8.078843572321711,2000,workload_seed,31.363293924771206
poisson,43.70607885,mono,18.371659999999988,0.0,-50.672203950000025,,piecewise,E2,E2-033d3d1a6730,-25.33441885000001,-25.33441885000001,0.0,primer_max_itl_ms,5,64,-0.7302967325956538,chunk_2048,mixed,-57.96543528177891,0.0,-69.53039900174926,2000,workload_seed,34.69058222396158
poisson,88.0,mono,89.8,2.8,0.8,,piecewise,E2,E2-033d3d1a6730,1.8,1.8,2.0,backlog_at_arrival_end,5,64,1.380536979925267,chunk_2048,mixed,2.0454545454545503,3.431372549019618,0.8474576271186418,2000,workload_seed,1.3038404810405297
poisson,0.9998569216118817,mono,0.9998608644506465,1.1828516293976854e-05,-6.661338147750939e-17,,piecewise,E2,E2-033d3d1a6730,3.942838764836587e-06,3.942838764836587e-06,3.3306690738754696e-16,server_busy_fraction,5,64,0.44721359553143947,chunk_2048,mixed,0.00039434029805995863,0.0011833595689347831,0.0,2000,workload_seed,8.816455501875283e-06
poisson,0.8199261999403851,mono,0.8123343077796704,-0.0023297242062619407,-0.011256631102893256,,piecewise,E2,E2-033d3d1a6730,-0.00759189216071463,-0.00759189216071463,-0.009358434823339534,batch_slot_occupancy,5,64,-1.2692391892334887,chunk_2048,mixed,-0.9259238406171932,-0.2872481014466466,-1.3496361191349893,2000,workload_seed,0.00598145111269333
poisson,700.931886681861,mono,1922.8238379097747,1552.418860286897,929.3693985110237,,piecewise,E2,E2-033d3d1a6730,1221.891951227914,1221.891951227914,1133.0791280060507,ttft_p50_ms,5,64,3.0200705825504097,chunk_256,mixed,174.32392140300874,203.46112261743912,161.14408219687783,2000,workload_seed,404.5905278796638
poisson,1604.8874036016794,mono,3772.763780300779,2561.24589549191,1893.1862035451045,,piecewise,E2,E2-033d3d1a6730,2167.8763766990996,2167.8763766990996,2086.463152773492,ttft_p95_ms,5,64,4.786155200580362,chunk_256,mixed,135.07965554679808,145.69239070496178,127.44611288962177,2000,workload_seed,452.9473629347051
poisson,1675.4399465929723,mono,3870.2122722345093,2575.1699311116613,1897.5759376898054,,piecewise,E2,E2-033d3d1a6730,2194.772325641537,2194.772325641537,2173.1367082438032,ttft_p99_ms,5,64,4.802970588365691,chunk_256,mixed,130.9967767036135,138.66010734988276,125.6850262016361,2000,workload_seed,456.9614336090185
poisson,13.52264243590255,mono,7.410626499456434,-5.023496407160263,-7.687375401579431,,piecewise,E2,E2-033d3d1a6730,-6.112015936446118,-6.112015936446118,-5.261523352885968,tpot_p95_ms,5,64,-3.3918609273133513,chunk_256,mixed,-45.19838460136122,-40.48982765648497,-50.913611029228605,2000,workload_seed,1.801965371642571
poisson,18.931874857287788,mono,7.55793104221496,-8.967277416968109,-14.427421052005073,,piecewise,E2,E2-033d3d1a6730,-11.373943815072826,-11.373943815072826,-10.91756510776893,tpot_p99_ms,5,64,-3.312039785891285,chunk_256,mixed,-60.078274871410585,-54.216497391663495,-65.354718213738,2000,workload_seed,3.4341205270310624
poisson,2835.6185672221523,mono,4552.142670689978,2164.877205055699,1347.144636016565,,piecewise,E2,E2-033d3d1a6730,1716.5241034678263,1716.5241034678263,1747.6814057494344,e2e_p95_ms,5,64,3.1665030340166767,chunk_256,mixed,60.53437945814337,70.11223563749118,50.728908175303154,2000,workload_seed,542.0882547806793
poisson,25.46261956000003,mono,7.734384529999988,-13.406963279750002,-23.399502640000037,,piecewise,E2,E2-033d3d1a6730,-17.728235030000043,-17.728235030000043,-17.172956299999896,itl_p95_ms,5,64,-2.7194059438694955,chunk_256,mixed,-69.62455291854512,-63.15800042131688,-75.47601918706607,2000,workload_seed,6.519157270346403
poisson,86.90068695999999,mono,7.817373739999994,-74.21908379000007,-82.73809920999994,,piecewise,E2,E2-033d3d1a6730,-79.08331322,-79.08331322,-81.55344575000026,itl_p99_ms,5,64,-14.44190792843462,chunk_256,mixed,-91.00424402444793,-90.39965694941971,-91.45794469096163,2000,workload_seed,5.475960213282702
poisson,31.642337919242287,mono,21.177040803979764,-9.966083263573235,-10.82113605671092,,piecewise,E2,E2-033d3d1a6730,-10.465297115262526,-10.465297115262526,-10.572247858219018,request_throughput_rps,5,64,-18.663764519374944,chunk_256,mixed,-33.0737164300947,-30.935919782038248,-35.41012080371814,2000,workload_seed,0.560728094506253
poisson,4014.7616683792776,mono,2686.9063921004927,-1279.3605544562445,-1381.7304186810493,,piecewise,E2,E2-033d3d1a6730,-1327.8552762787845,-1327.8552762787845,-1328.661788979845,output_token_throughput_tps,5,64,-19.654950384942104,chunk_256,mixed,-33.07432385680886,-30.930026141486156,-35.540517652290845,2000,workload_seed,67.55831229653322
poisson,22.04713583007105,mono,15.413708974528621,-3.7382994878291513,-8.961177347600492,,piecewise,E2,E2-033d3d1a6730,-6.633426855542427,-6.633426855542427,-7.007777796666135,observed_request_throughput_rps,5,64,-1.9130113984364716,chunk_256,mixed,-30.0874766984236,-20.76104192673486,-35.80305033360629,2000,workload_seed,3.467531276062448
poisson,2.4088175026192262,mono,0.6078459691697988,-1.6912340436861253,-1.9115917565441882,,piecewise,E2,E2-033d3d1a6730,-1.8009715334494274,-1.8009715334494274,-1.7728320947597118,iteration_cv,5,64,-12.67279040054489,chunk_256,mixed,-74.76579406663818,-72.09226641295362,-76.85897028025052,2000,workload_seed,0.14211325813232034
poisson,1677.5874489692992,mono,3866.3107043699442,2570.614475172535,1890.120082466986,,piecewise,E2,E2-033d3d1a6730,2188.7232554006446,2188.7232554006446,2179.047447089626,max_wait_ms,5,64,4.761285542660579,chunk_256,mixed,130.46850444341277,137.88964928462866,125.89268831407652,2000,workload_seed,459.69166011782585
poisson,39.2,mono,82.8,52.4,32.585,,piecewise,E2,E2-033d3d1a6730,43.6,43.6,47.0,starvation_proxy_count,5,64,3.3860567000383424,chunk_256,mixed,111.22448979591834,200.0,57.57903347596276,2000,workload_seed,12.876334882255897
poisson,0.9100761289015311,mono,0.7985483877342286,-0.09538036697661664,-0.12778736924146858,,piecewise,E2,E2-033d3d1a6730,-0.11152774116730249,-0.11152774116730249,-0.11747655178690952,waiting_satisfaction_jain,5,64,-4.984610800151605,chunk_256,mixed,-12.254770521441682,-10.35836365319167,-14.283502142950233,2000,workload_seed,0.022374413096386665
poisson,1605.316936217208,mono,3762.4685953609323,2554.6180732329763,1873.9648069536986,,piecewise,E2,E2-033d3d1a6730,2157.151659143725,2157.151659143725,2084.23521181875,short_prompt_ttft_p95_ms,5,64,4.694408476525646,chunk_256,mixed,134.375437676928,145.1162223097182,126.68961054614326,2000,workload_seed,459.5151167459214
poisson,1564.6421064380343,mono,3683.7682089722075,2456.3435105999392,1853.507200403581,,piecewise,E2,E2-033d3d1a6730,2119.126102534173,2119.126102534173,2090.164653624999,long_prompt_ttft_p95_ms,5,64,5.281022994094464,chunk_256,mixed,135.43839155386416,149.36262606369567,125.58484517543445,2000,workload_seed,401.27189465069523
poisson,43.70607885,mono,6.35956059999999,-5.525829109999998,-69.87160578000001,,piecewise,E2,E2-033d3d1a6730,-37.34651825000001,-37.34651825000001,-17.063169699999968,primer_max_itl_ms,5,64,-0.8844378701167678,chunk_256,mixed,-85.44925381701225,-47.817321792280644,-91.19843752171207,2000,workload_seed,42.226276725429386
poisson,88.0,mono,100.2,17.0,6.8,,piecewise,E2,E2-033d3d1a6730,12.2,12.2,12.0,backlog_at_arrival_end,5,64,1.775778654705725,chunk_256,mixed,13.863636363636367,21.772151898734183,6.938775510204076,2000,workload_seed,6.870225614927067
poisson,0.9998569216118817,mono,0.9999011234311194,0.00013260545771300868,-3.552713678800501e-16,,piecewise,E2,E2-033d3d1a6730,4.420181923774358e-05,4.420181923774358e-05,0.0,server_busy_fraction,5,64,0.4472135955005196,chunk_256,mixed,0.004420814446781662,0.013266240108067429,-3.3306690738754696e-14,2000,workload_seed,9.883827254462846e-05
poisson,0.8199261999403851,mono,0.525574443351913,-0.25692513715069215,-0.34142857243431407,,piecewise,E2,E2-033d3d1a6730,-0.29435175658847207,-0.29435175658847207,-0.2957821442178672,batch_slot_occupancy,5,64,-5.22801504790851,chunk_256,mixed,-35.89978666493079,-31.248111522313536,-41.65894624270771,2000,workload_seed,0.056302775315505024
poisson,700.931886681861,mono,2932.869687788682,2785.7667529375403,1771.8412406419334,,piecewise,E2,E2-033d3d1a6730,2231.9378011068206,2231.9378011068206,2133.4321979685487,ttft_p50_ms,5,64,3.498396174864095,chunk_32,mixed,318.42434957162294,387.3137314792954,285.21662125575295,2000,workload_seed,637.9888639094818
poisson,1604.8874036016794,mono,5718.737527120808,4815.650735554213,3660.3911550399403,,piecewise,E2,E2-033d3d1a6730,4113.850123519129,4113.850123519129,3869.7453185974937,ttft_p95_ms,5,64,5.2599360173958996,chunk_32,mixed,256.3326320766709,278.6967068145869,240.7980786560292,2000,workload_seed,782.110297523319
poisson,1675.4399465929723,mono,5866.400498502384,4839.3092735118535,3710.714903397865,,piecewise,E2,E2-033d3d1a6730,4190.960551909411,4190.960551909411,4085.170249015826,ttft_p99_ms,5,64,5.524107984117218,chunk_32,mixed,250.14089943550536,268.6564112475406,236.24589140094034,2000,workload_seed,758.6673837584566
poisson,13.52264243590255,mono,1.4130628876897737,-10.99264487705732,-13.711822133228116,,piecewise,E2,E2-033d3d1a6730,-12.109579548212778,-12.109579548212778,-11.1971442522837,tpot_p95_ms,5,64,-6.659235801059795,chunk_32,mixed,-89.55039376077785,-88.5733599671463,-90.81397409232417,2000,workload_seed,1.8184638462998381
poisson,18.931874857287788,mono,1.459417339118834,-15.042651997149065,-20.58022430797142,,piecewise,E2,E2-033d3d1a6730,-17.47245751816895,-17.47245751816895,-16.997759090500484,tpot_p99_ms,5,64,-5.002817930977573,chunk_32,mixed,-92.29121600411892,-91.22187997948718,-93.27018768209902,2000,workload_seed,3.492523165790036
poisson,2835.6185672221523,mono,5852.886715348295,3751.695067567768,2407.7307918036845,,piecewise,E2,E2-033d3d1a6730,3017.2681481261425,3017.2681481261425,2935.4089375327417,e2e_p95_ms,5,64,3.4249272821483303,chunk_32,mixed,106.40599490367775,122.43247671660784,89.3027172096478,2000,workload_seed,880.9729081995346
poisson,25.46261956000003,mono,1.4175562799999237,-19.77493969575011,-29.603078970000137,,piecewise,E2,E2-033d3d1a6730,-24.045063280000107,-24.045063280000107,-23.541385349999928,itl_p95_ms,5,64,-3.748763740564964,chunk_32,mixed,-94.43279480078787,-93.22810344076952,-95.48589945311588,2000,workload_seed,6.414131416128229
poisson,86.90068695999999,mono,1.4750047999999878,-80.6190425599999,-88.98055368000006,,piecewise,E2,E2-033d3d1a6730,-85.42568216,-85.42568216,-87.93826540000009,itl_p99_ms,5,64,-15.838067390558427,chunk_32,mixed,-98.30265461459594,-98.19242308791105,-98.40723057235702,2000,workload_seed,5.393693564590143
poisson,31.642337919242287,mono,16.446355908635635,-14.639670731565326,-15.831314748178919,,piecewise,E2,E2-033d3d1a6730,-15.195982010606652,-15.195982010606652,-15.060019393837656,request_throughput_rps,5,64,-19.567166115870112,chunk_32,mixed,-48.024207469719535,-46.3163636573204,-50.145551455003236,2000,workload_seed,0.7766061738639723
poisson,4014.7616683792776,mono,2087.3891408305212,-1878.751941233993,-1984.9401649304818,,piecewise,E2,E2-033d3d1a6730,-1927.372527548756,-1927.372527548756,-1881.1464615972322,output_token_throughput_tps,5,64,-28.30822067170888,chunk_32,mixed,-48.00714679351861,-46.27853702544841,-50.24673162411888,2000,workload_seed,68.08525869218492
poisson,22.04713583007105,mono,17.288132878260644,-3.737544849689582,-6.338509036370579,,piecewise,E2,E2-033d3d1a6730,-4.759002951810404,-4.759002951810404,-4.08787038138858,observed_request_throughput_rps,5,64,-2.701075693592347,chunk_32,mixed,-21.585583671686702,-17.696046415744238,-25.033050027599955,2000,workload_seed,1.7618917393170412
poisson,2.4088175026192262,mono,0.10024711400765943,-2.2060718385443603,-2.4299496435106445,,piecewise,E2,E2-033d3d1a6730,-2.308570388611567,-2.308570388611567,-2.265330947342354,iteration_cv,5,64,-15.57932040555898,chunk_32,mixed,-95.83832673506167,-95.30307615250327,-96.39973107985038,2000,workload_seed,0.14818171322722318
poisson,1677.5874489692992,mono,5864.045027559939,4838.072944710382,3692.2179559498372,,piecewise,E2,E2-033d3d1a6730,4186.45757859064,4186.45757859064,4061.0751155396174,max_wait_ms,5,64,5.491212679211241,chunk_32,mixed,249.5522710999523,267.6162085623086,236.76164851194258,2000,workload_seed,762.3921751273316
poisson,39.2,mono,101.6,70.6,52.4,,piecewise,E2,E2-033d3d1a6730,62.4,62.4,65.0,starvation_proxy_count,5,64,5.286996604315312,chunk_32,mixed,159.1836734693877,278.9473684210526,94.52554744525547,2000,workload_seed,11.802542099056456
poisson,0.9100761289015311,mono,0.7168998637465868,-0.16811653621082298,-0.21823599409906577,,piecewise,E2,E2-033d3d1a6730,-0.19317626515494438,-0.19317626515494438,-0.19345996470287552,waiting_satisfaction_jain,5,64,-5.9847738940155235,chunk_32,mixed,-21.226385246266112,-18.42611946410895,-24.040478916217943,2000,workload_seed,0.032277955454275566
poisson,1605.316936217208,mono,5704.667447305679,4799.753737876501,3629.566823880478,,piecewise,E2,E2-033d3d1a6730,4099.350511088471,4099.350511088471,3868.927495739994,short_prompt_ttft_p95_ms,5,64,5.2037444056987665,chunk_32,mixed,255.36082119386592,278.27423067179853,239.43420746513246,2000,workload_seed,787.7693813322493
poisson,1564.6421064380343,mono,5570.985646972578,4600.017303342019,3574.8066094089218,,piecewise,E2,E2-033d3d1a6730,4006.3435405345444,4006.3435405345444,3862.8629993549935,long_prompt_ttft_p95_ms,5,64,5.861722239007898,chunk_32,mixed,256.05494854380044,280.8750953616604,235.31242447890656,2000,workload_seed,683.4755004038918
poisson,43.70607885,mono,1.3027579299999936,-10.495814211750067,-75.88829517,,piecewise,E2,E2-033d3d1a6730,-42.403320920000006,-42.403320920000006,-22.89625635000001,primer_max_itl_ms,5,64,-0.9782737402648305,chunk_32,mixed,-97.0192752031792,-88.84545141434812,-98.30835254528513,2000,workload_seed,43.34504666201192
poisson,88.0,mono,96.6,11.8,6.6,,piecewise,E2,E2-033d3d1a6730,8.6,8.6,7.0,backlog_at_arrival_end,5,64,2.3581565375604514,chunk_32,mixed,9.772727272727266,15.01272264631044,6.639004149377592,2000,workload_seed,3.646916505762094
poisson,0.9998569216118817,mono,0.999932230857509,0.00022592773688212553,-1.3322676295501878e-16,,piecewise,E2,E2-033d3d1a6730,7.530924562741959e-05,7.530924562741959e-05,3.3306690738754696e-16,server_busy_fraction,5,64,0.4472135955004524,chunk_32,mixed,0.007532002229471146,0.0226024754655052,-2.220446049250313e-14,2000,workload_seed,0.0001683965925569528
poisson,0.8199261999403851,mono,0.11527229677082174,-0.6891253981773146,-0.7218434738505004,,piecewise,E2,E2-033d3d1a6730,-0.7046539031695633,-0.7046539031695633,-0.6974029243371781,batch_slot_occupancy,5,64,-33.74440592374918,chunk_32,mixed,-85.9411375341826,-85.04877543470116,-87.07008291980536,2000,workload_seed,0.020882095383804956
poisson,700.931886681861,mono,1181.4248774992234,632.9695021074365,345.2788272537467,,piecewise,E2,E2-033d3d1a6730,480.49299081736234,480.49299081736234,444.0547213560508,ttft_p50_ms,5,64,2.5867316964700087,chunk_512,mixed,68.55059670519009,74.93347746171781,64.19908260426716,2000,workload_seed,185.75292964209183
poisson,1604.8874036016794,mono,2446.3991874176586,1004.6419561515195,733.0007325171207,,piecewise,E2,E2-033d3d1a6730,841.5117838159792,841.5117838159792,799.4920501422421,ttft_p95_ms,5,64,4.515077969620205,chunk_512,mixed,52.43431918821615,56.221872093628235,49.24706070727456,2000,workload_seed,186.3781289001228
poisson,1675.4399465929723,mono,2520.1886766049056,1012.5334467885666,725.842311645162,,piecewise,E2,E2-033d3d1a6730,844.7487300119332,844.7487300119332,806.0110286833999,ttft_p99_ms,5,64,4.377284166810543,chunk_512,mixed,50.41951707846886,52.837229485223666,48.43732234233744,2000,workload_seed,192.9846676203911
poisson,13.52264243590255,mono,9.885038489602087,-2.5319026448586954,-5.095799101250842,,piecewise,E2,E2-033d3d1a6730,-3.6376039463004646,-3.6376039463004646,-2.9777426768186253,tpot_p95_ms,5,64,-2.123677576622854,chunk_512,mixed,-26.900097104118082,-20.398963789465117,-33.74928319600446,2000,workload_seed,1.712879575667559
poisson,18.931874857287788,mono,10.412280382241903,-6.069240303447493,-11.740108976064144,,piecewise,E2,E2-033d3d1a6730,-8.519594475045883,-8.519594475045883,-7.815129119607006,tpot_p99_ms,5,64,-2.384979416277251,chunk_512,mixed,-45.00132469323969,-36.694855727179544,-53.18147374804838,2000,workload_seed,3.572187842335446
poisson,2835.6185672221523,mono,3523.849927362068,807.4874382024589,568.9752820773716,,piecewise,E2,E2-033d3d1a6730,688.2313601399153,688.2313601399153,743.9708745249245,e2e_p95_ms,5,64,4.2506929775335704,chunk_512,mixed,24.270942788124184,27.40720042948892,21.10328899211005,2000,workload_seed,161.9103905592485
poisson,25.46261956000003,mono,10.696205999999984,-10.51481126575004,-20.321278209999992,,piecewise,E2,E2-033d3d1a6730,-14.766413560000046,-14.766413560000046,-14.223600549999901,itl_p95_ms,5,64,-2.3085909371228017,chunk_512,mixed,-57.99251536239042,-49.57189098731119,-65.54708481118661,2000,workload_seed,6.396288455677399
poisson,86.90068695999999,mono,10.796507819999897,-71.28642368000013,-79.6662077600001,,piecewise,E2,E2-033d3d1a6730,-76.10417914000008,-76.10417914000008,-78.54394980000006,itl_p99_ms,5,64,-14.11725069761452,chunk_512,mixed,-87.57603858187049,-86.85795052736684,-88.06230373457902,2000,workload_seed,5.390864040748379
poisson,31.642337919242287,mono,26.479066446906366,-4.873831785357531,-5.377098767638232,,piecewise,E2,E2-033d3d1a6730,-5.163271472335928,-5.163271472335928,-5.259677380564369,request_throughput_rps,5,64,-15.743062958715292,chunk_512,mixed,-16.317604234913507,-14.980136727974891,-17.780739916427592,2000,workload_seed,0.32797121410719904
poisson,4014.7616683792776,mono,3359.1331310364817,-618.1182293580407,-693.1388453275499,,piecewise,E2,E2-033d3d1a6730,-655.6285373427953,-655.6285373427953,-653.1003390189476,output_token_throughput_tps,5,64,-13.297867547217196,chunk_512,mixed,-16.330447271792025,-14.982979718510247,-17.87162294914515,2000,workload_seed,49.3032837795107
poisson,22.04713583007105,mono,17.259842603151952,-2.5366829945503424,-6.449192170534947,,piecewise,E2,E2-033d3d1a6730,-4.787293226919094,-4.787293226919094,-5.2558333474996015,observed_request_throughput_rps,5,64,-1.8841937511002382,chunk_512,mixed,-21.71390090675406,-14.110417207268611,-27.106716230690044,2000,workload_seed,2.5407648359536528
poisson,2.4088175026192262,mono,0.8392548679958216,-1.4733033381938794,-1.671566314393011,,piecewise,E2,E2-033d3d1a6730,-1.5695626346234046,-1.5695626346234046,-1.5169251452053114,iteration_cv,5,64,-12.392956986198037,chunk_512,mixed,-65.15905139832061,-63.140880499584995,-67.12751614021924,2000,workload_seed,0.12664956687668788
poisson,1677.5874489692992,mono,2515.437920221345,1013.1327306007106,712.9055800901566,,piecewise,E2,E2-033d3d1a6730,837.8504712520453,837.8504712520453,789.9512125146293,max_wait_ms,5,64,4.194879270536596,chunk_512,mixed,49.943773230231116,52.62922769031344,47.96210475558209,2000,workload_seed,199.73172461406023
poisson,39.2,mono,66.2,35.4,18.6,,piecewise,E2,E2-033d3d1a6730,27.0,27.0,33.0,starvation_proxy_count,5,64,2.4053511772118195,chunk_512,mixed,68.87755102040816,112.80000000000001,38.21319628647215,2000,workload_seed,11.224972160321824
poisson,0.9100761289015311,mono,0.8679756427549629,-0.03412160094398816,-0.05056201739392767,,piecewise,E2,E2-033d3d1a6730,-0.04210048614656834,-0.04210048614656834,-0.04277651522311232,waiting_satisfaction_jain,5,64,-3.8920610621890765,chunk_512,mixed,-4.626040043197688,-3.7327147912559977,-5.60681304704821,2000,workload_seed,0.010817015836562714
poisson,1605.316936217208,mono,2440.01132783621,1000.6490921120021,720.448052333,,piecewise,E2,E2-033d3d1a6730,834.6943916190019,834.6943916190019,795.6258721000002,short_prompt_ttft_p95_ms,5,64,4.377432983616766,chunk_512,mixed,51.99561362542453,55.66987812186912,48.99204152644818,2000,workload_seed,190.6812496600125
poisson,1564.6421064380343,mono,2397.283253722785,977.0027974102501,725.6893800060006,,piecewise,E2,E2-033d3d1a6730,832.6411472847506,832.6411472847506,786.5734988500005,long_prompt_ttft_p95_ms,5,64,5.057471209973572,chunk_512,mixed,53.216076945563564,59.01756121463655,49.11063084231968,2000,workload_seed,164.635864983817
poisson,43.70607885,mono,8.56245852000002,-3.5600672100000055,-66.93596494999996,,piecewise,E2,E2-033d3d1a6730,-35.143620329999976,-35.143620329999976,-14.668463549999991,primer_max_itl_ms,5,64,-0.8497506197652122,chunk_512,mixed,-80.40899859860107,-36.49842086538364,-87.82722730317882,2000,workload_seed,41.35756951811371
poisson,88.0,mono,96.8,12.2,4.6,,piecewise,E2,E2-033d3d1a6730,8.8,8.8,9.0,backlog_at_arrival_end,5,64,1.7706560004881744,chunk_512,mixed,9.999999999999986,15.441176470588246,4.821802935010466,2000,workload_seed,4.969909455915671
poisson,0.9998569216118817,mono,0.9998779505580389,6.308683847149333e-05,-4.440892098500626e-16,,piecewise,E2,E2-033d3d1a6730,2.102894615725326e-05,2.102894615725326e-05,0.0,server_busy_fraction,5,64,0.4472135955017288,chunk_512,mixed,0.0021031955375505618,0.006311392918934011,-3.3306690738754696e-14,2000,workload_seed,4.702215310261508e-05
poisson,0.8199261999403851,mono,0.7306034503254212,-0.06849283638219639,-0.1255600805294606,,piecewise,E2,E2-033d3d1a6730,-0.08932274961496381,-0.08932274961496381,-0.07356595373736852,batch_slot_occupancy,5,64,-2.2752251930078247,chunk_512,mixed,-10.893998706402886,-8.359892134561742,-15.206999905192198,2000,workload_seed,0.039258861008338274
poisson,700.931886681861,mono,2402.046939323392,2126.9910036468987,1332.5855194542066,,piecewise,E2,E2-033d3d1a6730,1701.1150526415313,1701.1150526415313,1590.5731165810525,ttft_p50_ms,5,64,3.3096373743822065,chunk_64,mixed,242.69334652393027,289.4363812282791,220.720996701047,2000,workload_seed,513.9883498442393
poisson,1604.8874036016794,mono,4671.527938792309,3601.171483437214,2698.1114141215703,,piecewise,E2,E2-033d3d1a6730,3066.6405351906296,3066.6405351906296,2944.235715725001,ttft_p95_ms,5,64,5.002321269307857,chunk_64,mixed,191.08135114703325,205.0478949983468,180.69557451948893,2000,workload_seed,613.0434992262989
poisson,1675.4399465929723,mono,4788.963626056788,3619.9014168172935,2718.2113338493064,,piecewise,E2,E2-033d3d1a6730,3113.523679463816,3113.523679463816,3079.1314641456647,ttft_p99_ms,5,64,5.112449774108251,chunk_64,mixed,185.8332007539395,198.08967375343357,177.33765132923128,2000,workload_seed,609.0081696708498
poisson,13.52264243590255,mono,2.2862536933667226,-10.122259564384633,-12.830779660028696,,piecewise,E2,E2-033d3d1a6730,-11.236388742535828,-11.236388742535828,-10.337631744790945,tpot_p95_ms,5,64,-6.20630572635959,chunk_64,mixed,-83.09314393097661,-81.58786161900325,-84.9787235650864,2000,workload_seed,1.8104794120618863
poisson,18.931874857287788,mono,2.3208573027557047,-14.22751452698661,-19.732593450960326,,piecewise,E2,E2-033d3d1a6730,-16.611017554532083,-16.611017554532083,-16.064910094353653,tpot_p99_ms,5,64,-4.765453116460357,chunk_64,mixed,-87.74100652866773,-86.03848475006632,-89.38659792108426,2000,workload_seed,3.4857162894239684
poisson,2835.6185672221523,mono,4882.965518793038,2614.656617624229,1541.0216664191194,,piecewise,E2,E2-033d3d1a6730,2047.3469515708864,2047.3469515708864,2033.1417055252427,e2e_p95_ms,5,64,2.9055331467168046,chunk_64,mixed,72.20107017343034,85.83506548345754,57.15648217759204,2000,workload_seed,704.6372724690298
poisson,25.46261956000003,mono,2.33046411700001,-18.86025008599999,-28.682080942999995,,piecewise,E2,E2-033d3d1a6730,-23.13215544300002,-23.13215544300002,-22.649837599999955,itl_p95_ms,5,64,-3.6077126376681727,chunk_64,mixed,-90.84750839752166,-88.91556547034622,-92.51518397139942,2000,workload_seed,6.4118619652454845
poisson,86.90068695999999,mono,2.380216889999974,-79.69897239999987,-88.09105148000013,,piecewise,E2,E2-033d3d1a6730,-84.52047007000002,-84.52047007000002,-87.04058860000009,itl_p99_ms,5,64,-15.648148175592663,chunk_64,mixed,-97.26099185948256,-97.10320975044348,-97.39528929189508,2000,workload_seed,5.40130813701212
poisson,31.642337919242287,mono,18.947690513539982,-12.159194374366589,-13.177974165214149,,piecewise,E2,E2-033d3d1a6730,-12.694647405702309,-12.694647405702309,-12.677622964290507,request_throughput_rps,5,64,-19.466843080452577,chunk_64,mixed,-40.11918284325778,-38.187256026169024,-42.32835641414964,2000,workload_seed,0.6521163885298641
poisson,4014.7616683792776,mono,2404.6672700476,-1566.505364153966,-1662.7384690916406,,piecewise,E2,E2-033d3d1a6730,-1610.094398331677,-1610.094398331677,-1602.0660315468808,output_token_throughput_tps,5,64,-27.519963972512986,chunk_64,mixed,-40.10435814940063,-38.15693657575462,-42.43929724507554,2000,workload_seed,58.50641374166927
poisson,22.04713583007105,mono,18.874865260355968,-1.750911846157431,-4.617920927279616,,piecewise,E2,E2-033d3d1a6730,-3.1722705697150806,-3.1722705697150806,-2.9199074152775566,observed_request_throughput_rps,5,64,-1.6797003291299404,chunk_64,mixed,-14.38858359727745,-9.79397250275279,-17.85714009189775,2000,workload_seed,1.8885931702819092
poisson,2.4088175026192262,mono,0.19529720918255217,-2.089843641768872,-2.346725926695513,,piecewise,E2,E2-033d3d1a6730,-2.213520293436674,-2.213520293436674,-2.168325603670537,iteration_cv,5,64,-13.548030435242334,chunk_64,mixed,-91.89240326549455,-90.02620933716501,-93.78609714992551,2000,workload_seed,0.16338317986640105
poisson,1677.5874489692992,mono,4785.8020401149415,3620.7070703325417,2709.1056694241365,,piecewise,E2,E2-033d3d1a6730,3108.214591145642,3108.214591145642,3059.274548714624,max_wait_ms,5,64,5.07787764373481,chunk_64,mixed,185.278841532542,197.10884875912083,177.70671241949282,2000,workload_seed,612.1089969508464
poisson,39.2,mono,92.4,59.0,45.995,,piecewise,E2,E2-033d3d1a6730,53.2,53.2,55.0,starvation_proxy_count,5,64,6.465726022537832,chunk_64,mixed,135.71428571428572,227.13178294573643,83.57664233576642,2000,workload_seed,8.228000972289685
poisson,0.9100761289015311,mono,0.7578246786354759,-0.1313764964966024,-0.17312640403550822,,piecewise,E2,E2-033d3d1a6730,-0.1522514502660553,-0.1522514502660553,-0.1556005067303251,waiting_satisfaction_jain,5,64,-5.531545599513454,chunk_64,mixed,-16.729529039490785,-14.396688292338279,-19.13846418205971,2000,workload_seed,0.02752421498241777
poisson,1605.316936217208,mono,4658.866966961432,3588.7072286767316,2671.0797937589246,,piecewise,E2,E2-033d3d1a6730,3053.5500307442235,3053.5500307442235,2943.8685973250012,short_prompt_ttft_p95_ms,5,64,4.922928812239202,chunk_64,mixed,190.21477702338663,204.54816883136607,179.28671944183435,2000,workload_seed,620.2710108569113
poisson,1564.6421064380343,mono,4553.698287459583,3438.104200447446,2639.212995199753,,piecewise,E2,E2-033d3d1a6730,2989.056181021549,2989.056181021549,2955.343987900001,long_prompt_ttft_p95_ms,5,64,5.545759599679496,chunk_64,mixed,191.0376928194938,209.59040005032645,177.16273471383963,2000,workload_seed,538.98048180709
poisson,43.70607885,mono,2.1377192000000003,-9.631405465000054,-75.0658923,,piecewise,E2,E2-033d3d1a6730,-41.56835965,-41.56835965,-22.038319899999998,primer_max_itl_ms,5,64,-0.9586489939047483,chunk_64,mixed,-95.1088744260571,-81.52839008568778,-97.24298309539695,2000,workload_seed,43.361397043442
poisson,88.0,mono,93.8,8.6,3.0,,piecewise,E2,E2-033d3d1a6730,5.8,5.8,5.0,backlog_at_arrival_end,5,64,1.5963974594332229,chunk_64,mixed,6.590909090909092,10.941475826972024,2.9940119760478945,2000,workload_seed,3.63318042491699
poisson,0.9998569216118817,mono,0.9999166833170765,0.00017928511558411574,-3.108624468950438e-16,,piecewise,E2,E2-033d3d1a6730,5.976170519486068e-05,5.976170519486068e-05,3.3306690738754696e-16,server_busy_fraction,5,64,0.44721359550182727,chunk_64,mixed,0.005977025702685879,0.01793621041064064,-3.3306690738754696e-14,2000,workload_seed,0.00013363123526645223
poisson,0.8199261999403851,mono,0.1880977334702601,-0.615407467477659,-0.6532743153485437,,piecewise,E2,E2-033d3d1a6730,-0.6318284664701249,-0.6318284664701249,-0.6183949067935355,batch_slot_occupancy,5,64,-26.185769401751678,chunk_64,mixed,-77.0591873410148,-75.4486071665687,-79.11927934167984,2000,workload_seed,0.024128695887311192
poisson,700.931886681861,mono,6647.912241653228,6422.81109448009,5507.740789519299,,piecewise,E2,E2-033d3d1a6730,5946.980354971366,5946.980354971366,5590.341582824054,ttft_p50_ms,5,64,10.0525916306995,fcfs,mixed,848.4391233966765,1240.140464471129,642.8722006729879,2000,workload_seed,591.586784129373
poisson,1604.8874036016794,mono,12873.248858721807,11894.85288154098,10628.654048289198,,piecewise,E2,E2-033d3d1a6730,11268.361455120128,11268.361455120128,11596.469592934744,ttft_p95_ms,5,64,13.804859896046898,fcfs,mixed,702.1278520743408,844.0471669111594,575.8907131325694,2000,workload_seed,816.2604720346991
poisson,1675.4399465929723,mono,13390.155372957786,12384.189930231947,11007.018610680241,,piecewise,E2,E2-033d3d1a6730,11714.715426364814,11714.715426364814,11807.142674326213,ttft_p99_ms,5,64,13.208999812368242,fcfs,mixed,699.2023468335485,846.4533240871809,570.6552978103541,2000,workload_seed,886.8737673382161
poisson,13.52264243590255,mono,0.8292761249999986,-11.574194479469806,-14.269017656136484,,piecewise,E2,E2-033d3d1a6730,-12.693366310902553,-12.693366310902553,-11.821421511863253,tpot_p95_ms,5,64,-7.049592285326659,fcfs,mixed,-93.86749942601253,-93.31715004826493,-94.50480808626061,2000,workload_seed,1.8005816219078514
poisson,18.931874857287788,mono,0.8316750699999934,-15.708002152039057,-21.243816205561263,,piecewise,E2,E2-033d3d1a6730,-18.100199787287792,-18.100199787287792,-17.550367116145477,tpot_p99_ms,5,64,-5.159513700676703,fcfs,mixed,-95.60701158089559,-94.97117331206782,-96.23227996842473,2000,workload_seed,3.508121276025265
poisson,2835.6185672221523,mono,12957.792101417175,10658.811201322713,9483.309667634425,,piecewise,E2,E2-033d3d1a6730,10122.173534195023,10122.173534195023,10591.408458335898,e2e_p95_ms,5,64,13.465619600208512,fcfs,mixed,356.96527209973004,379.8230289235778,329.9505039420687,2000,workload_seed,751.7049964814306
poisson,25.46261956000003,mono,0.8314542499999572,-20.379675687500008,-30.17097597000004,,piecewise,E2,E2-033d3d1a6730,-24.631165310000075,-24.631165310000075,-24.1019981000004,itl_p95_ms,5,64,-3.85736203848714,fcfs,mixed,-96.73460836171738,-96.0796879296463,-97.31767363770896,2000,workload_seed,6.385494818541957
poisson,86.90068695999999,mono,0.8324923399997625,-81.24167270000001,-89.63333208000032,,piecewise,E2,E2-033d3d1a6730,-86.06819462000021,-86.06819462000021,-88.51747660000046,itl_p99_ms,5,64,-15.939036751032676,fcfs,mixed,-99.04201868923896,-98.98553488171541,-99.07987258726477,2000,workload_seed,5.399836637833459
poisson,31.642337919242287,mono,8.387209847490443,-21.46215508654438,-24.633813298416506,,piecewise,E2,E2-033d3d1a6730,-23.255128071751848,-23.255128071751848,-23.417432559081913,request_throughput_rps,5,64,-11.4220557605525,fcfs,mixed,-73.49371001315922,-72.32078174798295,-74.53364271759109,2000,workload_seed,2.0359844636782762
poisson,4014.7616683792776,mono,1062.4897495702169,-2721.639189542873,-3163.7791973062886,,piecewise,E2,E2-033d3d1a6730,-2952.2719188090605,-2952.2719188090605,-2936.6669578091482,output_token_throughput_tps,5,64,-10.636440860420644,fcfs,mixed,-73.53542159330384,-72.29373162107603,-74.57475568179275,2000,workload_seed,277.5620113486257
poisson,22.04713583007105,mono,8.679651462460358,-9.23649446080032,-17.191175460631463,,piecewise,E2,E2-033d3d1a6730,-13.36748436761069,-13.36748436761069,-12.570511334543074,observed_request_throughput_rps,5,64,-2.5774202571933635,fcfs,mixed,-60.63138754458163,-54.050432395989276,-64.6574636561924,2000,workload_seed,5.18638135566102
poisson,2.4088175026192262,mono,2.796293944121974,0.5556385971055875,0.24756686955027812,,piecewise,E2,E2-033d3d1a6730,0.3874764415027476,0.3874764415027476,0.3272126512482716,iteration_cv,5,64,1.939136156043449,fcfs,mixed,16.085753324252483,23.399835952337057,10.243436369136184,2000,workload_seed,0.19981910001273046
poisson,1677.5874489692992,mono,13482.97758728454,12478.969980948148,11124.332254416211,,piecewise,E2,E2-033d3d1a6730,11805.390138315242,11805.390138315242,11913.562667251259,max_wait_ms,5,64,13.455619783294269,fcfs,mixed,703.7123546416856,850.9425349362058,576.8568221443841,2000,workload_seed,877.3575895011646
poisson,39.2,mono,115.2,88.0,61.2,,piecewise,E2,E2-033d3d1a6730,76.0,76.0,82.0,starvation_proxy_count,5,64,4.218968100565604,fcfs,mixed,193.87755102040813,346.45669291338584,108.89679715302489,2000,workload_seed,18.01388353465182
poisson,0.9100761289015311,mono,0.5526097486041286,-0.3346307949634917,-0.3785030130619648,,piecewise,E2,E2-033d3d1a6730,-0.3574663802974025,-0.3574663802974025,-0.3600215346327572,waiting_satisfaction_jain,5,64,-12.665794574443382,fcfs,mixed,-39.27873382734115,-37.83078772348807,-40.67656297771529,2000,workload_seed,0.028222973157853538
poisson,1605.316936217208,mono,12913.3306433539,11939.486460378062,10676.540953895317,,piecewise,E2,E2-033d3d1a6730,11308.01370713669,11308.01370713669,11704.987945565803,short_prompt_ttft_p95_ms,5,64,13.725294659098422,fcfs,mixed,704.4100421554798,849.9037308554622,575.6121773661649,2000,workload_seed,823.8813073233856
poisson,1564.6421064380343,mono,12414.987257001096,11616.298540888409,10084.391760237715,,piecewise,E2,E2-033d3d1a6730,10850.345150563062,10850.345150563062,11159.745978613171,long_prompt_ttft_p95_ms,5,64,11.066368570995088,fcfs,mixed,693.4713763561095,838.9842602561768,561.8444353282234,2000,workload_seed,980.4792855898345
poisson,43.70607885,mono,0.8004950000000001,-11.02100061600007,-76.38546301,,piecewise,E2,E2-033d3d1a6730,-42.90558385,-42.90558385,-23.49084134999999,primer_max_itl_ms,5,64,-0.9902469020461858,fcfs,mixed,-98.16845843630286,-93.2910706607988,-98.95240115883495,2000,workload_seed,43.32816771387269
poisson,88.0,mono,112.4,32.0,16.2,,piecewise,E2,E2-033d3d1a6730,24.4,24.4,22.0,backlog_at_arrival_end,5,64,2.252894321051119,fcfs,mixed,27.727272727272734,41.025641025641036,16.430020283975665,2000,workload_seed,10.830512453249845
poisson,0.9998569216118817,mono,0.9999999999999982,0.00042923516435136035,-1.1546319456101628e-15,,piecewise,E2,E2-033d3d1a6730,0.0001430783881165576,0.0001430783881165576,-5.551115123125783e-16,server_busy_fraction,5,64,0.44721359549744205,fcfs,mixed,0.01430988624711027,0.04294194862950462,-1.1102230246251565e-13,2000,workload_seed,0.00031993300194152073
poisson,0.8199261999403851,mono,0.03125,-0.7722691367729441,-0.8027993369507411,,piecewise,E2,E2-033d3d1a6730,-0.7886761999403851,-0.7886761999403851,-0.7932203604422908,batch_slot_occupancy,5,64,-40.84451184366712,fcfs,mixed,-96.18868137129023,-96.11085802816038,-96.25321925028452,2000,workload_seed,0.019309233097436766
poisson,2160.3437556461654,mono,2163.225171199362,32.63911555319737,-26.891899999999623,,analytical,E2,E2-5e2b2aeb6c24,2.8814155531969847,2.8814155531969847,20.33350000000155,ttft_p50_ms,5,64,0.07485085935373662,chunk_1024,mixed,0.13337764166772015,1.6745341601998032,-1.0817663413990264,2000,workload_seed,38.49542380775809
poisson,5127.400315822145,mono,5099.258152577184,-6.977336443596505,-51.72363601729012,,analytical,E2,E2-5e2b2aeb6c24,-28.14216324496174,-28.14216324496174,-23.048563507327344,ttft_p95_ms,5,64,-0.9805875200809935,chunk_1024,mixed,-0.5488583202314046,-0.1310315023668851,-1.1111252541817884,2000,workload_seed,28.69928758897246
poisson,5316.91622991871,mono,5279.32382409723,-25.35323988115506,-49.78650248132144,,analytical,E2,E2-5e2b2aeb6c24,-37.5924058214805,-37.5924058214805,-36.21836421135322,ttft_p99_ms,5,64,-2.338335178688828,chunk_1024,mixed,-0.7070340061019809,-0.45146936067422816,-0.9978542469149088,2000,workload_seed,16.076568562150975
poisson,25.554805520596137,mono,20.827884752040404,-3.553598112749648,-5.900243424361817,,analytical,E2,E2-5e2b2aeb6c24,-4.726920768555733,-4.726920768555733,-4.939605193769101,tpot_p95_ms,5,64,-3.2011682002201165,chunk_1024,mixed,-18.49718936325313,-14.477848332242992,-22.210975060553828,2000,workload_seed,1.4766236801398638
poisson,33.612708509032686,mono,22.94638986795601,-7.809784896224289,-15.000001314639206,,analytical,E2,E2-5e2b2aeb6c24,-10.666318641076671,-10.666318641076671,-9.45019803467369,tpot_p99_ms,5,64,-2.2034800988595027,chunk_1024,mixed,-31.73299360332814,-25.190065799444017,-40.4572454107751,2000,workload_seed,4.840669378678501
poisson,7041.221528494588,mono,6977.1490244373035,-46.80003780731986,-90.31595094130861,,analytical,E2,E2-5e2b2aeb6c24,-64.07250405728374,-64.07250405728374,-55.99631506519745,e2e_p95_ms,5,64,-2.1571572764754228,chunk_1024,mixed,-0.9099629062655379,-0.6589698750955497,-1.2043701915558591,2000,workload_seed,29.70228678085621
poisson,44.825,mono,28.23499999999972,-9.753660000000343,-24.807600000000367,,analytical,E2,E2-5e2b2aeb6c24,-16.59000000000028,-16.59000000000028,-17.082000000000335,itl_p95_ms,5,64,-1.6681345088069433,chunk_1024,mixed,-37.01059676519862,-25.675185719180185,-46.769200604797554,2000,workload_seed,9.945241173546322
poisson,150.36359999999988,mono,28.235000000000127,-113.59859999999988,-128.31779999999972,,analytical,E2,E2-5e2b2aeb6c24,-122.12859999999975,-122.12859999999975,-126.29899999999952,itl_p99_ms,5,64,-12.779173739120813,chunk_1024,mixed,-81.22218409242652,-80.09286939060975,-81.96455125682827,2000,workload_seed,9.556846357454877
poisson,15.316002757014076,mono,15.403297385382004,0.1023062026280428,0.07187515313343837,,analytical,E2,E2-5e2b2aeb6c24,0.08729462836792798,0.08729462836792798,0.09759894078752751,request_throughput_rps,5,64,4.403468415175001,chunk_1024,mixed,0.5699569904291879,0.6721062175389925,0.4690575469596503,2000,workload_seed,0.01982406143009856
poisson,1941.536002815923,mono,1952.5236041367505,12.586383409704467,9.38881923195122,,analytical,E2,E2-5e2b2aeb6c24,10.987601320827844,10.987601320827844,11.196428488468882,output_token_throughput_tps,5,64,5.4341236398708315,chunk_1024,mixed,0.5659231301861745,0.6745122606520049,0.4654672017860184,2000,workload_seed,2.0219638066772103
poisson,9.03362094142827,mono,9.382641483246916,0.8405997448309416,0.0,,analytical,E2,E2-5e2b2aeb6c24,0.3490205418186461,0.3490205418186461,0.0,observed_request_throughput_rps,5,64,0.6459876798488615,chunk_1024,mixed,3.863573024389755,10.678987487879608,0.0,2000,workload_seed,0.5402897806043371
poisson,2.0087925813682816,mono,0.9986350852295229,-0.9346058206880699,-1.0908984303719071,,analytical,E2,E2-5e2b2aeb6c24,-1.0101574961387585,-1.0101574961387585,-0.9488095540648489,iteration_cv,5,64,-9.958019671046648,chunk_1024,mixed,-50.28679941911642,-48.07153421818542,-52.45938385553257,2000,workload_seed,0.10144160480781465
poisson,5366.4699996428435,mono,5326.387075464359,-23.128283808460584,-56.58144835695002,,analytical,E2,E2-5e2b2aeb6c24,-40.0829241784837,-40.0829241784837,-39.73400000001948,max_wait_ms,5,64,-1.828425761322388,chunk_1024,mixed,-0.746914157372569,-0.4095048916129551,-1.1298043958379078,2000,workload_seed,21.922095513188452
poisson,80.8,mono,81.4,1.4,0.0,,analytical,E2,E2-5e2b2aeb6c24,0.6,0.6,0.0,starvation_proxy_count,5,64,0.6708203932499369,chunk_1024,mixed,0.7425742574257432,1.6867469879518149,0.0,2000,workload_seed,0.8944271909999159
poisson,0.7306416929950907,mono,0.7352304801893706,0.005647567746709959,0.0038795842944382057,,analytical,E2,E2-5e2b2aeb6c24,0.004588787194279953,0.004588787194279953,0.004259602801596651,waiting_satisfaction_jain,5,64,3.9950745597097077,chunk_1024,mixed,0.6280489107416409,0.7706383038941,0.534021813253216,2000,workload_seed,0.0011486111524820668
poisson,5130.092492007585,mono,5089.797740542217,-19.756462015399247,-60.12590517832159,,analytical,E2,E2-5e2b2aeb6c24,-40.29475146536788,-40.29475146536788,-51.19865910200406,short_prompt_ttft_p95_ms,5,64,-1.5151231036356316,chunk_1024,mixed,-0.7854585765879496,-0.3816745098608696,-1.2428433016297702,2000,workload_seed,26.595034666607706
poisson,4906.785287703873,mono,4925.689786290981,36.71181858710024,3.593319999989217,,analytical,E2,E2-5e2b2aeb6c24,18.904498587108357,18.904498587108357,10.988999999980479,long_prompt_ttft_p95_ms,5,64,0.8990399899264327,chunk_1024,mixed,0.3852725864015527,0.6887980711698827,0.07936912603903057,2000,workload_seed,21.02742792192735
poisson,97.114,mono,17.743000000000045,-25.80479999999998,-132.93719999999993,,analytical,E2,E2-5e2b2aeb6c24,-79.37099999999995,-79.37099999999995,-129.0239999999999,primer_max_itl_ms,5,64,-1.0950150169356798,chunk_1024,mixed,-81.72971971085524,-68.60497752103733,-85.00237236441419,2000,workload_seed,72.4839374551355
poisson,111.6,mono,111.0,0.0,-1.4,,analytical,E2,E2-5e2b2aeb6c24,-0.6,-0.6,0.0,backlog_at_arrival_end,5,64,-0.6708203932499369,chunk_1024,mixed,-0.5376344086021501,0.0,-1.2071060823754867,2000,workload_seed,0.8944271909999159
poisson,0.999600885936314,mono,0.9995986002633309,3.1086244689504383e-15,-6.8570189540428926e-06,,analytical,E2,E2-5e2b2aeb6c24,-2.285672983259879e-06,-2.285672983259879e-06,2.4424906541753444e-15,server_busy_fraction,5,64,-0.44721359506007596,chunk_1024,mixed,-0.00022865855915377153,3.1086244689504383e-13,-0.000686523899440239,2000,workload_seed,5.11092016993096e-06
poisson,0.8772063779965293,mono,0.8450734928543671,-0.024597254940986392,-0.040199168699511637,,analytical,E2,E2-5e2b2aeb6c24,-0.0321328851421623,-0.0321328851421623,-0.032432759353369534,batch_slot_occupancy,5,64,-3.2256919406109787,chunk_1024,mixed,-3.663092967421333,-2.7923042807248444,-4.585436750103334,2000,workload_seed,0.009961548013191863
poisson,2160.3437556461654,mono,2615.9819305249534,537.0721779202876,364.0050920522238,,analytical,E2,E2-5e2b2aeb6c24,455.6381748787882,455.6381748787882,470.2119999999936,ttft_p50_ms,5,64,4.0357979035294695,chunk_128,mixed,21.091003396471276,29.634056992192683,15.311127942028314,2000,workload_seed,112.89915545085002
poisson,5127.400315822145,mono,5347.614997769931,340.97043947635905,136.1594042584653,,analytical,E2,E2-5e2b2aeb6c24,220.21468194778555,220.21468194778555,161.70045674527137,ttft_p95_ms,5,64,1.571607774933247,chunk_128,mixed,4.294860326552752,7.1051596104819925,2.479584932892065,2000,workload_seed,140.12063662457956
poisson,5316.91622991871,mono,5499.328678310002,270.26157170941076,76.40736217971899,,analytical,E2,E2-5e2b2aeb6c24,182.41244839129268,182.41244839129268,227.62616744622392,ttft_p99_ms,5,64,1.4305842119781926,chunk_128,mixed,3.430794101378587,5.512724521209611,1.2846748675198416,2000,workload_seed,127.5090601895118
poisson,25.554805520596137,mono,6.526717996669005,-17.818050314942504,-20.98343475828254,,analytical,E2,E2-5e2b2aeb6c24,-19.028087523927134,-19.028087523927134,-18.149253461841045,tpot_p95_ms,5,64,-8.75374954043322,chunk_128,mixed,-74.45991912789658,-71.81442860934264,-77.58489876300696,2000,workload_seed,2.1737070995734062
poisson,33.612708509032686,mono,7.013506643317726,-23.864082038322284,-29.903115977610913,,analytical,E2,E2-5e2b2aeb6c24,-26.599201865714956,-26.599201865714956,-25.32134016129021,tpot_p99_ms,5,64,-6.902611776261296,chunk_128,mixed,-79.13436032257562,-77.31508768867332,-80.93886112277478,2000,workload_seed,3.8534981725601325
poisson,7041.221528494588,mono,5891.838989265154,-1067.4532390119907,-1259.9039894973362,,analytical,E2,E2-5e2b2aeb6c24,-1149.3825392294343,-1149.3825392294343,-1099.985634050974,e2e_p95_ms,5,64,-9.41978129127471,chunk_128,mixed,-16.323624169159913,-14.37490767032401,-18.18031071895405,2000,workload_seed,122.017964503494
poisson,44.825,mono,6.826800000000139,-30.777374999999804,-46.65880000000002,,analytical,E2,E2-5e2b2aeb6c24,-37.99819999999986,-37.99819999999986,-38.625,itl_p95_ms,5,64,-3.6148670473661744,chunk_128,mixed,-84.77010596765166,-80.84727285225445,-87.96476794123966,2000,workload_seed,10.511645242301705
poisson,150.36359999999988,mono,7.417799999999988,-134.4169999999999,-149.53219999999993,,analytical,E2,E2-5e2b2aeb6c24,-142.9457999999999,-142.9457999999999,-147.52299999999968,itl_p99_ms,5,64,-14.586558116377967,chunk_128,mixed,-95.0667581781761,-94.50089147165583,-95.59815481128095,2000,workload_seed,9.79983069751723
poisson,15.316002757014076,mono,16.70798076216608,1.5267488716266329,1.2656459515382779,,analytical,E2,E2-5e2b2aeb6c24,1.3919780051520028,1.3919780051520028,1.3767148777607936,request_throughput_rps,5,64,8.780154732563519,chunk_128,mixed,9.088389622511261,9.373018480106099,8.77406542660788,2000,workload_seed,0.15853684217995445
poisson,1941.536002815923,mono,2117.8681270881143,187.8262659036065,162.75027923745773,,analytical,E2,E2-5e2b2aeb6c24,176.3321242721917,176.3321242721917,183.45381106409423,output_token_throughput_tps,5,64,11.164638129248281,chunk_128,mixed,9.08209397180617,9.363787615881037,8.779016232351067,2000,workload_seed,15.79380560577687
poisson,9.03362094142827,mono,15.462849976110238,7.123914845963107,5.72096377237583,,analytical,E2,E2-5e2b2aeb6c24,6.429229034681969,6.429229034681969,6.856642546114404,observed_request_throughput_rps,5,64,6.89032866407645,chunk_128,mixed,71.17001118784457,100.48621153317376,52.42876412156223,2000,workload_seed,0.9330801690493402
poisson,2.0087925813682816,mono,0.4526120978642892,-1.4238690101216234,-1.6884919568863612,,analytical,E2,E2-5e2b2aeb6c24,-1.5561804835039923,-1.5561804835039923,-1.568506481991115,iteration_cv,5,64,-9.369065427838681,chunk_128,mixed,-77.46845034861717,-73.6435242845523,-81.01319371199054,2000,workload_seed,0.16609772826220753
poisson,5366.4699996428435,mono,5499.354925920024,230.20921788735942,5.2076346890237275,,analytical,E2,E2-5e2b2aeb6c24,132.8849262771799,132.8849262771799,165.54154471842594,max_wait_ms,5,64,0.8798021002661817,chunk_128,mixed,2.476207381873441,4.551353276870352,0.10178474546652849,2000,workload_seed,151.03956473504203
poisson,80.8,mono,92.8,14.4,9.6,,analytical,E2,E2-5e2b2aeb6c24,12.0,12.0,12.0,starvation_proxy_count,5,64,4.115966043420212,chunk_128,mixed,14.851485148514843,18.090452261306545,11.876484560570066,2000,workload_seed,2.9154759474226504
poisson,0.7306416929950907,mono,0.7192957490137323,-0.0030631506490023776,-0.019545799135619046,,analytical,E2,E2-5e2b2aeb6c24,-0.011345943981358398,-0.011345943981358398,-0.010949589320378705,waiting_satisfaction_jain,5,64,-1.0418076053658423,chunk_128,mixed,-1.5528738765027916,-0.41626965214525136,-2.673556731313831,2000,workload_seed,0.01089063270696142
poisson,5130.092492007585,mono,5333.683744943007,324.3887120409716,123.59891670218113,,analytical,E2,E2-5e2b2aeb6c24,203.59125293542183,203.59125293542183,134.60305365234035,short_prompt_ttft_p95_ms,5,64,1.5236422981137134,chunk_128,mixed,3.9685688562653754,6.621461578285248,2.221539803358441,2000,workload_seed,133.62142360281683
poisson,4906.785287703873,mono,5197.710657703899,384.2735999999953,184.59155000003756,,analytical,E2,E2-5e2b2aeb6c24,290.9253700000265,290.9253700000265,319.4160000000347,long_prompt_ttft_p95_ms,5,64,2.3184649369700465,chunk_128,mixed,5.929042192432354,8.627051262458195,3.3550694745222875,2000,workload_seed,125.48189336873507
poisson,97.114,mono,3.5324000000000124,-34.0142,-153.14899999999997,,analytical,E2,E2-5e2b2aeb6c24,-93.5816,-93.5816,-152.22899999999998,primer_max_itl_ms,5,64,-1.1493439948913096,chunk_128,mixed,-96.36262536812404,-91.67577874614193,-97.59933774834437,2000,workload_seed,81.42175050807984
poisson,111.6,mono,100.2,-10.6,-12.0,,analytical,E2,E2-5e2b2aeb6c24,-11.4,-11.4,-12.0,backlog_at_arrival_end,5,64,-12.745587471748802,chunk_128,mixed,-10.215053763440851,-9.636363636363631,-10.661764705882348,2000,workload_seed,0.8944271909999159
poisson,0.999600885936314,mono,0.9995655337206746,2.042810365310288e-15,-0.00010605664691405447,,analytical,E2,E2-5e2b2aeb6c24,-3.535221563946145e-05,-3.535221563946145e-05,-7.771561172376096e-15,server_busy_fraction,5,64,-0.44721359552734485,chunk_128,mixed,-0.003536633083944807,2.220446049250313e-13,-0.010618378524018812,2000,workload_seed,7.904995732022606e-05
poisson,0.8772063779965293,mono,0.3445588096094313,-0.5030173966346785,-0.5578835124412479,,analytical,E2,E2-5e2b2aeb6c24,-0.5326475683870981,-0.5326475683870981,-0.5427824465669465,batch_slot_occupancy,5,64,-15.286508292413684,chunk_128,mixed,-60.72089553243142,-57.33257946125634,-64.14111103056189,2000,workload_seed,0.03484429264016021
poisson,2160.3437556461654,mono,2168.135571227246,14.315231162160671,0.8109155810813717,,analytical,E2,E2-5e2b2aeb6c24,7.791815581080618,7.791815581080618,6.177999999999429,ttft_p50_ms,5,64,0.8445670686177525,chunk_2048,mixed,0.360674802827865,0.8055543367919693,0.03518087596248165,2000,workload_seed,9.225810324137989
poisson,5127.400315822145,mono,5112.448383139466,-2.9135820068589964,-25.86118135164288,,analytical,E2,E2-5e2b2aeb6c24,-14.951932682678489,-14.951932682678489,-18.82639999999992,ttft_p95_ms,5,64,-1.055382132503963,chunk_2048,mixed,-0.2916084518803763,-0.05789507902784763,-0.5442851809430382,2000,workload_seed,14.16731648393938
poisson,5316.91622991871,mono,5306.78469765733,-1.1097844706773685,-16.58016535620518,,analytical,E2,E2-5e2b2aeb6c24,-10.131532261379107,-10.131532261379107,-12.331667597170963,ttft_p99_ms,5,64,-1.0106601878190475,chunk_2048,mixed,-0.19055279081451326,-0.022753915369377875,-0.30152013453730586,2000,workload_seed,10.024667423817723
poisson,25.554805520596137,mono,23.588603636645004,-0.8330733682113547,-3.1071845874347757,,analytical,E2,E2-5e2b2aeb6c24,-1.966201883951132,-1.966201883951132,-1.946938433908187,tpot_p95_ms,5,64,-1.3319302171163396,chunk_2048,mixed,-7.694059273377974,-3.301290243847954,-12.352126180319589,2000,workload_seed,1.476204878216522
poisson,33.612708509032686,mono,27.97732184489779,-2.773166627334212,-8.497606700935567,,analytical,E2,E2-5e2b2aeb6c24,-5.635386664134889,-5.635386664134889,-5.96751462967779,tpot_p99_ms,5,64,-1.4866381877834571,chunk_2048,mixed,-16.765642859814488,-8.878994349748492,-23.60936461406463,2000,workload_seed,3.7906914476192215
poisson,7041.221528494588,mono,7015.458855303505,-17.02401739713641,-38.68017000000327,,analytical,E2,E2-5e2b2aeb6c24,-25.762673191083557,-25.762673191083557,-21.23295000000053,e2e_p95_ms,5,64,-1.82212934514523,chunk_2048,mixed,-0.3658835769734914,-0.23830539502410764,-0.5205704359500296,2000,workload_seed,14.138773001885978
poisson,44.825,mono,46.586399999999955,8.596599999999853,-6.375600000000122,,analytical,E2,E2-5e2b2aeb6c24,1.7613999999999579,1.7613999999999579,0.9470000000001164,itl_p95_ms,5,64,0.17699210728411915,chunk_2048,mixed,3.92950362520903,22.628705599923737,-12.019772786402093,2000,workload_seed,9.951856198719895
poisson,150.36359999999988,mono,46.66700000000037,-95.16659999999963,-109.88579999999948,,analytical,E2,E2-5e2b2aeb6c24,-103.6965999999995,-103.6965999999995,-107.86699999999928,itl_p99_ms,5,64,-10.850504038825562,chunk_2048,mixed,-68.96389817748417,-67.09735915890144,-70.19088767495668,2000,workload_seed,9.556846357454877
poisson,15.316002757014076,mono,15.343899655260435,0.03300348234631763,0.02352450173504792,,analytical,E2,E2-5e2b2aeb6c24,0.027896898246358503,0.027896898246358503,0.023658256923155818,request_throughput_rps,5,64,4.573776020501546,chunk_2048,mixed,0.18214215999394767,0.21833942955211683,0.1493392505298008,2000,workload_seed,0.006099314466058926
poisson,1941.536002815923,mono,1945.0714887147024,4.111146221802846,3.004196460847288,,analytical,E2,E2-5e2b2aeb6c24,3.5354858987794158,3.5354858987794158,3.2283224315065127,output_token_throughput_tps,5,64,4.856055967571293,chunk_2048,mixed,0.18209736485192973,0.21752061145308144,0.1500634385863675,2000,workload_seed,0.7280570739689504
poisson,9.03362094142827,mono,9.03362094142827,0.0,0.0,,analytical,E2,E2-5e2b2aeb6c24,0.0,0.0,0.0,observed_request_throughput_rps,5,64,,chunk_2048,mixed,0.0,0.0,0.0,2000,workload_seed,0.0
poisson,2.0087925813682816,mono,1.266576117917984,-0.681867203215462,-0.8105219876482191,,analytical,E2,E2-5e2b2aeb6c24,-0.7422164634502973,-0.7422164634502973,-0.6913990438510378,iteration_cv,5,64,-8.915740050924182,chunk_2048,mixed,-36.94838732153918,-35.201320167617226,-38.787150155453496,2000,workload_seed,0.08324788062583331
poisson,5366.4699996428435,mono,5356.251115834404,-5.954883808437262,-14.481200000001445,,analytical,E2,E2-5e2b2aeb6c24,-10.218883808439205,-10.218883808439205,-11.152000000001863,max_wait_ms,5,64,-1.819921058668054,chunk_2048,mixed,-0.19042096218034876,-0.11897646322410749,-0.26508384407673,2000,workload_seed,5.615014870984624
poisson,80.8,mono,81.0,1.2,-0.6,,analytical,E2,E2-5e2b2aeb6c24,0.2,0.2,0.0,starvation_proxy_count,5,64,0.18257418583505539,chunk_2048,mixed,0.24752475247524774,1.5075376884422065,-0.6976744186046435,2000,workload_seed,1.0954451150103321
poisson,0.7306416929950907,mono,0.7326211728364949,0.002319474378477815,0.0016540818482145615,,analytical,E2,E2-5e2b2aeb6c24,0.001979479841404186,0.001979479841404186,0.0018520649253477295,waiting_satisfaction_jain,5,64,4.654833711942087,chunk_2048,mixed,0.27092347184427545,0.3207732751834058,0.2226983634825208,2000,workload_seed,0.0004252525361595159
poisson,5130.092492007585,mono,5108.4279684016055,-8.595389229043576,-32.000789229045765,,analytical,E2,E2-5e2b2aeb6c24,-21.66452360597941,-21.66452360597941,-24.07947188467824,short_prompt_ttft_p95_ms,5,64,-1.5038000724969223,chunk_2048,mixed,-0.42230278771253627,-0.17956710708925128,-0.5598341902511406,2000,workload_seed,14.40651852743128
poisson,4906.785287703873,mono,4916.281787703873,26.77382000000198,-2.8242000000005647,,analytical,E2,E2-5e2b2aeb6c24,9.496500000000196,9.496500000000196,5.1762000000017,long_prompt_ttft_p95_ms,5,64,0.4754690145184055,chunk_2048,mixed,0.19353812003548576,0.5923361886330802,-0.05847980678422848,2000,workload_seed,19.972910347520838
poisson,97.114,mono,29.691599999999987,-22.11840000000002,-112.72640000000001,,analytical,E2,E2-5e2b2aeb6c24,-67.42240000000001,-67.42240000000001,-110.5920000000001,primer_max_itl_ms,5,64,-1.095265266662373,chunk_2048,mixed,-69.42603538109852,-58.09018296362205,-71.89136951281631,2000,workload_seed,61.55805543387479
poisson,111.6,mono,111.6,0.0,0.0,,analytical,E2,E2-5e2b2aeb6c24,0.0,0.0,0.0,backlog_at_arrival_end,5,64,,chunk_2048,mixed,0.0,0.0,0.0,2000,workload_seed,0.0
poisson,0.999600885936314,mono,0.9996003318827735,6.217248937900876e-16,-1.6621606225397656e-06,,analytical,E2,E2-5e2b2aeb6c24,-5.540535405579306e-07,-5.540535405579306e-07,2.220446049250313e-16,server_busy_fraction,5,64,-0.44721359514150394,chunk_2048,mixed,-5.542747593123565e-05,6.661338147750939e-14,-0.00016641531834782342,2000,workload_seed,1.238901380854983e-06
poisson,0.8772063779965293,mono,0.867433032494405,-0.00793024395189923,-0.011731118700855747,,analytical,E2,E2-5e2b2aeb6c24,-0.009773345502124364,-0.009773345502124364,-0.008960951136786965,batch_slot_occupancy,5,64,-3.854775412343503,chunk_2048,mixed,-1.1141443732369916,-0.8979608086047697,-1.3475921709139027,2000,workload_seed,0.002535386489918145
poisson,2160.3437556461654,mono,2427.7315665928713,336.47002910593284,170.24742368918015,,analytical,E2,E2-5e2b2aeb6c24,267.3878109467063,267.3878109467063,315.7199998605838,ttft_p50_ms,5,64,2.4043735344913624,chunk_256,mixed,12.377095554717844,17.391934146721,7.6898379801509265,2000,workload_seed,111.20893118767061
poisson,5127.400315822145,mono,5207.720459526987,197.5973018022578,-43.76024280907095,,analytical,E2,E2-5e2b2aeb6c24,80.32014370484175,80.32014370484175,75.61004999992292,ttft_p95_ms,5,64,0.5075187277052399,chunk_256,mixed,1.5664886444888948,4.145861145946261,-0.810779485140356,2000,workload_seed,158.2604529058692
poisson,5316.91622991871,mono,5356.088128309906,127.5721818896458,-49.22838510725232,,analytical,E2,E2-5e2b2aeb6c24,39.171898391196734,39.171898391196734,-11.555757021149475,ttft_p99_ms,5,64,0.3370711712867642,chunk_256,mixed,0.736740935860003,2.5488956586934286,-0.8745751402986279,2000,workload_seed,116.21254419848066
poisson,25.554805520596137,mono,10.988199255353432,-13.094165238972014,-16.842304938225013,,analytical,E2,E2-5e2b2aeb6c24,-14.566606265242703,-14.566606265242703,-13.650011013708816,tpot_p95_ms,5,64,-5.7547532917908715,chunk_256,mixed,-57.001436592826394,-52.83297017218294,-62.33855736687062,2000,workload_seed,2.5312303632584734
poisson,33.612708509032686,mono,11.673923719238697,-19.308716416863916,-25.33360909774889,,analytical,E2,E2-5e2b2aeb6c24,-21.938784789793985,-21.938784789793985,-20.419221181818365,tpot_p99_ms,5,64,-5.7809866977772995,chunk_256,mixed,-65.26931557419246,-62.64573959820605,-67.49065152082672,2000,workload_seed,3.794989668152862
poisson,7041.221528494588,mono,6353.231109328966,-642.2086928491101,-757.6721661791929,,analytical,E2,E2-5e2b2aeb6c24,-687.9904191656215,-687.9904191656215,-663.7676472563408,e2e_p95_ms,5,64,-8.661727815011702,chunk_256,mixed,-9.7708958080845,-8.497561747698546,-11.618880300610524,2000,workload_seed,79.42877378036059
poisson,44.825,mono,11.665399999999773,-25.69431,-42.37240000000047,,analytical,E2,E2-5e2b2aeb6c24,-33.159600000000225,-33.159600000000225,-33.233999999999924,itl_p95_ms,5,64,-3.0496920182988254,chunk_256,mixed,-73.97568321249354,-67.21867987592782,-79.88371610743145,2000,workload_seed,10.873097939410046
poisson,150.36359999999988,mono,12.467999999999938,-129.13940000000008,-144.68639999999996,,analytical,E2,E2-5e2b2aeb6c24,-137.89559999999994,-137.89559999999994,-142.07799999999952,itl_p99_ms,5,64,-13.722383525222094,chunk_256,mixed,-91.70809956665047,-90.93486777125482,-92.42019305946627,2000,workload_seed,10.04895394058505
poisson,15.316002757014076,mono,16.19183224583248,0.9590413425273094,0.7926176351094998,,analytical,E2,E2-5e2b2aeb6c24,0.8758294888184046,0.8758294888184046,0.8786650552903534,request_throughput_rps,5,64,8.17972846820454,chunk_256,mixed,5.718394692879714,6.147326602209158,5.214838225015561,2000,workload_seed,0.10707317391070441
poisson,1941.536002815923,mono,2052.154655857857,115.10696181033973,104.97940613485198,,analytical,E2,E2-5e2b2aeb6c24,110.61865304193421,110.61865304193421,112.97710531225493,output_token_throughput_tps,5,64,17.419050018423487,chunk_256,mixed,5.69748142097275,6.155860173653305,5.193102451397058,2000,workload_seed,6.350441208041595
poisson,9.03362094142827,mono,13.431187562114127,5.07606838621761,3.6160656915095886,,analytical,E2,E2-5e2b2aeb6c24,4.397566620685859,4.397566620685859,4.571095030742935,observed_request_throughput_rps,5,64,4.921881963011724,chunk_256,mixed,48.6799994066452,70.01553091945753,36.79071497719448,2000,workload_seed,0.8934725890896754
poisson,2.0087925813682816,mono,0.6100436883157183,-1.2837920004437637,-1.5137057856613625,,analytical,E2,E2-5e2b2aeb6c24,-1.3987488930525631,-1.3987488930525631,-1.3728288369466055,iteration_cv,5,64,-9.652641706652927,chunk_256,mixed,-69.63132510673704,-66.06593753138075,-73.18210609132501,2000,workload_seed,0.14490840285602832
poisson,5366.4699996428435,mono,5355.338325919927,96.19107888986346,-104.3255695570524,,analytical,E2,E2-5e2b2aeb6c24,-11.131673722917185,-11.131673722917185,-23.493455281629394,max_wait_ms,5,64,-0.09049614615385285,chunk_256,mixed,-0.20743009322062855,1.9434629598336084,-1.8932166553212615,2000,workload_seed,123.00715771909428
poisson,80.8,mono,86.0,10.2,1.8,,analytical,E2,E2-5e2b2aeb6c24,5.2,5.2,4.0,starvation_proxy_count,5,64,0.9235782833230043,chunk_256,mixed,6.435643564356441,12.814070351758788,2.278481012658218,2000,workload_seed,5.630275304103699
poisson,0.7306416929950907,mono,0.7271590822729852,0.0015844777269901523,-0.007473503818446981,,analytical,E2,E2-5e2b2aeb6c24,-0.0034826107221054723,-0.0034826107221054723,-0.005236125376781531,waiting_satisfaction_jain,5,64,-0.5930676016275045,chunk_256,mixed,-0.47665097071444285,0.2176389644284349,-0.989344633357736,2000,workload_seed,0.005872198569856864
poisson,5130.092492007585,mono,5194.391174942915,182.7339786295197,-64.7993770146677,,analytical,E2,E2-5e2b2aeb6c24,64.29868293533055,64.29868293533055,83.85069999992356,short_prompt_ttft_p95_ms,5,64,0.4013243190738804,chunk_256,mixed,1.2533630345944902,3.8926003289391,-1.1961098290421468,2000,workload_seed,160.2162637034057
poisson,4906.785287703873,mono,5062.212337703818,280.4226399999501,27.142529999932595,,analytical,E2,E2-5e2b2aeb6c24,155.4270499999453,155.4270499999453,228.28519999994023,long_prompt_ttft_p95_ms,5,64,0.949710081829466,chunk_256,mixed,3.1675942778551125,6.389030176609101,0.5156155104300675,2000,workload_seed,163.65736551994868
poisson,97.114,mono,6.653200000000007,-31.968399999999992,-148.9532,,analytical,E2,E2-5e2b2aeb6c24,-90.46079999999999,-90.46079999999999,-146.60799999999995,primer_max_itl_ms,5,64,-1.1363606595925158,chunk_256,mixed,-93.14908252157258,-86.09810881708148,-95.03659535915875,2000,workload_seed,79.60571253182776
poisson,111.6,mono,103.8,-6.8,-8.8,,analytical,E2,E2-5e2b2aeb6c24,-7.8,-7.8,-8.0,backlog_at_arrival_end,5,64,-5.982326913009489,chunk_256,mixed,-6.989247311827951,-6.028368794326244,-7.963164251207727,2000,workload_seed,1.3038404810405297
poisson,0.999600885936314,mono,0.9995775787491533,7.105427357601002e-15,-6.992156149225881e-05,,analytical,E2,E2-5e2b2aeb6c24,-2.3307187160770405e-05,-2.3307187160770405e-05,3.219646771412954e-15,server_busy_fraction,5,64,-0.4472135954056934,chunk_256,mixed,-0.0023316493101055435,7.105427357601002e-13,-0.0070005381889504115,2000,workload_seed,5.2116454866778155e-05
poisson,0.8772063779965293,mono,0.5535734046574874,-0.2802030612633052,-0.3688056178784213,,analytical,E2,E2-5e2b2aeb6c24,-0.323632973339042,-0.323632973339042,-0.3201129483706413,batch_slot_occupancy,5,64,-5.786913273022532,chunk_256,mixed,-36.893595561650415,-31.936796585253934,-42.38413749829224,2000,workload_seed,0.05592497382806067
poisson,2160.3437556461654,mono,2878.654777716928,848.4534743043685,547.7648607067357,,analytical,E2,E2-5e2b2aeb6c24,718.3110220707633,718.3110220707633,815.199628647222,ttft_p50_ms,5,64,3.6347627623824827,chunk_32,mixed,33.24984832591671,44.60082713321445,24.497761421754063,2000,workload_seed,197.62253248130315
poisson,5127.400315822145,mono,5713.522312245473,690.3773253010235,483.4787394105215,,analytical,E2,E2-5e2b2aeb6c24,586.1219964233275,586.1219964233275,531.9659322733396,ttft_p95_ms,5,64,4.309492836222827,chunk_32,mixed,11.431172920410981,13.57542921804773,9.78417472102231,2000,workload_seed,136.00718662223144
poisson,5316.91622991871,mono,5877.429123065621,633.9695635160087,474.8232208602152,,analytical,E2,E2-5e2b2aeb6c24,560.5128931469111,560.5128931469111,588.8168190863435,ttft_p99_ms,5,64,5.528205079602137,chunk_32,mixed,10.542067411046663,11.558672419506589,9.197754706132688,2000,workload_seed,101.39147970741544
poisson,25.554805520596137,mono,2.4005932274756816,-22.00659801578591,-24.900336843101158,,analytical,E2,E2-5e2b2aeb6c24,-23.154212293120455,-23.154212293120455,-22.569068881112496,tpot_p95_ms,5,64,-12.1439168814967,chunk_32,mixed,-90.60609862383457,-89.46650189249638,-91.75628356275193,2000,workload_seed,1.906651084577151
poisson,33.612708509032686,mono,2.7263220000564923,-27.964199454706964,-34.747052061423645,,analytical,E2,E2-5e2b2aeb6c24,-30.886386508976194,-30.886386508976194,-29.226084545454516,tpot_p99_ms,5,64,-7.045962063773599,chunk_32,mixed,-91.88901424196789,-90.42398028266008,-93.0270701783802,2000,workload_seed,4.383558445166309
poisson,7041.221528494588,mono,5872.957524250329,-958.4081037126591,-1378.1199047758605,,analytical,E2,E2-5e2b2aeb6c24,-1168.2640042442597,-1168.2640042442597,-1197.1734581601377,e2e_p95_ms,5,64,-4.301756194774331,chunk_32,mixed,-16.59178026875734,-12.972327085954872,-20.010615866487434,2000,workload_seed,271.57838597720587
poisson,44.825,mono,2.4655999999999834,-35.31800000000027,-50.73359999999998,,analytical,E2,E2-5e2b2aeb6c24,-42.359400000000015,-42.359400000000015,-42.95400000000001,itl_p95_ms,5,64,-4.155906925768369,chunk_32,mixed,-94.49949804796435,-92.96576898157517,-95.64689513711609,2000,workload_seed,10.19257667618924
poisson,150.36359999999988,mono,2.8001999999999496,-139.20440000000005,-153.63579999999993,,analytical,E2,E2-5e2b2aeb6c24,-147.56339999999994,-147.56339999999994,-152.17099999999937,itl_p99_ms,5,64,-15.580033931019788,chunk_32,mixed,-98.13771418082571,-97.85969523460494,-98.40623994004922,2000,workload_seed,9.471314417756291
poisson,15.316002757014076,mono,16.46618508117503,1.3677528835885362,0.9211093906624622,,analytical,E2,E2-5e2b2aeb6c24,1.1501823241609526,1.1501823241609526,1.219674207062507,request_throughput_rps,5,64,4.01458380355214,chunk_32,mixed,7.509676920332375,8.654171910822317,6.211355469385427,2000,workload_seed,0.286501012419584
poisson,1941.536002815923,mono,2087.8878801780675,174.9773134163439,114.09150395035313,,analytical,E2,E2-5e2b2aeb6c24,146.35187736214476,146.35187736214476,159.49124365600255,output_token_throughput_tps,5,64,3.7659111273163584,chunk_32,mixed,7.537943007489001,8.674807602511914,6.1967951324168435,2000,workload_seed,38.862275931199996
poisson,9.03362094142827,mono,16.873912136421346,8.62942395105727,7.3714350800190385,,analytical,E2,E2-5e2b2aeb6c24,7.840291194993076,7.840291194993076,7.42802942495727,observed_request_throughput_rps,5,64,9.15318551103183,chunk_32,mixed,86.79012818699785,117.96342009365878,65.95751931614855,2000,workload_seed,0.8565642186038516
poisson,2.0087925813682816,mono,0.38952782102288225,-1.5047501466134166,-1.7170537458191888,,analytical,E2,E2-5e2b2aeb6c24,-1.6192647603453991,-1.6192647603453991,-1.6558866893168007,iteration_cv,5,64,-11.980390333962928,chunk_32,mixed,-80.60885804558492,-78.8907250331863,-82.67221540645176,2000,workload_seed,0.13515959957957158
poisson,5366.4699996428435,mono,5876.9385259200735,618.272611241104,399.0381046375205,,analytical,E2,E2-5e2b2aeb6c24,510.46852627723035,510.46852627723035,504.47579815013614,max_wait_ms,5,64,3.544310104389615,chunk_32,mixed,9.512184477155428,11.030071315501244,7.465305700621593,2000,workload_seed,144.02479220004395
poisson,80.8,mono,101.2,24.0,17.0,,analytical,E2,E2-5e2b2aeb6c24,20.4,20.4,20.0,starvation_proxy_count,5,64,4.527746968508448,chunk_32,mixed,25.247524752475247,29.87012987012987,20.19002375296912,2000,workload_seed,4.505552130427524
poisson,0.7306416929950907,mono,0.7083732831770788,-0.012393157732156856,-0.034097350740937934,,analytical,E2,E2-5e2b2aeb6c24,-0.022268409818011835,-0.022268409818011835,-0.020175553338853902,waiting_satisfaction_jain,5,64,-1.525075111464326,chunk_32,mixed,-3.0477879967029997,-1.736439472959228,-4.71856965489329,2000,workload_seed,0.014601516771610321
poisson,5130.092492007585,mono,5699.025674658001,666.5097747418831,475.16370634689395,,analytical,E2,E2-5e2b2aeb6c24,568.933182650416,568.933182650416,511.9724536521835,short_prompt_ttft_p95_ms,5,64,4.580689470798467,chunk_32,mixed,11.090115500583742,13.275595767031012,9.568736877579397,2000,workload_seed,124.2025215368385
poisson,4906.785287703873,mono,5588.026417703975,731.5438100001627,632.1494800001186,,analytical,E2,E2-5e2b2aeb6c24,681.2411300001029,681.2411300001029,666.2273999998124,long_prompt_ttft_p95_ms,5,64,10.643627651478337,chunk_32,mixed,13.883654777135934,15.587699109416464,12.541138897002035,2000,workload_seed,64.00459996413747
poisson,97.114,mono,1.3219999999999996,-35.727599999999995,-155.8564,,analytical,E2,E2-5e2b2aeb6c24,-95.792,-95.792,-155.25199999999998,primer_max_itl_ms,5,64,-1.165639485586776,chunk_32,mixed,-98.63871326482278,-96.43181032993608,-99.17588382497674,2000,workload_seed,82.17978301565417
poisson,111.6,mono,97.6,-12.8,-15.2,,analytical,E2,E2-5e2b2aeb6c24,-14.0,-14.0,-14.0,backlog_at_arrival_end,5,64,-8.854377448471462,chunk_32,mixed,-12.54480286738351,-11.111111111111105,-13.722069257651174,2000,workload_seed,1.5811388300841898
poisson,0.999600885936314,mono,0.9995825545515142,6.883382752675971e-16,-5.499415438257049e-05,,analytical,E2,E2-5e2b2aeb6c24,-1.8331384799852302e-05,-1.8331384799852302e-05,-1.865174681370263e-14,server_busy_fraction,5,64,-0.4472135957091901,chunk_32,mixed,-0.0018338704034448483,6.661338147750939e-14,-0.005506008013966834,2000,workload_seed,4.0990222514998545e-05
poisson,0.8772063779965293,mono,0.13407293186525188,-0.7336735524408519,-0.7529972054299916,,analytical,E2,E2-5e2b2aeb6c24,-0.7431334461312775,-0.7431334461312775,-0.7375921576259301,batch_slot_occupancy,5,64,-57.61193528405678,chunk_32,mixed,-84.71591916927646,-83.71602230994121,-85.94708968187956,2000,workload_seed,0.012898949540008394
poisson,2160.3437556461654,mono,2190.5010176347114,89.76301555320056,-50.05388675042809,,analytical,E2,E2-5e2b2aeb6c24,30.15726198854618,30.15726198854618,44.18007776598347,ttft_p50_ms,5,64,0.3251075459896668,chunk_512,mixed,1.3959473768805797,3.85491847198951,-2.206455458233292,2000,workload_seed,92.7608797782402
poisson,5127.400315822145,mono,5128.159403072323,49.04427315133635,-53.45487730193563,,analytical,E2,E2-5e2b2aeb6c24,0.7590872501772538,0.7590872501772538,9.233906745196691,ttft_p95_ms,5,64,0.011408692651299285,chunk_512,mixed,0.014804524777112249,1.00400555366289,-0.9223025226189896,2000,workload_seed,66.53586641154757
poisson,5316.91622991871,mono,5288.437364652539,12.623318940217723,-89.13463493973995,,analytical,E2,E2-5e2b2aeb6c24,-28.478865266170214,-28.478865266170214,-15.48531264106623,ttft_p99_ms,5,64,-0.423674285389046,chunk_512,mixed,-0.5356274959894658,0.2682664734867668,-1.6535971482984246,2000,workload_seed,67.21877217546734
poisson,25.554805520596137,mono,16.731670114677573,-7.7678733966943465,-10.411661201930277,,analytical,E2,E2-5e2b2aeb6c24,-8.823135405918563,-8.823135405918563,-8.199289756320209,tpot_p95_ms,5,64,-4.940106953408493,chunk_512,mixed,-34.52632577777778,-31.6086747685423,-38.48267122958455,2000,workload_seed,1.7860211305406906
poisson,33.612708509032686,mono,17.736947177793674,-13.133188231973502,-19.89461224296239,,analytical,E2,E2-5e2b2aeb6c24,-15.87576133123901,-15.87576133123901,-14.131767840909014,tpot_p99_ms,5,64,-3.631101673487326,chunk_512,mixed,-47.2314253609546,-42.609683228651576,-52.946111576004284,2000,workload_seed,4.372161057112967
poisson,7041.221528494588,mono,6822.763016791813,-168.182080655511,-267.8583789969574,,analytical,E2,E2-5e2b2aeb6c24,-218.45851170277493,-218.45851170277493,-247.6386032774417,e2e_p95_ms,5,64,-3.338466076102481,chunk_512,mixed,-3.1025655252957307,-2.2682142204533093,-3.9591491873096962,2000,workload_seed,65.43679244385675
poisson,44.825,mono,18.777199999999947,-19.290045000000177,-34.346000000000046,,analytical,E2,E2-5e2b2aeb6c24,-26.047800000000052,-26.047800000000052,-26.29800000000023,itl_p95_ms,5,64,-2.625011733720831,chunk_512,mixed,-58.109983268265594,-50.77842172266925,-64.75172785647767,2000,workload_seed,9.922927073197695
poisson,150.36359999999988,mono,19.01900000000014,-122.81459999999977,-137.5337999999997,,analytical,E2,E2-5e2b2aeb6c24,-131.34459999999973,-131.34459999999973,-135.51499999999987,itl_p99_ms,5,64,-13.74350858926835,chunk_512,mixed,-87.3513270498976,-86.59062450646375,-87.85138304776397,2000,workload_seed,9.556846357454926
poisson,15.316002757014076,mono,15.594753632812626,0.3318421589637097,0.22482026879169617,,analytical,E2,E2-5e2b2aeb6c24,0.2787508757985503,0.2787508757985503,0.3170136293300345,request_throughput_rps,5,64,3.968954891126155,chunk_512,mixed,1.8199975556343784,2.2149023599108197,1.4643450844046502,2000,workload_seed,0.07023281529900614
poisson,1941.536002815923,mono,1976.6056745670746,40.88070959844358,29.258633903860165,,analytical,E2,E2-5e2b2aeb6c24,35.06967175115187,35.06967175115187,36.36740728970494,output_token_throughput_tps,5,64,4.651709987463201,chunk_512,mixed,1.8062849053681163,2.2330624305332947,1.4505481589169866,2000,workload_seed,7.539092472589211
poisson,9.03362094142827,mono,10.717295730284985,2.4996990351374615,0.7557558885557139,,analytical,E2,E2-5e2b2aeb6c24,1.6836747888567167,1.6836747888567167,1.7141606365286002,observed_request_throughput_rps,5,64,1.5176799039106972,chunk_512,mixed,18.637872894747744,32.481500295774104,8.989885866078051,2000,workload_seed,1.1093741074901833
poisson,2.0087925813682816,mono,0.8020646248849974,-1.1163523085312703,-1.2971036044352973,,analytical,E2,E2-5e2b2aeb6c24,-1.206727956483284,-1.206727956483284,-1.1670499572017863,iteration_cv,5,64,-10.47597321713208,chunk_512,mixed,-60.07230252021968,-57.73022532476699,-62.70399647979579,2000,workload_seed,0.1151900574268211
poisson,5366.4699996428435,mono,5317.165285078352,5.4812450654826534,-113.31220000003395,,analytical,E2,E2-5e2b2aeb6c24,-49.30471456449159,-49.30471456449159,-28.663370972210032,max_wait_ms,5,64,-0.655262769798947,chunk_512,mixed,-0.9187550581252202,0.10358775945424892,-2.11679643266673,2000,workload_seed,75.24418727409106
poisson,80.8,mono,83.2,6.2,0.2,,analytical,E2,E2-5e2b2aeb6c24,2.4,2.4,1.0,starvation_proxy_count,5,64,0.5610294986546213,chunk_512,mixed,2.970297029702973,7.788944723618085,0.23752969121140222,2000,workload_seed,4.277849927241488
poisson,0.7306416929950907,mono,0.7365372270118782,0.008547818706121469,0.004179379516399151,,analytical,E2,E2-5e2b2aeb6c24,0.005895534016787396,0.005895534016787396,0.00493417041305233,waiting_satisfaction_jain,5,64,2.008547467869695,chunk_512,mixed,0.8068981107032247,1.1604423424918409,0.589405071575877,2000,workload_seed,0.002935222647757643
poisson,5130.092492007585,mono,5119.503751708391,33.062677349604385,-60.310992643937425,,analytical,E2,E2-5e2b2aeb6c24,-10.588740299194068,-10.588740299194068,-20.203935070824627,short_prompt_ttft_p95_ms,5,64,-0.16770780153068476,chunk_512,mixed,-0.2064044715702651,0.7155343713064921,-1.1132602568752037,2000,workload_seed,63.13803056595845
poisson,4906.785287703873,mono,4976.294157703853,132.97063999998082,-12.47669000002279,,analytical,E2,E2-5e2b2aeb6c24,69.50886999997984,69.50886999997984,87.26639999999225,long_prompt_ttft_p95_ms,5,64,0.7393618747388121,chunk_512,mixed,1.4165867451784608,3.0295465143721945,-0.23701456285968314,2000,workload_seed,94.01197488649875
poisson,97.114,mono,11.319199999999999,-28.8534,-143.138,,analytical,E2,E2-5e2b2aeb6c24,-85.79480000000001,-85.79480000000001,-138.24,primer_max_itl_ms,5,64,-1.1077692831801873,chunk_512,mixed,-88.34441996004696,-76.6265735169754,-91.63356729025205,2000,workload_seed,77.44825687321827
poisson,111.6,mono,108.6,-1.4,-4.2,,analytical,E2,E2-5e2b2aeb6c24,-3.0,-3.0,-3.0,backlog_at_arrival_end,5,64,-1.6035674514745464,chunk_512,mixed,-2.6881720430107503,-1.2494517543859744,-3.7634408602150393,2000,workload_seed,1.8708286933869707
poisson,0.999600885936314,mono,0.9995934617831163,3.3528735343679727e-15,-2.2272459597538764e-05,,analytical,E2,E2-5e2b2aeb6c24,-7.424153197788108e-06,-7.424153197788108e-06,3.3306690738754696e-16,server_busy_fraction,5,64,-0.4472135953728911,chunk_512,mixed,-0.0007427117464819943,3.3306690738754696e-13,-0.0022299159321836903,2000,workload_seed,1.6600911230343467e-05
poisson,0.8772063779965293,mono,0.7756779407741602,-0.0758890900730725,-0.13201607599214038,,analytical,E2,E2-5e2b2aeb6c24,-0.10152843722236918,-0.10152843722236918,-0.09988395769073011,batch_slot_occupancy,5,64,-2.764534392367744,chunk_512,mixed,-11.574065096773712,-8.615003242425,-15.165120648621988,2000,workload_seed,0.036725329770780316
poisson,2160.3437556461654,mono,2722.6267354631996,679.6812543882023,432.6400992475133,,analytical,E2,E2-5e2b2aeb6c24,562.2829798170345,562.2829798170345,618.4915000000105,ttft_p50_ms,5,64,3.356709522335855,chunk_64,mixed,26.027477263628974,36.80129289434446,18.28496343864088,2000,workload_seed,167.5101691330607
poisson,5127.400315822145,mono,5477.844687769956,454.49748593107813,260.9675125751079,,analytical,E2,E2-5e2b2aeb6c24,350.4443719478113,350.4443719478113,307.68978238930686,ttft_p95_ms,5,64,2.667521036995076,chunk_64,mixed,6.834737885910891,9.35734783800175,5.183783750540021,2000,workload_seed,131.37454853686245
poisson,5316.91622991871,mono,5624.930120310024,381.0708754594445,206.78858623549894,,analytical,E2,E2-5e2b2aeb6c24,308.0138903913145,308.0138903913145,360.2023597617663,ttft_p99_ms,5,64,2.595639190741607,chunk_64,mixed,5.793092782957454,7.428768944123476,3.7997664989812767,2000,workload_seed,118.66591146025615
poisson,25.554805520596137,mono,3.7284721731002257,-20.659520202854175,-23.616078954683893,,analytical,E2,E2-5e2b2aeb6c24,-21.82633334749591,-21.82633334749591,-21.202870175438523,tpot_p95_ms,5,64,-11.193164061599663,chunk_64,mixed,-85.40989807144011,-83.64111621095121,-87.10497243298488,2000,workload_seed,1.9499699305199512
poisson,33.612708509032686,mono,4.0509773563504945,-26.92936528473522,-33.04188119207053,,analytical,E2,E2-5e2b2aeb6c24,-29.56173115268219,-29.56173115268219,-28.154960882352977,tpot_p99_ms,5,64,-7.416447048413553,chunk_64,mixed,-87.94807816435893,-86.62743546869922,-88.789641046389,2000,workload_seed,3.985969421706546
poisson,7041.221528494588,mono,5741.091343492817,-1164.8180812806845,-1439.9409263968012,,analytical,E2,E2-5e2b2aeb6c24,-1300.1301850017703,-1300.1301850017703,-1315.777203383932,e2e_p95_ms,5,64,-7.0973392803383675,chunk_64,mixed,-18.464554477378282,-15.78002839850905,-21.09122146508433,2000,workload_seed,183.1855761219557
poisson,44.825,mono,3.816399999999976,-33.94280000000026,-49.34240000000009,,analytical,E2,E2-5e2b2aeb6c24,-41.00860000000002,-41.00860000000002,-41.8420000000001,itl_p95_ms,5,64,-4.01056691465929,chunk_64,mixed,-91.48600111544903,-89.27973218968665,-93.12731902368371,2000,workload_seed,10.225137959949441
poisson,150.36359999999988,mono,4.220400000000041,-137.67819999999995,-152.38899999999984,,analytical,E2,E2-5e2b2aeb6c24,-146.14319999999984,-146.14319999999984,-151.05899999999963,itl_p99_ms,5,64,-15.25778796567806,chunk_64,mixed,-97.19320367429349,-96.8196813646604,-97.54644126662963,2000,workload_seed,9.578269165146652
poisson,15.316002757014076,mono,16.862243289275984,1.7182401069782327,1.3539124314505375,,analytical,E2,E2-5e2b2aeb6c24,1.5462405322619077,1.5462405322619077,1.564626382268072,request_throughput_rps,5,64,6.582540588826559,chunk_64,mixed,10.095587972872334,10.819358345040332,9.301099570666892,2000,workload_seed,0.23490026554284404
poisson,1941.536002815923,mono,2137.753204853799,217.93885640385787,170.99185179311425,,analytical,E2,E2-5e2b2aeb6c24,196.21720203787646,196.21720203787646,210.18555189921472,output_token_throughput_tps,5,64,6.60595417933631,chunk_64,mixed,10.106287071333764,10.824056786372616,9.305525118325297,2000,workload_seed,29.70308250875426
poisson,9.03362094142827,mono,16.535837911020597,7.915688619173293,7.108853644642167,,analytical,E2,E2-5e2b2aeb6c24,7.502216969592327,7.502216969592327,7.42802942495727,observed_request_throughput_rps,5,64,14.722249723641825,chunk_64,mixed,83.04772823915039,109.11724414703552,63.168037788567254,2000,workload_seed,0.5095835969651323
poisson,2.0087925813682816,mono,0.3613865113684339,-1.5207911207692852,-1.7740210192304098,,analytical,E2,E2-5e2b2aeb6c24,-1.6474060699998474,-1.6474060699998474,-1.668589559374934,iteration_cv,5,64,-10.188743544008393,chunk_64,mixed,-82.0097647352781,-78.95884114847877,-85.18528097773866,2000,workload_seed,0.16168883463247274
poisson,5366.4699996428435,mono,5623.6143259200435,350.42321124115824,124.6240304430734,,analytical,E2,E2-5e2b2aeb6c24,257.1443262771998,257.1443262771998,290.68079814995417,max_wait_ms,5,64,1.7212304323160423,chunk_64,mixed,4.791684781510264,6.392028765266664,2.3678104509676334,2000,workload_seed,149.3956424714111
poisson,80.8,mono,98.0,20.8,13.595,,analytical,E2,E2-5e2b2aeb6c24,17.2,17.2,18.0,starvation_proxy_count,5,64,3.6100691293855762,chunk_64,mixed,21.287128712871283,25.24271844660193,16.580310880829007,2000,workload_seed,4.764451699828638
poisson,0.7306416929950907,mono,0.7152085023224803,-0.005908197910320767,-0.025934722043493785,,analytical,E2,E2-5e2b2aeb6c24,-0.015433190672610442,-0.015433190672610442,-0.015098394597581888,waiting_satisfaction_jain,5,64,-1.16335552589202,chunk_64,mixed,-2.112278948843682,-0.8281681181351974,-3.5125073991281286,2000,workload_seed,0.0132660999403229
poisson,5130.092492007585,mono,5462.715634943033,429.7693727714601,253.6102037163577,,analytical,E2,E2-5e2b2aeb6c24,332.6231429354484,332.6231429354484,295.54048904081264,short_prompt_ttft_p95_ms,5,64,2.809219547555233,chunk_64,mixed,6.483765028674582,8.989177074541566,4.957052902859771,2000,workload_seed,118.40411092999794
poisson,4906.785287703873,mono,5332.637607703929,497.08444000003817,377.5982000000944,,analytical,E2,E2-5e2b2aeb6c24,425.8523200000558,425.8523200000558,404.26200000009067,long_prompt_ttft_p95_ms,5,64,5.44393194487905,chunk_64,mixed,8.6788456194979,10.734346508759307,6.863523718594711,2000,workload_seed,78.22513659463411
poisson,97.114,mono,2.157000000000002,-34.8926,-155.02140000000003,,analytical,E2,E2-5e2b2aeb6c24,-94.95700000000001,-94.95700000000001,-153.381,primer_max_itl_ms,5,64,-1.1587576146461365,chunk_64,mixed,-97.7788990258871,-94.23795859104368,-98.71738101418515,2000,workload_seed,81.94725005453203
poisson,111.6,mono,98.2,-12.6,-14.4,,analytical,E2,E2-5e2b2aeb6c24,-13.4,-13.4,-13.0,backlog_at_arrival_end,5,64,-11.75257745871419,chunk_64,mixed,-12.007168458781358,-10.915492957746476,-12.98932384341638,2000,workload_seed,1.140175425099138
poisson,0.999600885936314,mono,0.9995665995609851,-5.329070518200751e-15,-0.00010285912596927905,,analytical,E2,E2-5e2b2aeb6c24,-3.428637532889578e-05,-3.428637532889578e-05,-1.2212453270876722e-14,server_busy_fraction,5,64,-0.4472135956165314,chunk_64,mixed,-0.0034300064967185406,-5.329070518200751e-13,-0.010298243117923267,2000,workload_seed,7.666666591749827e-05
poisson,0.8772063779965293,mono,0.20778985000616318,-0.6544223575273379,-0.6836351636302525,,analytical,E2,E2-5e2b2aeb6c24,-0.6694165279903661,-0.6694165279903661,-0.6676954153613769,batch_slot_occupancy,5,64,-34.065051367340104,chunk_64,mixed,-76.31231883188778,-74.32486930156504,-78.21452234661021,2000,workload_seed,0.019651123398339267
poisson,2160.3437556461654,mono,3395.740021702752,1436.263955442523,1005.406661277519,,analytical,E2,E2-5e2b2aeb6c24,1235.3962660565865,1235.3962660565865,1386.0220000003997,ttft_p50_ms,5,64,4.519035290814869,fcfs,mixed,57.18517077792909,76.78053270781726,42.519594352424136,2000,workload_seed,273.3761049770029
poisson,5127.400315822145,mono,6611.92665534271,1610.7292082721735,1373.5753102870976,,analytical,E2,E2-5e2b2aeb6c24,1484.5263395205634,1484.5263395205634,1487.8245000026263,ttft_p95_ms,5,64,9.849287162493205,fcfs,mixed,28.952807428349402,33.13218137666152,25.32455018120259,2000,workload_seed,150.72424176784557
poisson,5316.91622991871,mono,6829.291556378562,1655.1323311888245,1383.8789967021937,,analytical,E2,E2-5e2b2aeb6c24,1512.3753264598515,1512.3753264598515,1499.1550463588428,ttft_p99_ms,5,64,8.543173096597828,fcfs,mixed,28.44459572166278,32.807919892207195,24.957945784224012,2000,workload_seed,177.02735381331897
poisson,25.554805520596137,mono,0.32300000000032014,-24.222070725983052,-26.762847037036785,,analytical,E2,E2-5e2b2aeb6c24,-25.231805520595817,-25.231805520595817,-24.801997872340287,tpot_p95_ms,5,64,-14.540581640379145,fcfs,mixed,-98.73604986060256,-98.68405349649943,-98.80749529612771,2000,workload_seed,1.7352679655212127
poisson,33.612708509032686,mono,0.32300000000032014,-30.499074319347084,-37.25220930390411,,analytical,E2,E2-5e2b2aeb6c24,-33.289708509032366,-33.289708509032366,-31.682824999999696,tpot_p99_ms,5,64,-7.636308661608483,fcfs,mixed,-99.0390539342775,-98.9520497658473,-99.14039068315513,2000,workload_seed,4.359397974101841
poisson,7041.221528494588,mono,6639.847928367331,-255.88776392084364,-536.5058502114878,,analytical,E2,E2-5e2b2aeb6c24,-401.3736001272575,-401.3736001272575,-427.3212493038927,e2e_p95_ms,5,64,-2.2331147833566325,fcfs,mixed,-5.700340466536491,-3.3590839092387137,-7.631978014838814,2000,workload_seed,179.73711119494988
poisson,44.825,mono,0.32300000000032014,-37.66565999999978,-52.719599999999716,,analytical,E2,E2-5e2b2aeb6c24,-44.50199999999968,-44.50199999999968,-44.99399999999969,itl_p95_ms,5,64,-4.474702948217318,fcfs,mixed,-99.27941996653583,-99.14974623648915,-99.39105549124605,2000,workload_seed,9.945241173546254
poisson,150.36359999999988,mono,0.32300000000032014,-141.51059999999967,-156.22979999999953,,analytical,E2,E2-5e2b2aeb6c24,-150.04059999999956,-150.04059999999956,-154.21099999999933,itl_p99_ms,5,64,-15.699802464958482,fcfs,mixed,-99.78518737247558,-99.77226834826139,-99.79367983197982,2000,workload_seed,9.556846357454877
poisson,15.316002757014076,mono,14.83876800807749,-0.43799477341195187,-0.515227493679663,,analytical,E2,E2-5e2b2aeb6c24,-0.4772347489365842,-0.4772347489365842,-0.4942474131732091,request_throughput_rps,5,64,-9.446428655860673,fcfs,mixed,-3.115922323257825,-2.9407202625534867,-3.304260722310981,2000,workload_seed,0.05052012419958333
poisson,1941.536002815923,mono,1880.9966560804357,-56.095393305915486,-65.54380640725688,,analytical,E2,E2-5e2b2aeb6c24,-60.539346735487015,-60.539346735487015,-58.04880546588652,output_token_throughput_tps,5,64,-9.747197865286592,fcfs,mixed,-3.118116102286206,-2.942734498415578,-3.2966143604123754,2000,workload_seed,6.2109487846851055
poisson,9.03362094142827,mono,15.552733335310924,8.07498652834895,5.180233572263141,,analytical,E2,E2-5e2b2aeb6c24,6.519112393882653,6.519112393882653,5.746489769819945,observed_request_throughput_rps,5,64,3.5078646700825757,fcfs,mixed,72.16499824545377,104.52453056569078,51.51488829757065,2000,workload_seed,1.8584275640625534
poisson,2.0087925813682816,mono,8.044781034294889,6.338614271639914,5.733362634213302,,analytical,E2,E2-5e2b2aeb6c24,6.035988452926608,6.035988452926608,6.091455955795863,iteration_cv,5,64,15.65608522232012,fcfs,mixed,300.4784321144404,322.27282571751925,283.9124933944079,2000,workload_seed,0.38553625425603794
poisson,5366.4699996428435,mono,6858.0126477346985,1613.5441161943118,1369.5411799893982,,analytical,E2,E2-5e2b2aeb6c24,1491.542648091855,1491.542648091855,1523.8585809606147,max_wait_ms,5,64,9.488608795382055,fcfs,mixed,27.793738680941505,31.27677749883757,24.860923669635792,2000,workload_seed,157.19297530927437
poisson,80.8,mono,105.6,26.0,23.6,,analytical,E2,E2-5e2b2aeb6c24,24.8,24.8,24.0,starvation_proxy_count,5,64,15.092799362364577,fcfs,mixed,30.6930693069307,34.308510638297875,27.441860465116275,2000,workload_seed,1.6431676725154984
poisson,0.7306416929950907,mono,0.6962871758986833,-0.021377379600684976,-0.04733165459212978,,analytical,E2,E2-5e2b2aeb6c24,-0.034354517096407376,-0.034354517096407376,-0.0325530680559295,waiting_satisfaction_jain,5,64,-2.021639873560715,fcfs,mixed,-4.701965056987012,-3.0164660615498495,-6.289136583600352,2000,workload_seed,0.016993391130487923
poisson,5130.092492007585,mono,6609.44077917023,1607.308429858124,1367.0318879376325,,analytical,E2,E2-5e2b2aeb6c24,1479.3482871626447,1479.3482871626447,1482.3364967804391,short_prompt_ttft_p95_ms,5,64,9.657896248531022,fcfs,mixed,28.836678665489778,33.11767911946604,25.104093682900675,2000,workload_seed,153.17500303315595
poisson,4906.785287703873,mono,6386.03741770582,1618.9661200020878,1338.3085600015272,,analytical,E2,E2-5e2b2aeb6c24,1479.2521300019475,1479.2521300019475,1488.2116500024658,long_prompt_ttft_p95_ms,5,64,8.43240818388684,fcfs,mixed,30.14707274249129,34.26302882010748,26.49636311696735,2000,workload_seed,175.4246352576471
poisson,97.114,mono,0.32300000000000184,-36.7266,-156.8554,,analytical,E2,E2-5e2b2aeb6c24,-96.791,-96.791,-156.533,primer_max_itl_ms,5,64,-1.1767335875005913,fcfs,mixed,-99.66740119859135,-99.12819571601312,-99.79450102558621,2000,workload_seed,82.25396217812246
poisson,111.6,mono,100.0,-9.4,-14.0,,analytical,E2,E2-5e2b2aeb6c24,-11.6,-11.6,-11.0,backlog_at_arrival_end,5,64,-3.803789847546927,fcfs,mixed,-10.39426523297491,-8.241716041255211,-12.456140350877199,2000,workload_seed,3.0495901363953815
poisson,0.999600885936314,mono,0.9996199073541261,5.706425401328374e-05,-3.0593305666570813e-13,,analytical,E2,E2-5e2b2aeb6c24,1.9021417812026265e-05,1.9021417812026265e-05,-2.927658115936538e-13,server_busy_fraction,5,64,0.44721358875767864,fcfs,mixed,0.0019029012558569036,0.005713266135920492,-3.058664432842306e-11,2000,workload_seed,4.2533183897354614e-05
poisson,0.8772063779965293,mono,0.03125,-0.839274403009852,-0.8524767144237849,,analytical,E2,E2-5e2b2aeb6c24,-0.8459563779965293,-0.8459563779965293,-0.8462769147523418,batch_slot_occupancy,5,64,-94.76591155845233,fcfs,mixed,-96.43755440180763,-96.41020976644047,-96.46383893459915,2000,workload_seed,0.00892680040833815
poisson,12.541311944636437,mono,13.163022557264117,1.039309740079125,0.20411148517623587,,analytical,E3,E3-023ad27764b1,0.6217106126276803,0.6217106126276803,0.43055742586875567,ttft_p50_ms,5,8,1.1645102204551636,chunk_512,mixed,4.957301240669398,8.404098471953315,1.651285087756249,2000,workload_seed,0.5338816282648656
poisson,147.00259424097044,mono,149.9007135220661,4.060800660799055,1.8010056560898362,,analytical,E3,E3-023ad27764b1,2.898119281095654,2.898119281095654,2.4349001680593574,ttft_p95_ms,5,8,1.9618473758201405,chunk_512,mixed,1.9714749226432016,2.7603365231618104,1.2205573857314134,2000,workload_seed,1.4772399304936297
poisson,191.4253347624817,mono,212.58131984839173,38.397635085926005,11.059900000006513,,analytical,E3,E3-023ad27764b1,21.15598508591006,21.15598508591006,13.809725429497348,ttft_p99_ms,5,8,1.0985676543057519,chunk_512,mixed,11.051820863816243,18.273338917792504,6.077620477663093,2000,workload_seed,19.257789907604504
poisson,2.574471061442366,mono,2.515481221412818,-0.022890646215356282,-0.11600730479324636,,analytical,E3,E3-023ad27764b1,-0.05898984002954775,-0.05898984002954775,-0.03517382010927328,tpot_p95_ms,5,8,-0.9313442224818068,chunk_512,mixed,-2.2913382446994035,-0.9413085912833519,-4.106581466028459,2000,workload_seed,0.06333838617944514
poisson,6.806152668932431,mono,5.754705497399787,-0.45606639441160723,-1.8129799175805565,,analytical,E3,E3-023ad27764b1,-1.0514471715326443,-1.0514471715326443,-0.9907850703942884,tpot_p99_ms,5,8,-1.1747354798717955,chunk_512,mixed,-15.44848055395689,-7.492071275773249,-23.219606302796784,2000,workload_seed,0.8950501534587121
poisson,455.96567449670647,mono,448.49048683290385,-1.12773290709124,-14.71827141763024,,analytical,E3,E3-023ad27764b1,-7.475187663802581,-7.475187663802581,-7.02493543902483,e2e_p95_ms,5,8,-0.7940282383371791,chunk_512,mixed,-1.6394189479402632,-0.27848740786751147,-3.1198125123622966,2000,workload_seed,9.414259220121451
poisson,1.5822000000000116,mono,1.7376000000001113,0.25900000000001455,0.05180000000018481,,analytical,E3,E3-023ad27764b1,0.15540000000009968,0.15540000000009968,0.25900000000001455,itl_p95_ms,5,8,1.0954451150119349,chunk_512,mixed,9.821767159657346,16.950261780102927,3.1654852114514798,2000,workload_seed,0.14186014239372147
poisson,2.270000000000073,mono,10.024925999999985,7.8825260000000785,7.66559999999954,,analytical,E3,E3-023ad27764b1,7.754925999999912,7.754925999999912,7.680000000000291,itl_p99_ms,5,8,56.31715574079479,chunk_512,mixed,341.62669603522744,394.08689131086476,308.694774919572,2000,workload_seed,0.13770095272021046
poisson,8.455503585706328,mono,8.455309833911006,-4.578013807510217e-06,-0.0003829255768403428,,analytical,E3,E3-023ad27764b1,-0.0001937517953239265,-0.0001937517953239265,-2.2890069037551086e-05,request_throughput_rps,5,8,-0.7596537620201153,chunk_512,mixed,-0.0022914282201913494,-5.706042559283658e-05,-0.0043921681704195414,2000,workload_seed,0.00025505276878862615
poisson,1049.0929424057954,mono,1049.0679709874262,-0.0005242719953002962,-0.050259361785265355,,analytical,E3,E3-023ad27764b1,-0.024971418369250386,-0.024971418369250386,-0.0026213599765014806,output_token_throughput_tps,5,8,-0.7543673510599195,chunk_512,mixed,-0.002380286565639711,-5.318327845171839e-05,-0.0044656189051550665,2000,workload_seed,0.033102464381795475
poisson,8.442180330824758,mono,8.442180330824758,0.0,0.0,,analytical,E3,E3-023ad27764b1,0.0,0.0,0.0,observed_request_throughput_rps,5,8,,chunk_512,mixed,0.0,0.0,0.0,2000,workload_seed,0.0
poisson,6.733919873913138,mono,2.147028113939744,-4.489045860420556,-4.684737659526232,,analytical,E3,E3-023ad27764b1,-4.586891759973394,-4.586891759973394,-4.5265785713710205,iteration_cv,5,8,-36.14605665586488,chunk_512,mixed,-68.11622124793581,-67.48224232959873,-68.75897066146597,2000,workload_seed,0.12689881509465148
poisson,182.57611670174856,mono,195.99369750412606,20.523641589424187,7.239228583287604,,analytical,E3,E3-023ad27764b1,13.417580802377506,13.417580802377506,13.109000000003107,max_wait_ms,5,8,1.485060358477596,chunk_512,mixed,7.34903395075277,10.054240371712053,4.2678318649989055,2000,workload_seed,9.035040714528591
poisson,0.0,mono,0.0,0.0,0.0,,analytical,E3,E3-023ad27764b1,0.0,0.0,0.0,starvation_proxy_count,5,8,,chunk_512,mixed,,,,2000,workload_seed,0.0
poisson,0.9992147653649317,mono,0.9990957915778736,-8.482226770321067e-05,-0.00015960394196288253,,analytical,E3,E3-023ad27764b1,-0.00011897378705816308,-0.00011897378705816308,-0.00010374375003852077,waiting_satisfaction_jain,5,8,-2.411260980533564,chunk_512,mixed,-0.011906728281241286,-0.008487666182332987,-0.015975437390780556,2000,workload_seed,4.9340900059617994e-05
poisson,94.81536278755904,mono,96.94502041664626,2.4792380721452103,1.8262941451943306,,analytical,E3,E3-023ad27764b1,2.129657629087211,2.129657629087211,2.1292322321438775,short_prompt_ttft_p95_ms,5,8,4.9851222625593055,chunk_512,mixed,2.2461102995079862,2.688122478887367,1.8632009681758266,2000,workload_seed,0.4272026877017594
poisson,185.84732143535183,mono,201.86691143535577,25.09843000000718,8.66096000000648,,analytical,E3,E3-023ad27764b1,16.019590000003927,16.019590000003927,10.668999999997368,long_prompt_ttft_p95_ms,5,8,1.4755875329658033,chunk_512,mixed,8.619758345872341,12.47676659739605,4.698855824794013,2000,workload_seed,10.856414575288486
poisson,22.728599999999997,mono,4.918599999999995,0.0,-51.565200000000004,,analytical,E3,E3-023ad27764b1,-17.810000000000002,-17.810000000000002,0.0,primer_max_itl_ms,5,8,-0.47782653847547657,chunk_512,mixed,-78.35942380964953,0.0,-88.94603981006689,2000,workload_seed,37.27294021136514
poisson,1.2,mono,1.2,0.0,0.0,,analytical,E3,E3-023ad27764b1,0.0,0.0,0.0,backlog_at_arrival_end,5,8,,chunk_512,mixed,0.0,0.0,0.0,2000,workload_seed,0.0
poisson,0.5171405357467589,mono,0.5183989481110864,0.0013659264832343477,0.0011508982454207616,,analytical,E3,E3-023ad27764b1,0.0012584123643275547,0.0012584123643275547,0.0012721979714765963,server_busy_fraction,5,8,8.951897933197209,chunk_512,mixed,0.24334049979477523,0.25956029349585297,0.22746014467160958,2000,workload_seed,0.000140574923185938
poisson,0.06755501743302175,mono,0.06641511327929281,-0.0005396066316489479,-0.0017402016758089416,,analytical,E3,E3-023ad27764b1,-0.0011399041537289447,-0.0011399041537289447,-0.0008282217832850797,batch_slot_occupancy,5,8,-1.407848558857482,chunk_512,mixed,-1.6873715632730213,-0.8458022323274306,-2.542732381634205,2000,workload_seed,0.0008096781053311703
poisson,12.541311944636437,mono,63.04301924732736,72.6935394961558,34.81379189819381,,analytical,E3,E3-023ad27764b1,50.50170730269092,50.50170730269092,45.339743320726484,ttft_p50_ms,5,8,2.075504775106941,fcfs,mixed,402.68280962654046,573.256533400678,300.8190309064885,2000,workload_seed,24.332253005820622
poisson,147.00259424097044,mono,350.90322076425986,241.4299219398577,169.3383406668409,,analytical,E3,E3-023ad27764b1,203.90062652328942,203.90062652328942,185.98855270462104,ttft_p95_ms,5,8,4.21025804663091,fcfs,mixed,138.7054613397164,164.17375988366243,115.2372038635474,2000,workload_seed,48.42948443182781
poisson,191.4253347624817,mono,533.8307619291143,389.27279931412636,294.2612561371486,,analytical,E3,E3-023ad27764b1,342.4054271666326,342.4054271666326,331.3395958644551,ttft_p99_ms,5,8,5.303876285754599,fcfs,mixed,178.87153108102706,207.01246854238872,154.3534109015045,2000,workload_seed,64.55758179848222
poisson,2.574471061442366,mono,0.32300000000032014,-1.9944753027871864,-2.5048071768509623,,analytical,E3,E3-023ad27764b1,-2.2514710614420457,-2.2514710614420457,-2.2586119892629015,tpot_p95_ms,5,8,-6.673655443634344,fcfs,mixed,-87.45373351295869,-86.06241889129048,-88.57772140553926,2000,workload_seed,0.3373669918169971
poisson,6.806152668932431,mono,0.32300000000032014,-5.568330069550337,-7.557280693205376,,analytical,E3,E3-023ad27764b1,-6.483152668932111,-6.483152668932111,-6.3758254327678126,tpot_p99_ms,5,8,-4.970834931113128,fcfs,mixed,-95.25429393503477,-94.51736711087118,-95.90116123301537,2000,workload_seed,1.3042381730186174
poisson,455.96567449670647,mono,385.1726141641619,-7.415844879860776,-122.6984491379949,,analytical,E3,E3-023ad27764b1,-70.79306033254456,-70.79306033254456,-80.85719359535597,e2e_p95_ms,5,8,-0.9278232872861412,fcfs,mixed,-15.525962652931213,-1.738876513866816,-24.81012186066861,2000,workload_seed,76.30015467666522
poisson,1.5822000000000116,mono,0.32300000000032014,-1.0531999999995605,-1.5193999999995866,,analytical,E3,E3-023ad27764b1,-1.2591999999996915,-1.2591999999996915,-1.2049999999999272,itl_p95_ms,5,8,-4.4250826022641725,fcfs,mixed,-79.5853874351967,-76.5295741897727,-82.46851932260441,2000,workload_seed,0.2845596598254232
poisson,2.270000000000073,mono,0.32300000000032014,-1.6771999999997207,-2.1649999999997815,,analytical,E3,E3-023ad27764b1,-1.9469999999997527,-1.9469999999997527,-2.0,itl_p99_ms,5,8,-6.5819108938668744,fcfs,mixed,-85.77092511011851,-83.85161483850048,-87.01768488744747,2000,workload_seed,0.29581075031173654
poisson,8.455503585706328,mono,8.455204093792734,0.0,-0.0008984757407830557,,analytical,E3,E3-023ad27764b1,-0.0002994919135943519,-0.0002994919135943519,0.0,request_throughput_rps,5,8,-0.4472135954999579,fcfs,mixed,-0.003541976069887376,0.0,-0.0103352843148663,2000,workload_seed,0.0006696842775084643
poisson,1049.0929424057954,mono,1049.051647618428,0.0,-0.12388436210221698,,analytical,E3,E3-023ad27764b1,-0.04129478736740566,-0.04129478736740566,0.0,output_token_throughput_tps,5,8,-0.447213595499958,fcfs,mixed,-0.003936237267276876,0.0,-0.01093579549028556,2000,workload_seed,0.09233795166991864
poisson,8.442180330824758,mono,8.442180330824758,0.0,0.0,,analytical,E3,E3-023ad27764b1,0.0,0.0,0.0,observed_request_throughput_rps,5,8,,fcfs,mixed,0.0,0.0,0.0,2000,workload_seed,0.0
poisson,6.733919873913138,mono,7.865555717532243,1.3164183863820391,0.9510448994904488,,analytical,E3,E3-023ad27764b1,1.1316358436191043,1.1316358436191043,1.144077525569112,iteration_cv,5,8,5.0262136947211395,fcfs,mixed,16.805009040915465,19.287284488438704,14.20359391277064,2000,workload_seed,0.22514678291685505
poisson,182.57611670174856,mono,614.8593996667881,515.1281945411984,355.33891319308503,,analytical,E3,E3-023ad27764b1,432.2832829650396,432.2832829650396,388.74365438676114,max_wait_ms,5,8,4.013379671306149,fcfs,mixed,236.76880129464357,301.9507310517085,184.8922619129191,2000,workload_seed,107.71053784312252
poisson,0.0,mono,0.0,0.0,0.0,,analytical,E3,E3-023ad27764b1,0.0,0.0,0.0,starvation_proxy_count,5,8,,fcfs,mixed,,,,2000,workload_seed,0.0
poisson,0.9992147653649317,mono,0.9918819656840043,-0.0062042486434945145,-0.008461350718360627,,analytical,E3,E3-023ad27764b1,-0.0073327996809275705,-0.0073327996809275705,-0.0070722549848010186,waiting_satisfaction_jain,5,8,-5.080010803634858,fcfs,mixed,-0.7338562174118102,-0.6209402896219851,-0.8467620119484653,2000,workload_seed,0.0014434614343104928
poisson,94.81536278755904,mono,296.47733693316525,260.9346617137239,145.68994385312362,,analytical,E3,E3-023ad27764b1,201.6619741456062,201.6619741456062,183.69294885004877,short_prompt_ttft_p95_ms,5,8,2.7427531841636386,fcfs,mixed,212.6891341411044,275.3136755299127,151.67761155693736,2000,workload_seed,73.52538147069912
poisson,185.84732143535183,mono,417.5987450470499,277.59752749230483,184.54766048993642,,analytical,E3,E3-023ad27764b1,231.75142361169802,231.75142361169802,211.042413769296,long_prompt_ttft_p95_ms,5,8,3.800948506071776,fcfs,mixed,124.6998998004468,151.55923287903826,102.33363035229782,2000,workload_seed,60.97199771096338
poisson,22.728599999999997,mono,0.32300000000000184,-0.7236000000000005,-59.30919999999999,,analytical,E3,E3-023ad27764b1,-22.405599999999993,-22.405599999999993,-3.618000000000002,primer_max_itl_ms,5,8,-0.5533715953305978,fcfs,mixed,-98.57888299323318,-69.13816166634817,-99.45834632966752,2000,workload_seed,40.48924843461533
poisson,1.2,mono,1.2,0.0,0.0,,analytical,E3,E3-023ad27764b1,0.0,0.0,0.0,backlog_at_arrival_end,5,8,,fcfs,mixed,0.0,0.0,0.0,2000,workload_seed,0.0
poisson,0.5171405357467589,mono,0.5502771076720581,0.038724938688449305,0.02760278812371546,,analytical,E3,E3-023ad27764b1,0.033136571925299216,0.033136571925299216,0.032404577418555514,server_busy_fraction,5,8,4.721182523786089,fcfs,mixed,6.407653168678684,6.874109722503818,5.849667140990733,2000,workload_seed,0.007018701725330837
poisson,0.06755501743302175,mono,0.03125,-0.03048187588097686,-0.040577844907528346,,analytical,E3,E3-023ad27764b1,-0.036305017433021745,-0.036305017433021745,-0.03756146932736326,batch_slot_occupancy,5,8,-5.634337748279745,fcfs,mixed,-53.74140783697791,-49.377854545920385,-56.493195584203505,2000,workload_seed,0.0064435287792440656
poisson,8.527040420001072,mono,8.902526406614152,0.634328840535295,0.12721338661303888,,piecewise,E3,E3-0a981068b039,0.3754859866130801,0.3754859866130801,0.3624999999984766,ttft_p50_ms,5,2,1.1276869727253884,chunk_512,mixed,4.403473750779208,7.731360870224169,1.4970096690875234,2000,workload_seed,0.33297004904260563
poisson,83.21374299737654,mono,141.1225041399892,61.349999999992725,53.88928342785293,,piecewise,E3,E3-0a981068b039,57.90876114261264,57.90876114261264,61.34999999999127,ttft_p95_ms,5,2,12.010012124395526,chunk_512,mixed,69.59038141625034,71.65256607518289,68.65038275558872,2000,workload_seed,4.821707134248812
poisson,89.36585280000145,mono,151.89309513100133,63.79189433363554,61.454578481892824,,piecewise,E3,E3-0a981068b039,62.5272423309999,62.5272423309999,61.87289240946993,ttft_p99_ms,5,2,42.09392826529919,chunk_512,mixed,69.96771179584029,71.38285187788695,68.7674056212798,2000,workload_seed,1.4854218864278637
poisson,1.0016061460480763,mono,1.1005013427384915,0.1298703950154617,0.06791999836536848,,piecewise,E3,E3-0a981068b039,0.09889519669041509,0.09889519669041509,0.08320123357976916,tpot_p95_ms,5,2,2.4591509643208425,chunk_512,mixed,9.87366112724195,12.547452978196816,7.015236102725808,2000,workload_seed,0.04021517919202961
poisson,1.438573313725637,mono,1.9050124404409974,0.5686847575709132,0.3372822775956169,,piecewise,E3,E3-0a981068b039,0.4664391267153604,0.4664391267153604,0.4973056242247291,tpot_p99_ms,5,2,3.162482301507682,chunk_512,mixed,32.423729973647994,39.39772357601965,24.799587868411255,2000,workload_seed,0.14749145836894967
poisson,390.2562106780475,mono,414.24301788035916,37.633824061866655,10.298272220257331,,piecewise,E3,E3-0a981068b039,23.98680720231164,23.98680720231164,24.144709646876436,e2e_p95_ms,5,2,1.4016486041822773,chunk_512,mixed,6.146425488177609,9.875614750819196,2.535901098053883,2000,workload_seed,17.113281553407287
poisson,0.879629399998521,mono,0.8907290999993165,0.01953700000594836,0.004165699996610784,,piecewise,E3,E3-0a981068b039,0.011099700000795566,0.011099700000795566,0.0059284999992996745,itl_p95_ms,5,2,1.1142879974199387,chunk_512,mixed,1.2618609610836273,2.2121649262593968,0.472188946831853,2000,workload_seed,0.009961248821216954
poisson,0.9211283399994246,mono,0.9647620500000039,0.06304800000008978,0.024219420001069025,,piecewise,E3,E3-0a981068b039,0.043633710000579404,0.043633710000579404,0.03615999999783526,itl_p99_ms,5,2,1.7449679140039234,chunk_512,mixed,4.736984859309246,6.89484648283345,2.6103165934055372,2000,workload_seed,0.02500545118933419
poisson,2.117891756950929,mono,2.117640956421357,0.0,-0.0007446095281760989,,piecewise,E3,E3-0a981068b039,-0.00025080052957164866,-0.00025080052957164866,0.0,request_throughput_rps,5,2,-0.4560158980898263,chunk_512,mixed,-0.011841989976524303,0.0,-0.03410223423129244,2000,workload_seed,0.0005499819866417153
poisson,262.76896135831544,mono,262.73869953952305,0.0,-0.08989311325663038,,piecewise,E3,E3-0a981068b039,-0.03026181879233718,-0.03026181879233718,0.0,output_token_throughput_tps,5,2,-0.45556215355759094,chunk_512,mixed,-0.011516511933507001,0.0,-0.03376864675276314,2000,workload_seed,0.0664274206187138
poisson,2.112293577958863,mono,2.112293577958863,0.0,0.0,,piecewise,E3,E3-0a981068b039,0.0,0.0,0.0,observed_request_throughput_rps,5,2,,chunk_512,mixed,0.0,0.0,0.0,2000,workload_seed,0.0
poisson,2.8147573203815104,mono,1.2810958405237323,-1.4328419103281473,-1.6448401641286032,,piecewise,E3,E3-0a981068b039,-1.5336614798577781,-1.5336614798577781,-1.5219955870985968,iteration_cv,5,2,-11.721380421128742,chunk_512,mixed,-54.486454969052424,-53.39220920157173,-55.67278057883733,2000,workload_seed,0.13084307690357258
poisson,71.41820911869887,mono,130.28529707856586,65.12599712961637,50.125266749988675,,piecewise,E3,E3-0a981068b039,58.86708795986699,58.86708795986699,61.349999999998545,max_wait_ms,5,2,6.215791093915466,chunk_512,mixed,82.42588085907951,94.55696164496219,72.81469098390896,2000,workload_seed,9.47057053083573
poisson,0.0,mono,0.0,0.0,0.0,,piecewise,E3,E3-0a981068b039,0.0,0.0,0.0,starvation_proxy_count,5,2,,chunk_512,mixed,,,,2000,workload_seed,0.0
poisson,0.9999581593244982,mono,0.9998184786354445,-0.00011208963679185669,-0.00016563763048873525,,piecewise,E3,E3-0a981068b039,-0.00013968068905361174,-0.00013968068905361174,-0.00015453462189429779,waiting_satisfaction_jain,5,2,-4.031091470705707,chunk_512,mixed,-0.01396865336326103,-0.01120935161190717,-0.016564676803054734,2000,workload_seed,3.4650835901066364e-05
poisson,9.366719101803854,mono,21.786802436910047,18.439982321644685,5.436111307684838,,piecewise,E3,E3-0a981068b039,12.420083335106195,12.420083335106195,13.241877657541021,short_prompt_ttft_p95_ms,5,2,1.585317807143997,chunk_512,mixed,132.59801217604914,206.62923569599192,63.45861006625859,2000,workload_seed,7.83444384409041
poisson,89.36585280000145,mono,151.69530262284727,63.55795407869137,61.454578481892824,,piecewise,E3,E3-0a981068b039,62.329449822845824,62.329449822845824,61.87289240946993,long_prompt_ttft_p95_ms,5,2,45.01531171309388,chunk_512,mixed,69.74638284081234,71.1210737516627,68.7674056212798,2000,workload_seed,1.3846277511106444
poisson,12.41811032,mono,4.286358040000004,4.558788030000011,-28.95404487,,piecewise,E3,E3-0a981068b039,-8.131752279999997,-8.131752279999997,0.0,primer_max_itl_ms,5,2,-0.3586923184049223,chunk_512,mixed,-65.48300885122106,324.03067339213976,-82.59525747216054,2000,workload_seed,22.670550393053542
poisson,1.0,mono,1.0,0.0,0.0,,piecewise,E3,E3-0a981068b039,0.0,0.0,0.0,backlog_at_arrival_end,5,2,,chunk_512,mixed,0.0,0.0,0.0,2000,workload_seed,0.0
poisson,0.22238846039158724,mono,0.23884028726543174,0.01889887713454263,0.014230863473867983,,piecewise,E3,E3-0a981068b039,0.016451826873844517,0.016451826873844517,0.016482659492543184,server_busy_fraction,5,2,5.329711787173439,chunk_512,mixed,7.397788016912266,8.1891776334839,6.610988512542953,2000,workload_seed,0.0030868136084652308
poisson,0.036160439659170616,mono,0.036917087679776646,0.0008606681814255446,0.0006921234717735342,,piecewise,E3,E3-0a981068b039,0.0007566480206060253,0.0007566480206060253,0.0007186611419185973,batch_slot_occupancy,5,2,6.602760048016689,chunk_512,mixed,2.092474615181117,2.410664271972207,1.9009447223113263,2000,workload_seed,0.00011459571680683811
poisson,8.527040420001072,mono,13.004729660464841,5.443111260463411,3.2572360099982007,,piecewise,E3,E3-0a981068b039,4.47768924046377,4.47768924046377,5.284730902329102,ttft_p50_ms,5,2,3.262756802236355,fcfs,mixed,52.51164554070693,61.82990170546856,39.0882269954612,2000,workload_seed,1.3723637745218022
poisson,83.21374299737654,mono,252.96285958469457,187.00169801378493,150.42787768077613,,piecewise,E3,E3-0a981068b039,169.74911658731804,169.74911658731804,172.05754560502214,ttft_p95_ms,5,2,7.19498128267795,fcfs,mixed,203.99168511464464,225.93815441068287,182.77296997379736,2000,workload_seed,23.59271135228554
poisson,89.36585280000145,mono,462.3345358215307,518.641189876312,273.9700095754699,,piecewise,E3,E3-0a981068b039,372.9686830215292,372.9686830215292,347.45294864710655,ttft_p99_ms,5,2,2.2846993081921716,fcfs,mixed,417.35033162635835,580.3572322383785,306.5712472845841,2000,workload_seed,163.24628877165043
poisson,1.0016061460480763,mono,0.8280807500000291,-0.12746342829907906,-0.21958736379701554,,piecewise,E3,E3-0a981068b039,-0.17352539604804731,-0.17352539604804731,-0.1839813299216959,tpot_p95_ms,5,2,-2.9840380023522517,fcfs,mixed,-17.324713584546846,-13.35588116146913,-20.93600242765399,2000,workload_seed,0.05815120179812088
poisson,1.438573313725637,mono,0.8317666499999952,-0.4251506897331005,-0.8192449064406462,,piecewise,E3,E3-0a981068b039,-0.606806663725642,-0.606806663725642,-0.48825703789876806,tpot_p99_ms,5,2,-2.440117889634941,fcfs,mixed,-42.18114279863329,-33.82361328330173,-49.623698938675254,2000,workload_seed,0.2486792405822755
poisson,390.2562106780475,mono,433.7251721444592,60.46002606514744,30.516994356651082,,piecewise,E3,E3-0a981068b039,43.46896146641161,43.46896146641161,37.10267545352599,e2e_p95_ms,5,2,2.2398906406666605,fcfs,mixed,11.13857006679968,14.886846075105908,7.740779309306828,2000,workload_seed,19.406733827627367
poisson,0.879629399998521,mono,0.8314000000017586,-0.0419747999959327,-0.05650899999818648,,piecewise,E3,E3-0a981068b039,-0.048229399996762366,-0.048229399996762366,-0.042949999996835686,itl_p95_ms,5,2,-5.195152394389305,fcfs,mixed,-5.482922694130443,-4.805270837232989,-6.365002342648252,2000,workload_seed,0.009283539025505674
poisson,0.9211283399994246,mono,0.8324439999999449,-0.06919524874925692,-0.10440828999845508,,piecewise,E3,E3-0a981068b039,-0.08868433999947958,-0.08868433999947958,-0.09766145000135107,itl_p99_ms,5,2,-4.020365961311037,fcfs,mixed,-9.627794102994924,-7.672506794002424,-11.147463476887687,2000,workload_seed,0.022058772970647605
poisson,2.117891756950929,mono,2.117891756950929,0.0,0.0,,piecewise,E3,E3-0a981068b039,0.0,0.0,0.0,request_throughput_rps,5,2,,fcfs,mixed,0.0,0.0,0.0,2000,workload_seed,0.0
poisson,262.76896135831544,mono,262.76896135831544,0.0,0.0,,piecewise,E3,E3-0a981068b039,0.0,0.0,0.0,output_token_throughput_tps,5,2,,fcfs,mixed,0.0,0.0,0.0,2000,workload_seed,0.0
poisson,2.112293577958863,mono,2.112293577958863,0.0,0.0,,piecewise,E3,E3-0a981068b039,0.0,0.0,0.0,observed_request_throughput_rps,5,2,,fcfs,mixed,0.0,0.0,0.0,2000,workload_seed,0.0
poisson,2.8147573203815104,mono,2.7126286731249545,-0.09010957349277993,-0.11265689404554724,,piecewise,E3,E3-0a981068b039,-0.10212864725655554,-0.10212864725655554,-0.10506572981785256,iteration_cv,5,2,-7.0565889715421495,fcfs,mixed,-3.6283286845742557,-3.292903580192552,-3.95683682169623,2000,workload_seed,0.014472806573887258
poisson,71.41820911869887,mono,599.7347843526702,678.4087028331004,402.5072907703128,,piecewise,E3,E3-0a981068b039,528.3165752339713,528.3165752339713,468.2906868226346,max_wait_ms,5,2,2.9298611539725687,fcfs,mixed,739.7505226655793,936.7601358066073,556.9018863463252,2000,workload_seed,180.32136933097743
poisson,0.0,mono,0.0,0.0,0.0,,piecewise,E3,E3-0a981068b039,0.0,0.0,0.0,starvation_proxy_count,5,2,,fcfs,mixed,,,,2000,workload_seed,0.0
poisson,0.9999581593244982,mono,0.9949089426866242,-0.0039737797514932,-0.006619635935000234,,piecewise,E3,E3-0a981068b039,-0.005049216637873921,-0.005049216637873921,-0.004144160533853247,waiting_satisfaction_jain,5,2,-2.9440520180389074,fcfs,mixed,-0.5049427909348592,-0.3973907540569033,-0.6620019715595893,2000,workload_seed,0.0017150568695580679
poisson,9.366719101803854,mono,303.14341554648735,365.83450948868665,238.23861503556031,,piecewise,E3,E3-0a981068b039,293.7766964446835,293.7766964446835,273.9777678008757,short_prompt_ttft_p95_ms,5,2,3.615765262649631,fcfs,mixed,3136.3884541825073,4031.1591583658883,2616.460991905961,2000,workload_seed,81.24882980633652
poisson,89.36585280000145,mono,258.6490476114862,255.0452896099933,118.94481657725001,,piecewise,E3,E3-0a981068b039,169.28319481148475,169.28319481148475,122.00133916335673,long_prompt_ttft_p95_ms,5,2,1.7986123973877264,fcfs,mixed,189.42715758594764,285.39456808047066,133.098731618939,2000,workload_seed,94.11877459387512
poisson,12.41811032,mono,0.8004950000000001,0.0,-34.45931986000001,,piecewise,E3,E3-0a981068b039,-11.61761532,-11.61761532,0.0,primer_max_itl_ms,5,2,-0.456822121002388,fcfs,mixed,-93.55380988433673,0.0,-97.73907814709966,2000,workload_seed,25.43137642833034
poisson,1.0,mono,1.0,0.0,0.0,,piecewise,E3,E3-0a981068b039,0.0,0.0,0.0,backlog_at_arrival_end,5,2,,fcfs,mixed,0.0,0.0,0.0,2000,workload_seed,0.0
poisson,0.22238846039158724,mono,0.24587168133039455,0.027573122536922873,0.019998144174003855,,piecewise,E3,E3-0a981068b039,0.02348322093880732,0.02348322093880732,0.021300081869304793,server_busy_fraction,5,2,4.607879539075388,fcfs,mixed,10.559550121196693,11.573728392198523,9.375573663099024,2000,workload_seed,0.005096318325960282
poisson,0.036160439659170616,mono,0.03125,-0.004261713822838036,-0.005464661477898881,,piecewise,E3,E3-0a981068b039,-0.004910439659170618,-0.004910439659170618,-0.005319607322279506,batch_slot_occupancy,5,2,-6.474281538324645,fcfs,mixed,-13.579590584223677,-12.00086778154107,-14.88413962685845,2000,workload_seed,0.0007584532167937351
poisson,3577.0696925974016,mono,3538.8195966566173,34.69938466178892,-111.25162643308782,,analytical,E3,E3-239a79b4911f,-38.25009594078411,-38.25009594078411,-35.33406655504905,ttft_p50_ms,5,32,-0.3855214092862253,chunk_512,mixed,-1.0693136904752376,1.160791133200867,-2.8458988701067223,2000,workload_seed,99.21652862704137
poisson,7500.351461738265,mono,7277.187725714575,-179.8135977137182,-274.6987174899617,,analytical,E3,E3-239a79b4911f,-223.1637360236902,-223.1637360236902,-216.24910438398,ttft_p95_ms,5,32,-3.629632027936027,chunk_512,mixed,-2.9753770494905574,-2.4800308157355344,-3.5054836107273224,2000,workload_seed,61.483845829570555
poisson,7785.8828705329925,mono,7593.935642051448,-112.98798492572296,-259.16668253306636,,analytical,E3,E3-239a79b4911f,-191.94722848154416,-191.94722848154416,-191.17185510015315,ttft_p99_ms,5,32,-2.039325419942343,chunk_512,mixed,-2.465323864657687,-1.5106433747849812,-3.374120079388121,2000,workload_seed,94.12290289941613
poisson,23.541633752002248,mono,16.428663552074216,-5.491828674122042,-9.106122932194912,,analytical,E3,E3-239a79b4911f,-7.112970199928034,-7.112970199928034,-6.978953632242259,tpot_p95_ms,5,32,-2.987618273142269,chunk_512,mixed,-30.214428934113645,-25.099840675500584,-35.527598638745175,2000,workload_seed,2.3808162722364354
poisson,32.129228644854585,mono,17.509714514152353,-10.624492718135738,-18.674476963533845,,analytical,E3,E3-239a79b4911f,-14.619514130702228,-14.619514130702228,-12.379782177023728,tpot_p99_ms,5,32,-2.723834177898494,chunk_512,mixed,-45.502225690822826,-37.674208490997685,-51.62460727428206,2000,workload_seed,5.367255558112406
poisson,9619.31604290418,mono,9328.881738133869,-221.95690442913383,-368.08845186712824,,analytical,E3,E3-239a79b4911f,-290.4343047703134,-290.4343047703134,-281.7015343254234,e2e_p95_ms,5,32,-3.1185925772276715,chunk_512,mixed,-3.0192822803088437,-2.2186361983052683,-3.744125625435646,2000,workload_seed,93.12992883106911
poisson,45.466799999999964,mono,19.01900000000014,-22.604399999999806,-31.496399999999813,,analytical,E3,E3-239a79b4911f,-26.447799999999823,-26.447799999999823,-25.31899999999996,itl_p95_ms,5,32,-4.72046056940714,chunk_512,mixed,-58.16947750886327,-54.30695233930862,-62.3500952184874,2000,workload_seed,5.602800746055484
poisson,151.2044,mono,19.019000000000233,-120.63799999999992,-138.15939999999972,,analytical,E3,E3-239a79b4911f,-132.18539999999976,-132.18539999999976,-137.83699999999953,itl_p99_ms,5,32,-10.270592604427462,chunk_512,mixed,-87.42166233257747,-86.38163500576397,-87.89973685951745,2000,workload_seed,12.870279748319206
poisson,15.765210068944105,mono,16.004997694475605,0.2874607306491349,0.1882246470085615,,analytical,E3,E3-239a79b4911f,0.2397876255314973,0.2397876255314973,0.2651169326481728,request_throughput_rps,5,32,3.728602516386526,chunk_512,mixed,1.5209922638700357,1.7999238177489163,1.2319429599509713,2000,workload_seed,0.0643103212202627
poisson,1947.3687171785168,mono,1976.645802434689,34.071117679125656,24.200303434280066,,analytical,E3,E3-239a79b4911f,29.277085256172267,29.277085256172267,31.568591632477364,output_token_throughput_tps,5,32,4.621708173302124,chunk_512,mixed,1.5034176629164842,1.8021628053491723,1.215275152366302,2000,workload_seed,6.334689287673985
poisson,13.453739294753287,mono,14.14079083610236,1.233405660957191,0.2980244275710067,,analytical,E3,E3-239a79b4911f,0.6870515413490719,0.6870515413490719,0.5595184808555835,observed_request_throughput_rps,5,32,1.128602384897902,chunk_512,mixed,5.106770142461503,9.76543495605371,2.141691040224125,2000,workload_seed,0.6087631486010242
poisson,1.925426194572335,mono,0.7960559000654334,-1.0606670280344859,-1.1980735609793176,,analytical,E3,E3-239a79b4911f,-1.1293702945069017,-1.1293702945069017,-1.1719678690891473,iteration_cv,5,32,-12.654388995566434,chunk_512,mixed,-58.655600390735884,-55.633957230250786,-62.21766581771011,2000,workload_seed,0.08924731924256364
poisson,7834.609141942342,mono,7640.056436324152,-106.7225762639122,-276.3770251026141,,analytical,E3,E3-239a79b4911f,-194.55270561819162,-194.55270561819162,-250.05265389674423,max_wait_ms,5,32,-1.77477267260097,chunk_512,mixed,-2.483247116651399,-1.3936233954952915,-3.591965083559395,2000,workload_seed,109.62119747599571
poisson,194.8,mono,197.2,4.6,0.6,,analytical,E3,E3-239a79b4911f,2.4,2.4,1.0,starvation_proxy_count,5,32,0.9561828874675149,chunk_512,mixed,1.2320328542094305,2.2439273270283744,0.31645569620253333,2000,workload_seed,2.5099800796022267
poisson,0.6147851997853766,mono,0.6337354577404836,0.023309583516952937,0.01450892175814642,,analytical,E3,E3-239a79b4911f,0.018950257955106985,0.018950257955106985,0.019488176490394804,waiting_satisfaction_jain,5,32,3.3667120016087315,chunk_512,mixed,3.082419349347143,3.918352426281446,2.2752682682172454,2000,workload_seed,0.00562871369634584
poisson,7428.440411694423,mono,7251.551073770979,-115.6262884082851,-223.48265149427152,,analytical,E3,E3-239a79b4911f,-176.88933792344451,-176.88933792344451,-206.3111604021642,short_prompt_ttft_p95_ms,5,32,-2.488899664484405,chunk_512,mixed,-2.381244623635548,-1.5045171050010762,-3.135744001390406,2000,workload_seed,71.0713012852965
poisson,7301.443802775704,mono,7199.589902775716,-62.05647999996163,-139.91810000001024,,analytical,E3,E3-239a79b4911f,-101.85389999998843,-101.85389999998843,-106.00869999996576,long_prompt_ttft_p95_ms,5,32,-2.084629974588397,chunk_512,mixed,-1.3949830026941723,-0.8297434118800351,-2.09028582216462,2000,workload_seed,48.85946246652197
poisson,52.0096,mono,7.6839999999999975,0.0,-99.62160000000002,,analytical,E3,E3-239a79b4911f,-44.3256,-44.3256,0.0,primer_max_itl_ms,5,32,-0.6956499789299635,chunk_512,mixed,-85.22580446686766,0.0,-88.01345450863047,2000,workload_seed,63.71825104944423
poisson,153.4,mono,148.4,-2.2,-8.8,,analytical,E3,E3-239a79b4911f,-5.0,-5.0,-4.0,backlog_at_arrival_end,5,32,-1.1952286093343936,chunk_512,mixed,-3.25945241199479,-1.5921926817868255,-5.300353356890463,2000,workload_seed,4.183300132670378
poisson,0.9993609868572053,mono,0.9993499887139036,0.0,-3.299442990329915e-05,,analytical,E3,E3-239a79b4911f,-1.0998143301721442e-05,-1.0998143301721442e-05,0.0,server_busy_fraction,5,32,-0.44721359553155915,chunk_512,mixed,-0.001100517575369775,0.0,-0.003305780301499084,2000,workload_seed,2.459259604719535e-05
poisson,0.9201191262745718,mono,0.8387018385852061,-0.0602165272406127,-0.10274410647791947,,analytical,E3,E3-239a79b4911f,-0.08141728768936587,-0.08141728768936587,-0.08241771800670572,batch_slot_occupancy,5,32,-2.909281178611411,chunk_512,mixed,-8.848559427192049,-6.4875304529819715,-11.251368138568685,2000,workload_seed,0.027985362256468464
poisson,3577.0696925974016,mono,5085.028572624915,1632.2678502381,1409.3809616925678,,analytical,E3,E3-239a79b4911f,1507.958880027514,1507.958880027514,1460.8906896415729,ttft_p50_ms,5,32,10.819309550663581,fcfs,mixed,42.15626223744457,52.92694018442161,34.42569834133869,2000,workload_seed,139.3766277752009
poisson,7500.351461738265,mono,8764.613369103876,1387.5498428095734,1104.2592218141922,,analytical,E3,E3-239a79b4911f,1264.2619073656115,1264.2619073656115,1310.6679149738375,ttft_p95_ms,5,32,7.183149170673077,fcfs,mixed,16.856035531335056,19.402715092281348,14.94873474287639,2000,workload_seed,176.0038497498093
poisson,7785.8828705329925,mono,8972.970875910112,1349.571225272829,1095.289131418572,,analytical,E3,E3-239a79b4911f,1187.0880053771198,1187.0880053771198,1106.5389054713814,ttft_p99_ms,5,32,6.720362419320932,fcfs,mixed,15.246671766279164,16.57281847886587,13.890452647013118,2000,workload_seed,176.640474323864
poisson,23.541633752002248,mono,0.32300000000032014,-21.554094783157964,-25.30812419949479,,analytical,E3,E3-239a79b4911f,-23.218633752001928,-23.218633752001928,-22.751487770897395,tpot_p95_ms,5,32,-9.69909086153607,fcfs,mixed,-98.62796268346139,-98.52356995660605,-98.73981337109403,2000,workload_seed,2.393897952238045
poisson,32.129228644854585,mono,0.32300000000032014,-27.725081229325628,-35.88737606038289,,analytical,E3,E3-239a79b4911f,-31.806228644854265,-31.806228644854265,-29.844159374999528,tpot_p99_ms,5,32,-5.902792952799481,fcfs,mixed,-98.99468485978717,-98.84840607327318,-99.1079904846564,2000,workload_seed,5.388335470884122
poisson,9619.31604290418,mono,8792.71676419556,-692.684220214645,-957.1209302686641,,analytical,E3,E3-239a79b4911f,-826.599278708621,-826.599278708621,-836.289981552698,e2e_p95_ms,5,32,-5.22939626278204,fcfs,mixed,-8.593119043202368,-6.726981472609106,-10.495145352625157,2000,workload_seed,158.06782220570716
poisson,45.466799999999964,mono,0.32300000000032014,-41.30039999999972,-50.19239999999972,,analytical,E3,E3-239a79b4911f,-45.14379999999964,-45.14379999999964,-44.01499999999942,itl_p95_ms,5,32,-8.05736310215598,fcfs,mixed,-99.28959152612386,-99.22399419557192,-99.36059102768597,2000,workload_seed,5.602800746055507
poisson,151.2044,mono,0.32300000000032014,-139.33399999999983,-156.85539999999963,,analytical,E3,E3-239a79b4911f,-150.88139999999967,-150.88139999999967,-156.53299999999945,itl_p99_ms,5,32,-11.723241681650629,fcfs,mixed,-99.78638187777584,-99.76871907602174,-99.79450102558602,2000,workload_seed,12.870279748319206
poisson,15.765210068944105,mono,15.428888839544541,-0.3044570271375342,-0.3682182003891171,,analytical,E3,E3-239a79b4911f,-0.33632122939956693,-0.33632122939956693,-0.34107009888795226,request_throughput_rps,5,32,-7.925546251588888,fcfs,mixed,-2.1333127051829326,-2.0215303427382647,-2.263417124794187,2000,workload_seed,0.04243508506838154
poisson,1947.3687171785168,mono,1905.9473254115812,-38.695468327983825,-43.87156236598821,,analytical,E3,E3-239a79b4911f,-41.4213917669354,-41.4213917669354,-41.39244267998674,output_token_throughput_tps,5,32,-12.26081124433398,fcfs,mixed,-2.1270441186376776,-2.0205864662732997,-2.2572785507767756,2000,workload_seed,3.3783565329804124
poisson,13.453739294753287,mono,14.883114646747973,1.865345754902578,1.0310989867641625,,analytical,E3,E3-239a79b4911f,1.4293753519946844,1.4293753519946844,1.507594757939252,observed_request_throughput_rps,5,32,2.5311488689495625,fcfs,mixed,10.624372307794872,15.308681127087853,7.169840374154335,2000,workload_seed,0.564714059109404
poisson,1.925426194572335,mono,7.865555717532243,6.224903168129112,5.681961885284373,,analytical,E3,E3-239a79b4911f,5.940129522959907,5.940129522959907,5.861210061523965,iteration_cv,5,32,16.83270237847607,fcfs,mixed,308.5098530239585,350.34527387043994,273.40627358614853,2000,workload_seed,0.3528922088324649
poisson,7834.609141942342,mono,9031.531364008672,1399.9853460788465,1072.6070421728098,,analytical,E3,E3-239a79b4911f,1196.922222066329,1196.922222066329,1130.7003461095046,max_wait_ms,5,32,5.362051019507386,fcfs,mixed,15.277369941260277,16.920310663528,13.508062579874558,2000,workload_seed,223.22096856443017
poisson,194.8,mono,227.0,41.0,23.2,,analytical,E3,E3-239a79b4911f,32.2,32.2,31.0,starvation_proxy_count,5,32,2.7050229030711983,fcfs,mixed,16.52977412731005,22.333333333333314,11.350293542074352,2000,workload_seed,11.903780911962384
poisson,0.6147851997853766,mono,0.6190167188776016,0.01981916515712818,-0.011283721751821418,,analytical,E3,E3-239a79b4911f,0.004231519092225055,0.004231519092225055,-0.004456652944779704,waiting_satisfaction_jain,5,32,0.20941773845423597,fcfs,mixed,0.6882922838256755,3.3376461283679104,-1.7687939415239495,2000,workload_seed,0.020206115888075873
poisson,7428.440411694423,mono,8719.404457010927,1419.0727162796388,1125.7811548348102,,analytical,E3,E3-239a79b4911f,1290.9640453165032,1290.9640453165032,1359.1269813679746,short_prompt_ttft_p95_ms,5,32,7.0016917040492705,fcfs,mixed,17.378668654111685,20.145867179593857,15.362912548059416,2000,workload_seed,184.37887583223684
poisson,7301.443802775704,mono,8609.286884650708,1446.502190006799,1134.196365611395,,analytical,E3,E3-239a79b4911f,1307.843081875004,1307.843081875004,1378.1445500067648,long_prompt_ttft_p95_ms,5,32,6.677040546227213,fcfs,mixed,17.91211597599116,21.10009228503722,15.583619871840227,2000,workload_seed,195.8716699142985
poisson,52.0096,mono,0.32300000000000184,-2.2093999999999996,-113.6988,,analytical,E3,E3-239a79b4911f,-51.6866,-51.6866,-3.811,primer_max_itl_ms,5,32,-0.7282731221951341,fcfs,mixed,-99.37896080723559,-87.24530090033169,-99.71672083759421,2000,workload_seed,70.97145071646767
poisson,153.4,mono,142.8,-8.2,-13.4,,analytical,E3,E3-239a79b4911f,-10.6,-10.6,-11.0,backlog_at_arrival_end,5,32,-3.0224095271146654,fcfs,mixed,-6.910039113428946,-5.662500756875846,-8.244994110718496,2000,workload_seed,3.507135583350036
poisson,0.9993609868572053,mono,0.9993762569054013,4.581014548976636e-05,-4.657385588302532e-13,,analytical,E3,E3-239a79b4911f,1.527004819608102e-05,1.527004819608102e-05,-4.3809400551708677e-13,server_busy_fraction,5,32,0.4472135823175323,fcfs,mixed,0.0015279812196844489,0.0045898134022337445,-4.657385588302532e-11,2000,workload_seed,3.414486679261661e-05
poisson,0.9201191262745718,mono,0.03125,-0.877605888344819,-0.898894679226159,,analytical,E3,E3-239a79b4911f,-0.8888691262745718,-0.8888691262745718,-0.8921076260927269,batch_slot_occupancy,5,32,-63.58433404387607,fcfs,mixed,-96.60370063966319,-96.5616110980024,-96.6403076104248,2000,workload_seed,0.01397937305848343
poisson,13.154016130318336,mono,38.65218197548437,38.59585442866683,16.16539194135091,,piecewise,E3,E3-33a71da3b08d,25.498165845166028,25.498165845166028,22.052209506939562,ttft_p50_ms,5,16,1.7840589829816837,chunk_512,mixed,193.8432003773813,286.4039811141289,135.04288363607668,2000,workload_seed,14.29222132698278
poisson,92.35158865211201,mono,251.79606405708438,230.58749293068854,105.03724791927523,,piecewise,E3,E3-33a71da3b08d,159.44447540497237,159.44447540497237,150.05494361751084,ttft_p95_ms,5,16,1.9596397192936916,chunk_512,mixed,172.64941267615757,241.9609018030048,116.10894750553746,2000,workload_seed,81.36417823906966
poisson,136.7328619376977,mono,348.14731418356325,269.78758711350554,162.032559331185,,piecewise,E3,E3-33a71da3b08d,211.41445224586556,211.41445224586556,192.6475950430217,ttft_p99_ms,5,16,2.997698345499375,chunk_512,mixed,154.61861124664858,203.55031441222752,126.47083689501106,2000,workload_seed,70.52559259782586
poisson,3.590805611196398,mono,5.90248790727391,3.494947394305787,1.613419897540504,,piecewise,E3,E3-33a71da3b08d,2.311682296077512,2.311682296077512,1.7251060877255204,tpot_p95_ms,5,16,1.7363353305803686,chunk_512,mixed,64.37781785985617,86.05954741592889,49.03556013804706,2000,workload_seed,1.3313570572251354
poisson,8.334865911912598,mono,8.804175012572244,2.855261676859747,-3.22380217927723,,piecewise,E3,E3-33a71da3b08d,0.46930910065964593,0.46930910065964593,1.7625508208986078,tpot_p99_ms,5,16,0.11340374210792452,chunk_512,mixed,5.630673673932618,50.30268561915086,-26.65053509632147,2000,workload_seed,4.138391660947238
poisson,626.2676285377613,mono,1028.8012412176483,693.3289337643728,229.45632172207766,,piecewise,E3,E3-33a71da3b08d,402.53361267988697,402.53361267988697,285.8197056559454,e2e_p95_ms,5,16,1.2559810267974703,chunk_512,mixed,64.27501507937447,99.6031929919569,38.78627504721097,2000,workload_seed,320.4933865173717
poisson,1.3670609999999215,mono,9.792900839999856,8.664554589999625,8.255594169999677,,piecewise,E3,E3-33a71da3b08d,8.425839839999934,8.425839839999934,8.374537799999871,itl_p95_ms,5,16,31.449054060456394,chunk_512,mixed,616.3470276747285,662.179752351433,581.2757970297807,2000,workload_seed,0.26792029495712144
poisson,13.741670277500072,mono,10.033088950000273,-0.21762083999947207,-9.043359867500095,,piecewise,E3,E3-33a71da3b08d,-3.7085813274997967,-3.7085813274997967,-1.9793931499998507,itl_p99_ms,5,16,-0.6195893934980029,chunk_512,mixed,-26.98784974903703,-2.15406569887564,-46.6377143885805,2000,workload_seed,5.985546825716845
poisson,16.740390610678617,mono,16.694840844607842,-0.0002723961774460548,-0.1034047492657983,,piecewise,E3,E3-33a71da3b08d,-0.04554976607077386,-0.04554976607077386,-0.001361980887230274,request_throughput_rps,5,16,-0.6922671476183105,chunk_512,mixed,-0.2720950014255874,-0.001711593526273486,-0.6001266123493387,2000,workload_seed,0.06579795997467765
poisson,2076.4435418947305,mono,2070.4470353822267,-0.031194682555405962,-13.980078381078874,,piecewise,E3,E3-33a71da3b08d,-5.99650651250372,-5.99650651250372,-0.1559734127770298,output_token_throughput_tps,5,16,-0.6730121907718983,chunk_512,mixed,-0.28878736125096394,-0.0015955269303358243,-0.6129080562257694,2000,workload_seed,8.909952293176357
poisson,16.788215692507457,mono,16.75999862991269,0.0,-0.056675263741526295,,piecewise,E3,E3-33a71da3b08d,-0.028217062594768548,-0.028217062594768548,0.0,observed_request_throughput_rps,5,16,-0.7302523018955808,chunk_512,mixed,-0.1680766027288949,0.0,-0.3274142488901788,2000,workload_seed,0.03864015563048964
poisson,3.3480350516848327,mono,1.418128692406998,-1.797354329411046,-2.0662530653820417,,piecewise,E3,E3-33a71da3b08d,-1.9299063592778345,-1.9299063592778345,-1.93848188620394,iteration_cv,5,16,-11.285921061633227,chunk_512,mixed,-57.642955628754464,-55.98037730128418,-59.199982369584816,2000,workload_seed,0.17100122787838734
poisson,128.63226158158167,mono,353.15905382052745,280.87631562893546,167.9593785809173,,piecewise,E3,E3-33a71da3b08d,224.52679223894575,224.52679223894575,198.53641076527765,max_wait_ms,5,16,3.0756771481918634,chunk_512,mixed,174.5493622504223,208.667928595218,145.11879107588476,2000,workload_seed,73.00076744756552
poisson,0.0,mono,0.0,0.0,0.0,,piecewise,E3,E3-33a71da3b08d,0.0,0.0,0.0,starvation_proxy_count,5,16,,chunk_512,mixed,,,,2000,workload_seed,0.0
poisson,0.9995257361875785,mono,0.9954795551367642,-0.002183103662338426,-0.006734523247196722,,piecewise,E3,E3-33a71da3b08d,-0.004046181050814201,-0.004046181050814201,-0.003466355311102509,waiting_satisfaction_jain,5,16,-1.3213981252695421,chunk_512,mixed,-0.40481009185889816,-0.21839953327790207,-0.6737430604276673,2000,workload_seed,0.0030620453998213833
poisson,65.2087045226066,mono,197.2450744852887,186.93444790310133,84.6004697578225,,piecewise,E3,E3-33a71da3b08d,132.0363699626821,132.0363699626821,108.42042805682703,short_prompt_ttft_p95_ms,5,16,2.0483693617710768,chunk_512,mixed,202.48273743409158,286.3253012439743,129.77893322526546,2000,workload_seed,64.45925838712985
poisson,128.82427177798303,mono,323.97444538859645,255.2853130407354,140.94971295785163,,piecewise,E3,E3-33a71da3b08d,195.15017361061345,195.15017361061345,170.81516388565433,long_prompt_ttft_p95_ms,5,16,2.5396920897319615,chunk_512,mixed,151.48556317627558,201.61332578679233,110.9719220193759,2000,workload_seed,76.84009191492562
poisson,31.8340661,mono,6.238997010000003,-1.4999999997655777e-06,-57.482506189999995,,piecewise,E3,E3-33a71da3b08d,-25.595069089999996,-25.595069089999996,-7.499999998827889e-06,primer_max_itl_ms,5,16,-0.6960793159139668,chunk_512,mixed,-80.40150764780877,-5.5087644257323376e-05,-87.02773319159837,2000,workload_seed,36.770334220308115
poisson,2.6,mono,3.0,0.8,0.0,,piecewise,E3,E3-33a71da3b08d,0.4,0.4,0.0,backlog_at_arrival_end,5,16,0.7302967433402215,chunk_512,mixed,15.384615384615374,33.33333333333333,0.0,2000,workload_seed,0.5477225575051661
poisson,0.9097515642432649,mono,0.9448621744896191,0.04265884383032352,0.026505647174581547,,piecewise,E3,E3-33a71da3b08d,0.03511061024635416,0.03511061024635416,0.04136940511077747,server_busy_fraction,5,16,3.363835650488199,chunk_512,mixed,3.8593624486437994,4.78113548803194,2.832589231020388,2000,workload_seed,0.010437671127380583
poisson,0.11483420534105941,mono,0.1629096373177736,0.08332583992111472,0.02504422011938733,,piecewise,E3,E3-33a71da3b08d,0.0480754319767142,0.0480754319767142,0.030863916105242653,batch_slot_occupancy,5,16,1.2118412001111871,chunk_512,mixed,41.865080037719935,63.801532184350386,24.65860952425818,2000,workload_seed,0.03967139586630926
poisson,13.154016130318336,mono,8137.894547570197,9040.982127436295,7116.381796777256,,piecewise,E3,E3-33a71da3b08d,8124.74053143988,8124.74053143988,8199.287116417687,ttft_p50_ms,5,16,6.375528843190379,fcfs,mixed,61766.235125053434,71381.62227065305,51109.76867801112,2000,workload_seed,1274.3633871436111
poisson,92.35158865211201,mono,14117.235762428953,16076.782058212217,12155.94707094676,,piecewise,E3,E3-33a71da3b08d,14024.884173776842,14024.884173776842,13659.783735366836,ttft_p95_ms,5,16,5.8819654761823195,fcfs,mixed,15186.402722976982,17538.17271612734,12987.496936812051,2000,workload_seed,2384.38736687038
poisson,136.7328619376977,mono,14433.27926272316,16489.019812731083,12283.520600634185,,piecewise,E3,E3-33a71da3b08d,14296.54640078546,14296.54640078546,13985.595574507688,ttft_p99_ms,5,16,5.633442893890598,fcfs,mixed,10455.823273339865,13241.447059438926,7780.690761969911,2000,workload_seed,2537.799116822485
poisson,3.590805611196398,mono,0.8280807499999912,-2.310507166340665,-3.277171534551818,,piecewise,E3,E3-33a71da3b08d,-2.762724861196407,-2.762724861196407,-2.7939457583666534,tpot_p95_ms,5,16,-4.352476861352848,fcfs,mixed,-76.93885886170018,-73.68298288329771,-79.7745472383439,2000,workload_seed,0.6347477423091205
poisson,8.334865911912598,mono,0.8317666499999918,-4.614442488322253,-11.523863506577381,,piecewise,E3,E3-33a71da3b08d,-7.503099261912605,-7.503099261912605,-6.191552757915504,tpot_p99_ms,5,16,-1.62277504779121,fcfs,mixed,-90.02063549923233,-84.72687550089249,-93.26895705714902,2000,workload_seed,4.623622523728853
poisson,626.2676285377613,mono,14198.34842521534,15628.617300853872,11721.072638231448,,piecewise,E3,E3-33a71da3b08d,13572.08079667758,13572.08079667758,13213.025768931575,e2e_p95_ms,5,16,5.727266097732431,fcfs,mixed,2167.137526869511,2409.9231907677877,1967.5033744891618,2000,workload_seed,2369.731136126381
poisson,1.3670609999999215,mono,0.8313999999997577,-0.428957000000446,-0.6483019999995122,,piecewise,E3,E3-33a71da3b08d,-0.5356610000001638,-0.5356610000001638,-0.5354550000001836,itl_p95_ms,5,16,-3.9201368643256616,fcfs,mixed,-39.183401472223586,-34.0351843241941,-43.813336703373274,2000,workload_seed,0.136643443466178
poisson,13.741670277500072,mono,0.8324440000001223,-9.218623987500276,-18.558211367500068,,piecewise,E3,E3-33a71da3b08d,-12.909226277499949,-12.909226277499949,-11.038998499999433,itl_p99_ms,5,16,-2.0431864828633532,fcfs,mixed,-93.94219201021636,-91.71552838332273,-95.70696887014786,2000,workload_seed,6.318183085965192
poisson,16.740390610678617,mono,8.651239146666734,-6.937110767261243,-9.241192160762523,,piecewise,E3,E3-33a71da3b08d,-8.089151464011882,-8.089151464011882,-8.493061285271635,request_throughput_rps,5,16,-5.320854152618476,fcfs,mixed,-48.32116318033732,-43.81209424048747,-52.70164737171026,2000,workload_seed,1.5202731050297786
poisson,2076.4435418947305,mono,1067.752610415449,-836.2162411495162,-1205.4956026904852,,piecewise,E3,E3-33a71da3b08d,-1008.6909314792814,-1008.6909314792814,-1011.3046373395912,output_token_throughput_tps,5,16,-4.171132287738305,fcfs,mixed,-48.577816402311754,-43.91485671998861,-52.850774258443245,2000,workload_seed,241.82664607509233
poisson,16.788215692507457,mono,8.296983989748679,-7.164437585504634,-9.712385454740103,,piecewise,E3,E3-33a71da3b08d,-8.491231702758778,-8.491231702758778,-8.908514478731936,observed_request_throughput_rps,5,16,-5.00870114330126,fcfs,mixed,-50.578523997332226,-45.0758777784778,-55.04570610814279,2000,workload_seed,1.6952961376254452
poisson,3.3480350516848327,mono,2.7126286731249545,-0.5994964555205636,-0.6742141362746616,,piecewise,E3,E3-33a71da3b08d,-0.6354063785598776,-0.6354063785598776,-0.64463750451872,iteration_cv,5,16,-12.559118860718133,fcfs,mixed,-18.97848644804726,-17.950559113749577,-20.12926097617571,2000,workload_seed,0.05059322915935401
poisson,128.63226158158167,mono,14521.454976184823,16682.90692738987,12337.715771362808,,piecewise,E3,E3-33a71da3b08d,14392.82271460324,14392.82271460324,14014.07494685733,max_wait_ms,5,16,5.5061069944299526,fcfs,mixed,11189.123581936688,14473.50380780046,8314.635801251405,2000,workload_seed,2613.9743977302296
poisson,0.0,mono,237.2,240.2,233.4,,piecewise,E3,E3-33a71da3b08d,237.2,237.2,239.0,starvation_proxy_count,5,16,53.44186081443688,fcfs,mixed,,,,2000,workload_seed,4.43846820423443
poisson,0.9995257361875785,mono,0.5177468706397539,-0.4670924415386681,-0.49559091717218584,,piecewise,E3,E3-33a71da3b08d,-0.4817788655478246,-0.4817788655478246,-0.48800789446848425,waiting_satisfaction_jain,5,16,-26.495216483663793,fcfs,mixed,-48.200746424543325,-46.737152457270305,-49.57917567691553,2000,workload_seed,0.018183616874573413
poisson,65.2087045226066,mono,14017.798422887305,16051.451756540997,12012.39080045353,,piecewise,E3,E3-33a71da3b08d,13952.5897183647,13952.5897183647,13637.973099481065,short_prompt_ttft_p95_ms,5,16,5.807102164133454,fcfs,mixed,21396.820900693718,24920.9051035838,17980.699107890807,2000,workload_seed,2402.6768126347797
poisson,128.82427177798303,mono,13803.58909153374,15604.504771944616,11865.922682591317,,piecewise,E3,E3-33a71da3b08d,13674.764819755757,13674.764819755757,13483.645909770225,long_prompt_ttft_p95_ms,5,16,6.1438835451153775,fcfs,mixed,10615.05307270277,12761.889811611738,8272.150511798733,2000,workload_seed,2225.752607343562
poisson,31.8340661,mono,0.8004950000000001,-2.7941237899999978,-65.6032757,,piecewise,E3,E3-33a71da3b08d,-31.0335711,-31.0335711,-4.662517599999994,primer_max_itl_ms,5,16,-0.7778873463759027,fcfs,mixed,-97.48541390381796,-77.89119783685928,-98.77056830228169,2000,workload_seed,39.89468557957938
poisson,2.6,mono,129.8,139.0,113.4,,piecewise,E3,E3-33a71da3b08d,127.2,127.2,130.0,backlog_at_arrival_end,5,16,7.397099304437917,fcfs,mixed,4892.307692307692,10933.333333333334,2666.666666666667,2000,workload_seed,17.19592975096142
poisson,0.9097515642432649,mono,0.9993241665046343,0.1149767484350797,0.0642433115627442,,piecewise,E3,E3-33a71da3b08d,0.08957260226136947,0.08957260226136947,0.0882669939695252,server_busy_fraction,5,16,2.8503567226372035,fcfs,mixed,9.845831079815316,13.021211970114631,6.865510318223805,2000,workload_seed,0.03142504990690962
poisson,0.11483420534105941,mono,0.03125,-0.06897288966605822,-0.10041698861767127,,piecewise,E3,E3-33a71da3b08d,-0.08358420534105941,-0.08358420534105941,-0.07791815658101213,batch_slot_occupancy,5,16,-4.126224517267131,fcfs,mixed,-72.78685396290504,-68.81949811652336,-76.2658808194191,2000,workload_seed,0.020256824366023267
poisson,8.224212123951839,mono,8.27191212395319,0.08540000000211875,0.010000000000582076,,analytical,E3,E3-3445c4a8f31b,0.04770000000135042,0.04770000000135042,0.05000000000291038,ttft_p50_ms,5,2,1.0080827458589432,chunk_512,mixed,0.5799947676742301,0.9731279659859204,0.13033391549905904,2000,workload_seed,0.04731754431597511
poisson,137.9970999999985,mono,139.40209999999624,1.499999999985448,1.2850000000235013,,analytical,E3,E3-3445c4a8f31b,1.4049999999977445,1.4049999999977445,1.499999999985448,ttft_p95_ms,5,2,10.226637081458156,chunk_512,mixed,1.0181373376670466,1.0199457793787392,1.0165632031130523,2000,workload_seed,0.13738631661674394
poisson,147.61038269130125,mono,149.6972726913685,2.6889900000621196,1.5000000000774776,,analytical,E3,E3-3445c4a8f31b,2.0868900000672683,2.0868900000672683,1.5000000001018634,ttft_p99_ms,5,2,2.5953699321524617,chunk_512,mixed,1.4137826635349793,1.8209342846799759,1.0165632031753802,2000,workload_seed,0.8040819053245766
poisson,0.7263662218037237,mono,0.7273270280624562,0.004500118155229682,-0.0016117880489743054,,analytical,E3,E3-3445c4a8f31b,0.0009608062587325827,0.0009608062587325827,0.0,tpot_p95_ms,5,2,0.25032622168808993,chunk_512,mixed,0.1322757350068704,0.5473928934272232,-0.2362488998485346,2000,workload_seed,0.003838216596940296
poisson,1.4667699017687013,mono,1.4525035450076402,-0.006099141600061797,-0.02294795298106851,,analytical,E3,E3-3445c4a8f31b,-0.014266356761061205,-0.014266356761061205,-0.008659663865246747,tpot_p99_ms,5,2,-1.3120530159167816,chunk_512,mixed,-0.9726376811971638,-0.48507725900589493,-1.3581508568334066,2000,workload_seed,0.010873308157515842
poisson,232.1951500000485,mono,233.23105000006808,1.301576250032815,0.7604999999955908,,analytical,E3,E3-3445c4a8f31b,1.035900000019592,1.035900000019592,1.0012500000007094,e2e_p95_ms,5,2,2.934908111894676,chunk_512,mixed,0.4461333494775177,0.5490230107485484,0.3340017760712133,2000,workload_seed,0.35295823941515175
poisson,0.6459999999999126,mono,0.6459999999999126,0.0,0.0,,analytical,E3,E3-3445c4a8f31b,0.0,0.0,0.0,itl_p95_ms,5,2,,chunk_512,mixed,0.0,0.0,0.0,2000,workload_seed,0.0
poisson,0.8364000000015437,mono,0.83640000000305,4.416733645484783e-12,0.0,,analytical,E3,E3-3445c4a8f31b,1.5063505998114124e-12,1.5063505998114124e-12,0.0,itl_p99_ms,5,2,0.4667656393774792,chunk_512,mixed,1.801003790546929e-10,4.740874359754343e-10,0.0,2000,workload_seed,3.2272097016833063e-12
poisson,2.118996965553817,mono,2.11899063029811,0.0,-1.8432426779524392e-05,,analytical,E3,E3-3445c4a8f31b,-6.335255707368148e-06,-6.335255707368148e-06,0.0,request_throughput_rps,5,2,-0.4735153269982788,chunk_512,mixed,-0.0002989742699077702,0.0,-0.000842347483787087,2000,workload_seed,1.3379198826633074e-05
poisson,262.9056641239738,mono,262.9049008806821,0.0,-0.0022240712078144043,,analytical,E3,E3-3445c4a8f31b,-0.0007632432916977905,-0.0007632432916977905,0.0,output_token_throughput_tps,5,2,-0.4721677027573148,chunk_512,mixed,-0.000290310706796415,0.0,-0.0008265595729639585,2000,workload_seed,0.001616466537716755
poisson,2.112293577958863,mono,2.112293577958863,0.0,0.0,,analytical,E3,E3-3445c4a8f31b,0.0,0.0,0.0,observed_request_throughput_rps,5,2,,chunk_512,mixed,0.0,0.0,0.0,2000,workload_seed,0.0
poisson,7.66047453687091,mono,2.3958531562869845,-5.068391642205742,-5.498721663492326,,analytical,E3,E3-3445c4a8f31b,-5.264621380583926,-5.264621380583926,-5.167717145278367,iteration_cv,5,2,-19.420935816172182,chunk_512,mixed,-68.72448116947044,-68.07188540164023,-69.36891381408871,2000,workload_seed,0.2710796961802415
poisson,126.0420746086103,mono,128.6740746086543,4.250000000029468,1.5000000000131195,,analytical,E3,E3-3445c4a8f31b,2.632000000044002,2.632000000044002,1.5000000001018634,max_wait_ms,5,2,1.4851384899493059,chunk_512,mixed,2.088191588576249,3.4720500888702155,1.0936000765903398,2000,workload_seed,1.7722252960623512
poisson,0.0,mono,0.0,0.0,0.0,,analytical,E3,E3-3445c4a8f31b,0.0,0.0,0.0,starvation_proxy_count,5,2,,chunk_512,mixed,,,,2000,workload_seed,0.0
poisson,0.9998323099905141,mono,0.9998256194308327,-4.641192075127698e-06,-8.238550412187351e-06,,analytical,E3,E3-3445c4a8f31b,-6.690559681499231e-06,-6.690559681499231e-06,-7.359049622790437e-06,waiting_satisfaction_jain,5,2,-2.870689865272276,chunk_512,mixed,-0.0006691681809556371,-0.0004641902217494831,-0.0008239737526394286,2000,workload_seed,2.330645244001184e-06
poisson,19.192886791604266,mono,19.577578246548196,0.5712429098795987,0.15455145493440625,,analytical,E3,E3-3445c4a8f31b,0.38469145494392976,0.38469145494392976,0.5207000000139494,short_prompt_ttft_p95_ms,5,2,1.4738735969775416,chunk_512,mixed,2.0043438963658566,3.1438954726508594,1.0892656027558845,2000,workload_seed,0.26100708753641616
poisson,147.5674037022967,mono,149.19613370238045,1.8192900000744487,1.5000000000794897,,analytical,E3,E3-3445c4a8f31b,1.6287300000837206,1.6287300000837206,1.5000000001018634,long_prompt_ttft_p95_ms,5,2,7.8527796319814716,chunk_512,mixed,1.103719357541566,1.2327192113634533,1.0165632031767569,2000,workload_seed,0.20740808687034903
poisson,0.5137999999999977,mono,0.5209999999999979,0.02160000000000082,0.0,,analytical,E3,E3-3445c4a8f31b,0.007200000000000273,0.007200000000000273,0.0,primer_max_itl_ms,5,2,0.447213595499958,chunk_512,mixed,1.4013234721682144,2.4123296850570686,0.0,2000,workload_seed,0.016099689437999096
poisson,1.0,mono,1.0,0.0,0.0,,analytical,E3,E3-3445c4a8f31b,0.0,0.0,0.0,backlog_at_arrival_end,5,2,,chunk_512,mixed,0.0,0.0,0.0,2000,workload_seed,0.0
poisson,0.13601488288515845,mono,0.13647313168284064,0.0005192286399963997,0.00040443615842811475,,analytical,E3,E3-3445c4a8f31b,0.0004582487976822119,0.0004582487976822119,0.0004604054433246241,server_busy_fraction,5,2,6.111026322532325,chunk_512,mixed,0.33691077620461307,0.3569958343301094,0.3164308819977091,2000,workload_seed,7.498720730306393e-05
poisson,0.03596982759682148,mono,0.035958021773554026,8.769422600488075e-07,-2.4488588794961687e-05,,analytical,E3,E3-3445c4a8f31b,-1.180582326745644e-05,-1.180582326745644e-05,-1.8318105170257726e-05,batch_slot_occupancy,5,2,-0.7232486347523825,chunk_512,mixed,-0.03282146192019608,0.0025037827210860897,-0.0663378441353002,2000,workload_seed,1.6323326032268806e-05
poisson,8.224212123951839,mono,10.374400000001334,3.3210000000033686,1.1557757520960876,,analytical,E3,E3-3445c4a8f31b,2.1501878760494946,2.1501878760494946,1.7909999999974389,ttft_p50_ms,5,2,1.5423980371235766,fcfs,mixed,26.14460623878343,39.96856492833665,13.704053085803025,2000,workload_seed,1.3940551169653894
poisson,137.9970999999985,mono,147.55599999999825,21.489299999996547,2.0463630789890885e-12,,analytical,E3,E3-3445c4a8f31b,9.558899999999744,9.558899999999744,3.637978807091713e-12,ttft_p95_ms,5,2,0.695494247567208,fcfs,mixed,6.926884695402902,17.04597645531809,1.3766765505351941e-12,2000,workload_seed,13.744038909647537
poisson,147.61038269130125,mono,211.10492388670633,80.26507585624667,49.38886193709835,,analytical,E3,E3-3445c4a8f31b,63.49454119540508,63.49454119540508,63.401263264375984,ttft_p99_ms,5,2,3.137386784171544,fcfs,mixed,43.01495601985648,54.35853905130841,33.47126645958072,2000,workload_seed,20.238034250587756
poisson,0.7263662218037237,mono,0.3230000000039581,-0.31145731826464595,-0.49744024865959124,,analytical,E3,E3-3445c4a8f31b,-0.4033662217997655,-0.4033662217997655,-0.32587959071815187,tpot_p95_ms,5,2,-3.2695933435550186,fcfs,mixed,-55.532073173518505,-49.090350019855435,-60.630892922414915,2000,workload_seed,0.12336892677949567
poisson,1.4667699017687013,mono,0.3230000000039581,-0.9103930298281204,-1.3881408590695448,,analytical,E3,E3-3445c4a8f31b,-1.1437699017647431,-1.1437699017647431,-1.1233936630189,tpot_p99_ms,5,2,-3.4904033789399675,fcfs,mixed,-77.97882274414894,-73.81207837310923,-81.123694528953,2000,workload_seed,0.3276898907060149
poisson,232.1951500000485,mono,218.61149981789885,-1.1187505462144145,-25.591549999877497,,analytical,E3,E3-3445c4a8f31b,-13.583650182149631,-13.583650182149631,-14.921750000008615,e2e_p95_ms,5,2,-0.8862604067336562,fcfs,mixed,-5.850100737309461,-0.49409157139369553,-10.943589559798571,2000,workload_seed,15.32692883371903
poisson,0.6459999999999126,mono,0.3230000000039581,-0.22899999999790452,-0.4169999999940046,,analytical,E3,E3-3445c4a8f31b,-0.3229999999959546,-0.3229999999959546,-0.22899999999935972,itl_p95_ms,5,2,-2.5094239159727563,fcfs,mixed,-49.99999999938053,-41.485507245857214,-56.35135135069631,2000,workload_seed,0.12871480101071184
poisson,0.8364000000015437,mono,0.3230000000039581,-0.3699999999973727,-0.6567999999977474,,analytical,E3,E3-3445c4a8f31b,-0.5133999999975856,-0.5133999999975856,-0.4639999999963038,itl_p99_ms,5,2,-2.5735612944465993,fcfs,mixed,-61.38211382073625,-53.39105339057173,-67.03408858916147,2000,workload_seed,0.19949010000478093
poisson,2.118996965553817,mono,2.118996965553817,0.0,0.0,,analytical,E3,E3-3445c4a8f31b,0.0,0.0,0.0,request_throughput_rps,5,2,,fcfs,mixed,0.0,0.0,0.0,2000,workload_seed,0.0
poisson,262.9056641239738,mono,262.9056641239738,0.0,0.0,,analytical,E3,E3-3445c4a8f31b,0.0,0.0,0.0,output_token_throughput_tps,5,2,,fcfs,mixed,0.0,0.0,0.0,2000,workload_seed,0.0
poisson,2.112293577958863,mono,2.112293577958863,0.0,0.0,,analytical,E3,E3-3445c4a8f31b,0.0,0.0,0.0,observed_request_throughput_rps,5,2,,fcfs,mixed,0.0,0.0,0.0,2000,workload_seed,0.0
poisson,7.66047453687091,mono,7.865555717532243,0.23284454034924024,0.17744098833078,,analytical,E3,E3-3445c4a8f31b,0.20508118066133213,0.20508118066133213,0.1970385901363496,iteration_cv,5,2,5.626154602687044,fcfs,mixed,2.677134160217487,3.067468769062831,2.296516542738236,2000,workload_seed,0.03645139445037391
poisson,126.0420746086103,mono,264.3205051845474,189.78463057677624,100.16443057502951,,analytical,E3,E3-3445c4a8f31b,138.27843057593714,138.27843057593714,110.43815287476008,max_wait_ms,5,2,2.2184106873011964,fcfs,mixed,109.70815182574829,168.01635078133125,74.12171065265024,2000,workload_seed,62.332205379049775
poisson,0.0,mono,0.0,0.0,0.0,,analytical,E3,E3-3445c4a8f31b,0.0,0.0,0.0,starvation_proxy_count,5,2,,fcfs,mixed,,,,2000,workload_seed,0.0
poisson,0.9998323099905141,mono,0.9990733244746164,-0.0006293797163519299,-0.0008846749854735352,,analytical,E3,E3-3445c4a8f31b,-0.0007589855158978808,-0.0007589855158978808,-0.0007421047658048296,waiting_satisfaction_jain,5,2,-4.4715000917314915,fcfs,mixed,-0.0759112811532292,-0.06294917785204523,-0.08847766518469746,2000,workload_seed,0.0001697384547305198
poisson,19.192886791604266,mono,111.66305747913377,104.36355766279137,80.6004684835861,,analytical,E3,E3-3445c4a8f31b,92.4701706875295,92.4701706875295,88.42314164842719,short_prompt_ttft_p95_ms,5,2,5.997947251677287,fcfs,mixed,481.79396716902244,930.6188390547758,309.2770306959751,2000,workload_seed,15.416969641016903
poisson,147.5674037022967,mono,162.70688340845896,30.215617199564843,2.3651073318337446,,analytical,E3,E3-3445c4a8f31b,15.139479706162257,15.139479706162257,11.82553665916737,long_prompt_ttft_p95_ms,5,2,0.8378951852325444,fcfs,mixed,10.259365772067607,20.473575847491897,1.6028540566522131,2000,workload_seed,18.068464854539698
poisson,0.5137999999999977,mono,0.32300000000000184,0.0,-0.5723999999999876,,analytical,E3,E3-3445c4a8f31b,-0.19079999999999586,-0.19079999999999586,0.0,primer_max_itl_ms,5,2,-0.4472135954999579,fcfs,mixed,-37.13507201245557,0.0,-63.92673665400854,2000,workload_seed,0.42664177010695065
poisson,1.0,mono,1.0,0.0,0.0,,analytical,E3,E3-3445c4a8f31b,0.0,0.0,0.0,backlog_at_arrival_end,5,2,,fcfs,mixed,0.0,0.0,0.0,2000,workload_seed,0.0
poisson,0.13601488288515845,mono,0.1379124704745333,0.002214401789909981,0.0016560860150335922,,analytical,E3,E3-3445c4a8f31b,0.0018975875893749022,0.0018975875893749022,0.0017809754049177284,server_busy_fraction,5,2,5.2036851713991314,fcfs,mixed,1.3951323187015197,1.5886879129648257,1.2095802820702457,2000,workload_seed,0.0003646622589322966
poisson,0.03596982759682148,mono,0.03125,-0.003774694941066953,-0.005673334984714101,,analytical,E3,E3-3445c4a8f31b,-0.004719827596821482,-0.004719827596821482,-0.004034595556453899,batch_slot_occupancy,5,2,-3.770568949163209,fcfs,mixed,-13.121629744031772,-10.777238595277739,-15.36517486045832,2000,workload_seed,0.0012517547511944954
poisson,5402.501941297035,mono,5358.087971797251,1.336074140904384,-102.91852628092474,,analytical,E3,E3-513224315605,-44.413969499784436,-44.413969499784436,-23.663065702248787,ttft_p50_ms,5,64,-0.6500558168275471,chunk_512,mixed,-0.822100019257388,0.02509766275415881,-1.9534069418823408,2000,workload_seed,68.32331678306787
poisson,11113.3309991563,mono,10880.65809147973,-167.754491751995,-289.23168154683555,,analytical,E3,E3-513224315605,-232.67290767657067,-232.67290767657067,-233.37964509167796,ttft_p95_ms,5,64,-3.036991040193102,chunk_512,mixed,-2.093637881335786,-1.5688219013557325,-2.5949328826734064,2000,workload_seed,76.6129713908463
poisson,11555.163804646078,mono,11335.62874793643,-171.8453649898871,-259.2640668885721,,analytical,E3,E3-513224315605,-219.53505670964987,-219.53505670964987,-229.37896794753215,ttft_p99_ms,5,64,-3.8488128656912215,chunk_512,mixed,-1.8998870152007519,-1.4828322762761914,-2.2767819250469334,2000,workload_seed,57.03968064194849
poisson,23.627194744977395,mono,16.533092578198882,-5.765848921674889,-8.422355411882137,,analytical,E3,E3-513224315605,-7.094102166778512,-7.094102166778512,-7.34193584229423,tpot_p95_ms,5,64,-3.9744889441013753,chunk_512,mixed,-30.025156364729067,-25.87122664169248,-33.850858491367596,2000,workload_seed,1.7849092717459996
poisson,33.23315337072646,mono,17.668552292468075,-13.02128479780772,-18.631176531958662,,analytical,E3,E3-513224315605,-15.564601078258391,-15.564601078258391,-15.651709444444165,tpot_p99_ms,5,64,-4.1002987055927,chunk_512,mixed,-46.83455976816367,-42.429698489858694,-51.389032560993364,2000,workload_seed,3.7959676101228146
poisson,12669.778056244528,mono,12348.98082163108,-228.63125093177442,-457.2615082423687,,analytical,E3,E3-513224315605,-320.79723461344804,-320.79723461344804,-256.0859400592253,e2e_p95_ms,5,64,-2.044446083571687,chunk_512,mixed,-2.5319877995442663,-1.7449214516869427,-3.5210169673851155,2000,workload_seed,156.91156504015456
poisson,46.53999999999995,mono,19.01900000000014,-23.85279999999989,-31.79719999999967,,analytical,E3,E3-513224315605,-27.52099999999981,-27.52099999999981,-26.76599999999962,itl_p95_ms,5,64,-5.398369560520616,chunk_512,mixed,-59.134078212290156,-55.63750530651809,-62.57295901700597,2000,workload_seed,5.098020743386397
poisson,151.12379999999993,mono,19.019000000000233,-120.55739999999987,-137.9993999999997,,analytical,E3,E3-513224315605,-132.1047999999997,-132.1047999999997,-137.83699999999953,itl_p99_ms,5,64,-10.301322168289659,chunk_512,mixed,-87.41495383255302,-86.37377092402426,-87.8874068262062,2000,workload_seed,12.824062566129141
poisson,15.733786923299391,mono,15.978721891594045,0.29221106416156495,0.1920297739757597,,analytical,E3,E3-513224315605,0.24493496829465614,0.24493496829465614,0.26787649379301115,request_throughput_rps,5,64,3.7574474447327444,chunk_512,mixed,1.556745171958207,1.8393778811700345,1.2599579260726745,2000,workload_seed,0.06518653205329865
poisson,1943.6268529397053,mono,1973.5272156100618,34.716945068199536,24.662427001020433,,analytical,E3,E3-513224315605,29.900362670356525,29.900362670356525,31.89718421989187,output_token_throughput_tps,5,64,4.68176936254519,chunk_512,mixed,1.5383797885449413,1.8412685836850962,1.2398737650109126,2000,workload_seed,6.386551825804067
poisson,11.714290040351864,mono,12.602572772317192,1.5172568198178389,0.2636640119505188,,analytical,E3,E3-513224315605,0.8882827319653274,0.8882827319653274,0.8392777212833771,observed_request_throughput_rps,5,64,1.0886137942116025,chunk_512,mixed,7.58289857008394,15.323324754647484,1.945086581048372,2000,workload_seed,0.8159760024064739
poisson,1.736511110817905,mono,0.6585422483203386,-1.025846187783254,-1.1300149366878798,,analytical,E3,E3-513224315605,-1.0779688624975665,-1.0779688624975665,-1.0803700973714816,iteration_cv,5,64,-16.088863250593466,chunk_512,mixed,-62.076704017738074,-59.96559291000718,-64.26743820154975,2000,workload_seed,0.0670009338576362
poisson,11600.657372190526,mono,11394.916398077763,-136.9384596432992,-266.31638365107864,,analytical,E3,E3-513224315605,-205.7409741127649,-205.7409741127649,-252.83499999997366,max_wait_ms,5,64,-2.5017815304054403,chunk_512,mixed,-1.7735285812851664,-1.141269161072922,-2.3321623914118406,2000,workload_seed,82.2377859986129
poisson,208.8,mono,211.2,6.2,0.2,,analytical,E3,E3-513224315605,2.4,2.4,1.0,starvation_proxy_count,5,64,0.5610294986546213,chunk_512,mixed,1.1494252873563093,3.0126336248785135,0.09425070688031667,2000,workload_seed,4.277849927241488
poisson,0.5414043232604646,mono,0.5537443602425082,0.014001939882497271,0.01077595040685246,,analytical,E3,E3-513224315605,0.012340036982043622,0.012340036982043622,0.011343964861751932,waiting_satisfaction_jain,5,64,5.715577676479727,chunk_512,mixed,2.279264581362961,2.6018021068880737,1.9798566214844326,2000,workload_seed,0.002159018332096915
poisson,11016.162148412608,mono,10830.716808434576,-120.92231744181223,-243.52870425464135,,analytical,E3,E3-513224315605,-185.44533997803336,-185.44533997803336,-190.33619999996154,short_prompt_ttft_p95_ms,5,64,-2.2556360185084,chunk_512,mixed,-1.6833933404362122,-1.0547687230582992,-2.3330252295084786,2000,workload_seed,82.21421295651417
poisson,10840.708531387827,mono,10732.247881387844,-75.23217999996159,-140.33944000000628,,analytical,E3,E3-513224315605,-108.46064999998308,-108.46064999998308,-106.00869999996576,long_prompt_ttft_p95_ms,5,64,-2.4901733573715847,chunk_512,mixed,-1.000494106874561,-0.6831849038504978,-1.3784898048168515,2000,workload_seed,43.55546158218676
poisson,97.114,mono,11.319199999999999,-28.8534,-143.138,,analytical,E3,E3-513224315605,-85.79480000000001,-85.79480000000001,-138.24,primer_max_itl_ms,5,64,-1.1077692831801873,chunk_512,mixed,-88.34441996004696,-76.6265735169754,-91.63356729025205,2000,workload_seed,77.44825687321827
poisson,211.0,mono,207.8,-1.0,-5.4,,analytical,E3,E3-513224315605,-3.2,-3.2,-3.0,backlog_at_arrival_end,5,64,-1.1174884732313253,chunk_512,mixed,-1.516587677725112,-0.49652432969214955,-2.4861878453038555,2000,workload_seed,2.8635642126552705
poisson,0.9998053992475671,mono,0.9998019376382249,-1.554312234475219e-16,-1.0384828023668468e-05,,analytical,E3,E3-513224315605,-3.4616093421036e-06,-3.4616093421036e-06,-7.771561172376096e-16,server_busy_fraction,5,64,-0.44721359565056196,chunk_512,mixed,-0.00034622831051045466,-2.220446049250313e-14,-0.0010390894251144367,2000,workload_seed,7.740393797885313e-06
poisson,0.9408551560720895,mono,0.8578938285156024,-0.061950855634177036,-0.10397788990050758,,analytical,E3,E3-513224315605,-0.082961327556487,-0.082961327556487,-0.0837882901750503,batch_slot_occupancy,5,64,-2.994312394986367,chunk_512,mixed,-8.817651369721624,-6.58878950887376,-11.069788749456034,2000,workload_seed,0.02770630335545357
poisson,5402.501941297035,mono,6870.340561652008,1595.0075713668557,1330.4920098905318,,analytical,E3,E3-513224315605,1467.8386203549721,1467.8386203549721,1527.5172904817246,ttft_p50_ms,5,64,8.725833569839281,fcfs,mixed,27.169608383381227,30.638047386411692,24.21780697766891,2000,workload_seed,168.2175815762216
poisson,11113.3309991563,mono,12315.62725385949,1346.1280964744462,1046.7327176287818,,analytical,E3,E3-513224315605,1202.2962547031893,1202.2962547031893,1217.6627500059767,ttft_p95_ms,5,64,6.481481177782841,fcfs,mixed,10.818504864063394,11.804156287204437,9.684967681947821,2000,workload_seed,185.49714513164196
poisson,11555.163804646078,mono,12691.998432190816,1327.6151863512428,1019.1760120959996,,analytical,E3,E3-513224315605,1136.8346275447366,1136.8346275447366,1027.2521133753362,ttft_p99_ms,5,64,5.530614543574329,fcfs,mixed,9.838325503335943,10.917264013131511,9.085102783424247,2000,workload_seed,205.55303910404547
poisson,23.627194744977395,mono,0.32300000000032014,-21.927114454989322,-24.64466531746006,,analytical,E3,E3-513224315605,-23.304194744977075,-23.304194744977075,-23.71017777777767,tpot_p95_ms,5,64,-12.964260446154737,fcfs,mixed,-98.63293123247743,-98.54832207423595,-98.70632677948291,2000,workload_seed,1.7975722442300373
poisson,33.23315337072646,mono,0.32300000000032014,-30.36352105235011,-35.997907916666286,,analytical,E3,E3-513224315605,-32.91015337072614,-32.91015337072614,-33.0728305288458,tpot_p99_ms,5,64,-8.625974559176882,fcfs,mixed,-99.02807898968493,-98.94742059730626,-99.11070504971572,2000,workload_seed,3.8152388631513117
poisson,12669.778056244528,mono,12352.473648738314,-245.48986929365566,-379.1360482125689,,analytical,E3,E3-513224315605,-317.3044075062131,-317.3044075062131,-328.89272768907904,e2e_p95_ms,5,64,-3.684477496757955,fcfs,mixed,-2.5044196204354496,-1.9973936076053245,-2.9586841755110393,2000,workload_seed,86.1192415438595
poisson,46.53999999999995,mono,0.32300000000032014,-42.5487999999998,-50.49319999999949,,analytical,E3,E3-513224315605,-46.21699999999963,-46.21699999999963,-45.461999999999534,itl_p95_ms,5,64,-9.06567515637451,fcfs,mixed,-99.305973356252,-99.24659099921087,-99.36437592736111,2000,workload_seed,5.098020743386359
poisson,151.12379999999993,mono,0.32300000000032014,-139.25339999999977,-156.6953999999996,,analytical,E3,E3-513224315605,-150.8007999999996,-150.8007999999996,-156.53299999999945,itl_p99_ms,5,64,-11.759206509042933,fcfs,mixed,-99.78626794720599,-99.768585520188,-99.79429162442088,2000,workload_seed,12.824062566129141
poisson,15.733786923299391,mono,15.436016086128294,-0.2861674418599957,-0.3085413542972377,,analytical,E3,E3-513224315605,-0.2977708371710971,-0.2977708371710971,-0.2994493565900278,request_throughput_rps,5,64,-20.243751232353492,fcfs,mixed,-1.8925566910413805,-1.8313472794920016,-1.9569815278489333,2000,workload_seed,0.01470927170331953
poisson,1943.6268529397053,mono,1906.7635343494555,-34.69159159688688,-39.20961856174945,,analytical,E3,E3-513224315605,-36.86331859024945,-36.86331859024945,-37.15962307590553,output_token_throughput_tps,5,64,-12.450035759430683,fcfs,mixed,-1.8966252979317755,-1.8332779052479098,-1.9587541295458477,2000,workload_seed,2.9609006192874694
poisson,11.714290040351864,mono,15.131033255789797,4.696251692852829,2.0972738615826385,,analytical,E3,E3-513224315605,3.4167432154379327,3.4167432154379327,3.91662936598909,observed_request_throughput_rps,5,64,2.002978575998126,fcfs,mixed,29.167309360348593,47.56568230201674,15.766681917360682,2000,workload_seed,1.7058311338828467
poisson,1.736511110817905,mono,7.865555717532243,6.3416950076588545,5.921917482866945,,analytical,E3,E3-513224315605,6.129044606714338,6.129044606714338,6.137960512932406,iteration_cv,5,64,23.617225171052706,fcfs,mixed,352.95164934634533,366.5642294948712,341.71370010093875,2000,workload_seed,0.2595158644727925
poisson,11600.657372190526,mono,12756.977175441167,1386.7682855385424,1015.2959177194709,,analytical,E3,E3-513224315605,1156.31980325064,1156.31980325064,1029.2135885711905,max_wait_ms,5,64,4.657972342791786,fcfs,mixed,9.967709295704296,11.27735669106662,9.049225141144612,2000,workload_seed,248.2453132294882
poisson,208.8,mono,233.6,26.0,23.6,,analytical,E3,E3-513224315605,24.8,24.8,24.0,starvation_proxy_count,5,64,15.092799362364577,fcfs,mixed,11.877394636015314,12.755598831548198,11.028037383177569,2000,workload_seed,1.6431676725154984
poisson,0.5414043232604646,mono,0.5517054782309835,0.015448536814571723,0.005861591616562634,,analytical,E3,E3-513224315605,0.010301154970518932,0.010301154970518932,0.008431197442546057,waiting_satisfaction_jain,5,64,1.6653634737157224,fcfs,mixed,1.902673201514693,2.9172539196371527,1.0672319590587342,2000,workload_seed,0.006185529545412223
poisson,11016.162148412608,mono,12261.474216146667,1386.0177969368772,1065.0290292692596,,analytical,E3,E3-513224315605,1245.312067734059,1245.312067734059,1311.0834000058858,short_prompt_ttft_p95_ms,5,64,6.15216270366459,fcfs,mixed,11.304409384655845,12.535981574678345,9.728648309499665,2000,workload_seed,202.4185847673173
poisson,10840.708531387827,mono,12100.177041394589,1417.8534600073515,1069.9777500068672,,analytical,E3,E3-513224315605,1259.468510006761,1259.468510006761,1303.7724500057411,long_prompt_ttft_p95_ms,5,64,5.92196403824896,fcfs,mixed,11.617953811414994,12.903617097099374,10.012544535439826,2000,workload_seed,212.67750055084227
poisson,97.114,mono,0.32300000000000184,-36.7266,-156.8554,,analytical,E3,E3-513224315605,-96.791,-96.791,-156.533,primer_max_itl_ms,5,64,-1.1767335875005913,fcfs,mixed,-99.66740119859135,-99.12819571601312,-99.79450102558621,2000,workload_seed,82.25396217812246
poisson,211.0,mono,198.4,-8.0,-16.8,,analytical,E3,E3-513224315605,-12.6,-12.6,-14.0,backlog_at_arrival_end,5,64,-2.2000554316741714,fcfs,mixed,-5.9715639810426495,-3.824091778202676,-7.61559383499546,2000,workload_seed,5.727128425310541
poisson,0.9998053992475671,mono,0.9998125775589066,2.1534934920786063e-05,-4.658273766722232e-13,,analytical,E3,E3-513224315605,7.178311339695042e-06,7.178311339695042e-06,-4.3809400551708677e-13,server_busy_fraction,5,64,0.4472135674507538,fcfs,mixed,0.0007179708516158456,0.002154751440830438,-4.657385588302532e-11,2000,workload_seed,1.6051193125945363e-05
poisson,0.9408551560720895,mono,0.03125,-0.9050467530125011,-0.9141635591316778,,analytical,E3,E3-513224315605,-0.9096051560720895,-0.9096051560720895,-0.9095746295417277,batch_slot_occupancy,5,64,-153.2601687214208,fcfs,mixed,-96.67855356923765,-96.66238295717098,-96.69456824495919,2000,workload_seed,0.005935039506092859
poisson,1680.1495623560818,mono,2515.142809009153,994.1586738728313,719.9103405411406,,piecewise,E3,E3-52a9ba8b549d,834.9932466530709,834.9932466530709,796.1755382813444,ttft_p50_ms,5,64,4.567564607778603,chunk_512,mixed,49.69755463211003,52.34772956017149,47.55455313828136,2000,workload_seed,182.8092908047912
poisson,3153.9365693410828,mono,4529.529428666423,1520.088808132527,1260.2851325163642,,piecewise,E3,E3-52a9ba8b549d,1375.59285932534,1375.59285932534,1347.7618139725323,ttft_p95_ms,5,64,8.63955697693936,chunk_512,mixed,43.615108581994335,48.67195615139921,39.524328666888934,2000,workload_seed,159.2203006470195
poisson,3261.1375289148805,mono,4689.761158331305,1569.6677084093167,1330.402691479571,,piecewise,E3,E3-52a9ba8b549d,1428.6236294164246,1428.6236294164246,1396.3584927441402,ttft_p99_ms,5,64,9.19195124739894,chunk_512,mixed,43.807524728703726,47.89839843970323,40.39873628132455,2000,workload_seed,155.42114954326857
poisson,11.824651842170146,mono,9.72364382980835,-1.3250900552725793,-3.385473401751379,,piecewise,E3,E3-52a9ba8b549d,-2.1010080123617954,-2.1010080123617954,-1.4433824152056207,tpot_p95_ms,5,64,-1.4658638959053303,chunk_512,mixed,-17.76803275398766,-12.163705028255123,-25.68671729089148,2000,workload_seed,1.4332899652079871
poisson,18.601318637483494,mono,10.322275055378691,-6.159226842267326,-11.168128827247719,,piecewise,E3,E3-52a9ba8b549d,-8.279043582104801,-8.279043582104801,-7.51448733468275,tpot_p99_ms,5,64,-2.63662265752822,chunk_512,mixed,-44.507831640611286,-37.38385919200251,-51.96659809660511,2000,workload_seed,3.140018371027061
poisson,4209.210270996752,mono,5548.109651016058,1494.7399058887022,1173.6649461082889,,piecewise,E3,E3-52a9ba8b549d,1338.8993800193057,1338.8993800193057,1339.826412551235,e2e_p95_ms,5,64,6.615942655135812,chunk_512,mixed,31.808802455056508,34.48548018160702,28.628992550355136,2000,workload_seed,202.37469546081198
poisson,25.954392569999936,mono,10.724875729999985,-13.55609561999977,-17.66450826999999,,piecewise,E3,E3-52a9ba8b549d,-15.22951683999995,-15.22951683999995,-14.713331000000153,itl_p95_ms,5,64,-5.4401970972950995,chunk_512,mixed,-58.67799371118161,-55.795604030779764,-62.27698740502636,2000,workload_seed,2.799442109840499
poisson,87.24214204999994,mono,10.823287110000274,-69.51367217999992,-79.90191832999953,,piecewise,E3,E3-52a9ba8b549d,-76.41885493999966,-76.41885493999966,-79.84807024999964,itl_p99_ms,5,64,-9.913623163687205,chunk_512,mixed,-87.5939690891619,-86.53843301584234,-88.0796043501536,2000,workload_seed,7.708468808852419
poisson,33.7674842905003,mono,28.43208435832326,-5.0517292044334825,-5.612000686188558,,piecewise,E3,E3-52a9ba8b549d,-5.3353999321770385,-5.3353999321770385,-5.466390693454482,request_throughput_rps,5,64,-14.701636109853252,chunk_512,mixed,-15.800406942598421,-14.972398896042172,-16.870350342068974,2000,workload_seed,0.3629119842383512
poisson,4175.036373883481,mono,3516.4285194039358,-639.4999159790847,-679.0897991434481,,piecewise,E3,E3-52a9ba8b549d,-658.6078544795453,-658.6078544795453,-650.9062012053628,output_token_throughput_tps,5,64,-25.716723852801813,chunk_512,mixed,-15.774900994860797,-14.982603752327341,-16.831229141900806,2000,workload_seed,25.610099414268532
poisson,28.37611923265834,mono,22.126545598924984,-5.548713340648513,-7.02064290827249,,piecewise,E3,E3-52a9ba8b549d,-6.249573633733354,-6.249573633733354,-6.227550400099801,observed_request_throughput_rps,5,64,-6.507354403740681,chunk_512,mixed,-22.024060381522016,-19.02753117090572,-27.345454623435927,2000,workload_seed,0.9603862408570916
poisson,2.171306335032376,mono,0.7160485518909938,-1.3963382596297893,-1.512587970820736,,piecewise,E3,E3-52a9ba8b549d,-1.4552577831413822,-1.4552577831413822,-1.452668024272741,iteration_cv,5,64,-19.05450355853435,chunk_512,mixed,-67.0222234266029,-65.2463340398287,-68.60600033680723,2000,workload_seed,0.0763734294452182
poisson,3277.038693892921,mono,4715.7240483821,1565.2139346886675,1334.9122541438653,,piecewise,E3,E3-52a9ba8b549d,1438.6853544891794,1438.6853544891794,1380.6246302193354,max_wait_ms,5,64,9.22096134275801,chunk_512,mixed,43.90199472378242,47.81931322639543,40.65578224732502,2000,workload_seed,156.02335819562882
poisson,167.2,mono,194.2,35.4,18.6,,piecewise,E3,E3-52a9ba8b549d,27.0,27.0,33.0,starvation_proxy_count,5,64,2.4053511772118195,chunk_512,mixed,16.148325358851668,21.824907521578307,10.333333333333329,2000,workload_seed,11.224972160321824
poisson,0.8046120838550335,mono,0.7499332742725379,-0.044000926632672896,-0.06437281762209864,,piecewise,E3,E3-52a9ba8b549d,-0.05467880958249553,-0.05467880958249553,-0.05495802939530836,waiting_satisfaction_jain,5,64,-4.311004524969006,chunk_512,mixed,-6.79567342818419,-5.485011396554307,-7.928734069957166,2000,workload_seed,0.01268354260957048
poisson,3132.377123878142,mono,4515.009481702725,1563.1421710799743,1250.8452148720603,,piecewise,E3,E3-52a9ba8b549d,1382.632357824583,1382.632357824583,1345.9520741000088,short_prompt_ttft_p95_ms,5,64,6.943915357806661,chunk_512,mixed,44.14003496848329,48.59350792551995,39.919519611495225,2000,workload_seed,199.1142297364218
poisson,3085.9992162661247,mono,4484.377921264379,1546.794136877757,1290.1853728449983,,piecewise,E3,E3-52a9ba8b549d,1398.3787049982543,1398.3787049982543,1372.2532574125107,long_prompt_ttft_p95_ms,5,64,8.450212519408023,chunk_512,mixed,45.31364420403872,49.434625610439184,41.54790225689815,2000,workload_seed,165.484442170718
poisson,43.70607885,mono,8.56245852000002,-3.5600672100000055,-66.93596494999996,,piecewise,E3,E3-52a9ba8b549d,-35.143620329999976,-35.143620329999976,-14.668463549999991,primer_max_itl_ms,5,64,-0.8497506197652122,chunk_512,mixed,-80.40899859860107,-36.49842086538364,-87.82722730317882,2000,workload_seed,41.35756951811371
poisson,147.8,mono,171.4,25.8,21.0,,piecewise,E3,E3-52a9ba8b549d,23.6,23.6,24.0,backlog_at_arrival_end,5,64,7.353488043627119,chunk_512,mixed,15.967523680649531,18.731563421828913,13.567839195979925,2000,workload_seed,3.2093613071762426
poisson,0.9999276410791772,mono,0.9999390171589466,3.4128239307928965e-05,0.0,,piecewise,E3,E3-52a9ba8b549d,1.1376079769465085e-05,1.1376079769465085e-05,0.0,server_busy_fraction,5,64,0.44721359550759576,chunk_512,mixed,0.0011376902989912452,0.0034135649364275267,0.0,2000,workload_seed,2.5437687681549625e-05
poisson,0.9003889882355353,mono,0.8177173873185982,-0.0640113334046867,-0.10669024396709026,,piecewise,E3,E3-52a9ba8b549d,-0.08267160091693711,-0.08267160091693711,-0.07413407832089125,batch_slot_occupancy,5,64,-2.94099648939458,chunk_512,mixed,-9.181764992366915,-7.091326102593143,-11.91325459458219,2000,workload_seed,0.028110064467963883
poisson,1680.1495623560818,mono,13507.945716799033,12507.35659855744,11135.53982312854,,piecewise,E3,E3-52a9ba8b549d,11827.79615444295,11827.79615444295,11963.226829496907,ttft_p50_ms,5,64,13.354551473708655,fcfs,mixed,703.9728140545284,853.9589075877532,579.4591145462502,2000,workload_seed,885.6752828972612
poisson,3153.9365693410828,mono,24841.558412324484,22950.88878485415,20749.746888926176,,piecewise,E3,E3-52a9ba8b549d,21687.621842983404,21687.621842983404,21380.020257470394,ttft_p95_ms,5,64,15.367058477130824,fcfs,mixed,687.6365889474549,756.845166347507,629.2132931504408,2000,workload_seed,1411.3060007716383
poisson,3261.1375289148805,mono,25595.699483829074,23793.946874232653,21245.812549046368,,piecewise,E3,E3-52a9ba8b549d,22334.561954914192,22334.561954914192,21772.54156492254,ttft_p99_ms,5,64,13.8928859722205,fcfs,mixed,684.8702870358815,756.4402846757773,624.9903176256779,2000,workload_seed,1607.6258021244278
poisson,11.824651842170146,mono,0.8280807499999912,-10.066693434176091,-12.38152397053749,,piecewise,E3,E3-52a9ba8b549d,-10.996571092170154,-10.996571092170154,-10.461258962080624,tpot_p95_ms,5,64,-7.119232249548173,fcfs,mixed,-92.99699677375011,-92.40752283662876,-93.71295184448358,2000,workload_seed,1.5446287895535449
poisson,18.601318637483494,mono,0.8317666499999918,-15.643976121517156,-20.65906037711251,,piecewise,E3,E3-52a9ba8b549d,-17.769551987483503,-17.769551987483503,-16.882492028489583,tpot_p99_ms,5,64,-5.714142875260298,fcfs,mixed,-95.5284532983382,-94.95220999435689,-96.12900283274035,2000,workload_seed,3.109749331683283
poisson,4209.210270996752,mono,24896.23330552431,22000.662624678323,19739.206625138344,,piecewise,E3,E3-52a9ba8b549d,20687.023034527556,20687.023034527556,20334.69633236035,e2e_p95_ms,5,64,14.302097402896193,fcfs,mixed,491.4704113755005,521.6010751671058,455.57169740111726,2000,workload_seed,1446.4328169334385
poisson,25.954392569999936,mono,0.8313999999997577,-23.46465623000081,-27.532897209998918,,piecewise,E3,E3-52a9ba8b549d,-25.12299257000018,-25.12299257000018,-24.6311708500009,itl_p95_ms,5,64,-9.040963125584728,fcfs,mixed,-96.79668866163043,-96.57829986061407,-97.06841914660268,2000,workload_seed,2.7787960442959267
poisson,87.24214204999994,mono,0.8324440000001223,-79.49427354999993,-89.88403304999966,,piecewise,E3,E3-52a9ba8b549d,-86.40969804999982,-86.40969804999982,-89.8663690499995,itl_p99_ms,5,64,-11.190777478704247,fcfs,mixed,-99.0458235201022,-98.9635302915287,-99.0824490059035,2000,workload_seed,7.721509807020574
poisson,33.7674842905003,mono,8.657496337091406,-24.233925532843948,-25.956541288681656,,piecewise,E3,E3-52a9ba8b549d,-25.109987953408893,-25.109987953408893,-25.662535941611765,request_throughput_rps,5,64,-22.41816174749834,fcfs,mixed,-74.36144113487603,-73.59587393181401,-75.13670124578854,2000,workload_seed,1.120073458128695
poisson,4175.036373883481,mono,1068.4691809298242,-2946.3045035849623,-3266.8298823223513,,piecewise,E3,E3-52a9ba8b549d,-3106.567192953657,-3106.567192953657,-3055.746418391217,output_token_throughput_tps,5,64,-14.99970102524505,fcfs,mixed,-74.40814677415686,-73.59076323224791,-75.16106291061445,2000,workload_seed,207.10860754658975
poisson,28.37611923265834,mono,8.48393324949663,-17.186682409216683,-21.935311299930305,,piecewise,E3,E3-52a9ba8b549d,-19.89218598316171,-19.89218598316171,-21.106326611149512,observed_request_throughput_rps,5,64,-6.324263182192305,fcfs,mixed,-70.10185508477709,-67.06266084685832,-72.78049475843464,2000,workload_seed,3.1453760556919272
poisson,2.171306335032376,mono,2.7126286731249545,0.6399953045675943,0.44840267503805153,,piecewise,E3,E3-52a9ba8b549d,0.5413223380925787,0.5413223380925787,0.5279618370473074,iteration_cv,5,64,4.443748947724862,fcfs,mixed,24.930721628669072,29.05499857131912,21.110732771786168,2000,workload_seed,0.12181658875435081
poisson,3277.038693892921,mono,25721.60143285733,24009.89366644274,21290.580261747888,,piecewise,E3,E3-52a9ba8b549d,22444.56273896441,22444.56273896441,21871.490802877717,max_wait_ms,5,64,13.01875715278098,fcfs,mixed,684.9038060121787,757.1643443597129,626.1457468323254,2000,workload_seed,1724.0173140621148
poisson,167.2,mono,243.2,88.0,61.2,,piecewise,E3,E3-52a9ba8b549d,76.0,76.0,82.0,starvation_proxy_count,5,64,4.218968100565604,fcfs,mixed,45.45454545454546,57.36636245110822,33.224755700325744,2000,workload_seed,18.01388353465182
poisson,0.8046120838550335,mono,0.4099233395381612,-0.3772215557834137,-0.4111458386156429,,piecewise,E3,E3-52a9ba8b549d,-0.39468874431687223,-0.39468874431687223,-0.40169285642565455,waiting_satisfaction_jain,5,64,-18.267975900817504,fcfs,mixed,-49.053295648488316,-47.85778745430178,-50.21783489757527,2000,workload_seed,0.021605499506883497
poisson,3132.377123878142,mono,24698.70659841294,22952.62387543692,20562.56506701302,,piecewise,E3,E3-52a9ba8b549d,21566.3294745348,21566.3294745348,20913.004018034735,short_prompt_ttft_p95_ms,5,64,14.288753833945053,fcfs,mixed,688.4972218106963,757.4684945340692,630.1139272142693,2000,workload_seed,1509.3219272418835
poisson,3085.9992162661247,mono,24308.41050593715,22483.304835806302,20215.78466906326,,piecewise,E3,E3-52a9ba8b549d,21222.411289671025,21222.411289671025,20568.96001595006,long_prompt_ttft_p95_ms,5,64,14.75289025266133,fcfs,mixed,687.6998275893562,754.4775906272705,630.9804951387347,2000,workload_seed,1438.5256669175474
poisson,43.70607885,mono,0.8004950000000001,-11.02100061600007,-76.38546301,,piecewise,E3,E3-52a9ba8b549d,-42.90558385,-42.90558385,-23.49084134999999,primer_max_itl_ms,5,64,-0.9902469020461858,fcfs,mixed,-98.16845843630286,-93.2910706607988,-98.95240115883495,2000,workload_seed,43.32816771387269
poisson,147.8,mono,223.8,87.6,62.0,,piecewise,E3,E3-52a9ba8b549d,76.0,76.0,77.0,backlog_at_arrival_end,5,64,4.51374541896539,fcfs,mixed,51.42083897158323,66.06060606060605,37.85103785103785,2000,workload_seed,16.837458240482736
poisson,0.9999276410791772,mono,0.9999999999999986,0.0002170767624666503,-2.020605904817785e-15,,piecewise,E3,E3-52a9ba8b549d,7.235892082142481e-05,7.235892082142481e-05,-1.2212453270876722e-15,server_busy_fraction,5,64,0.44721359549206696,fcfs,mixed,0.007236415701372678,0.021712389501882257,-1.9984014443252818e-13,2000,workload_seed,0.0001617994657380857
poisson,0.9003889882355353,mono,0.03125,-0.8622310020023074,-0.8747751333905255,,piecewise,E3,E3-52a9ba8b549d,-0.8691389882355353,-0.8691389882355353,-0.8694381676528563,batch_slot_occupancy,5,64,-110.1132902125138,fcfs,mixed,-96.52927785564775,-96.50244382029744,-96.5508683094633,2000,workload_seed,0.007893134303390038
poisson,119.29513665341797,mono,813.105609385095,1011.5249756810357,416.9137893617004,,piecewise,E3,E3-52e8ef7f558c,693.8104727316771,693.8104727316771,684.3441579634491,ttft_p50_ms,5,32,1.74558633207716,chunk_512,mixed,581.591582184418,1458.8216312474722,363.19590495672355,2000,workload_seed,397.4655735910108
poisson,384.49628699875154,mono,1301.6842520052398,1187.0450260358455,647.330903977131,,piecewise,E3,E3-52e8ef7f558c,917.1879650064882,917.1879650064882,1004.239094322853,ttft_p95_ms,5,32,2.5022228972274427,chunk_512,mixed,238.54273656730172,456.52437445390007,147.37213419260934,2000,workload_seed,366.5492654642266
poisson,457.1159759240953,mono,1367.8112382052036,1168.0180492843097,662.9398092369305,,piecewise,E3,E3-52e8ef7f558c,910.6952622811084,910.6952622811084,990.3234015962324,ttft_p99_ms,5,32,2.634555668227227,chunk_512,mixed,199.22630366179334,382.85621202363603,120.93737496422952,2000,workload_seed,345.67319008062884
poisson,10.41297579076082,mono,9.621948925106055,0.7414745447567384,-2.3411346881109134,,piecewise,E3,E3-52e8ef7f558c,-0.791026865654764,-0.791026865654764,-0.5912521887012829,tpot_p95_ms,5,32,-0.3970076596734661,chunk_512,mixed,-7.596549550769371,8.32514219641407,-19.459840226825165,2000,workload_seed,1.9924725540695458
poisson,20.887919855025633,mono,10.223187356252977,-7.211134499880961,-13.992002201628353,,piecewise,E3,E3-52e8ef7f558c,-10.664732498772656,-10.664732498772656,-9.570244823308917,tpot_p99_ms,5,32,-2.381513343269944,chunk_512,mixed,-51.0569390001117,-41.16392534951937,-57.834379689621834,2000,workload_seed,4.478132582759084
poisson,1983.6079825874701,mono,3454.4137883243943,1805.691291962739,1252.696102371931,,piecewise,E3,E3-52e8ef7f558c,1470.8058057369242,1470.8058057369242,1349.6286439093797,e2e_p95_ms,5,32,4.064613867319325,chunk_512,mixed,74.14800800601571,119.63374179644464,48.462623159176864,2000,workload_seed,361.8562190033916
poisson,16.26656535000002,mono,10.719660040000054,0.04474672000014834,-11.164564199999768,,piecewise,E3,E3-52e8ef7f558c,-5.546905309999966,-5.546905309999966,-8.076217750000069,itl_p95_ms,5,32,-0.7267816567446079,chunk_512,mixed,-34.100040116950424,0.4189698581790635,-51.00044556440899,2000,workload_seed,7.632148195436853
poisson,68.75204502649976,mono,10.819445600000018,-39.42375567949928,-76.63280737999995,,piecewise,E3,E3-52e8ef7f558c,-57.93259942649975,-57.93259942649975,-67.71456909999961,itl_p99_ms,5,32,-2.4124292259575957,chunk_512,mixed,-84.26309268934506,-78.49081034312498,-87.6241650563407,2000,workload_seed,24.01421720610429
poisson,31.59049840802043,mono,27.842136049617267,-2.4205249648201184,-5.07619975198621,,piecewise,E3,E3-52e8ef7f558c,-3.7483623584031642,-3.7483623584031642,-4.6305924707188275,request_throughput_rps,5,32,-2.137706218378013,chunk_512,mixed,-11.865473947228079,-7.880402550062671,-15.673168682666583,2000,workload_seed,1.7534506501306049
poisson,3913.1195126641674,mono,3446.591285458274,-297.0714313517277,-638.3875888717005,,piecewise,E3,E3-52e8ef7f558c,-466.52822720589285,-466.52822720589285,-574.546885073145,output_token_throughput_tps,5,32,-2.0876380777927754,chunk_512,mixed,-11.922156369005643,-7.880945420383734,-15.61905755272579,2000,workload_seed,223.47179435390703
poisson,30.825182227598987,mono,25.51587309689813,-4.211126353643897,-6.699458019488017,,piecewise,E3,E3-52e8ef7f558c,-5.309309130700854,-5.309309130700854,-4.755907087272465,observed_request_throughput_rps,5,32,-3.27764365922214,chunk_512,mixed,-17.223934286906584,-13.869025042611904,-21.112938348127773,2000,workload_seed,1.6198555067944376
poisson,2.6799503606808077,mono,0.8114769731051552,-1.679780059970487,-2.0455721239643263,,piecewise,E3,E3-52e8ef7f558c,-1.8684733875756525,-1.8684733875756525,-1.7816046526698095,iteration_cv,5,32,-7.721568439483983,chunk_512,mixed,-69.72044762429816,-68.32894194083961,-70.79221783913817,2000,workload_seed,0.24198106928914548
poisson,462.50107404500096,mono,1381.4727486802476,1200.2645206767952,649.6087798236688,,piecewise,E3,E3-52e8ef7f558c,918.9716746352467,918.9716746352467,1001.7672013021293,max_wait_ms,5,32,2.4869623543383024,chunk_512,mixed,198.69611687557543,392.5915243321815,115.06955286632707,2000,workload_seed,369.5157158419289
poisson,1.4,mono,76.6,139.2,14.0,,piecewise,E3,E3-52e8ef7f558c,75.2,75.2,70.0,starvation_proxy_count,5,32,0.9158005963086437,chunk_512,mixed,5371.428571428572,7542.857142857143,2785.714285714286,2000,workload_seed,82.11394522247728
poisson,0.9888975330254073,mono,0.9326875661692864,-0.03291875028274969,-0.08001782311128722,,piecewise,E3,E3-52e8ef7f558c,-0.05620996685612094,-0.05620996685612094,-0.06437044681401405,waiting_satisfaction_jain,5,32,-1.816579785601512,chunk_512,mixed,-5.684104265499945,-3.2997085649998925,-8.161680377753822,2000,workload_seed,0.030942745978816726
poisson,345.58032151351864,mono,1268.436866009677,1184.1126314794278,661.6004575128893,,piecewise,E3,E3-52e8ef7f558c,922.8565444961584,922.8565444961584,1043.5907635846195,short_prompt_ttft_p95_ms,5,32,2.6216575591204605,chunk_512,mixed,267.04545572918494,548.1883077376201,151.2990328556351,2000,workload_seed,352.01261937724905
poisson,410.4722896469413,mono,1325.0673954384279,1195.5592541249503,633.6309574580229,,piecewise,E3,E3-52e8ef7f558c,914.5951057914865,914.5951057914865,1079.4858514072425,long_prompt_ttft_p95_ms,5,32,2.372501078010231,chunk_512,mixed,222.81531028030065,448.74316878836413,125.36841259369247,2000,workload_seed,385.498288817866
poisson,37.05278931,mono,8.417263750000027,-3.7021479499999996,-57.25749874999995,,piecewise,E3,E3-52e8ef7f558c,-28.63552555999998,-28.63552555999998,-14.739177249999997,primer_max_itl_ms,5,32,-0.8374669920452633,chunk_512,mixed,-77.28304965227454,-37.18389162296636,-85.38755435423326,2000,workload_seed,34.193019942274084
poisson,22.4,mono,62.2,49.2,33.4,,piecewise,E3,E3-52e8ef7f558c,39.8,39.8,35.0,backlog_at_arrival_end,5,32,3.757393187445571,chunk_512,mixed,177.67857142857144,533.3333333333333,99.47325514874142,2000,workload_seed,10.592450141492288
poisson,0.9991182615063628,mono,0.99935101629846,0.0006055502571921334,1.3322676295501878e-16,,piecewise,E3,E3-52e8ef7f558c,0.00023275479209723394,0.00023275479209723394,6.661338147750939e-16,server_busy_fraction,5,32,0.5767491647348919,chunk_512,mixed,0.02329602020747501,0.06063108947991225,2.220446049250313e-14,2000,workload_seed,0.00040356329289912684
poisson,0.6033610828536528,mono,0.7639172684606758,0.3034488380956205,0.012906100437890578,,piecewise,E3,E3-52e8ef7f558c,0.16055618560702295,0.16055618560702295,0.1035454260641262,batch_slot_occupancy,5,32,0.8362094375710859,chunk_512,mixed,26.610298570742664,70.36999183021378,1.6127683442038965,2000,workload_seed,0.19200475191165745
poisson,119.29513665341797,mono,11711.913756035687,12334.852107101065,10668.202128187531,,piecewise,E3,E3-52e8ef7f558c,11592.618619382269,11592.618619382269,12126.074321804284,ttft_p50_ms,5,32,10.729185043447082,fcfs,mixed,9717.595322483017,33685.110180231284,4458.4270311615965,2000,workload_seed,1080.4752245803174
poisson,384.49628699875154,mono,21245.68503197276,22562.114314224833,19433.01488614869,,piecewise,E3,E3-52e8ef7f558c,20861.18874497401,20861.18874497401,20736.926610704213,ttft_p95_ms,5,32,10.806219750969502,fcfs,mixed,5425.5891280015785,10489.62745978019,3049.1691771326964,2000,workload_seed,1930.479781618582
poisson,457.1159759240953,mono,21847.857091359594,23332.02310078656,19840.148895126895,,piecewise,E3,E3-52e8ef7f558c,21390.7411154355,21390.7411154355,20911.645789522037,ttft_p99_ms,5,32,10.0601253657892,fcfs,mixed,4679.499786064676,8908.445350913587,2658.5966712182853,2000,workload_seed,2126.289716843646
poisson,10.41297579076082,mono,0.8280807499999912,-8.080186260277795,-11.286557692637887,,piecewise,E3,E3-52e8ef7f558c,-9.584895040760829,-9.584895040760829,-9.591233093995282,tpot_p95_ms,5,32,-4.546501810445006,fcfs,mixed,-92.047607075638,-90.72287115721971,-93.14482572065461,2000,workload_seed,2.108191185306637
poisson,20.887919855025633,mono,0.8317666499999918,-16.686164302679952,-23.34924409046319,,piecewise,E3,E3-52e8ef7f558c,-20.05615320502564,-20.05615320502564,-18.93824951711575,tpot_p99_ms,5,32,-4.475188123527821,fcfs,mixed,-96.01795365085208,-95.25103459610568,-96.56066451897219,2000,workload_seed,4.481633542863276
poisson,1983.6079825874701,mono,21322.15264516123,20878.368222622084,18233.812415418553,,piecewise,E3,E3-52e8ef7f558c,19338.54466257376,19338.54466257376,18628.05652691947,e2e_p95_ms,5,32,11.560048201017686,fcfs,mixed,974.9176668137853,1369.2995518015225,723.9238405741262,2000,workload_seed,1672.8775110878255
poisson,16.26656535000002,mono,0.8313999999997577,-9.84887642000067,-21.059731100000317,,piecewise,E3,E3-52e8ef7f558c,-15.435165350000261,-15.435165350000261,-17.96848405000037,itl_p95_ms,5,32,-2.0243327464182883,fcfs,mixed,-94.88890259184458,-92.21642070965635,-96.2022028201226,2000,workload_seed,7.6248163140719605
poisson,68.75204502649976,mono,0.8324440000001223,-49.39457769949915,-86.62386031999999,,piecewise,E3,E3-52e8ef7f558c,-67.91960102649963,-67.91960102649963,-77.70446779999929,itl_p99_ms,5,32,-2.8277726897778064,fcfs,mixed,-98.78920837964999,-98.34223968180241,-99.04822352205842,2000,workload_seed,24.018762636764997
poisson,31.59049840802043,mono,8.655817389326007,-21.906697458418215,-23.96266457897063,,piecewise,E3,E3-52e8ef7f558c,-22.934681018694423,-22.934681018694423,-23.2492477065628,request_throughput_rps,5,32,-16.655723870382243,fcfs,mixed,-72.59993407660701,-70.88502638851027,-74.23968493035413,2000,workload_seed,1.3769849450661
poisson,3913.1195126641674,mono,1068.2769086187377,-2585.053518450578,-3101.2455087056173,,piecewise,E3,E3-52e8ef7f558c,-2844.8426040454297,-2844.8426040454297,-2817.034367637111,output_token_throughput_tps,5,32,-8.950037900137902,fcfs,mixed,-72.70012057742076,-70.92459720172025,-74.30513401154819,2000,workload_seed,317.85816281309786
poisson,30.825182227598987,mono,8.558810145189195,-20.99110701997379,-23.543548795439705,,piecewise,E3,E3-52e8ef7f558c,-22.266372082409795,-22.266372082409795,-21.912814883002653,observed_request_throughput_rps,5,32,-13.108431583956785,fcfs,mixed,-72.23435669578569,-69.97538262564666,-74.37688193752544,2000,workload_seed,1.6986297666351844
poisson,2.6799503606808077,mono,2.7126286731249545,0.36994350969124107,-0.28802753924337604,,piecewise,E3,E3-52e8ef7f558c,0.03267831244414694,0.03267831244414694,0.10584570863275511,iteration_cv,5,32,0.07594976097475048,fcfs,mixed,1.2193626017701797,15.135218407296168,-9.686122914833572,2000,workload_seed,0.4302622157693275
poisson,462.50107404500096,mono,21960.113059124185,23570.156816618673,19871.871501777834,,piecewise,E3,E3-52e8ef7f558c,21497.61198507918,21497.61198507918,20997.46030639836,max_wait_ms,5,32,9.485371775756432,fcfs,mixed,4648.121526954008,8875.181229631367,2673.0846905012922,2000,workload_seed,2266.396351487742
poisson,1.4,mono,241.8,241.8,239.0,,piecewise,E3,E3-52e8ef7f558c,240.4,240.4,241.0,starvation_proxy_count,5,32,132.33584456818855,fcfs,mixed,17171.428571428572,17242.857142857145,5695.2380952380945,2000,workload_seed,1.816590212458495
poisson,0.9888975330254073,mono,0.4393101354106063,-0.5358819603227337,-0.5622126882480045,,piecewise,E3,E3-52e8ef7f558c,-0.549587397614801,-0.549587397614801,-0.5481667658942129,waiting_satisfaction_jain,5,32,-32.43447034959179,fcfs,mixed,-55.575767889055975,-54.73954940831285,-56.39863582300955,2000,workload_seed,0.01694454670266314
poisson,345.58032151351864,mono,21131.651165216997,22581.571617096295,19387.785479648323,,piecewise,E3,E3-52e8ef7f558c,20786.07084370348,20786.07084370348,20320.86274890191,short_prompt_ttft_p95_ms,5,32,10.556482545422712,fcfs,mixed,6014.830576193661,14363.728892243824,3085.6494197764437,2000,workload_seed,1969.0337907787587
poisson,410.4722896469413,mono,20807.69558725279,22074.24907044076,19092.743661204517,,piecewise,E3,E3-52e8ef7f558c,20397.22329760585,20397.22329760585,20037.16207252312,long_prompt_ttft_p95_ms,5,32,10.71282989676926,fcfs,mixed,4969.208351469979,9802.26251269257,2655.9803130816827,2000,workload_seed,1903.9995495267947
poisson,37.05278931,mono,0.8004950000000001,-11.014894584750074,-66.73324201000001,,piecewise,E3,E3-52e8ef7f558c,-36.25229431,-36.25229431,-23.46067635,primer_max_itl_ms,5,32,-1.001465882889473,fcfs,mixed,-97.83958235019041,-93.28759315075388,-98.79222051963927,2000,workload_seed,36.19923047743105
poisson,22.4,mono,191.0,180.8,156.595,,piecewise,E3,E3-52e8ef7f558c,168.6,168.6,168.0,backlog_at_arrival_end,5,32,10.646179987458359,fcfs,mixed,752.6785714285716,2394.4444444444443,412.1052631578947,2000,workload_seed,15.836666315863322
poisson,0.9991182615063628,mono,0.9998186583658445,0.0015419973808049603,-1.6653345369377348e-15,,piecewise,E3,E3-52e8ef7f558c,0.000700396859481689,0.000700396859481689,-1.2212453270876722e-15,server_busy_fraction,5,32,0.6251611472147812,fcfs,mixed,0.07010149713664315,0.15452207457131717,-1.6653345369377348e-13,2000,workload_seed,0.0011203461101223229
poisson,0.6033610828536528,mono,0.03125,-0.40336660543117747,-0.7498418827153781,,piecewise,E3,E3-52e8ef7f558c,-0.5721110828536528,-0.5721110828536528,-0.6473330728666671,batch_slot_occupancy,5,32,-2.5072783115898845,fcfs,mixed,-94.820680204928,-92.80975471036196,-95.99919027562251,2000,workload_seed,0.2281801267171145
poisson,9.75829825901128,mono,14.039261157692454,5.34236499573276,2.8686473486568502,,piecewise,E3,E3-5c074c05e05d,4.280962898681173,4.280962898681173,4.676721494814956,ttft_p50_ms,5,8,2.7186664264996914,chunk_512,mixed,43.86997389353138,53.26384193355482,30.51336927042041,2000,workload_seed,1.5746554475949273
poisson,86.3759571385051,mono,152.69305111739976,71.73558553223995,62.84303910628165,,piecewise,E3,E3-5c074c05e05d,66.31709397889469,66.31709397889469,64.36444595996198,ttft_p95_ms,5,8,11.32323197737659,chunk_512,mixed,76.77726091365244,89.32861858566783,70.42061817007044,2000,workload_seed,5.856728371492685
poisson,99.35286181305143,mono,205.41808532999903,124.8238334420294,87.1689856069078,,piecewise,E3,E3-5c074c05e05d,106.0652235169476,106.0652235169476,107.47770350893387,ttft_p99_ms,5,8,4.569390382482734,chunk_512,mixed,106.75608289625976,119.31302307932037,92.27553616842354,2000,workload_seed,23.212116855578905
poisson,1.7567396620984304,mono,2.392501366156341,0.8939220258932552,0.44904737686009477,,piecewise,E3,E3-5c074c05e05d,0.6357617040579104,0.6357617040579104,0.49077955299284404,tpot_p95_ms,5,8,2.193608792452064,chunk_512,mixed,36.189864541368166,49.76251406340826,26.269832698952932,2000,workload_seed,0.28982456044372523
poisson,3.5348541564470786,mono,5.566384843936435,2.9482851486687194,1.1478434680890868,,piecewise,E3,E3-5c074c05e05d,2.0315306874893557,2.0315306874893557,1.414391773538135,tpot_p99_ms,5,8,1.681122277181196,chunk_512,mixed,57.47141459242751,88.13056055449889,30.35353752738217,2000,workload_seed,1.2084371940485514
poisson,471.34476488940163,mono,557.64847770557,115.53081554098722,67.0797317668776,,piecewise,E3,E3-5c074c05e05d,86.30371281616831,86.30371281616831,78.3187976017507,e2e_p95_ms,5,8,2.7013474356483886,chunk_512,mixed,18.310103186659777,23.594800935777705,14.681516759022761,2000,workload_seed,31.948394226251512
poisson,1.0351880000004257,mono,1.1460361999999804,0.1568521550000298,0.06330720000023575,,piecewise,E3,E3-5c074c05e05d,0.11084819999955471,0.11084819999955471,0.11254999999982829,itl_p95_ms,5,8,1.827760073806017,chunk_512,mixed,10.708025981706616,15.145019710931532,6.154145264106647,2000,workload_seed,0.06064701904158084
poisson,1.33693895690013,mono,9.599974612099919,8.456660954999611,7.923529778100054,,piecewise,E3,E3-5c074c05e05d,8.26303565519979,8.26303565519979,8.441772250000213,itl_p99_ms,5,8,22.162803015811907,chunk_512,mixed,618.0563153278689,749.9538235418972,465.6223907367159,2000,workload_seed,0.37283351069377735
poisson,8.43615604684307,mono,8.428269776579214,-6.846461380636271e-05,-0.015704075913904526,,piecewise,E3,E3-5c074c05e05d,-0.007886270263855443,-0.007886270263855443,-0.00034232306903181353,request_throughput_rps,5,8,-0.7409175045700911,chunk_512,mixed,-0.09348179692346692,-0.0008559024348608915,-0.1805188428546045,2000,workload_seed,0.01064392488396041
poisson,1046.67532744343,mono,1045.6559687241454,-0.007840535480318067,-2.0977863552139295,,piecewise,E3,E3-5c074c05e05d,-1.0193587192844915,-1.0193587192844915,-0.039202677401590336,output_token_throughput_tps,5,8,-0.7363526429812332,chunk_512,mixed,-0.09739015457395084,-0.000797790047401271,-0.18355324064089823,2000,workload_seed,1.3843349772704912
poisson,8.429198320583199,mono,8.429198320583199,0.0,0.0,,piecewise,E3,E3-5c074c05e05d,0.0,0.0,0.0,observed_request_throughput_rps,5,8,,chunk_512,mixed,0.0,0.0,0.0,2000,workload_seed,0.0
poisson,3.1034043644243567,mono,1.392337901478748,-1.595160909426133,-1.8399816808992984,,piecewise,E3,E3-5c074c05e05d,-1.7110664629456085,-1.7110664629456085,-1.6873998207530272,iteration_cv,5,8,-11.465665261380614,chunk_512,mixed,-55.13514392646639,-53.929093975984955,-56.426420967924216,2000,workload_seed,0.14923394534366285
poisson,97.09736119173894,mono,194.1123272111219,118.16356670894592,76.99164481043036,,piecewise,E3,E3-5c074c05e05d,97.01496601938297,97.01496601938297,93.73400479476732,max_wait_ms,5,8,3.830979760811639,chunk_512,mixed,99.91514169762732,114.25568110993862,85.05768712980516,2000,workload_seed,25.3238001964357
poisson,0.0,mono,0.0,0.0,0.0,,piecewise,E3,E3-5c074c05e05d,0.0,0.0,0.0,starvation_proxy_count,5,8,,chunk_512,mixed,,,,2000,workload_seed,0.0
poisson,0.9998283945179054,mono,0.9991019839764901,-0.0005994646085895949,-0.0008911914810397325,,piecewise,E3,E3-5c074c05e05d,-0.0007264105414152233,-0.0007264105414152233,-0.0006651469749495709,waiting_satisfaction_jain,5,8,-3.76076848819989,chunk_512,mixed,-0.07265352188418062,-0.05995383702648294,-0.08913954424185633,2000,workload_seed,0.00019315481495190982
poisson,36.22866832166645,mono,100.28609621225948,69.3719045409711,59.56707581727581,,piecewise,E3,E3-5c074c05e05d,64.05742789059303,64.05742789059303,63.37742486622313,short_prompt_ttft_p95_ms,5,8,10.027399348194471,chunk_512,mixed,176.81419400194645,225.69605058242593,149.0573136495543,2000,workload_seed,6.388239429411693
poisson,93.60752603531306,mono,198.70144440744713,119.73541642925034,87.57555074015787,,piecewise,E3,E3-5c074c05e05d,105.09391837213407,105.09391837213407,109.3362242366456,long_prompt_ttft_p95_ms,5,8,5.216977109002501,chunk_512,mixed,112.27080003427056,123.36081309875672,96.87130033402647,2000,workload_seed,20.144600249593253
poisson,15.403530159999999,mono,5.230854560000001,-1.7499999998449311e-06,-29.475370429999998,,piecewise,E3,E3-5c074c05e05d,-10.172675599999998,-10.172675599999998,-8.749999999224656e-06,primer_max_itl_ms,5,8,-0.47715270188407166,chunk_512,mixed,-66.04119636430146,-0.00010147252461623069,-81.67528984628714,2000,workload_seed,21.31953892293276
poisson,1.6,mono,1.6,0.0,0.0,,piecewise,E3,E3-5c074c05e05d,0.0,0.0,0.0,backlog_at_arrival_end,5,8,,chunk_512,mixed,0.0,0.0,0.0,2000,workload_seed,0.0
poisson,0.6557779634429247,mono,0.6897153332628219,0.036758341533390346,0.02941648651127271,,piecewise,E3,E3-5c074c05e05d,0.033937369819897124,0.033937369819897124,0.035488539850471734,server_busy_fraction,5,8,6.799282643863288,chunk_512,mixed,5.175131174234848,5.86389242339842,4.258187179909645,2000,workload_seed,0.00499131623106261
poisson,0.05798894113683182,mono,0.0646373085815963,0.008400623600781854,0.00528153398697305,,piecewise,E3,E3-5c074c05e05d,0.00664836744476449,0.00664836744476449,0.005776035146702538,batch_slot_occupancy,5,8,3.3257538084209193,chunk_512,mixed,11.464888501890158,13.768786068598239,9.563898688783912,2000,workload_seed,0.0019990558014037606
poisson,9.75829825901128,mono,1314.2712704749479,1995.2043746659401,679.1121884058082,,piecewise,E3,E3-5c074c05e05d,1304.5129722159368,1304.5129722159368,1326.7211317467372,ttft_p50_ms,5,8,1.491416229361443,fcfs,mixed,13368.24247005657,19425.00586232522,6992.579426982936,2000,workload_seed,874.6806870771885
poisson,86.3759571385051,mono,2671.846026630646,3685.031972614094,1553.5182791344773,,piecewise,E3,E3-5c074c05e05d,2585.470069492141,2585.470069492141,3038.9295292831407,ttft_p95_ms,5,8,1.8386573633821743,fcfs,mixed,2993.2751602929297,4113.536624864052,1802.025335156085,2000,workload_seed,1406.1728525298588
poisson,99.35286181305143,mono,2982.4080974218496,4025.827562966283,1762.8314174153843,,piecewise,E3,E3-5c074c05e05d,2883.0552356087983,2883.0552356087983,3364.7327045683887,ttft_p99_ms,5,8,1.9785211245897536,fcfs,mixed,2901.834112271205,4097.699802280412,1807.560427838312,2000,workload_seed,1457.1768781122314
poisson,1.7567396620984304,mono,0.8280807499999913,-0.8276541309732213,-1.0310963209507968,,piecewise,E3,E3-5c074c05e05d,-0.9286589120984393,-0.9286589120984393,-0.9398120526422543,tpot_p95_ms,5,8,-7.1616624063359,fcfs,mixed,-52.86263708472055,-49.95981341079276,-55.43259801032103,2000,workload_seed,0.12967085844159001
poisson,3.5348541564470786,mono,0.8317666499999923,-2.4233913109587077,-3.0259613093312168,,piecewise,E3,E3-5c074c05e05d,-2.703087506447086,-2.703087506447086,-2.5978635027012587,tpot_p99_ms,5,8,-7.1045696399871145,fcfs,mixed,-76.46956244339059,-74.44433924937894,-78.4400486106874,2000,workload_seed,0.38047167434789037
poisson,471.34476488940163,mono,2788.219715870868,3379.6512262492097,1304.5641168387197,,piecewise,E3,E3-5c074c05e05d,2316.8749509814666,2316.8749509814666,2735.0141166860203,e2e_p95_ms,5,8,1.7128880949875622,fcfs,mixed,491.54570572670053,683.0172480917955,284.76326250704494,2000,workload_seed,1352.6131437081942
poisson,1.0351880000004257,mono,0.8313999999997577,-0.18132199999954537,-0.22477855000119804,,piecewise,E3,E3-5c074c05e05d,-0.20378800000066805,-0.20378800000066805,-0.2000800000023446,itl_p95_ms,5,8,-7.124279655419647,fcfs,mixed,-19.686086005690196,-17.90396031387308,-21.282379290804187,2000,workload_seed,0.028604716526763597
poisson,1.33693895690013,mono,0.8324440000003406,-0.29452500000048987,-0.8683470956992142,,piecewise,E3,E3-5c074c05e05d,-0.5044949568997893,-0.5044949568997893,-0.3059350000003178,itl_p99_ms,5,8,-1.26395606063896,fcfs,mixed,-37.73507790284815,-26.132218689949095,-51.05488687395713,2000,workload_seed,0.39913963199381713
poisson,8.43615604684307,mono,8.08918382141236,-0.041050670136966616,-0.7497658687849655,,piecewise,E3,E3-5c074c05e05d,-0.3469722254307085,-0.3469722254307085,-0.20175438528386458,request_throughput_rps,5,8,-0.7541290827768687,fcfs,mixed,-4.112918531901166,-0.5190619159979315,-8.592779908523829,2000,workload_seed,0.4600965979896713
poisson,1046.67532744343,mono,1001.0486878731615,-4.88488913692836,-101.9293530479421,,piecewise,E3,E3-5c074c05e05d,-45.626639570268345,-45.626639570268345,-24.023745807062824,output_token_throughput_tps,5,8,-0.718235383364274,fcfs,mixed,-4.359197009230586,-0.5233754473776608,-8.823436812577224,2000,workload_seed,63.5260259060886
poisson,8.429198320583199,mono,8.044033740523759,-0.07537973789696259,-0.6949494222219144,,piecewise,E3,E3-5c074c05e05d,-0.3851645800594385,-0.3851645800594385,-0.376898689484813,observed_request_throughput_rps,5,8,-0.950017600812289,fcfs,mixed,-4.56940939589604,-0.9556945827962626,-7.953395698239996,2000,workload_seed,0.4054288886122879
poisson,3.1034043644243567,mono,2.7126286731249545,-0.35461656411418774,-0.4272702162288794,,piecewise,E3,E3-5c074c05e05d,-0.3907756912994018,-0.3907756912994018,-0.39454071738372365,iteration_cv,5,8,-8.39585307719867,fcfs,mixed,-12.59183932906166,-11.792881560492896,-13.65443046506658,2000,workload_seed,0.04654389348006393
poisson,97.09736119173894,mono,3141.7932684380257,4226.223949653312,1889.171666143773,,piecewise,E3,E3-5c074c05e05d,3044.6959072462864,3044.6959072462864,3453.2932269216994,max_wait_ms,5,8,2.029744287251977,fcfs,mixed,3135.714369450166,4594.883574461086,1921.767951064905,2000,workload_seed,1500.0391558526953
poisson,0.0,mono,123.8,192.4,59.0,,piecewise,E3,E3-5c074c05e05d,123.8,123.8,142.0,starvation_proxy_count,5,8,1.4119142077066082,fcfs,mixed,,,,2000,workload_seed,87.68238135452299
poisson,0.9998283945179054,mono,0.8705222590407953,-0.07869816785184344,-0.17991410310237657,,piecewise,E3,E3-5c074c05e05d,-0.12930613547711,-0.12930613547711,-0.16865373254710747,waiting_satisfaction_jain,5,8,-1.8872000653688858,fcfs,mixed,-12.932832892734414,-7.871261163548182,-17.994284190279874,2000,workload_seed,0.06851744965991981
poisson,36.22866832166645,mono,2547.291789564674,3589.1453218301917,1460.543299098881,,piecewise,E3,E3-5c074c05e05d,2511.063121243008,2511.063121243008,2970.8427534350703,short_prompt_ttft_p95_ms,5,8,1.8096461464161198,fcfs,mixed,6931.149384095009,11031.32578655813,3700.091990232406,2000,workload_seed,1387.598965806656
poisson,93.60752603531306,mono,2640.3158585376577,3675.7451377337247,1499.0854937189488,,piecewise,E3,E3-5c074c05e05d,2546.7083325023445,2546.7083325023445,2708.73163680272,long_prompt_ttft_p95_ms,5,8,1.7858138808558226,fcfs,mixed,2720.623480147963,4042.638497615763,1555.0301563297828,2000,workload_seed,1426.0771292033387
poisson,15.403530159999999,mono,0.8004950000000001,-0.9325097699999987,-36.51221893,,piecewise,E3,E3-5c074c05e05d,-14.60303516,-14.60303516,-4.662548849999993,primer_max_itl_ms,5,8,-0.6033853514535736,fcfs,mixed,-94.80317179448429,-54.070926059192026,-97.85604564327657,2000,workload_seed,24.20183904833096
poisson,1.6,mono,12.6,19.8,2.2,,piecewise,E3,E3-5c074c05e05d,11.0,11.0,11.0,backlog_at_arrival_end,5,8,0.9520331092974139,fcfs,mixed,687.4999999999999,1240.0,183.33333333333334,2000,workload_seed,11.554220008291344
poisson,0.6557779634429247,mono,0.9368165446497703,0.2990691696904773,0.2646950516327556,,piecewise,E3,E3-5c074c05e05d,0.2810385812068455,0.2810385812068455,0.27862068213625446,server_busy_fraction,5,8,12.152633375178956,fcfs,mixed,42.85575253723901,44.71729576737869,40.5935198225553,2000,workload_seed,0.023125735182701255
poisson,0.05798894113683182,mono,0.03125,-0.023836711692697736,-0.029885976898776385,,piecewise,E3,E3-5c074c05e05d,-0.02673894113683182,-0.02673894113683182,-0.02617808868856432,batch_slot_occupancy,5,8,-6.701910304320391,fcfs,mixed,-46.11041452496624,-43.27125537220534,-48.88443501648625,2000,workload_seed,0.003989749179363762
poisson,321.3580219391646,mono,316.7600767735147,31.032970649103028,-54.05175599315148,,analytical,E3,E3-608c400d1048,-4.597945165649935,-4.597945165649935,3.598500254377541,ttft_p50_ms,5,16,-0.0808876695929994,chunk_512,mixed,-1.4307858686410269,31.671939243662074,-7.209876133774107,2000,workload_seed,56.84358554011147
poisson,853.234066396084,mono,893.6946845254246,108.59384688631721,-36.54325758679401,,analytical,E3,E3-608c400d1048,40.46061812934064,40.46061812934064,36.899543181152296,ttft_p95_ms,5,16,0.43657984436349234,chunk_512,mixed,4.742030320031576,34.38431221670608,-2.9380711939348103,2000,workload_seed,92.67633092024629
poisson,998.5341939454069,mono,1034.4251239574492,123.84324351681963,-70.16771726423022,,analytical,E3,E3-608c400d1048,35.89093001204229,35.89093001204229,43.372045900627825,ttft_p99_ms,5,16,0.2978259652799823,chunk_512,mixed,3.594361638255994,27.54075802683762,-5.030126625079512,2000,workload_seed,120.5097412453669
poisson,16.28766406130889,mono,12.338363180903638,-1.456145781628674,-6.590962839260557,,analytical,E3,E3-608c400d1048,-3.949300880405251,-3.949300880405251,-3.2250817339873024,tpot_p95_ms,5,16,-1.2044018539552928,chunk_512,mixed,-24.24719017742244,-13.788343435892504,-31.136762308184974,2000,workload_seed,3.2790557963985405
poisson,30.442248569754536,mono,14.278775885665008,-7.2778591419061796,-24.246504907224196,,analytical,E3,E3-608c400d1048,-16.16347268408953,-16.16347268408953,-16.061291597653547,tpot_p99_ms,5,16,-1.422975220042087,chunk_512,mixed,-53.09552823291942,-33.79987127693702,-65.13877547670012,2000,workload_seed,11.358927728630064
poisson,3875.05369273212,mono,3613.1897545479333,-92.04567255593247,-453.36652312572767,,analytical,E3,E3-608c400d1048,-261.8639381841863,-261.8639381841863,-152.67414423720084,e2e_p95_ms,5,16,-1.131429124909314,chunk_512,mixed,-6.757685414148639,-4.3492006074351774,-8.157297825548094,2000,workload_seed,231.44528669011868
poisson,21.88140000000003,mono,15.652599999999984,4.101600000000326,-17.664199999999617,,analytical,E3,E3-608c400d1048,-6.228800000000047,-6.228800000000047,-3.1860000000015134,itl_p95_ms,5,16,-0.4421351820046165,chunk_512,mixed,-28.46618589304175,49.15274548810511,-50.09170210570927,2000,workload_seed,14.087998995599065
poisson,87.62999999999992,mono,16.606200000000353,-33.77419999999929,-109.92499999999946,,analytical,E3,E3-608c400d1048,-71.02379999999957,-71.02379999999957,-82.80699999999979,itl_p99_ms,5,16,-1.4067051201492726,chunk_512,mixed,-81.04964053406326,-70.38770081131234,-85.57383067550165,2000,workload_seed,50.48947287009439
poisson,15.52161078823438,mono,15.640589392951977,0.20951474672478518,0.028460728472116514,,analytical,E3,E3-608c400d1048,0.118978604717595,0.118978604717595,0.14239497116914102,request_throughput_rps,5,16,0.9781091773039021,chunk_512,mixed,0.7665351640422813,1.3370884455123688,0.1850067161005331,2000,workload_seed,0.12164143582166585
poisson,1920.2255436552587,mono,1935.0250615079851,25.676455456259283,3.9246720356623426,,analytical,E3,E3-608c400d1048,14.79951785272624,14.79951785272624,19.63381911065744,output_token_throughput_tps,5,16,0.9984771851195874,chunk_512,mixed,0.7707176847858488,1.3363933377026793,0.20551941240087856,2000,workload_seed,14.822089150643642
poisson,14.740953531340804,mono,14.978700108203109,0.45533121834810686,0.027975924042779356,,analytical,E3,E3-608c400d1048,0.237746576862304,0.237746576862304,0.13987962021389677,observed_request_throughput_rps,5,16,0.8814523257166623,chunk_512,mixed,1.6128303800485577,3.1693392868120007,0.18439342555298666,2000,workload_seed,0.2697214244332554
poisson,3.4810549657609315,mono,1.340142853167549,-1.3988481021358143,-2.8377211970912413,,analytical,E3,E3-608c400d1048,-2.1409121125933823,-2.1409121125933823,-1.815918303505305,iteration_cv,5,16,-2.256137321413184,chunk_512,mixed,-61.50181866276265,-57.089896698611284,-64.16431677008305,2000,workload_seed,0.9489281048071899
poisson,1009.8734385784832,mono,1067.2960955122717,139.7307506699803,-42.799057545206416,,analytical,E3,E3-608c400d1048,57.422656933788495,57.422656933788495,90.05599999997867,max_wait_ms,5,16,0.5054000846639823,chunk_512,mixed,5.686124096363776,33.92098724423248,-2.7800677011583175,2000,workload_seed,113.61821787577702
poisson,43.4,mono,38.8,0.0,-11.4,,analytical,E3,E3-608c400d1048,-4.6,-4.6,0.0,starvation_proxy_count,5,16,-0.621394711002044,chunk_512,mixed,-10.599078341013824,-9.826589595375722,-13.636363636363647,2000,workload_seed,7.402702209328699
poisson,0.9566245360303632,mono,0.9611427730848593,0.013473607980415324,-0.0018294483758352076,,analytical,E3,E3-608c400d1048,0.004518237054496011,0.004518237054496011,-0.0009104353728506265,waiting_satisfaction_jain,5,16,0.45576696359435354,chunk_512,mixed,0.47231038765167543,1.4894343199274926,-0.18414339518679768,2000,workload_seed,0.009913480825515426
poisson,806.265445505929,mono,785.2873981436682,22.47585620877298,-67.84330256273606,,analytical,E3,E3-608c400d1048,-20.978047362260877,-20.978047362260877,-5.690751222020879,short_prompt_ttft_p95_ms,5,16,-0.35207715855251775,chunk_512,mixed,-2.6018785102587705,11.5695646770962,-4.818360645649333,2000,workload_seed,59.583664695850125
poisson,926.5978740062983,mono,933.672712390272,50.17466607531577,-33.22953076841331,,analytical,E3,E3-608c400d1048,7.074838383973622,7.074838383973622,-3.116845879222865,long_prompt_ttft_p95_ms,5,16,0.13537906237227174,chunk_512,mixed,0.7635284498748618,10.024638817104359,-2.5718371763606473,2000,workload_seed,52.25947247676231
poisson,49.44419999999998,mono,5.481200000000003,0.0,-98.53379999999996,,analytical,E3,E3-608c400d1048,-43.96299999999998,-43.96299999999998,0.0,primer_max_itl_ms,5,16,-0.6972512216419676,chunk_512,mixed,-88.91437216094101,0.0,-91.72950530332317,2000,workload_seed,63.051879488243614
poisson,31.8,mono,28.4,-0.4,-6.4,,analytical,E3,E3-608c400d1048,-3.4,-3.4,-2.0,backlog_at_arrival_end,5,16,-0.8837879163470618,chunk_512,mixed,-10.691823899371078,-3.1746031746031744,-17.28395061728395,2000,workload_seed,3.847076812334269
poisson,0.9407748716949911,mono,0.9406128869559345,0.00013967822486320446,-0.0004906895782074594,,analytical,E3,E3-608c400d1048,-0.00016198473905666423,-0.00016198473905666423,-0.00012477368564900448,server_busy_fraction,5,16,-0.40522516873023273,chunk_512,mixed,-0.017218225521342667,0.015000637454742893,-0.05322224008964538,2000,workload_seed,0.0003997400743005206
poisson,0.5308873773661787,mono,0.4803999548828145,-0.01996333347170487,-0.08629186711909302,,analytical,E3,E3-608c400d1048,-0.050487422483364255,-0.050487422483364255,-0.04653034394086186,batch_slot_occupancy,5,16,-1.1793217137455405,chunk_512,mixed,-9.510006196387788,-5.8182820892688785,-12.52291796837569,2000,workload_seed,0.04281055957412636
poisson,321.3580219391646,mono,1540.7306769876818,1641.7314597196266,790.6677457943724,,analytical,E3,E3-608c400d1048,1219.3726550485171,1219.3726550485171,1467.8553629273274,ttft_p50_ms,5,16,2.032170209633592,fcfs,mixed,379.4436646362459,2222.1043884364226,155.9541758149741,2000,workload_seed,600.0347063784459
poisson,853.234066396084,mono,2358.340967593895,1862.8149003313072,1099.8565021656498,,analytical,E3,E3-608c400d1048,1505.106901197811,1505.106901197811,1624.5351434003921,ttft_p95_ms,5,16,2.90343853609314,fcfs,mixed,176.40023534868075,491.79594334461353,107.07055586991157,2000,workload_seed,518.3877263071253
poisson,998.5341939454069,mono,2542.3784905369916,1904.0548839608832,1172.6840815112255,,analytical,E3,E3-608c400d1048,1543.8442965915847,1543.8442965915847,1506.1036218312206,ttft_p99_ms,5,16,2.98413962012609,fcfs,mixed,154.6110594862605,409.3351479432321,93.03530605241657,2000,workload_seed,517.3498874447275
poisson,16.28766406130889,mono,0.32300000000032014,-10.237701424350423,-21.691626698266713,,analytical,E3,E3-608c400d1048,-15.964664061308572,-15.964664061308572,-18.413564965694185,tpot_p95_ms,5,16,-2.1665017664296875,fcfs,mixed,-98.01690408898105,-96.94149103339338,-98.5327936538404,2000,workload_seed,7.368867318127199
poisson,30.442248569754536,mono,0.32300000000032014,-20.364097658632044,-38.57289011652712,,analytical,E3,E3-608c400d1048,-30.119248569754216,-30.119248569754216,-32.64131944444388,tpot_p99_ms,5,16,-2.5275468463210022,fcfs,mixed,-98.93897456602062,-98.4386403287194,-99.16957807358914,2000,workload_seed,11.916395778616176
poisson,3875.05369273212,mono,2391.567017094237,-404.8892946908923,-2636.4005265926203,,analytical,E3,E3-608c400d1048,-1483.4866756378824,-1483.4866756378824,-1517.1347365854886,e2e_p95_ms,5,16,-1.0180768876118644,fcfs,mixed,-38.28299665680104,-19.656925747163022,-46.344914084367424,2000,workload_seed,1457.1460109636164
poisson,21.88140000000003,mono,0.32300000000032014,-8.02159999999949,-35.774799999999956,,analytical,E3,E3-608c400d1048,-21.55839999999971,-21.55839999999971,-21.082000000000335,itl_p95_ms,5,16,-1.2107035076637787,fcfs,mixed,-98.5238604476847,-96.1292332766061,-99.10520862767173,2000,workload_seed,17.80650660011686
poisson,87.62999999999992,mono,0.32300000000032014,-47.52299999999959,-128.62099999999936,,analytical,E3,E3-608c400d1048,-87.3069999999996,-87.3069999999996,-101.5029999999997,itl_p99_ms,5,16,-1.6289414378702223,fcfs,mixed,-99.63140477005555,-99.32491744346378,-99.74950366050354,2000,workload_seed,53.59738414792254
poisson,15.52161078823438,mono,15.115750788510843,-0.16894092387418952,-0.6590266179732199,,analytical,E3,E3-608c400d1048,-0.4058599997235383,-0.4058599997235383,-0.3957319588363397,request_throughput_rps,5,16,-1.2678220983468442,fcfs,mixed,-2.614805932585207,-1.0923968622100766,-4.126181407885854,2000,workload_seed,0.32012377781768653
poisson,1920.2255436552587,mono,1869.2457899309004,-20.964958313572744,-80.99454913514406,,analytical,E3,E3-608c400d1048,-50.979753724358396,-50.979753724358396,-47.78772568541649,output_token_throughput_tps,5,16,-1.2894121187339305,fcfs,mixed,-2.654883635560612,-1.1217657926066549,-4.108215385775105,2000,workload_seed,39.53720690512452
poisson,14.740953531340804,mono,14.967185342268817,0.6477039137616305,-0.19524029190560377,,analytical,E3,E3-608c400d1048,0.2262318109280134,0.2262318109280134,0.1370540689035682,observed_request_throughput_rps,5,16,0.39941533553107184,fcfs,mixed,1.5347162613803755,4.596384367767725,-1.2685922368421476,2000,workload_seed,0.5664074230580315
poisson,3.4810549657609315,mono,7.865555717532243,5.583182789239119,3.1909889591397116,,analytical,E3,E3-608c400d1048,4.384500751771311,4.384500751771311,4.856071865504994,iteration_cv,5,16,2.86142960182457,fcfs,mixed,125.9532180587931,229.1056725393289,71.56144830748752,2000,workload_seed,1.5322762960778646
poisson,1009.8734385784832,mono,2586.396986616977,1941.619005833169,1178.338989720161,,analytical,E3,E3-608c400d1048,1576.523548038494,1576.523548038494,1561.0097383853426,max_wait_ms,5,16,2.911876731617831,fcfs,mixed,156.11100241012755,410.88912646625477,93.53594068234332,2000,workload_seed,541.4114996422193
poisson,43.4,mono,135.8,142.4,42.38,,analytical,E3,E3-608c400d1048,92.4,92.4,122.0,starvation_proxy_count,5,16,1.414309644654479,fcfs,mixed,212.90322580645164,1343.181818181818,47.42451154529308,2000,workload_seed,65.33222788180424
poisson,0.9566245360303632,mono,0.8780921349704638,-0.05343146258039193,-0.10658089695214387,,analytical,E3,E3-608c400d1048,-0.07853240105989942,-0.07853240105989942,-0.07387386744935232,waiting_satisfaction_jain,5,16,-2.217896812899922,fcfs,mixed,-8.209323313593831,-5.502363802772281,-11.043156897506844,2000,workload_seed,0.03540850079369451
poisson,806.265445505929,mono,2303.0038797386055,1847.707900850825,1113.6512007708352,,analytical,E3,E3-608c400d1048,1496.7384342326764,1496.7384342326764,1602.1303869207359,short_prompt_ttft_p95_ms,5,16,2.979067580321301,fcfs,mixed,185.63842002350452,575.033274423277,112.65637974497476,2000,workload_seed,502.4184225022679
poisson,926.5978740062983,mono,2363.0596282423594,1810.6295830766344,1004.2861421086266,,analytical,E3,E3-608c400d1048,1436.461754236061,1436.461754236061,1539.1781041235117,long_prompt_ttft_p95_ms,5,16,2.604007576428375,fcfs,mixed,155.02536693995233,388.24369197641255,96.15221775917911,2000,workload_seed,551.6350133690066
poisson,49.44419999999998,mono,0.32300000000000184,-0.7235999999999997,-107.56559999999995,,analytical,E3,E3-608c400d1048,-49.12119999999998,-49.12119999999998,-3.6179999999999986,primer_max_itl_ms,5,16,-0.7188474888738143,fcfs,mixed,-99.34673834342551,-69.13816166634814,-99.7006171180273,2000,workload_seed,68.33327063151592
poisson,31.8,mono,28.8,3.4,-9.2,,analytical,E3,E3-608c400d1048,-3.0,-3.0,-2.0,backlog_at_arrival_end,5,16,-0.35603449745815596,fcfs,mixed,-9.433962264150942,37.20930232558142,-18.99441340782122,2000,workload_seed,8.426149773176359
poisson,0.9407748716949911,mono,0.9799159721988884,0.07479408067874013,0.0034881203290544117,,analytical,E3,E3-608c400d1048,0.039141100503897276,0.039141100503897276,0.010567288804346764,server_busy_fraction,5,16,0.8259795399096738,fcfs,mixed,4.1605172163428294,8.35580205314168,0.3523020831219581,2000,workload_seed,0.04738749401489728
poisson,0.5308873773661787,mono,0.03125,-0.2492504233365081,-0.7528830345040397,,analytical,E3,E3-608c400d1048,-0.49963737736617875,-0.49963737736617875,-0.5877391315418177,batch_slot_occupancy,5,16,-1.5569913432613423,fcfs,mixed,-94.11362911752838,-88.8591968495854,-96.01470686415277,2000,workload_seed,0.3208992648087666
poisson,2536.131942020272,mono,3381.722395837233,1019.9564849366741,721.6489845600006,,piecewise,E3,E3-9df3e7e08d48,845.5904538169605,845.5904538169605,798.0607269903435,ttft_p50_ms,5,128,4.330658602313395,chunk_512,mixed,33.34173746273497,36.002564890811016,30.694013690408582,2000,workload_seed,195.25677996535083
poisson,4904.769491381789,mono,6282.495515052251,1522.330110618061,1259.2304836171252,,piecewise,E3,E3-9df3e7e08d48,1377.7260236704628,1377.7260236704628,1355.0211627682074,ttft_p95_ms,5,128,8.613539996548878,chunk_512,mixed,28.08951625741589,30.12073397654238,26.065205473590012,2000,workload_seed,159.94887400795326
poisson,5093.592829876174,mono,6519.10465169007,1571.3033539075896,1311.6764144302163,,piecewise,E3,E3-9df3e7e08d48,1425.5118218138966,1425.5118218138966,1385.0340514915924,ttft_p99_ms,5,128,8.775153382338207,chunk_512,mixed,27.98637169136564,29.76652703878473,26.16329320553945,2000,workload_seed,162.44865014929894
poisson,11.92279318026429,mono,9.756882635078501,-1.3174388164037965,-3.0446937391071973,,piecewise,E3,E3-9df3e7e08d48,-2.1659105451857905,-2.1659105451857905,-2.1720359919702332,tpot_p95_ms,5,128,-1.908348318748518,chunk_512,mixed,-18.166133660449667,-12.035811311293,-23.72617190763222,2000,workload_seed,1.1349660457196724
poisson,19.239349003889753,mono,10.318909273069597,-6.406104454525156,-11.900579913286341,,piecewise,E3,E3-9df3e7e08d48,-8.920439730820158,-8.920439730820158,-8.815994312279328,tpot_p99_ms,5,128,-2.5549932071621377,chunk_512,mixed,-46.36560067087846,-38.20637302960436,-53.59645474567323,2000,workload_seed,3.4913751260920964
poisson,5630.554844915314,mono,6987.06174252184,1454.9993308431676,1265.4356746512756,,piecewise,E3,E3-9df3e7e08d48,1356.506897606525,1356.506897606525,1347.6496398846766,e2e_p95_ms,5,128,11.311767320384657,chunk_512,mixed,24.09188676727876,24.9062552018692,23.222598960854125,2000,workload_seed,119.91997883142427
poisson,26.952738129999982,mono,10.725128250000079,-13.96315757000006,-18.681111469999813,,piecewise,E3,E3-9df3e7e08d48,-16.227609879999903,-16.227609879999903,-16.751970950000416,itl_p95_ms,5,128,-5.492551704775683,chunk_512,mixed,-60.207648669051615,-56.521815842135034,-63.57729061794134,2000,workload_seed,2.95447557933597
poisson,87.24109305000002,mono,10.826195630000075,-69.50681640999991,-79.89857329000006,,piecewise,E3,E3-9df3e7e08d48,-76.41489741999995,-76.41489741999995,-79.84389025000019,itl_p99_ms,5,128,-9.909248827384076,chunk_512,mixed,-87.59048602956486,-86.52988040855352,-88.0785408883199,2000,workload_seed,7.711472256991711
poisson,33.927329145074395,mono,28.540909738756646,-5.076791448375814,-5.685870085916653,,piecewise,E3,E3-9df3e7e08d48,-5.3864194063177475,-5.3864194063177475,-5.522326234526769,request_throughput_rps,5,128,-13.546186567249794,chunk_512,mixed,-15.876343767837541,-14.962253428416428,-16.940505154034035,2000,workload_seed,0.3976336350881458
poisson,4194.021944616464,mono,3529.4585601208246,-648.9675982419528,-683.660318612796,,piecewise,E3,E3-9df3e7e08d48,-664.5633844956393,-664.5633844956393,-657.5666820589049,output_token_throughput_tps,5,128,-30.414539978985413,chunk_512,mixed,-15.845491351057117,-14.978609351516914,-16.906264679325965,2000,workload_seed,21.8501869485717
poisson,23.571377193781252,mono,18.206976851815664,-3.147151362286037,-7.466282657474428,,piecewise,E3,E3-9df3e7e08d48,-5.364400341965589,-5.364400341965589,-5.595184808555839,observed_request_throughput_rps,5,128,-2.0395225671620425,chunk_512,mixed,-22.758111661718505,-17.134776248514605,-28.768239856678544,2000,workload_seed,2.6302235769962827
poisson,2.134166615709024,mono,0.6940015162925016,-1.3851508858076123,-1.5023321800000813,,piecewise,E3,E3-9df3e7e08d48,-1.4401650994165225,-1.4401650994165225,-1.4192680551706396,iteration_cv,5,128,-19.06776949638114,chunk_512,mixed,-67.4813807326877,-65.84820246067984,-68.7357753557437,2000,workload_seed,0.07552876594663317
poisson,5112.996105441419,mono,6550.528479476687,1570.1495424057982,1326.7888954897476,,piecewise,E3,E3-9df3e7e08d48,1437.5323740352676,1437.5323740352676,1391.0964962750095,max_wait_ms,5,128,8.89281670790953,chunk_512,mixed,28.115264404473116,29.77577107841567,26.487824225459565,2000,workload_seed,161.65096181018603
poisson,195.0,mono,204.4,10.8,7.6,,piecewise,E3,E3-9df3e7e08d48,9.4,9.4,10.0,starvation_proxy_count,5,128,4.5330825284018745,chunk_512,mixed,4.8205128205128345,5.680600214362275,3.8775510204081653,2000,workload_seed,2.073644135332772
poisson,0.7287615980034697,mono,0.6863939423828461,-0.03323246289810977,-0.05026965698725595,,piecewise,E3,E3-9df3e7e08d48,-0.04236765562062357,-0.04236765562062357,-0.04296771004399125,waiting_satisfaction_jain,5,128,-4.08255456212481,chunk_512,mixed,-5.813650957555239,-4.513414409517447,-6.963845944365099,2000,workload_seed,0.010377731632464176
poisson,4871.844789458115,mono,6256.637472160424,1567.6006098443436,1250.3274433299923,,piecewise,E3,E3-9df3e7e08d48,1384.7926827023089,1384.7926827023089,1347.0407299095414,short_prompt_ttft_p95_ms,5,128,6.889329449258238,chunk_512,mixed,28.4244006643803,31.044440647158254,25.965859273489112,2000,workload_seed,201.00543788792203
poisson,4805.526129810807,mono,6204.407529349059,1549.32770885775,1287.5180626924353,,piecewise,E3,E3-9df3e7e08d48,1398.8813995382516,1398.8813995382516,1372.2532574125098,long_prompt_ttft_p95_ms,5,128,8.405219865714367,chunk_512,mixed,29.10984898948672,31.489635368239853,26.82703459601512,2000,workload_seed,166.43007819990675
poisson,78.60537080999998,mono,10.228051830000032,-44.652326629999976,-80.43757574999998,,piecewise,E3,E3-9df3e7e08d48,-68.37731897999996,-68.37731897999996,-80.06895899999995,primer_max_itl_ms,5,128,-2.5782075200214787,chunk_512,mixed,-86.98810052722396,-81.80647431576327,-88.74200117589272,2000,workload_seed,26.521262717994986
poisson,210.6,mono,221.0,14.8,6.0,,piecewise,E3,E3-9df3e7e08d48,10.4,10.4,10.0,backlog_at_arrival_end,5,128,1.858922014048222,chunk_512,mixed,4.938271604938271,7.221664994984955,2.7397260273972712,2000,workload_seed,5.594640292279746
poisson,0.9999999999999998,mono,0.9999999999999994,2.4424906541753446e-16,-7.333023077649158e-16,,piecewise,E3,E3-9df3e7e08d48,-2.220446049250313e-16,-2.220446049250313e-16,0.0,server_busy_fraction,5,128,-0.33567254331867563,chunk_512,mixed,-3.3306690738754696e-14,4.440892098500626e-14,-7.771561172376096e-14,2000,workload_seed,6.614917107302101e-16
poisson,0.9123283329128646,mono,0.8259938060055717,-0.06398104436309189,-0.10958988656652088,,piecewise,E3,E3-9df3e7e08d48,-0.08633452690729308,-0.08633452690729308,-0.0799113726001206,batch_slot_occupancy,5,128,-2.8859987316137965,chunk_512,mixed,-9.463098293971173,-7.02162969487834,-12.087607141259582,2000,workload_seed,0.02991495663583207
poisson,2536.131942020272,mono,14406.683713034532,12524.465312689532,11210.67897044922,,piecewise,E3,E3-9df3e7e08d48,11870.55177101426,11870.55177101426,12000.633806997523,ttft_p50_ms,5,128,13.979196601250905,fcfs,mixed,468.05734253550816,521.2890546673958,414.41474463438084,2000,workload_seed,849.1583679388301
poisson,4904.769491381789,mono,26637.858132765316,22985.63260986734,20811.80528217796,,piecewise,E3,E3-9df3e7e08d48,21733.08864138352,21733.08864138352,21379.831340214652,ttft_p95_ms,5,128,15.637336239287228,fcfs,mixed,443.10112186864063,463.48714556670683,418.30370366108616,2000,workload_seed,1389.8203830126342
poisson,5093.592829876174,mono,27472.987638413022,23821.367695633362,21304.103331414866,,piecewise,E3,E3-9df3e7e08d48,22379.39480853685,22379.39480853685,21778.385782235986,ttft_p99_ms,5,128,14.12457246672155,fcfs,mixed,439.3636389087051,460.833411220188,413.6656436429989,2000,workload_seed,1584.429890622475
poisson,11.92279318026429,mono,0.8280807499999912,-10.118881445933724,-12.070543414594875,,piecewise,E3,E3-9df3e7e08d48,-11.094712430264298,-11.094712430264298,-11.287529205038421,tpot_p95_ms,5,128,-8.629561688568991,fcfs,mixed,-93.05464132875586,-92.44372205234424,-93.5730387399438,2000,workload_seed,1.2856634937740499
poisson,19.239349003889753,mono,0.8317666499999918,-15.935390749348752,-21.372148727770828,,piecewise,E3,E3-9df3e7e08d48,-18.40758235388976,-18.40758235388976,-18.270967378639714,tpot_p99_ms,5,128,-5.277293558100238,fcfs,mixed,-95.67674223368043,-95.03961456906072,-96.25341037598606,2000,workload_seed,3.488072465787988
poisson,5630.554844915314,mono,26687.366822015312,22307.229710794254,20135.468639515104,,piecewise,E3,E3-9df3e7e08d48,21056.8119771,21056.8119771,20599.25483497334,e2e_p95_ms,5,128,15.329060764409064,fcfs,mixed,373.9740142326364,392.88500762046084,351.7827180950974,2000,workload_seed,1373.6531090012768
poisson,26.952738129999982,mono,0.8313999999997577,-23.872678480001053,-28.551838549998866,,piecewise,E3,E3-9df3e7e08d48,-26.121338130000225,-26.121338130000225,-26.66222460000083,itl_p95_ms,5,128,-8.90275128255771,fcfs,mixed,-96.91534123178988,-96.63481414863915,-97.17026420429772,2000,workload_seed,2.9340747933930498
poisson,87.24109305000002,mono,0.8324440000001223,-79.49429004999993,-89.88253979999982,,piecewise,E3,E3-9df3e7e08d48,-86.4086490499999,-86.4086490499999,-89.8621927999995,itl_p99_ms,5,128,-11.191959609165135,fcfs,mixed,-99.04581204694097,-98.96352397530936,-99.08242738958273,2000,workload_seed,7.720600508532889
poisson,33.927329145074395,mono,8.657496337091406,-24.280447574516778,-26.188062053788347,,piecewise,E3,E3-9df3e7e08d48,-25.269832807982993,-25.269832807982993,-25.92167434771916,request_throughput_rps,5,128,-20.101857762619193,fcfs,mixed,-74.48223436607209,-73.75036224127216,-75.22508455954726,2000,workload_seed,1.2570894245891049
poisson,4194.021944616464,mono,1068.4691809298242,-2969.481098214143,-3281.6244291591356,,piecewise,E3,E3-9df3e7e08d48,-3125.5527636866395,-3125.5527636866395,-3086.6031216465763,output_token_throughput_tps,5,128,-15.286067271743741,fcfs,mixed,-74.52399641586678,-73.74276348791255,-75.24532365920639,2000,workload_seed,204.4706926983251
poisson,23.571377193781252,mono,8.523712453126551,-10.479061664854799,-19.522160031291527,,piecewise,E3,E3-9df3e7e08d48,-15.047664740654701,-15.047664740654701,-13.987962021389603,observed_request_throughput_rps,5,128,-2.47037090888798,fcfs,mixed,-63.838716834180865,-55.487607871143396,-69.50419385501397,2000,workload_seed,6.091257262832771
poisson,2.134166615709024,mono,2.7126286731249545,0.6726686674642094,0.49440467146307654,,piecewise,E3,E3-9df3e7e08d48,0.5784620574159306,0.5784620574159306,0.5512793029562499,iteration_cv,5,128,5.016408121426833,fcfs,mixed,27.104821767805156,31.169658568210345,23.35319186299838,2000,workload_seed,0.11531399427911714
poisson,5112.996105441419,mono,27616.6705107669,24046.530636253272,21366.635567910656,,piecewise,E3,E3-9df3e7e08d48,22503.67440532548,22503.67440532548,21881.61348015137,max_wait_ms,5,128,13.289089211538554,fcfs,mixed,440.12696159452054,461.90808592182293,414.4948590039827,2000,workload_seed,1693.3947877922403
poisson,195.0,mono,243.8,58.2,41.8,,piecewise,E3,E3-9df3e7e08d48,48.8,48.8,46.0,starvation_proxy_count,5,128,4.586660640421165,fcfs,mixed,25.025641025641022,31.391585760517792,20.631786771964467,2000,workload_seed,10.639548862616309
poisson,0.7287615980034697,mono,0.39711677197939116,-0.31910980952134627,-0.34307578790319343,,piecewise,E3,E3-9df3e7e08d48,-0.3316448260240786,-0.3316448260240786,-0.33560879485628176,waiting_satisfaction_jain,5,128,-21.806472653560494,fcfs,mixed,-45.507999726201206,-44.323158791676,-46.68210017941511,2000,workload_seed,0.015208549832562151
poisson,4871.844789458115,mono,26489.24723978915,22989.696148428062,20622.990995557535,,piecewise,E3,E3-9df3e7e08d48,21617.40245033104,21617.40245033104,20984.17191857506,short_prompt_ttft_p95_ms,5,128,14.383818997598386,fcfs,mixed,443.72108276330147,464.3111492973078,418.0355666580903,2000,workload_seed,1502.8972801966167
poisson,4805.526129810807,mono,26061.277318467095,22491.5470157763,20266.444588438786,,piecewise,E3,E3-9df3e7e08d48,21255.751188656286,21255.751188656286,20623.88639962506,long_prompt_ttft_p95_ms,5,128,14.970483991128976,fcfs,mixed,442.3189181471192,461.7947492798185,418.49724960677054,2000,workload_seed,1419.8439543605775
poisson,78.60537080999998,mono,0.8004950000000001,-53.832091579999975,-89.93595054999997,,piecewise,E3,E3-9df3e7e08d48,-77.80487580999997,-77.80487580999997,-89.92512904999995,primer_max_itl_ms,5,128,-2.897240524915226,fcfs,mixed,-98.9816281104571,-98.54741850498192,-99.12446417686411,2000,workload_seed,26.854821041230796
poisson,210.6,mono,239.8,39.4,19.0,,piecewise,E3,E3-9df3e7e08d48,29.2,29.2,25.0,backlog_at_arrival_end,5,128,2.111732517612357,fcfs,mixed,13.865147198480532,19.759277833500512,8.566275924256095,2000,workload_seed,13.827508813954884
poisson,0.9999999999999998,mono,0.9999999999999986,-3.108624468950438e-16,-1.909583602355269e-15,,piecewise,E3,E3-9df3e7e08d48,-1.1102230246251565e-15,-1.1102230246251565e-15,-6.661338147750939e-16,server_busy_fraction,5,128,-1.078327732034384,fcfs,mixed,-1.2212453270876722e-13,-3.3306690738754696e-14,-1.7763568394002505e-13,2000,workload_seed,1.0295784775289034e-15
poisson,0.9123283329128646,mono,0.03125,-0.8744824925189958,-0.8875462202998848,,piecewise,E3,E3-9df3e7e08d48,-0.8810783329128646,-0.8810783329128646,-0.8801296601003595,batch_slot_occupancy,5,128,-104.54665607652964,fcfs,mixed,-96.57469806947401,-96.54975389995246,-96.59881056217228,2000,workload_seed,0.008427608935362818
poisson,6297.281503764559,mono,6252.574703764529,1.1167999999717722,-93.24510000003684,,analytical,E3,E3-f9080197c058,-44.70680000003049,-44.70680000003049,-55.11400000003414,ttft_p50_ms,5,128,-0.7051932655883061,chunk_512,mixed,-0.7099380895280616,0.01799831287190301,-1.4790832509756546,2000,workload_seed,63.396521466684646
poisson,12907.828378200215,mono,12671.27564627006,-163.4194093895556,-292.8279499999611,,analytical,E3,E3-f9080197c058,-236.55273193015418,-236.55273193015418,-242.92799999995987,ttft_p95_ms,5,128,-2.813393327141612,chunk_512,mixed,-1.8326299746103225,-1.30451414142152,-2.2935965073323183,2000,workload_seed,84.08093160954857
poisson,13436.639655735966,mono,13213.060736085434,-171.34242668325243,-263.680368402589,,analytical,E3,E3-f9080197c058,-223.5789196505335,-223.5789196505335,-246.18939999998474,ttft_p99_ms,5,128,-3.7555256830126926,chunk_512,mixed,-1.6639496583886415,-1.2756680186322256,-1.9882672880224384,2000,workload_seed,59.53332196923704
poisson,23.59312181295509,mono,16.51449520547981,-5.5884872031914465,-8.62075764894168,,analytical,E3,E3-f9080197c058,-7.078626607475277,-7.078626607475277,-7.155784313412969,tpot_p95_ms,5,128,-3.675336450225696,chunk_512,mixed,-30.002924850701074,-25.23482415548838,-34.492256288830916,2000,workload_seed,1.9259805743881193
poisson,34.02961245090657,mono,17.592643514228875,-12.782593294297268,-20.091344579058124,,analytical,E3,E3-f9080197c058,-16.436968936677694,-16.436968936677694,-15.789650766941467,tpot_p99_ms,5,128,-3.553875377196828,chunk_512,mixed,-48.30195748009408,-42.21548694223877,-53.18068703320265,2000,workload_seed,4.625083097213892
poisson,14291.398636281267,mono,14040.60334446406,-208.10779160625898,-293.0836496495111,,analytical,E3,E3-f9080197c058,-250.79529181720537,-250.79529181720537,-225.93078433358096,e2e_p95_ms,5,128,-4.512152840692404,chunk_512,mixed,-1.7548687724693202,-1.428233155548897,-2.094540023270264,2000,workload_seed,55.582180097144054
poisson,47.68160000000013,mono,19.01900000000014,-24.565200000000015,-32.8387999999994,,analytical,E3,E3-f9080197c058,-28.662599999999987,-28.662599999999987,-29.57000000000022,itl_p95_ms,5,128,-5.402579752159383,chunk_512,mixed,-60.11249622495871,-56.36262682348174,-63.3247071800185,2000,workload_seed,5.305354351972999
poisson,151.2044,mono,19.019000000000233,-120.63799999999992,-138.15939999999972,,analytical,E3,E3-f9080197c058,-132.18539999999976,-132.18539999999976,-137.83699999999953,itl_p99_ms,5,128,-10.270592604427462,chunk_512,mixed,-87.42166233257747,-86.38163500576397,-87.89973685951745,2000,workload_seed,12.870279748319206
poisson,15.727707680526771,mono,15.973321758828343,0.2950846037169338,0.19250162100359453,,analytical,E3,E3-f9080197c058,0.2456140783015698,0.2456140783015698,0.2689128086884054,request_throughput_rps,5,128,3.691751675579098,chunk_512,mixed,1.5616648229396901,1.852069378952459,1.2610242039595265,2000,workload_seed,0.06653049822562676
poisson,1942.878417278792,mono,1972.8522757862115,34.945185241308856,24.71124316077403,,analytical,E3,E3-f9080197c058,29.973858507419756,29.973858507419756,32.02058260644003,output_token_throughput_tps,5,128,4.592866281060381,chunk_512,mixed,1.5427552357805796,1.853676113975622,1.242435336563008,2000,workload_seed,6.526177047875977
poisson,8.996333395679311,mono,10.84177005871865,2.978580857433667,0.7444829255995579,,analytical,E3,E3-f9080197c058,1.8454366630393388,1.8454366630393388,1.4843407045754553,observed_request_throughput_rps,5,128,1.2889699330888233,chunk_512,mixed,20.513208902703074,41.78261236426684,7.987878170463802,2000,workload_seed,1.4317142825954259
poisson,1.7004247255859923,mono,0.629806938931389,-1.0173733586360556,-1.126953092680624,,analytical,E3,E3-f9080197c058,-1.0706177866546034,-1.0706177866546034,-1.065444431397386,iteration_cv,5,128,-15.548163480760604,chunk_512,mixed,-62.9617865786827,-61.040575427882146,-64.473395881537,2000,workload_seed,0.06885815086646038
poisson,13494.458412526783,mono,13288.196612526812,-141.1639999999581,-270.6851999999788,,analytical,E3,E3-f9080197c058,-206.2617999999744,-206.2617999999744,-228.9440000000177,max_wait_ms,5,128,-2.4689999006273404,chunk_512,mixed,-1.5284926130010534,-0.9956050219559587,-2.0233096803225936,2000,workload_seed,83.54062709664993
poisson,214.0,mono,217.6,6.2,1.2,,analytical,E3,E3-f9080197c058,3.6,3.6,4.0,starvation_proxy_count,5,128,1.1217185151295606,chunk_512,mixed,1.6822429906542036,2.8440366972477094,0.5597014925373012,2000,workload_seed,3.2093613071762426
poisson,0.5139869062069644,mono,0.523629076484931,0.010811043665348186,0.008473296890585059,,analytical,E3,E3-f9080197c058,0.009642170277966622,0.009642170277966622,0.009899328843709976,waiting_satisfaction_jain,5,128,6.302569733376219,chunk_512,mixed,1.8759564030769171,2.0995143747753797,1.6515759338526337,2000,workload_seed,0.001529879189896946
poisson,12814.203893807058,mono,12624.631057852077,-115.92480058613292,-254.55628669267972,,analytical,E3,E3-f9080197c058,-189.57283595498194,-189.57283595498194,-193.39979999996103,short_prompt_ttft_p95_ms,5,128,-2.126796300227339,chunk_512,mixed,-1.4793961257835053,-0.9090063196496079,-2.0413261290235685,2000,workload_seed,89.13539859680873
poisson,12595.774217470007,mono,12489.045477470021,-71.380039999964,-141.93508000001128,,analytical,E3,E3-f9080197c058,-106.72873999998592,-106.72873999998592,-106.00869999996394,long_prompt_ttft_p95_ms,5,128,-2.4109780531298037,chunk_512,mixed,-0.8473376718038939,-0.5574748115921846,-1.1709569458075302,2000,workload_seed,44.267818971407195
poisson,133.37460000000002,mono,14.117000000000022,-75.60879999999997,-142.93099999999998,,analytical,E3,E3-f9080197c058,-119.25759999999998,-119.25759999999998,-139.89499999999992,primer_max_itl_ms,5,128,-2.4431508817265444,chunk_512,mixed,-89.41552589473557,-86.40250939543692,-91.30300792911943,2000,workload_seed,48.81303111157921
poisson,238.6,mono,235.2,-1.4,-5.4,,analytical,E3,E3-f9080197c058,-3.4,-3.4,-3.0,backlog_at_arrival_end,5,128,-1.3545924239123128,chunk_512,mixed,-1.4249790444258226,-0.61327177172403,-2.229562345169267,2000,workload_seed,2.5099800796022267
poisson,0.9999999999999994,mono,0.9999999999999988,0.0,-1.909583602355269e-15,,analytical,E3,E3-f9080197c058,-6.661338147750939e-16,-6.661338147750939e-16,0.0,server_busy_fraction,5,128,-0.48666426339228763,chunk_512,mixed,-6.661338147750939e-14,0.0,-1.9984014443252818e-13,2000,workload_seed,1.368774871883577e-15
poisson,0.9450066603993046,mono,0.8619314111373152,-0.061452657425502474,-0.10469784109847627,,analytical,E3,E3-f9080197c058,-0.08307524926198936,-0.08307524926198936,-0.08560351355045792,batch_slot_occupancy,5,128,-2.9405062664362984,chunk_512,mixed,-8.790969708815243,-6.507248413768929,-11.071627484155533,2000,workload_seed,0.028252022520826366
poisson,6297.281503764559,mono,7766.890403766936,1587.4647000027585,1339.3666000020805,,analytical,E3,E3-f9080197c058,1469.608900002377,1469.608900002377,1530.3115000028174,ttft_p50_ms,5,128,9.304712972467442,fcfs,mixed,23.33719556802145,25.691488650152383,21.023278326905913,2000,workload_seed,157.94242169005489
poisson,12907.828378200215,mono,14112.494032029164,1359.7869114735372,1038.1693500069694,,analytical,E3,E3-f9080197c058,1204.6656538289494,1204.6656538289494,1228.7787500059803,ttft_p95_ms,5,128,6.007713071856448,fcfs,mixed,9.33282980321839,10.300973904471578,8.192820466409911,2000,workload_seed,200.51983831789337
poisson,13436.639655735966,mono,14565.225934692586,1324.5803589574539,1001.4970277495734,,analytical,E3,E3-f9080197c058,1128.5862789566177,1128.5862789566177,1024.9083000062346,ttft_p99_ms,5,128,5.313697837756884,fcfs,mixed,8.39931938246805,9.462041601563298,7.674290441321419,2000,workload_seed,212.39188102442748
poisson,23.59312181295509,mono,0.32300000000032014,-21.822932813944,-24.71731081196554,,analytical,E3,E3-f9080197c058,-23.27012181295477,-23.27012181295477,-23.126832142856756,tpot_p95_ms,5,128,-12.450556320996771,fcfs,mixed,-98.63095692651,-98.54149291107332,-98.7100799090482,2000,workload_seed,1.8690025741027934
poisson,34.02961245090657,mono,0.32300000000032014,-29.956393227861817,-37.45683167395068,,analytical,E3,E3-f9080197c058,-33.70661245090625,-33.70661245090625,-33.0728305288458,tpot_p99_ms,5,128,-7.084711214373039,fcfs,mixed,-99.0508266867091,-98.93326792393215,-99.14504648197513,2000,workload_seed,4.757655101385684
poisson,14291.398636281267,mono,14135.74906953659,-65.8492183309565,-242.2519731246295,,analytical,E3,E3-f9080197c058,-155.64956674467538,-155.64956674467538,-185.58465156344573,e2e_p95_ms,5,128,-1.3523709640841868,fcfs,mixed,-1.0891136039654747,-0.4730011651023269,-1.6400738218796673,2000,workload_seed,115.09383954429977
poisson,47.68160000000013,mono,0.32300000000032014,-43.26119999999984,-51.534799999999315,,analytical,E3,E3-f9080197c058,-47.35859999999981,-47.35859999999981,-48.26599999999968,itl_p95_ms,5,128,-8.926566796125103,fcfs,mixed,-99.32258984597765,-99.25890575024822,-99.37714287918052,2000,workload_seed,5.305354351972979
poisson,151.2044,mono,0.32300000000032014,-139.33399999999983,-156.85539999999963,,analytical,E3,E3-f9080197c058,-150.88139999999967,-150.88139999999967,-156.53299999999945,itl_p99_ms,5,128,-11.723241681650629,fcfs,mixed,-99.78638187777584,-99.76871907602174,-99.79450102558602,2000,workload_seed,12.870279748319206
poisson,15.727707680526771,mono,15.439077609664087,-0.2816639229752916,-0.2945698639723739,,analytical,E3,E3-f9080197c058,-0.28863007086268444,-0.28863007086268444,-0.29001092906435133,request_throughput_rps,5,128,-37.26090035094821,fcfs,mixed,-1.8351693503310118,-1.7688202912578554,-1.9215174244428535,2000,workload_seed,0.007746191534401272
poisson,1942.878417278792,mono,1907.1141385896858,-33.54977465113461,-38.27193646563869,,analytical,E3,E3-f9080197c058,-35.76427868910605,-35.76427868910605,-34.27715242449585,output_token_throughput_tps,5,128,-11.785489983198588,fcfs,mixed,-1.8407883051785534,-1.7693306524418029,-1.9270522174522076,2000,workload_seed,3.0346026122029426
poisson,8.996333395679311,mono,15.20655679348484,7.890190290348092,4.530256505262961,,analytical,E3,E3-f9080197c058,6.210223397805526,6.210223397805526,5.122476206416205,observed_request_throughput_rps,5,128,2.834564078169034,fcfs,mixed,69.03060529957823,109.10608987318797,42.09884819074203,2000,workload_seed,2.1908918713938457
poisson,1.7004247255859923,mono,7.865555717532243,6.36774224303816,5.9708625761464775,,analytical,E3,E3-f9080197c058,6.165130991946251,6.165130991946251,6.137960512932406,iteration_cv,5,128,25.77233111458313,fcfs,mixed,362.56418171181633,370.12401429731244,355.2237609188122,2000,workload_seed,0.23921510881325536
poisson,13494.458412526783,mono,14639.686612534153,1383.2390000082498,989.9152000069801,,analytical,E3,E3-f9080197c058,1145.2282000073678,1145.2282000073678,1036.6620000062758,max_wait_ms,5,128,4.436830903848388,fcfs,mixed,8.486655521827124,9.80605953850937,7.567511535796001,2000,workload_seed,258.11851405335904
poisson,214.0,mono,237.0,25.2,19.8,,analytical,E3,E3-f9080197c058,23.0,23.0,24.0,starvation_proxy_count,5,128,6.2598071204459,fcfs,mixed,10.747663551401864,12.0889748549323,9.082568807339463,2000,workload_seed,3.6742346141747673
poisson,0.5139869062069644,mono,0.5248570967500458,0.02000620826580851,0.004658570254894367,,analytical,E3,E3-f9080197c058,0.01087019054308137,0.01087019054308137,0.008879587100375175,waiting_satisfaction_jain,5,128,1.0724566399390678,fcfs,mixed,2.1148769378775523,3.9987047898170536,0.8933397158731589,2000,workload_seed,0.01013578557702712
poisson,12814.203893807058,mono,14043.496680989329,1384.9908543579197,1048.7777600069483,,analytical,E3,E3-f9080197c058,1229.2927871822699,1229.2927871822699,1287.9892000058917,short_prompt_ttft_p95_ms,5,128,5.796136374951722,fcfs,mixed,9.593204520308696,10.655755774762476,8.235434029256853,2000,workload_seed,212.0883132589352
poisson,12595.774217470007,mono,13850.10381747677,1413.288560007352,1064.5068500068664,,analytical,E3,E3-f9080197c058,1254.3296000067626,1254.3296000067626,1302.4124000057473,long_prompt_ttft_p95_ms,5,128,5.838573511901293,fcfs,mixed,9.95833664807233,11.11054306517294,8.483146114384432,2000,workload_seed,214.8349416942253
poisson,133.37460000000002,mono,0.32300000000000184,-87.53880000000001,-156.936,,analytical,E3,E3-f9080197c058,-133.05159999999998,-133.05159999999998,-156.936,primer_max_itl_ms,5,128,-2.5920288118940507,fcfs,mixed,-99.75782495317699,-99.63237721057388,-99.79460635003402,2000,workload_seed,51.331065221754365
poisson,238.6,mono,227.0,-9.0,-14.4,,analytical,E3,E3-f9080197c058,-11.6,-11.6,-9.0,backlog_at_arrival_end,5,128,-3.242298567374695,fcfs,mixed,-4.861693210393958,-3.7815126050420145,-5.970149253731338,2000,workload_seed,3.5777087639996634
poisson,0.9999999999999994,mono,0.9999999999995592,-4.1655567883935873e-13,-4.657607632907457e-13,,analytical,E3,E3-f9080197c058,-4.4009240696141205e-13,-4.4009240696141205e-13,-4.3809400551708677e-13,server_busy_fraction,5,128,-13.928205237579771,fcfs,mixed,-4.402034292638746e-11,-4.1655567883935873e-11,-4.657385588302532e-11,2000,workload_seed,3.1597208646380096e-14
poisson,0.9450066603993046,mono,0.03125,-0.9066587229785649,-0.9208545978200442,,analytical,E3,E3-f9080197c058,-0.9137566603993046,-0.9137566603993046,-0.9176344793720466,batch_slot_occupancy,5,128,-99.79382665734754,fcfs,mixed,-96.69314499997327,-96.66811927063033,-96.71779759581557,2000,workload_seed,0.009156444752206797
poisson,1.937670569885188,mono,1.937670569885188,0.0,0.0,,analytical,E4,E4-1029fced10cc,0.0,0.0,0.0,ttft_p50_ms,5,16,,chunk_512,short_short,0.0,0.0,0.0,2000,workload_seed,0.0
poisson,3.6979901652800367,mono,3.6979901652800367,0.0,0.0,,analytical,E4,E4-1029fced10cc,0.0,0.0,0.0,ttft_p95_ms,5,16,,chunk_512,short_short,0.0,0.0,0.0,2000,workload_seed,0.0
poisson,4.830933929709055,mono,4.830933929709055,0.0,0.0,,analytical,E4,E4-1029fced10cc,0.0,0.0,0.0,ttft_p99_ms,5,16,,chunk_512,short_short,0.0,0.0,0.0,2000,workload_seed,0.0
poisson,0.7038735172595826,mono,0.7038735172595826,0.0,0.0,,analytical,E4,E4-1029fced10cc,0.0,0.0,0.0,tpot_p95_ms,5,16,,chunk_512,short_short,0.0,0.0,0.0,2000,workload_seed,0.0
poisson,0.9697340811943109,mono,0.9697340811943109,0.0,0.0,,analytical,E4,E4-1029fced10cc,0.0,0.0,0.0,tpot_p99_ms,5,16,,chunk_512,short_short,0.0,0.0,0.0,2000,workload_seed,0.0
poisson,21.57201542968979,mono,21.57201542968979,0.0,0.0,,analytical,E4,E4-1029fced10cc,0.0,0.0,0.0,e2e_p95_ms,5,16,,chunk_512,short_short,0.0,0.0,0.0,2000,workload_seed,0.0
poisson,0.5990000000001373,mono,0.5990000000001373,0.0,0.0,,analytical,E4,E4-1029fced10cc,0.0,0.0,0.0,itl_p95_ms,5,16,,chunk_512,short_short,0.0,0.0,0.0,2000,workload_seed,0.0
poisson,1.165893999999947,mono,1.165893999999947,0.0,0.0,,analytical,E4,E4-1029fced10cc,0.0,0.0,0.0,itl_p99_ms,5,16,,chunk_512,short_short,0.0,0.0,0.0,2000,workload_seed,0.0
poisson,17.94483624813614,mono,17.94483624813614,0.0,0.0,,analytical,E4,E4-1029fced10cc,0.0,0.0,0.0,request_throughput_rps,5,16,,chunk_512,short_short,0.0,0.0,0.0,2000,workload_seed,0.0
poisson,443.4877892023158,mono,443.4877892023158,0.0,0.0,,analytical,E4,E4-1029fced10cc,0.0,0.0,0.0,output_token_throughput_tps,5,16,,chunk_512,short_short,0.0,0.0,0.0,2000,workload_seed,0.0
poisson,17.83337319855541,mono,17.83337319855541,0.0,0.0,,analytical,E4,E4-1029fced10cc,0.0,0.0,0.0,observed_request_throughput_rps,5,16,,chunk_512,short_short,0.0,0.0,0.0,2000,workload_seed,0.0
poisson,0.9358001954335098,mono,0.9358001954335098,0.0,0.0,,analytical,E4,E4-1029fced10cc,0.0,0.0,0.0,iteration_cv,5,16,,chunk_512,short_short,0.0,0.0,0.0,2000,workload_seed,0.0
poisson,2.157000492784573,mono,2.157000492784573,0.0,0.0,,analytical,E4,E4-1029fced10cc,0.0,0.0,0.0,max_wait_ms,5,16,,chunk_512,short_short,0.0,0.0,0.0,2000,workload_seed,0.0
poisson,0.0,mono,0.0,0.0,0.0,,analytical,E4,E4-1029fced10cc,0.0,0.0,0.0,starvation_proxy_count,5,16,,chunk_512,short_short,,,,2000,workload_seed,0.0
poisson,0.9999999134435781,mono,0.9999999134435781,0.0,0.0,,analytical,E4,E4-1029fced10cc,0.0,0.0,0.0,waiting_satisfaction_jain,5,16,,chunk_512,short_short,0.0,0.0,0.0,2000,workload_seed,0.0
poisson,3.6254196762307784,mono,3.6254196762307784,0.0,0.0,,analytical,E4,E4-1029fced10cc,0.0,0.0,0.0,short_prompt_ttft_p95_ms,5,16,,chunk_512,short_short,0.0,0.0,0.0,2000,workload_seed,0.0
poisson,1.1186000000000003,mono,1.1186000000000003,0.0,0.0,,analytical,E4,E4-1029fced10cc,0.0,0.0,0.0,primer_max_itl_ms,5,16,,chunk_512,short_short,0.0,0.0,0.0,2000,workload_seed,0.0
poisson,1.0,mono,1.0,0.0,0.0,,analytical,E4,E4-1029fced10cc,0.0,0.0,0.0,backlog_at_arrival_end,5,16,,chunk_512,short_short,0.0,0.0,0.0,2000,workload_seed,0.0
poisson,0.1692024007819451,mono,0.1692024007819451,0.0,0.0,,analytical,E4,E4-1029fced10cc,0.0,0.0,0.0,server_busy_fraction,5,16,,chunk_512,short_short,0.0,0.0,0.0,2000,workload_seed,0.0
poisson,0.03755911414064174,mono,0.03755911414064174,0.0,0.0,,analytical,E4,E4-1029fced10cc,0.0,0.0,0.0,batch_slot_occupancy,5,16,,chunk_512,short_short,0.0,0.0,0.0,2000,workload_seed,0.0
poisson,1.937670569885188,mono,2.0133999999999332,0.13512943011470496,0.02905886022933828,,analytical,E4,E4-1029fced10cc,0.07572943011474535,0.07572943011474535,0.036000000000171894,ttft_p50_ms,5,16,1.1233474018746212,fcfs,short_short,3.9082716789796024,6.973140495876717,1.5067793800237927,2000,workload_seed,0.06741407866201451
poisson,3.6979901652800367,mono,10.170536522656917,7.518072851391466,5.279729288999424,,analytical,E4,E4-1029fced10cc,6.47254635737688,6.47254635737688,6.7535082601790535,ttft_p95_ms,5,16,4.393395841488745,fcfs,short_short,175.0287607075541,203.88527839814233,143.40109527390462,2000,workload_seed,1.4732445222107722
poisson,4.830933929709055,mono,17.761656587122285,17.81274932962436,9.889544597244917,,analytical,E4,E4-1029fced10cc,12.93072265741323,12.93072265741323,11.158400151397673,ttft_p99_ms,5,16,2.37670290696442,fcfs,short_short,267.66506943703916,384.7965845595881,193.48186391258335,2000,workload_seed,5.4406138097961305
poisson,0.7038735172595826,mono,0.32300000000032014,-0.3113633536229124,-0.4518754909088051,,analytical,E4,E4-1029fced10cc,-0.38087351725926244,-0.38087351725926244,-0.3602309999996637,tpot_p95_ms,5,16,-4.026212144294541,fcfs,short_short,-54.11107364035115,-49.08280906274426,-58.31588380458913,2000,workload_seed,0.09459847211453826
poisson,0.9697340811943109,mono,0.32300000000032014,-0.5167487896149734,-0.8375629597365428,,analytical,E4,E4-1029fced10cc,-0.6467340811939908,-0.6467340811939908,-0.6050110249997425,tpot_p99_ms,5,16,-3.0272337320687077,fcfs,short_short,-66.69189974198721,-61.5361160391439,-72.1686792353295,2000,workload_seed,0.21363863461974406
poisson,21.57201542968979,mono,18.607801921166548,-1.7967857486783394,-4.115227865421417,,analytical,E4,E4-1029fced10cc,-2.964213508523246,-2.964213508523246,-3.2160687779838852,e2e_p95_ms,5,16,-1.9786187254659688,fcfs,short_short,-13.741013296530314,-8.685067320916273,-17.393983434845094,2000,workload_seed,1.4981226399872303
poisson,0.5990000000001373,mono,0.32300000000032014,-0.22899999999974624,-0.36999999999989086,,analytical,E4,E4-1029fced10cc,-0.27599999999981717,-0.27599999999981717,-0.22899999999981446,itl_p95_ms,5,16,-2.6261904756984005,fcfs,short_short,-46.076794657721855,-41.48550724632586,-53.391053391021394,2000,workload_seed,0.10509519494255977
poisson,1.165893999999947,mono,0.32300000000032014,-0.6085999999996062,-1.1162819999995504,,analytical,E4,E4-1029fced10cc,-0.8428939999996269,-0.8428939999996269,-0.7049999999996999,itl_p99_ms,5,16,-2.405453715056375,fcfs,short_short,-72.29593770957439,-65.32846715324756,-77.55825474088127,2000,workload_seed,0.35040956919009875
poisson,17.94483624813614,mono,17.94483624813614,0.0,0.0,,analytical,E4,E4-1029fced10cc,0.0,0.0,0.0,request_throughput_rps,5,16,,fcfs,short_short,0.0,0.0,0.0,2000,workload_seed,0.0
poisson,443.4877892023158,mono,443.4877892023158,0.0,0.0,,analytical,E4,E4-1029fced10cc,0.0,0.0,0.0,output_token_throughput_tps,5,16,,fcfs,short_short,0.0,0.0,0.0,2000,workload_seed,0.0
poisson,17.83337319855541,mono,17.83337319855541,0.0,0.0,,analytical,E4,E4-1029fced10cc,0.0,0.0,0.0,observed_request_throughput_rps,5,16,,fcfs,short_short,0.0,0.0,0.0,2000,workload_seed,0.0
poisson,0.9358001954335098,mono,0.9288756992009197,-0.0007802863305730323,-0.016151367022296536,,analytical,E4,E4-1029fced10cc,-0.006924496232590194,-0.006924496232590194,-0.0010493916834219963,iteration_cv,5,16,-0.6875233393397918,fcfs,short_short,-0.7399545614950709,-0.08238758815729552,-1.7269467769001179,2000,workload_seed,0.01007165260635309
poisson,2.157000492784573,mono,17.205406969285445,20.022854801685547,11.312278813926422,,analytical,E4,E4-1029fced10cc,15.048406476500872,15.048406476500872,12.69700000001285,max_wait_ms,5,16,2.6081441592288805,fcfs,short_short,697.6542901515139,927.5649880149489,496.91932467203515,2000,workload_seed,5.7697755790270655
poisson,0.0,mono,0.0,0.0,0.0,,analytical,E4,E4-1029fced10cc,0.0,0.0,0.0,starvation_proxy_count,5,16,,fcfs,short_short,,,,2000,workload_seed,0.0
poisson,0.9999999134435781,mono,0.9999895476090532,-6.927858888894356e-06,-1.5242425913775115e-05,,analytical,E4,E4-1029fced10cc,-1.0365834524783678e-05,-1.0365834524783678e-05,-9.663650750280084e-06,waiting_satisfaction_jain,5,16,-1.8849106005114982,fcfs,short_short,-0.001036583542213254,-0.0006927859450112095,-0.0015242427233386202,2000,workload_seed,5.499377276551343e-06
poisson,3.6254196762307784,mono,10.117469775381375,7.562766944406286,5.396619151843612,,analytical,E4,E4-1029fced10cc,6.492050099150594,6.492050099150594,6.567943140362729,short_prompt_ttft_p95_ms,5,16,4.578465337682988,fcfs,short_short,179.07030575561262,205.77582358679805,149.0783433772861,2000,workload_seed,1.4179533141198815
poisson,1.1186000000000003,mono,0.3230000000000004,0.0,-1.9476,,analytical,E4,E4-1029fced10cc,-0.7955999999999999,-0.7955999999999999,0.0,primer_max_itl_ms,5,16,-0.6321902389149082,fcfs,short_short,-71.12462006079025,0.0,-85.77468510525851,2000,workload_seed,1.2584819426594884
poisson,1.0,mono,1.0,0.0,0.0,,analytical,E4,E4-1029fced10cc,0.0,0.0,0.0,backlog_at_arrival_end,5,16,,fcfs,short_short,0.0,0.0,0.0,2000,workload_seed,0.0
poisson,0.1692024007819451,mono,0.17318069473798658,0.005079870492506649,0.002865376275040604,,analytical,E4,E4-1029fced10cc,0.003978293956041518,0.003978293956041518,0.003867917443541785,server_busy_fraction,5,16,2.866055697830694,fcfs,short_short,2.3512042013921652,2.9923915546214417,1.7497098019737756,2000,workload_seed,0.0013880727995107256
poisson,0.03755911414064174,mono,0.03125,-0.004627702662536407,-0.007772969061955813,,analytical,E4,E4-1029fced10cc,-0.006309114140641739,-0.006309114140641739,-0.006025923916712285,batch_slot_occupancy,5,16,-2.968242254682435,fcfs,short_short,-16.797824669178794,-12.898547897741143,-19.918958625661876,2000,workload_seed,0.0021255388203873997
poisson,1914.3260406989139,mono,1967.6028767477233,61.96176310197561,44.963613493476984,,analytical,E4,E4-16cd539434f3,53.276836048809535,53.276836048809535,49.0684999999894,ttft_p50_ms,5,16,4.771313234082725,chunk_512,long_short,2.783059673019861,3.37441662001976,2.2252964611903625,2000,workload_seed,11.16607387421964
poisson,3936.71076425597,mono,3943.0886948256825,16.668712278771636,-3.5786999999691034,,analytical,E4,E4-16cd539434f3,6.3779305697131345,6.3779305697131345,5.565400000023146,ttft_p95_ms,5,16,0.5031324571735691,chunk_512,long_short,0.16201166282323598,0.3869274581167037,-0.0979978886482269,2000,workload_seed,12.676444301650163
poisson,4077.3897712904172,mono,4082.958732355296,17.71127866846564,-4.209132671736734,,analytical,E4,E4-16cd539434f3,5.568961064878749,5.568961064878749,-0.5597399999624031,ttft_p99_ms,5,16,0.4008756634969092,chunk_512,long_short,0.13658152340723095,0.40258749638988345,-0.109290808544249,2000,workload_seed,13.891990888894874
poisson,96.54510179562938,mono,9.97453847667811,-83.80938336031795,-90.51608514822144,,analytical,E4,E4-16cd539434f3,-86.57056331895126,-86.57056331895126,-85.38392394117645,tpot_p95_ms,5,16,-19.493274014502948,chunk_512,long_short,-89.66851938507185,-89.35755867192444,-90.03295410339517,2000,workload_seed,4.44104788423653
poisson,100.55108558593942,mono,10.101059123598297,-86.39021834549617,-95.67308521657743,,analytical,E4,E4-16cd539434f3,-90.45002646234111,-90.45002646234111,-89.42571314992034,tpot_p99_ms,5,16,-14.745793063222115,chunk_512,long_short,-89.95430127408711,-89.54739219631169,-90.42026589116048,2000,workload_seed,6.133954686230814
poisson,5435.1243014699585,mono,4155.14129645013,-1116.1491235547892,-1431.8910067331835,,analytical,E4,E4-16cd539434f3,-1279.9830050198289,-1279.9830050198289,-1282.3325852415746,e2e_p95_ms,5,16,-6.4404690806214635,chunk_512,long_short,-23.550206656242445,-21.897087988948172,-25.17200846412463,2000,workload_seed,198.7406490112858
poisson,153.26179999999968,mono,10.244000000000415,-141.76719999999932,-143.887999999999,,analytical,E4,E4-16cd539434f3,-143.01779999999926,-143.01779999999926,-143.60399999999936,itl_p95_ms,5,16,-103.01746216835963,chunk_512,long_short,-93.31601220917382,-93.26102287199873,-93.35374873485024,2000,workload_seed,1.3882869660123036
poisson,154.93220000000002,mono,10.490999999999985,-144.21980000000022,-144.6637999999999,,analytical,E4,E4-16cd539434f3,-144.44120000000004,-144.44120000000004,-144.4399999999996,itl_p99_ms,5,16,-552.0720957054559,chunk_512,long_short,-93.2286509841079,-93.21896079653136,-93.23836581272381,2000,workload_seed,0.2616346689564672
poisson,11.342215271157745,mono,11.412269105849001,0.07361430528029338,0.06511675023261247,,analytical,E4,E4-16cd539434f3,0.07005383469125519,0.07005383469125519,0.07192232789096487,request_throughput_rps,5,16,12.901142570774079,chunk_512,long_short,0.6176380276381899,0.640270042229818,0.5853087041951532,2000,workload_seed,0.005430048874117039
poisson,280.18876390511224,mono,281.9192078785834,1.8105688282789743,1.6154107545437228,,analytical,E4,E4-16cd539434f3,1.7304439734711763,1.7304439734711763,1.747487810475718,output_token_throughput_tps,5,16,13.245261643352736,chunk_512,long_short,0.6175993460098894,0.6403216694608416,0.5854141375150945,2000,workload_seed,0.13064626581684904
poisson,8.112455716204956,mono,11.149143593802421,3.279213186830694,2.794162568364238,,analytical,E4,E4-16cd539434f3,3.0366878775974655,3.0366878775974655,3.065902786041434,observed_request_throughput_rps,5,16,9.935654032776132,chunk_512,long_short,37.43241237707542,42.39019026253015,33.410879911953906,2000,workload_seed,0.3056354284861287
poisson,0.7672047802530573,mono,0.2532897194856698,-0.436034901517972,-0.5917952200168031,,analytical,E4,E4-16cd539434f3,-0.5139150607673875,-0.5139150607673875,-0.5359183546076111,iteration_cv,5,16,-5.078110269524981,chunk_512,long_short,-66.98538304178399,-64.9429684890242,-68.63412152733324,2000,workload_seed,0.10120202860727961
poisson,4026.437739705205,mono,4033.5545397052397,19.117740000035333,-3.3177999999672467,,analytical,E4,E4-16cd539434f3,7.116800000035073,7.116800000035073,4.311000000030617,max_wait_ms,5,16,0.4792042747216129,chunk_512,long_short,0.1767517706744881,0.45065291583885614,-0.08706685142151338,2000,workload_seed,14.851286550332798
poisson,91.4,mono,96.0,6.4,3.4,,analytical,E4,E4-16cd539434f3,4.6,4.6,4.0,starvation_proxy_count,5,16,2.359750209795854,chunk_512,long_short,5.032822757111588,6.88172043010753,3.86363636363638,2000,workload_seed,1.949358868961793
poisson,0.8079069700854065,mono,0.8085739126668784,0.001959638117645934,-0.0007304438367797372,,analytical,E4,E4-16cd539434f3,0.0006669425814720409,0.0006669425814720409,0.0003873725689761409,waiting_satisfaction_jain,5,16,0.3749164063253104,chunk_512,long_short,0.08255190339567786,0.24500510859175595,-0.09216072355471283,2000,workload_seed,0.0017789100989444107
poisson,3953.2024347961997,mono,3959.4787873434943,16.36364509455452,-3.8109399999655578,,analytical,E4,E4-16cd539434f3,6.276352547294482,6.276352547294482,5.6599000000333035,long_prompt_ttft_p95_ms,5,16,0.495177192946731,chunk_512,long_short,0.15876628254727354,0.3873742088283949,-0.10349747590844283,2000,workload_seed,12.674962895493582
poisson,125.21079999999998,mono,9.817399999999997,-84.04119999999999,-140.17479999999998,,analytical,E4,E4-16cd539434f3,-115.39339999999997,-115.39339999999997,-130.248,primer_max_itl_ms,5,16,-2.9570745864467742,chunk_512,long_short,-92.15930255217602,-89.71763475067522,-93.39694173301795,2000,workload_seed,39.02282361388012
poisson,69.8,mono,48.2,-21.0,-22.4,,analytical,E4,E4-16cd539434f3,-21.6,-21.6,-21.0,backlog_at_arrival_end,5,16,-24.14953415699773,chunk_512,long_short,-30.94555873925501,-28.57142857142857,-33.030303030303024,2000,workload_seed,0.8944271909999159
poisson,0.9956884548694985,mono,0.9957541679739814,0.00020331295659226645,-6.1736431387959815e-06,,analytical,E4,E4-16cd539434f3,6.57131044829562e-05,6.57131044829562e-05,-4.773959005888173e-15,server_busy_fraction,5,16,0.43018370983320625,chunk_512,long_short,0.006599765635684207,0.020373675015240567,-0.0006241390510197675,2000,workload_seed,0.0001527559109768125
poisson,0.686848094325515,mono,0.11084321140857165,-0.5617858378469116,-0.5865347775693732,,analytical,E4,E4-16cd539434f3,-0.5760048829169433,-0.5760048829169433,-0.5842324863675237,batch_slot_occupancy,5,16,-35.26094429034954,chunk_512,long_short,-83.86204863574388,-83.59565393101198,-84.04384333275914,2000,workload_seed,0.01633549227082351
poisson,1914.3260406989139,mono,2065.1105962113807,158.06811102485545,143.50100000007805,,analytical,E4,E4-16cd539434f3,150.78455551246674,150.78455551246674,147.29100000009566,ttft_p50_ms,5,16,15.841174686751586,fcfs,long_short,7.876639209139946,9.61976377179119,6.599733778234129,2000,workload_seed,9.518521100494652
poisson,3936.71076425597,mono,4114.072931641689,183.53061032551378,170.8692688913161,,analytical,E4,E4-16cd539434f3,177.3621673857192,177.3621673857192,177.79802222757098,ttft_p95_ms,5,16,21.930978488348423,fcfs,long_short,4.50533905096886,4.9674372609608275,4.0881107660529326,2000,workload_seed,8.087289287158294
poisson,4077.3897712904172,mono,4257.401481290949,186.58009200054312,173.44332800051944,,analytical,E4,E4-16cd539434f3,180.01171000053128,180.01171000053128,182.60450000053152,ttft_p99_ms,5,16,21.32017591116703,fcfs,long_short,4.414876185446492,4.789326937973337,4.0970850271586645,2000,workload_seed,8.443256319768224
poisson,96.54510179562938,mono,0.32300000000032014,-93.44567982329707,-100.21361578656095,,analytical,E4,E4-16cd539434f3,-96.22210179562906,-96.22210179562906,-94.96002099999963,tpot_p95_ms,5,16,-21.454223914742794,fcfs,long_short,-99.66544133882208,-99.6555353017564,-99.67872401763945,2000,workload_seed,4.484995690266274
poisson,100.55108558593942,mono,0.32300000000032014,-96.16309393380006,-105.5218725518713,,analytical,E4,E4-16cd539434f3,-100.2280855859391,-100.2280855859391,-99.13597753588482,tpot_p99_ms,5,16,-16.203959636315993,fcfs,long_short,-99.67877025084502,-99.66523673326238,-99.694836422197,2000,workload_seed,6.18540701380852
poisson,5435.1243014699585,mono,4122.238335634085,-1154.7871387638406,-1472.7868157727924,,analytical,E4,E4-16cd539434f3,-1312.8859658358724,-1312.8859658358724,-1305.8023476929993,e2e_p95_ms,5,16,-6.624724153944274,fcfs,long_short,-24.155583074352073,-22.53197084152726,-25.699771671532588,2000,workload_seed,198.1797181780312
poisson,153.26179999999968,mono,0.32300000000032014,-151.68819999999923,-153.8089999999993,,analytical,E4,E4-16cd539434f3,-152.93879999999936,-152.93879999999936,-153.52499999999964,itl_p95_ms,5,16,-110.16367922784464,fcfs,long_short,-99.78924950639994,-99.78751565674087,-99.7904393636621,2000,workload_seed,1.388286966012506
poisson,154.93220000000002,mono,0.32300000000032014,-154.38779999999988,-154.83179999999956,,analytical,E4,E4-16cd539434f3,-154.6091999999997,-154.6091999999997,-154.60799999999927,itl_p99_ms,5,16,-590.9354468070314,fcfs,long_short,-99.79152171078684,-99.79122336643576,-99.79182081379349,2000,workload_seed,0.2616346689564672
poisson,11.342215271157745,mono,11.236616330705095,-0.1005698734860534,-0.1095191784082548,,analytical,E4,E4-16cd539434f3,-0.10559894045265103,-0.10559894045265103,-0.1083679239351536,request_throughput_rps,5,16,-18.596199128026793,fcfs,long_short,-0.9310257117159382,-0.896200664682878,-0.950549233839082,2000,workload_seed,0.005678522784449014
poisson,280.18876390511224,mono,277.58108086775803,-2.5066850227288566,-2.6855729876540977,,analytical,E4,E4-16cd539434f3,-2.607683037354218,-2.607683037354218,-2.6717858927359543,output_token_throughput_tps,5,16,-23.051038237545058,fcfs,long_short,-0.9306879408759294,-0.8958087860823194,-0.9505405829829283,2000,workload_seed,0.11312648959589497
poisson,8.112455716204956,mono,11.374664634416906,3.5455844375051155,2.997762328733656,,analytical,E4,E4-16cd539434f3,3.2622089182119502,3.2622089182119502,3.2118981568053115,observed_request_throughput_rps,5,16,9.080815856708968,fcfs,long_short,40.21234792931514,46.24054585253532,35.85856312252921,2000,workload_seed,0.35924183131648996
poisson,0.7672047802530573,mono,4.822312431148989,4.163718393612796,3.958930619455445,,analytical,E4,E4-16cd539434f3,4.055107650895932,4.055107650895932,4.025673743175367,iteration_cv,5,16,29.18932300948237,fcfs,long_short,528.5560980939641,624.7789749190907,456.4609673481055,2000,workload_seed,0.13892434742589269
poisson,4026.437739705205,mono,4214.252939705737,193.93520000054485,180.6880000005287,,analytical,E4,E4-16cd539434f3,187.81520000053206,187.81520000053206,191.47800000052302,max_wait_ms,5,16,22.409101267923585,fcfs,long_short,4.664549960588316,5.076164916227088,4.315004397692324,2000,workload_seed,8.38120180524022
poisson,91.4,mono,98.0,8.2,5.2,,analytical,E4,E4-16cd539434f3,6.6,6.6,6.0,starvation_proxy_count,5,16,3.63318042491699,fcfs,long_short,7.221006564551424,8.773536751361156,5.701754385964919,2000,workload_seed,1.816590212458495
poisson,0.8079069700854065,mono,0.8014590556902004,-0.004789778196049865,-0.00787021335239153,,analytical,E4,E4-16cd539434f3,-0.0064479143952060666,-0.0064479143952060666,-0.006913197909428792,waiting_satisfaction_jain,5,16,-3.164795884445886,fcfs,long_short,-0.7981010975217195,-0.5906899427635226,-0.9725389352082447,2000,workload_seed,0.002037387127206471
poisson,3953.2024347961997,mono,4129.516900387926,180.77224118293742,170.57771559172087,,analytical,E4,E4-16cd539434f3,176.31446559172682,176.31446559172682,180.10005000051478,long_prompt_ttft_p95_ms,5,16,27.39033653963412,fcfs,long_short,4.460041409460902,4.88748363487701,4.051024404890313,2000,workload_seed,6.437104755416124
poisson,125.21079999999998,mono,0.32299999999999757,-93.35,-149.762,,analytical,E4,E4-16cd539434f3,-124.88779999999997,-124.88779999999997,-139.46399999999997,primer_max_itl_ms,5,16,-3.187884061279225,fcfs,long_short,-99.74203503212183,-99.6551834573463,-99.78478861978213,2000,workload_seed,39.175765993787536
poisson,69.8,mono,46.6,-22.2,-24.2,,analytical,E4,E4-16cd539434f3,-23.2,-23.2,-23.0,backlog_at_arrival_end,5,16,-17.793587741258992,fcfs,long_short,-33.2378223495702,-30.909090909090907,-35.57692307692307,2000,workload_seed,1.3038404810405297
poisson,0.9956884548694985,mono,0.9959590118462431,0.000678902302732376,-4.89386309254769e-14,,analytical,E4,E4-16cd539434f3,0.0002705569767446736,0.0002705569767446736,-4.75175454539567e-14,server_busy_fraction,5,16,0.6102204238816168,fcfs,long_short,0.027172854663670698,0.06827930493280565,-4.884981308350689e-12,2000,workload_seed,0.00044337581332276393
poisson,0.686848094325515,mono,0.03125,-0.6404083616157059,-0.6674109789220583,,analytical,E4,E4-16cd539434f3,-0.655598094325515,-0.655598094325515,-0.6641540904601549,batch_slot_occupancy,5,16,-37.42891939080042,fcfs,long_short,-95.45023124353465,-95.34733701150884,-95.52715824372865,2000,workload_seed,0.017515816780076562
poisson,14.986660714806257,mono,71.06653515782105,130.98012874848075,13.277323428869343,,piecewise,E4,E4-242e3caf5f21,56.079874443014795,56.079874443014795,22.80943327741568,ttft_p50_ms,5,16,0.6786993682569173,chunk_512,mixed,374.1985990755765,760.6228574047079,107.74410081220509,2000,workload_seed,82.62844650503065
poisson,96.60066119540814,mono,271.9580854735617,247.0410150733227,121.7456474910525,,piecewise,E4,E4-242e3caf5f21,175.35742427815356,175.35742427815356,149.26751700258808,ttft_p95_ms,5,16,2.140163212400699,chunk_512,mixed,181.52818221754478,241.29156876812613,130.9987985883976,2000,workload_seed,81.9364725372738
poisson,148.02814880151823,mono,357.66774202364445,271.8462200330118,147.52898031113213,,piecewise,E4,E4-242e3caf5f21,209.63959322212622,209.63959322212622,165.82019681936455,ttft_p99_ms,5,16,2.5642862868256397,chunk_512,mixed,141.6214381652634,167.65407624586763,112.33379153775944,2000,workload_seed,81.753583560142
poisson,4.183709720172122,mono,7.045377910147496,3.606888498633843,2.1164478813169056,,piecewise,E4,E4-242e3caf5f21,2.8616681899753744,2.8616681899753744,3.4815336794066685,tpot_p95_ms,5,16,2.870255942957256,chunk_512,mixed,68.40025674289951,79.8608839545518,58.49268411096145,2000,workload_seed,0.9970080183953792
poisson,10.36688071078456,mono,9.176175612007093,3.3005574078730966,-8.418989055029646,,piecewise,E4,E4-242e3caf5f21,-1.1907050987774677,-1.1907050987774677,1.9017560935429199,tpot_p99_ms,5,16,-0.14573360115913503,chunk_512,mixed,-11.485664125938955,57.91553463456742,-48.08244526492275,2000,workload_seed,8.170422533354317
poisson,705.0506933535999,mono,1216.5771772521805,956.9619122972039,236.87460516607226,,piecewise,E4,E4-242e3caf5f21,511.5264838985806,511.5264838985806,304.8851171042355,e2e_p95_ms,5,16,1.0366032870919353,chunk_512,mixed,72.55173120467208,117.82131932743938,36.12563605260348,2000,workload_seed,493.46407663206054
poisson,1.3929590000001553,mono,9.83250117399999,8.696762059999674,8.253742729999795,,piecewise,E4,E4-242e3caf5f21,8.439542173999834,8.439542173999834,8.394827670000083,itl_p95_ms,5,16,28.503207079328103,chunk_512,mixed,605.8715420912529,668.3538258382845,563.1761957269304,2000,workload_seed,0.2960909679570969
poisson,16.27559867000009,mono,10.056413480000083,-0.38095518000018275,-15.6667211699998,,piecewise,E4,E4-242e3caf5f21,-6.219185190000007,-6.219185190000007,-2.4910720500001844,itl_p99_ms,5,16,-0.589926001160494,chunk_512,mixed,-38.2117138429045,-3.7210752650324475,-60.15875440963235,2000,workload_seed,10.542314083064174
poisson,17.455557111792665,mono,17.30173550618103,-0.02676132226973138,-0.3625201287966284,,piecewise,E4,E4-242e3caf5f21,-0.1538216056116383,-0.1538216056116383,-0.07655371715795312,request_throughput_rps,5,16,-0.6668162894961401,chunk_512,mixed,-0.8812185404710848,-0.14517449397276616,-2.1110633246102073,2000,workload_seed,0.2306806357833115
poisson,2220.8402400907125,mono,2201.8918317672947,-3.422615614285223,-44.404368095844696,,piecewise,E4,E4-242e3caf5f21,-18.948408323418015,-18.948408323418015,-8.782146740214102,output_token_throughput_tps,5,16,-0.6774719840009296,chunk_512,mixed,-0.8532089783569452,-0.1491938515867819,-2.0763342767973536,2000,workload_seed,27.96928695341004
poisson,17.437018317146414,mono,17.094480769492076,-0.026120408044636178,-0.8878040184525698,,piecewise,E4,E4-242e3caf5f21,-0.3425375476543383,-0.3425375476543383,-0.1306020402231809,observed_request_throughput_rps,5,16,-0.5603871332515367,chunk_512,mixed,-1.9644272972834442,-0.15355939527992302,-5.143650085878148,2000,workload_seed,0.6112516282571143
poisson,3.422006758699868,mono,1.3667740071430339,-1.8291444164240622,-2.2868625409939107,,piecewise,E4,E4-242e3caf5f21,-2.055232751556834,-2.055232751556834,-2.01318468254723,iteration_cv,5,16,-6.939721643753285,chunk_512,mixed,-60.05928382028339,-56.404268719218024,-64.04348256753153,2000,workload_seed,0.29615492624359496
poisson,126.14439010241313,mono,333.4711712943752,273.1266900563057,141.30898205957973,,piecewise,E4,E4-242e3caf5f21,207.32678119196208,207.32678119196208,159.78828290212869,max_wait_ms,5,16,2.3860002065996797,chunk_512,mixed,164.35671933063313,203.5307169948025,129.572004580723,2000,workload_seed,86.89302734278729
poisson,0.0,mono,0.0,0.0,0.0,,piecewise,E4,E4-242e3caf5f21,0.0,0.0,0.0,starvation_proxy_count,5,16,,chunk_512,mixed,,,,2000,workload_seed,0.0
poisson,0.9994340857448188,mono,0.9944790499998664,-0.002653224954385425,-0.008344118880384688,,piecewise,E4,E4-242e3caf5f21,-0.004955035744952418,-0.004955035744952418,-0.003768735924900901,waiting_satisfaction_jain,5,16,-1.3072317009726575,chunk_512,mixed,-0.4957841458108514,-0.265446868717778,-0.8349419556913373,2000,workload_seed,0.003790480097189794
poisson,64.90709194776053,mono,213.9760193702034,213.0447078119795,99.11199655172739,,piecewise,E4,E4-242e3caf5f21,149.06892742244287,149.06892742244287,124.28732825879048,short_prompt_ttft_p95_ms,5,16,2.0233992073346987,chunk_512,mixed,229.66508427525713,285.51546986429116,178.87285195144887,2000,workload_seed,73.6725243748624
poisson,139.62209960229495,mono,340.5853846959104,270.3988865573991,141.30850440907267,,piecewise,E4,E4-242e3caf5f21,200.96328509361547,200.96328509361547,161.7946681681068,long_prompt_ttft_p95_ms,5,16,2.413780440885302,chunk_512,mixed,143.9337222875513,196.83676718846854,109.96163152762763,2000,workload_seed,83.2566548678753
poisson,31.8340661,mono,6.238997010000003,-1.4999999997655777e-06,-57.482506189999995,,piecewise,E4,E4-242e3caf5f21,-25.595069089999996,-25.595069089999996,-7.499999998827889e-06,primer_max_itl_ms,5,16,-0.6960793159139668,chunk_512,mixed,-80.40150764780877,-5.5087644257323376e-05,-87.02773319159837,2000,workload_seed,36.770334220308115
poisson,3.8,mono,6.2,6.2,0.2,,piecewise,E4,E4-242e3caf5f21,2.4,2.4,1.0,backlog_at_arrival_end,5,16,0.5610294986546213,chunk_512,mixed,63.157894736842124,106.9027093596059,6.25,2000,workload_seed,4.277849927241488
poisson,0.9368401108979469,mono,0.9696895994751316,0.04494669507714737,0.02075228207722173,,piecewise,E4,E4-242e3caf5f21,0.032849488577184546,0.032849488577184546,0.03667336984501968,server_busy_fraction,5,16,2.1206089849483467,chunk_512,mixed,3.5064135485935566,4.866580839381163,2.1842169045726445,2000,workload_seed,0.015490591999913027
poisson,0.13004996851547831,mono,0.1966893918337097,0.14258089270229946,0.022294287034205988,,piecewise,E4,E4-242e3caf5f21,0.06663942331823139,0.06663942331823139,0.029373093850316834,batch_slot_occupancy,5,16,0.7968258403085279,chunk_512,mixed,51.2413990398622,86.5872604417274,20.031949123372716,2000,workload_seed,0.0836311022398933
poisson,14.986660714806257,mono,3971.3241455848793,4617.015084439666,3295.6598853004807,,piecewise,E4,E4-242e3caf5f21,3956.3374848700732,3956.3374848700732,4030.2619486604426,ttft_p50_ms,5,16,4.580685151296033,fcfs,mixed,26399.059538068814,33689.37310225918,22011.923524701982,2000,workload_seed,863.6999388073397
poisson,96.60066119540814,mono,7863.5020361915795,8743.672295508382,6776.096365531543,,piecewise,E4,E4-242e3caf5f21,7766.901374996172,7766.901374996172,7814.127823951401,ttft_p95_ms,5,16,6.053598180376592,fcfs,mixed,8040.215541884269,8796.032044262778,7044.468507807697,2000,workload_seed,1283.022285848678
poisson,148.02814880151823,mono,8163.873847472123,8938.254330810856,6975.512611199306,,piecewise,E4,E4-242e3caf5f21,8015.845698670606,8015.845698670606,8153.118989429061,ttft_p99_ms,5,16,6.298178877654988,fcfs,mixed,5415.082039172533,6459.112924816706,4159.106154312019,2000,workload_seed,1272.7243627693153
poisson,4.183709720172122,mono,0.8292761249999986,-2.4664705909944593,-4.242396599349788,,piecewise,E4,E4-242e3caf5f21,-3.354433595172124,-3.354433595172124,-2.9725969833765493,tpot_p95_ms,5,16,-2.9263316642569968,fcfs,mixed,-80.17844973800234,-74.84815275720347,-83.64148347634317,2000,workload_seed,1.1462930316970148
poisson,10.36688071078456,mono,0.8316750699999934,-4.776760920351803,-17.076113038704445,,piecewise,E4,E4-242e3caf5f21,-9.535205640784566,-9.535205640784566,-6.105558927105695,tpot_p99_ms,5,16,-1.1388263665656937,fcfs,mixed,-91.97757654204692,-85.17126706774528,-95.3559596845458,2000,workload_seed,8.372835333571919
poisson,705.0506933535999,mono,7943.372173480706,8123.763533501941,6316.487258914852,,piecewise,E4,E4-242e3caf5f21,7238.321480127107,7238.321480127107,7358.527182758349,e2e_p95_ms,5,16,6.18915825163219,fcfs,mixed,1026.6384457687377,1117.580783637988,944.0713051490415,2000,workload_seed,1169.5163034841182
poisson,1.3929590000001553,mono,0.8314542499999572,-0.421966750000023,-0.6803565000003801,,piecewise,E4,E4-242e3caf5f21,-0.5615047500001981,-0.5615047500001981,-0.6100050000004558,itl_p95_ms,5,16,-3.410803753593014,fcfs,mixed,-40.31021372489323,-33.66826723220877,-45.00370093778835,2000,workload_seed,0.16462534656492533
poisson,16.27559867000009,mono,0.8324923399997625,-9.448747900000408,-25.18865606025021,,piecewise,E4,E4-242e3caf5f21,-15.443106330000328,-15.443106330000328,-11.563462150000104,itl_p99_ms,5,16,-1.4196080081687696,fcfs,mixed,-94.88502784518612,-91.90140793562453,-96.80115147140003,2000,workload_seed,10.87842998992464
poisson,17.455557111792665,mono,8.374664138613818,-7.933657548249158,-10.44102781415682,,piecewise,E4,E4-242e3caf5f21,-9.080892973178848,-9.080892973178848,-8.672379991998117,request_throughput_rps,5,16,-5.616086771874628,fcfs,mixed,-52.02293410070513,-47.726233969595896,-56.46711216798752,2000,workload_seed,1.6169431388873787
poisson,2220.8402400907125,mono,1061.0505215300266,-977.0239782303959,-1356.6651716031436,,piecewise,E4,E4-242e3caf5f21,-1159.789718560686,-1159.789718560686,-1105.9953263374005,output_token_throughput_tps,5,16,-4.696471186825104,fcfs,mixed,-52.2230144079753,-47.86971383993337,-56.52546048506579,2000,workload_seed,246.94918214642001
poisson,17.437018317146414,mono,8.459381286056475,-7.7923020706901465,-10.371069042829102,,piecewise,E4,E4-242e3caf5f21,-8.977637031089937,-8.977637031089937,-8.645591251171751,observed_request_throughput_rps,5,16,-5.103727563463894,fcfs,mixed,-51.48607902913036,-45.73880412513678,-56.39596122148769,2000,workload_seed,1.7590353167277655
poisson,3.422006758699868,mono,2.796293944121974,-0.574004638908251,-0.6734435029392499,,piecewise,E4,E4-242e3caf5f21,-0.6257128145778942,-0.6257128145778942,-0.6521298257629993,iteration_cv,5,16,-9.768755557746944,fcfs,mixed,-18.284967234127347,-16.298158097618586,-19.966357484903785,2000,workload_seed,0.0640524589727996
poisson,126.14439010241313,mono,8197.899068729783,8983.393755497955,7051.396307804787,,piecewise,E4,E4-242e3caf5f21,8071.75467862737,8071.75467862737,8200.117232445367,max_wait_ms,5,16,6.374036819833518,fcfs,mixed,6398.821756618852,8007.094934133498,4660.153467677465,2000,workload_seed,1266.3489256151165
poisson,0.0,mono,109.2,112.2,105.4,,piecewise,E4,E4-242e3caf5f21,109.2,109.2,111.0,starvation_proxy_count,5,16,24.603082634639577,fcfs,mixed,,,,2000,workload_seed,4.43846820423443
poisson,0.9994340857448188,mono,0.6607766980935474,-0.31535744130220095,-0.36195733400034175,,piecewise,E4,E4-242e3caf5f21,-0.33865738765127135,-0.33865738765127135,-0.35022547806462,waiting_satisfaction_jain,5,16,-11.303072514864592,fcfs,mixed,-33.88491472140358,-31.555612587043502,-36.213919865933875,2000,workload_seed,0.02996153366316153
poisson,64.90709194776053,mono,7835.962862744231,8759.976753492889,6782.13478810005,,piecewise,E4,E4-242e3caf5f21,7771.055770796471,7771.055770796471,7794.765758265489,short_prompt_ttft_p95_ms,5,16,6.015221750639526,fcfs,mixed,11972.583484484076,17996.895185627967,9626.339031245505,2000,workload_seed,1291.8984690747716
poisson,139.62209960229495,mono,7569.245360987695,8567.707159327609,6291.539363443192,,piecewise,E4,E4-242e3caf5f21,7429.623261385401,7429.623261385401,7652.056021638093,long_prompt_ttft_p95_ms,5,16,5.1402434360345675,fcfs,mixed,5321.237313110338,6499.350138217635,4065.828542628009,2000,workload_seed,1445.383541429503
poisson,31.8340661,mono,0.8004950000000001,-2.7941237899999978,-65.6032757,,piecewise,E4,E4-242e3caf5f21,-31.0335711,-31.0335711,-4.662517599999994,primer_max_itl_ms,5,16,-0.7778873463759027,fcfs,mixed,-97.48541390381796,-77.89119783685928,-98.77056830228169,2000,workload_seed,39.89468557957938
poisson,3.8,mono,67.4,70.2,56.595,,piecewise,E4,E4-242e3caf5f21,63.6,63.6,65.0,backlog_at_arrival_end,5,16,7.164633954043393,fcfs,mixed,1673.684210526316,3045.4545454545455,1027.5862068965519,2000,workload_seed,8.87693640846886
poisson,0.9368401108979469,mono,0.9986489364711278,0.0808772933337486,0.04191661495304029,,piecewise,E4,E4-242e3caf5f21,0.06180882557318097,0.06180882557318097,0.05598331269583412,server_busy_fraction,5,16,2.5136100697121253,fcfs,mixed,6.597585314097842,8.825346694887525,4.375048728246744,2000,workload_seed,0.024589663415956843
poisson,0.13004996851547831,mono,0.03125,-0.07747516051663715,-0.13351344708697926,,piecewise,E4,E4-242e3caf5f21,-0.09879996851547831,-0.09879996851547831,-0.0854556453388864,batch_slot_occupancy,5,16,-2.593603033562196,fcfs,mixed,-75.97077465168269,-71.2578028383613,-81.03341453914655,2000,workload_seed,0.038093712583217115
poisson,3.5535322649549244,mono,3.5535322649549244,0.0,0.0,,piecewise,E4,E4-68a8cf9325fb,0.0,0.0,0.0,ttft_p50_ms,5,16,,chunk_512,short_long,0.0,0.0,0.0,2000,workload_seed,0.0
poisson,6.122484885061046,mono,6.122484885061046,0.0,0.0,,piecewise,E4,E4-68a8cf9325fb,0.0,0.0,0.0,ttft_p95_ms,5,16,,chunk_512,short_long,0.0,0.0,0.0,2000,workload_seed,0.0
poisson,7.387554832014541,mono,7.387554832014541,0.0,0.0,,piecewise,E4,E4-68a8cf9325fb,0.0,0.0,0.0,ttft_p99_ms,5,16,,chunk_512,short_long,0.0,0.0,0.0,2000,workload_seed,0.0
poisson,1.2448146175758061,mono,1.2448146175758061,0.0,0.0,,piecewise,E4,E4-68a8cf9325fb,0.0,0.0,0.0,tpot_p95_ms,5,16,,chunk_512,short_long,0.0,0.0,0.0,2000,workload_seed,0.0
poisson,1.2860600730455007,mono,1.2860600730455007,0.0,0.0,,piecewise,E4,E4-68a8cf9325fb,0.0,0.0,0.0,tpot_p99_ms,5,16,,chunk_512,short_long,0.0,0.0,0.0,2000,workload_seed,0.0
poisson,512.9378840666717,mono,512.9378840666717,0.0,0.0,,piecewise,E4,E4-68a8cf9325fb,0.0,0.0,0.0,e2e_p95_ms,5,16,,chunk_512,short_long,0.0,0.0,0.0,2000,workload_seed,0.0
poisson,1.228776399999965,mono,1.228776399999965,0.0,0.0,,piecewise,E4,E4-68a8cf9325fb,0.0,0.0,0.0,itl_p95_ms,5,16,,chunk_512,short_long,0.0,0.0,0.0,2000,workload_seed,0.0
poisson,2.9095847000001185,mono,2.9095847000001185,0.0,0.0,,piecewise,E4,E4-68a8cf9325fb,0.0,0.0,0.0,itl_p99_ms,5,16,,chunk_512,short_long,0.0,0.0,0.0,2000,workload_seed,0.0
poisson,17.216364463197593,mono,17.216364463197593,0.0,0.0,,piecewise,E4,E4-68a8cf9325fb,0.0,0.0,0.0,request_throughput_rps,5,16,,chunk_512,short_long,0.0,0.0,0.0,2000,workload_seed,0.0
poisson,4677.058819193906,mono,4677.058819193906,0.0,0.0,,piecewise,E4,E4-68a8cf9325fb,0.0,0.0,0.0,output_token_throughput_tps,5,16,,chunk_512,short_long,0.0,0.0,0.0,2000,workload_seed,0.0
poisson,17.578045831170254,mono,17.578045831170254,0.0,0.0,,piecewise,E4,E4-68a8cf9325fb,0.0,0.0,0.0,observed_request_throughput_rps,5,16,,chunk_512,short_long,0.0,0.0,0.0,2000,workload_seed,0.0
poisson,0.34198814064266214,mono,0.34198814064266214,0.0,0.0,,piecewise,E4,E4-68a8cf9325fb,0.0,0.0,0.0,iteration_cv,5,16,,chunk_512,short_long,0.0,0.0,0.0,2000,workload_seed,0.0
poisson,4.373179909471219,mono,4.373179909471219,0.0,0.0,,piecewise,E4,E4-68a8cf9325fb,0.0,0.0,0.0,max_wait_ms,5,16,,chunk_512,short_long,0.0,0.0,0.0,2000,workload_seed,0.0
poisson,0.0,mono,0.0,0.0,0.0,,piecewise,E4,E4-68a8cf9325fb,0.0,0.0,0.0,starvation_proxy_count,5,16,,chunk_512,short_long,,,,2000,workload_seed,0.0
poisson,0.9999996104472988,mono,0.9999996104472988,0.0,0.0,,piecewise,E4,E4-68a8cf9325fb,0.0,0.0,0.0,waiting_satisfaction_jain,5,16,,chunk_512,short_long,0.0,0.0,0.0,2000,workload_seed,0.0
poisson,5.945483901281781,mono,5.945483901281781,0.0,0.0,,piecewise,E4,E4-68a8cf9325fb,0.0,0.0,0.0,short_prompt_ttft_p95_ms,5,16,,chunk_512,short_long,0.0,0.0,0.0,2000,workload_seed,0.0
poisson,4.198770930000007,mono,4.198770930000007,0.0,0.0,,piecewise,E4,E4-68a8cf9325fb,0.0,0.0,0.0,primer_max_itl_ms,5,16,,chunk_512,short_long,0.0,0.0,0.0,2000,workload_seed,0.0
poisson,2.8,mono,2.8,0.0,0.0,,piecewise,E4,E4-68a8cf9325fb,0.0,0.0,0.0,backlog_at_arrival_end,5,16,,chunk_512,short_long,0.0,0.0,0.0,2000,workload_seed,0.0
poisson,0.9856970341768276,mono,0.9856970341768276,0.0,0.0,,piecewise,E4,E4-68a8cf9325fb,0.0,0.0,0.0,server_busy_fraction,5,16,,chunk_512,short_long,0.0,0.0,0.0,2000,workload_seed,0.0
poisson,0.15489281336576716,mono,0.15489281336576716,0.0,0.0,,piecewise,E4,E4-68a8cf9325fb,0.0,0.0,0.0,batch_slot_occupancy,5,16,,chunk_512,short_long,0.0,0.0,0.0,2000,workload_seed,0.0
poisson,3.5535322649549244,mono,10399.845039522897,10841.272427321435,9951.310587194454,,piecewise,E4,E4-68a8cf9325fb,10396.291507257944,10396.291507257944,10532.616187167096,ttft_p50_ms,5,16,18.053801010340475,fcfs,short_long,292562.18129174114,304625.1176001223,280704.50189927523,2000,workload_seed,575.8505647261413
poisson,6.122484885061046,mono,19714.055780666073,20391.140252418925,19092.349191388912,,piecewise,E4,E4-68a8cf9325fb,19707.933295781007,19707.933295781007,19527.81306990846,ttft_p95_ms,5,16,23.470672450219062,fcfs,short_long,321894.35606233444,337458.5165088879,298892.8560869337,2000,workload_seed,839.683368151519
poisson,7.387554832014541,mono,20256.21966300969,20882.18907157855,19729.131011208352,,piecewise,E4,E4-68a8cf9325fb,20248.832108177674,20248.832108177674,19948.374466359393,ttft_p99_ms,5,16,28.04428582754992,fcfs,short_long,274093.8317023082,292853.36796023056,257113.1776818585,2000,workload_seed,722.0305852212427
poisson,1.2448146175758061,mono,0.7918160500000038,-0.3848358828476398,-0.5257704884336294,,piecewise,E4,E4-68a8cf9325fb,-0.45299856757580237,-0.45299856757580237,-0.4356940649843307,tpot_p95_ms,5,16,-4.964809609861072,fcfs,short_long,-36.3908457677005,-32.705977372088654,-39.90380717328511,2000,workload_seed,0.09124188099299108
poisson,1.2860600730455007,mono,0.7921412500000058,-0.4142970517834554,-0.5729348309846336,,piecewise,E4,E4-68a8cf9325fb,-0.49391882304549506,-0.49391882304549506,-0.5047588121689629,tpot_p99_ms,5,16,-5.086226584818005,fcfs,short_long,-38.40557944356773,-34.343082078876655,-41.970837181946166,2000,workload_seed,0.0971090876131639
poisson,512.9378840666717,mono,19948.21757550448,20127.251916782363,18845.4286641031,,piecewise,E4,E4-68a8cf9325fb,19435.279691437812,19435.279691437812,19188.732175478934,e2e_p95_ms,5,16,23.893522390517777,fcfs,short_long,3789.0123336867064,3882.3805182637593,3692.2256266227946,2000,workload_seed,813.4120777081728
poisson,1.228776399999965,mono,0.7925310000002355,-0.37025699999899186,-0.5104489850005876,,piecewise,E4,E4-68a8cf9325fb,-0.4362453999997296,-0.4362453999997296,-0.4519749999999476,itl_p95_ms,5,16,-4.596478587880619,fcfs,short_long,-35.502423386365656,-31.8422580269768,-39.1751617883577,2000,workload_seed,0.09490861137697089
poisson,2.9095847000001185,mono,0.7929928400004209,-2.0052546699997267,-2.2969343799990383,,piecewise,E4,E4-68a8cf9325fb,-2.116591859999698,-2.116591859999698,-2.054458600000653,itl_p99_ms,5,16,-10.545900032279341,fcfs,short_long,-72.74549732130538,-71.6597287595865,-74.33766051718378,2000,workload_seed,0.20070281849070662
poisson,17.216364463197593,mono,4.60915632258576,-11.768693893086565,-13.469095389626208,,piecewise,E4,E4-68a8cf9325fb,-12.607208140611833,-12.607208140611833,-12.641351916681852,request_throughput_rps,5,16,-11.476139081245753,fcfs,short_long,-73.22805094862808,-71.80106919838052,-74.64025907906444,2000,workload_seed,1.0985583262244065
poisson,4677.058819193906,mono,1251.5685668714293,-3186.2165821117037,-3685.8124672153667,,piecewise,E4,E4-68a8cf9325fb,-3425.4902523224764,-3425.4902523224764,-3316.3796668920054,output_token_throughput_tps,5,16,-10.594740499383635,fcfs,short_long,-73.2402645496954,-71.79430478022574,-74.64939365518697,2000,workload_seed,323.319882400306
poisson,17.578045831170254,mono,4.594538658094233,-12.151005109549066,-13.865291874851318,,piecewise,E4,E4-68a8cf9325fb,-12.983507173076024,-12.983507173076024,-12.999051493675227,observed_request_throughput_rps,5,16,-11.445709264094594,fcfs,short_long,-73.86206235765427,-72.66089947512624,-74.82197291593617,2000,workload_seed,1.1343558423072593
poisson,0.34198814064266214,mono,0.17667436591499608,-0.1564145672925525,-0.17767466012035732,,piecewise,E4,E4-68a8cf9325fb,-0.16531377472766604,-0.16531377472766604,-0.16361651074675976,iteration_cv,5,16,-11.498933446491199,fcfs,short_long,-48.33903725930653,-47.09532860101416,-49.872442781801865,2000,workload_seed,0.014376444171707952
poisson,4.373179909471219,mono,20341.918883178078,21003.01402517222,19800.233625654764,,piecewise,E4,E4-68a8cf9325fb,20337.545703268606,20337.545703268606,20022.81146504321,max_wait_ms,5,16,27.00169384898157,fcfs,short_long,465051.6586162519,532709.3329014891,416249.9323616792,2000,workload_seed,753.195181643602
poisson,0.0,mono,120.2,121.2,119.2,,piecewise,E4,E4-68a8cf9325fb,120.2,120.2,120.0,starvation_proxy_count,5,16,92.18919165945393,fcfs,short_long,,,,2000,workload_seed,1.3038404810405297
poisson,0.9999996104472988,mono,0.4511374866228614,-0.5353884478833931,-0.5578044370492694,,piecewise,E4,E4-68a8cf9325fb,-0.5488621238244374,-0.5488621238244374,-0.5536806527364015,waiting_satisfaction_jain,5,16,-36.024090483937506,fcfs,short_long,-54.88623376352436,-53.538870053841,-55.780466532113415,2000,workload_seed,0.015235974495155267
poisson,5.945483901281781,mono,19687.1846188015,20392.74721513585,19003.59347374118,,piecewise,E4,E4-68a8cf9325fb,19681.23913490022,19681.23913490022,19532.059593525042,short_prompt_ttft_p95_ms,5,16,22.19528906805503,fcfs,short_long,331028.3815697013,349089.65994553175,309134.95608222677,2000,workload_seed,886.7304712524245
poisson,4.198770930000007,mono,0.7915390000000002,-2.4395350999999987,-4.544024380000025,,piecewise,E4,E4-68a8cf9325fb,-3.4072319300000076,-3.4072319300000076,-3.2752583500000014,primer_max_itl_ms,5,16,-2.460933935785917,fcfs,short_long,-81.14831665751294,-75.50757647813892,-85.1588615983982,2000,workload_seed,1.3845279958366228
poisson,2.8,mono,95.2,93.8,91.0,,piecewise,E4,E4-68a8cf9325fb,92.4,92.4,93.0,backlog_at_arrival_end,5,16,50.864525948837866,fcfs,short_long,3300.0,4640.0,2304.875,2000,workload_seed,1.816590212458495
poisson,0.9856970341768276,mono,0.9999999999999956,0.022283161517783933,0.0057474350082847405,,piecewise,E4,E4-68a8cf9325fb,0.014302965823167924,0.014302965823167924,0.013968750051694179,server_busy_fraction,5,16,1.2935752172797,fcfs,short_long,1.451050913946661,2.2791017440566774,0.5780658970020003,2000,workload_seed,0.011056926286239529
poisson,0.15489281336576716,mono,0.03125,-0.11249466040419061,-0.1378506309372253,,piecewise,E4,E4-68a8cf9325fb,-0.12364281336576717,-0.12364281336576717,-0.1167511307918632,batch_slot_occupancy,5,16,-7.402564145981197,fcfs,short_long,-79.82475795942476,-78.26006203491022,-81.51987971493682,2000,workload_seed,0.01670270070309246
poisson,108.55308256566097,mono,108.55308256566097,0.0,0.0,,analytical,E4,E4-7348934f06c5,0.0,0.0,0.0,ttft_p50_ms,5,16,,chunk_512,short_long,0.0,0.0,0.0,2000,workload_seed,0.0
poisson,2076.844116430374,mono,2076.844116430374,0.0,0.0,,analytical,E4,E4-7348934f06c5,0.0,0.0,0.0,ttft_p95_ms,5,16,,chunk_512,short_long,0.0,0.0,0.0,2000,workload_seed,0.0
poisson,2212.995221640064,mono,2212.995221640064,0.0,0.0,,analytical,E4,E4-7348934f06c5,0.0,0.0,0.0,ttft_p99_ms,5,16,,chunk_512,short_long,0.0,0.0,0.0,2000,workload_seed,0.0
poisson,10.384750959869638,mono,10.384750959869638,0.0,0.0,,analytical,E4,E4-7348934f06c5,0.0,0.0,0.0,tpot_p95_ms,5,16,,chunk_512,short_long,0.0,0.0,0.0,2000,workload_seed,0.0
poisson,10.411883192702872,mono,10.411883192702872,0.0,0.0,,analytical,E4,E4-7348934f06c5,0.0,0.0,0.0,tpot_p99_ms,5,16,,chunk_512,short_long,0.0,0.0,0.0,2000,workload_seed,0.0
poisson,5006.250382343233,mono,5006.250382343233,0.0,0.0,,analytical,E4,E4-7348934f06c5,0.0,0.0,0.0,e2e_p95_ms,5,16,,chunk_512,short_long,0.0,0.0,0.0,2000,workload_seed,0.0
poisson,10.609600000000137,mono,10.609600000000137,0.0,0.0,,analytical,E4,E4-7348934f06c5,0.0,0.0,0.0,itl_p95_ms,5,16,,chunk_512,short_long,0.0,0.0,0.0,2000,workload_seed,0.0
poisson,12.333800000000156,mono,12.333800000000156,0.0,0.0,,analytical,E4,E4-7348934f06c5,0.0,0.0,0.0,itl_p99_ms,5,16,,chunk_512,short_long,0.0,0.0,0.0,2000,workload_seed,0.0
poisson,12.017379141636793,mono,12.017379141636793,0.0,0.0,,analytical,E4,E4-7348934f06c5,0.0,0.0,0.0,request_throughput_rps,5,16,,chunk_512,short_long,0.0,0.0,0.0,2000,workload_seed,0.0
poisson,3262.625658428061,mono,3262.625658428061,0.0,0.0,,analytical,E4,E4-7348934f06c5,0.0,0.0,0.0,output_token_throughput_tps,5,16,,chunk_512,short_long,0.0,0.0,0.0,2000,workload_seed,0.0
poisson,10.024499564540832,mono,10.024499564540832,0.0,0.0,,analytical,E4,E4-7348934f06c5,0.0,0.0,0.0,observed_request_throughput_rps,5,16,,chunk_512,short_long,0.0,0.0,0.0,2000,workload_seed,0.0
poisson,0.9240984889929615,mono,0.9240984889929615,0.0,0.0,,analytical,E4,E4-7348934f06c5,0.0,0.0,0.0,iteration_cv,5,16,,chunk_512,short_long,0.0,0.0,0.0,2000,workload_seed,0.0
poisson,2247.8095821481115,mono,2247.8095821481115,0.0,0.0,,analytical,E4,E4-7348934f06c5,0.0,0.0,0.0,max_wait_ms,5,16,,chunk_512,short_long,0.0,0.0,0.0,2000,workload_seed,0.0
poisson,35.4,mono,35.4,0.0,0.0,,analytical,E4,E4-7348934f06c5,0.0,0.0,0.0,starvation_proxy_count,5,16,,chunk_512,short_long,0.0,0.0,0.0,2000,workload_seed,0.0
poisson,0.8851476907831313,mono,0.8851476907831313,0.0,0.0,,analytical,E4,E4-7348934f06c5,0.0,0.0,0.0,waiting_satisfaction_jain,5,16,,chunk_512,short_long,0.0,0.0,0.0,2000,workload_seed,0.0
poisson,2065.8341579432135,mono,2065.8341579432135,0.0,0.0,,analytical,E4,E4-7348934f06c5,0.0,0.0,0.0,short_prompt_ttft_p95_ms,5,16,,chunk_512,short_long,0.0,0.0,0.0,2000,workload_seed,0.0
poisson,2.7132000000000005,mono,2.7132000000000005,0.0,0.0,,analytical,E4,E4-7348934f06c5,0.0,0.0,0.0,primer_max_itl_ms,5,16,,chunk_512,short_long,0.0,0.0,0.0,2000,workload_seed,0.0
poisson,56.2,mono,56.2,0.0,0.0,,analytical,E4,E4-7348934f06c5,0.0,0.0,0.0,backlog_at_arrival_end,5,16,,chunk_512,short_long,0.0,0.0,0.0,2000,workload_seed,0.0
poisson,0.9914594865792947,mono,0.9914594865792947,0.0,0.0,,analytical,E4,E4-7348934f06c5,0.0,0.0,0.0,server_busy_fraction,5,16,,chunk_512,short_long,0.0,0.0,0.0,2000,workload_seed,0.0
poisson,0.7587817065676691,mono,0.7587817065676691,0.0,0.0,,analytical,E4,E4-7348934f06c5,0.0,0.0,0.0,batch_slot_occupancy,5,16,,chunk_512,short_long,0.0,0.0,0.0,2000,workload_seed,0.0
poisson,108.55308256566097,mono,2237.1308106610077,2320.57921169443,1912.6741387708837,,analytical,E4,E4-7348934f06c5,2128.5777280953466,2128.5777280953466,2125.238361473055,ttft_p50_ms,5,16,7.939353839561799,fcfs,short_long,1960.8634575695487,16900.582423005646,705.774494996713,2000,workload_seed,268.1046557578331
poisson,2076.844116430374,mono,4215.57452069664,2284.1690065025005,2031.8210914228116,,analytical,E4,E4-7348934f06c5,2138.7304042662663,2138.7304042662663,2078.9187051395543,ttft_p95_ms,5,16,13.428619390295463,fcfs,short_long,102.97982344203382,121.9704071858537,89.53305580680504,2000,workload_seed,159.26658892513365
poisson,2212.995221640064,mono,4317.709102040317,2227.1303563433603,2028.7115872630252,,analytical,E4,E4-7348934f06c5,2104.713880400253,2104.713880400253,2038.038569707749,ttft_p99_ms,5,16,15.825288647164712,fcfs,short_long,95.10702326959554,109.28484006647561,84.44437117769066,2000,workload_seed,132.99687148375253
poisson,10.384750959869638,mono,0.32300000000032014,-10.038124461332842,-10.082145761377276,,analytical,E4,E4-7348934f06c5,-10.061750959869318,-10.061750959869318,-10.071308875034804,tpot_p95_ms,5,16,-363.2347321107001,fcfs,short_long,-96.88967023620974,-96.8825777433161,-96.89576669652,2000,workload_seed,0.027700409873808212
poisson,10.411883192702872,mono,0.32300000000032014,-10.062477261090999,-10.115289124314106,,analytical,E4,E4-7348934f06c5,-10.088883192702552,-10.088883192702552,-10.079482232984555,tpot_p99_ms,5,16,-295.0858906828309,fcfs,short_long,-96.89777541658657,-96.88988775498625,-96.90562317106219,2000,workload_seed,0.03418964956052898
poisson,5006.250382343233,mono,4300.286908595876,-479.27430906899406,-938.3441759124531,,analytical,E4,E4-7348934f06c5,-705.9634737473564,-705.9634737473564,-705.1343289950828,e2e_p95_ms,5,16,-2.352269710162445,fcfs,short_long,-14.101641344932524,-10.21291125741628,-18.80324835706221,2000,workload_seed,300.1201225766765
poisson,10.609600000000137,mono,0.32300000000032014,-9.996600000000035,-10.576599999999598,,analytical,E4,E4-7348934f06c5,-10.286599999999817,-10.286599999999817,-10.42699999999968,itl_p95_ms,5,16,-27.47656522683912,fcfs,short_long,-96.95558739254716,-96.87003372223431,-97.03658849865754,2000,workload_seed,0.3743772161868275
poisson,12.333800000000156,mono,0.32300000000032014,-11.837999999999738,-12.194399999999769,,analytical,E4,E4-7348934f06c5,-12.010799999999836,-12.010799999999836,-12.054000000000087,itl_p99_ms,5,16,-52.057181236987944,fcfs,short_long,-97.38118017155851,-97.34396842364676,-97.41959192803364,2000,workload_seed,0.23072321079624378
poisson,12.017379141636793,mono,11.14719829197253,-0.7522494927321652,-1.0035588492395704,,analytical,E4,E4-7348934f06c5,-0.8701808496642641,-0.8701808496642641,-0.780812701527239,request_throughput_rps,5,16,-5.447808469926725,fcfs,short_long,-7.241020187582626,-6.371961814066829,-8.118045450730483,2000,workload_seed,0.1597304410512744
poisson,3262.625658428061,mono,3026.8343396309238,-206.54963793950748,-267.0381363128351,,analytical,E4,E4-7348934f06c5,-235.79131879713722,-235.79131879713722,-212.71046017386607,output_token_throughput_tps,5,16,-6.020338516305355,fcfs,short_long,-7.227041759695529,-6.371036586811996,-8.10638932279727,2000,workload_seed,39.16579078710028
poisson,10.024499564540832,mono,10.968108622454817,1.3962064667124126,0.5272535848531529,,analytical,E4,E4-7348934f06c5,0.9436090579139862,0.9436090579139862,1.021967595347144,observed_request_throughput_rps,5,16,1.5987326284150516,fcfs,short_long,9.413029067822665,14.556275545964903,5.079938257861705,2000,workload_seed,0.5902231812516765
poisson,0.9240984889929615,mono,0.33761473508701867,-0.4836419981546752,-0.6567132374251033,,analytical,E4,E4-7348934f06c5,-0.5864837539059428,-0.5864837539059428,-0.6198041957524266,iteration_cv,5,16,-4.9490878409440615,fcfs,short_long,-63.465502962250795,-58.95170648029102,-66.28937228027458,2000,workload_seed,0.11850340360781882
poisson,2247.8095821481115,mono,4383.696511499978,2229.2636674018167,2064.5678782459863,,analytical,E4,E4-7348934f06c5,2135.8869293518665,2135.8869293518665,2108.8083439879792,max_wait_ms,5,16,20.16929389505646,fcfs,short_long,95.02081254190196,109.08177528316423,84.02192646679178,2000,workload_seed,105.89795262368492
poisson,35.4,mono,97.0,74.6,47.8,,analytical,E4,E4-7348934f06c5,61.6,61.6,68.0,starvation_proxy_count,5,16,3.5665973740662045,fcfs,short_long,174.01129943502823,328.57142857142856,100.43103448275863,2000,workload_seed,17.271363582531635
poisson,0.8851476907831313,mono,0.7813355402329206,-0.08298807301013747,-0.12316635220729821,,analytical,E4,E4-7348934f06c5,-0.10381215055021065,-0.10381215055021065,-0.10769436363438645,waiting_satisfaction_jain,5,16,-4.036624975723448,fcfs,short_long,-11.728229269667212,-9.731662775033435,-13.331116142425559,2000,workload_seed,0.025717561372320782
poisson,2065.8341579432135,mono,4203.892466031953,2283.95005890495,2031.0233020927735,,analytical,E4,E4-7348934f06c5,2138.0583080887395,2138.0583080887395,2077.9832290337877,short_prompt_ttft_p95_ms,5,16,13.392747479485207,fcfs,short_long,103.49612527548841,122.99141543185321,89.77727015364336,2000,workload_seed,159.64299419247487
poisson,2.7132000000000005,mono,0.3230000000000004,-1.8935999999999993,-2.886800000000001,,analytical,E4,E4-7348934f06c5,-2.3902,-2.3902,-2.4480000000000004,primer_max_itl_ms,5,16,-3.570115212189994,fcfs,short_long,-88.09523809523809,-85.42813317693762,-89.93706773007663,2000,workload_seed,0.6695022031330452
poisson,56.2,mono,49.6,-3.8,-9.4,,analytical,E4,E4-7348934f06c5,-6.6,-6.6,-7.0,backlog_at_arrival_end,5,16,-1.7453234216482187,fcfs,short_long,-11.74377224199289,-7.279693486590045,-15.78947368421052,2000,workload_seed,3.7815340802378072
poisson,0.9914594865792947,mono,0.9962573924903216,0.008586399871267036,0.0011634690003719638,,analytical,E4,E4-7348934f06c5,0.004797905911026912,0.004797905911026912,0.002268600516814989,server_busy_fraction,5,16,0.9954274074574889,fcfs,short_long,0.48392354664743564,0.8670824236494346,0.11687548998462471,2000,workload_seed,0.0048199455581413786
poisson,0.7587817065676691,mono,0.03125,-0.6854446779046903,-0.7686724345622878,,analytical,E4,E4-7348934f06c5,-0.7275317065676691,-0.7275317065676691,-0.7410377551632422,batch_slot_occupancy,5,16,-13.839036918487565,fcfs,short_long,-95.88155595614467,-95.63970530779416,-96.09337122578644,2000,workload_seed,0.052570978085603605
poisson,172.26902927864853,mono,1837.6532547312222,1931.4144461401825,1399.3540047649649,,piecewise,E4,E4-ae0c7989a94d,1665.384225452574,1665.384225452574,1546.8887642490504,ttft_p50_ms,5,16,4.892835637931326,chunk_512,long_short,966.7345502706596,1416.8342965151107,664.9057116185792,2000,workload_seed,340.3719946245103
poisson,523.6908316182305,mono,3712.0705663239996,3521.796478904306,2854.9629905072334,,piecewise,E4,E4-ae0c7989a94d,3188.3797347057694,3188.3797347057694,3113.7373142625806,ttft_p95_ms,5,16,7.463277105474916,chunk_512,long_short,608.8286336527066,941.272653272725,437.6252984595311,2000,workload_seed,427.2090784846828
poisson,602.7424032045326,mono,3848.784880813112,3534.314818750604,2975.665901356156,,piecewise,E4,E4-ae0c7989a94d,3246.04247760858,3246.04247760858,3140.0091380253316,ttft_p99_ms,5,16,8.751467534504242,chunk_512,long_short,538.5455644651365,797.2517653134483,387.6262606420356,2000,workload_seed,370.91407410362564
poisson,55.07993513668005,mono,9.599805237763448,-43.739920282671946,-47.92325187920364,,piecewise,E4,E4-ae0c7989a94d,-45.4801298989166,-45.4801298989166,-44.85470173280845,tpot_p95_ms,5,16,-16.56917161523791,chunk_512,long_short,-82.5711391744713,-81.99759951755769,-83.30399186286405,2000,workload_seed,2.7448644358955523
poisson,58.5131762982035,mono,9.632340382565335,-46.338475366418265,-52.26703255019796,,piecewise,E4,E4-ae0c7989a94d,-48.88083591563816,-48.88083591563816,-48.10926599784764,tpot_p99_ms,5,16,-12.86452609727535,chunk_512,long_short,-83.53816867934911,-82.78850417173597,-84.42247068909383,2000,workload_seed,3.7996608305680923
poisson,1595.7046936769743,mono,3917.928362029488,2578.1451872013713,2076.861440012457,,piecewise,E4,E4-ae0c7989a94d,2322.2236683525134,2322.2236683525134,2181.129405280786,e2e_p95_ms,5,16,7.046115937884947,chunk_512,long_short,145.52966332394658,170.37997399822981,127.36117099439367,2000,workload_seed,329.5750011529873
poisson,81.37452407999994,mono,9.729173117499961,-64.58365363750002,-78.00086191500009,,piecewise,E4,E4-ae0c7989a94d,-71.64535096249999,-71.64535096249999,-72.58945284999999,itl_p95_ms,5,16,-7.9742565375668555,chunk_512,long_short,-88.04395696626732,-86.91715756743713,-88.90551715171009,2000,workload_seed,8.984580647108297
poisson,90.27925830000012,mono,9.799585892500101,-80.3006268499999,-80.65871796500014,,piecewise,E4,E4-ae0c7989a94d,-80.47967240750003,-80.47967240750003,-80.57771962499987,itl_p99_ms,5,16,-327.4888427154548,chunk_512,long_short,-89.14525210216522,-89.13074346016522,-89.15971066133159,2000,workload_seed,0.2457478298808073
poisson,17.25950147995306,mono,11.652083053722325,-4.814721348249105,-6.405474980922763,,piecewise,E4,E4-ae0c7989a94d,-5.607418426230733,-5.607418426230733,-5.025870103324632,request_throughput_rps,5,16,-5.346495848513339,chunk_512,long_short,-32.48887827231719,-29.06052038776862,-35.653072007231515,2000,workload_seed,1.0488025400393695
poisson,426.5559463497002,mono,287.84221244960855,-118.07137965497,-159.7559016085514,,piecewise,E4,E4-ae0c7989a94d,-138.71373390009165,-138.71373390009165,-124.23322661655578,output_token_throughput_tps,5,16,-5.0959547595371175,chunk_512,long_short,-32.519470209511745,-29.06038682806893,-35.66487325227216,2000,workload_seed,27.22036211967696
poisson,15.337664016531084,mono,11.512930539576729,-2.2818211879918504,-5.511600324350456,,piecewise,E4,E4-ae0c7989a94d,-3.8247334769543557,-3.8247334769543557,-4.147699525416241,observed_request_throughput_rps,5,16,-1.8923883431095099,chunk_512,long_short,-24.9368709135369,-16.209463203764084,-32.42748409467161,2000,workload_seed,2.0211144773116074
poisson,1.755941032370357,mono,0.22865007198701254,-1.07584034650353,-1.8371489661845462,,piecewise,E4,E4-ae0c7989a94d,-1.5272909603833444,-1.5272909603833444,-1.6891779632622548,iteration_cv,5,16,-3.0355474390699717,chunk_512,long_short,-86.97848801458007,-81.15614430790934,-89.6259163792996,2000,workload_seed,0.5031352634209777
poisson,570.3886451292744,mono,3798.1887268202036,3503.262047659685,2969.224295424186,,piecewise,E4,E4-ae0c7989a94d,3227.800081690929,3227.800081690929,3134.7488116211653,max_wait_ms,5,16,9.050241298887808,chunk_512,long_short,565.894869972275,859.3206287577024,405.12908652356964,2000,workload_seed,356.6534830499598
poisson,0.6,mono,92.2,95.4,87.6,,piecewise,E4,E4-ae0c7989a94d,91.6,91.6,93.0,starvation_proxy_count,5,16,18.393722631867224,chunk_512,long_short,15266.666666666668,15833.333333333334,5022.222222222222,2000,workload_seed,4.979959839195493
poisson,0.9872871074695168,mono,0.8214142944462388,-0.1406659982235124,-0.1942419505011771,,piecewise,E4,E4-ae0c7989a94d,-0.1658728130232778,-0.1658728130232778,-0.15952187662396666,waiting_satisfaction_jain,5,16,-4.853551546945507,chunk_512,long_short,-16.800868943626856,-14.201193853355232,-19.851641932024556,2000,workload_seed,0.034175554008006113
poisson,533.6267945719482,mono,3728.704840472243,3527.7883265165888,2862.367765284,,piecewise,E4,E4-ae0c7989a94d,3195.0780459002945,3195.0780459002945,3109.3373652691516,long_prompt_ttft_p95_ms,5,16,7.438273718948941,chunk_512,long_short,598.7476787898639,928.0255730409152,428.7740423053747,2000,workload_seed,429.54564010744315
poisson,67.17301370999999,mono,9.651665020000006,-41.59060710999999,-73.45209026999999,,piecewise,E4,E4-ae0c7989a94d,-57.52134868999999,-57.52134868999999,-57.299519249999975,primer_max_itl_ms,5,16,-2.71518645360718,chunk_512,long_short,-85.63163317092149,-81.25595004078093,-88.32480766745428,2000,workload_seed,21.185045547638808
poisson,18.4,mono,45.6,38.2,16.2,,piecewise,E4,E4-ae0c7989a94d,27.2,27.2,27.0,backlog_at_arrival_end,5,16,1.9247745675022714,chunk_512,long_short,147.82608695652178,532.3529411764706,57.042253521126774,2000,workload_seed,14.131525041551601
poisson,0.9321647965945917,mono,0.9961622630192375,0.09367418422632737,0.03215657342696028,,piecewise,E4,E4-ae0c7989a94d,0.06399746642464574,0.06399746642464574,0.076381793245473,server_busy_fraction,5,16,1.630306726209428,chunk_512,long_short,6.865466992364766,10.414351496500519,3.3239085464548346,2000,workload_seed,0.03925486253341058
poisson,0.36692776299167934,mono,0.1099147725242815,-0.16435818614691172,-0.4057420119139021,,piecewise,E4,E4-ae0c7989a94d,-0.2570129904673979,-0.2570129904673979,-0.20158398385737025,batch_slot_occupancy,5,16,-1.5846587411774844,chunk_512,long_short,-70.04457454292606,-59.72806462769717,-78.7659852951579,2000,workload_seed,0.16218822626531174
poisson,172.26902927864853,mono,907.9105635865996,967.2705134681521,504.0125551477498,,piecewise,E4,E4-ae0c7989a94d,735.6415343079509,735.6415343079509,672.9465543198662,ttft_p50_ms,5,16,2.5090447367414446,fcfs,long_short,427.0306377114579,662.2687784553589,304.75370743379824,2000,workload_seed,293.19586196910376
poisson,523.6908316182305,mono,1883.0882881690734,1707.8703183906473,1033.649026976555,,piecewise,E4,E4-ae0c7989a94d,1359.397456550843,1359.397456550843,1133.7402229224795,ttft_p95_ms,5,16,3.1400183600428124,fcfs,long_short,259.5801519668079,410.5986573826679,196.09375572701347,2000,workload_seed,432.9265949044668
poisson,602.7424032045326,mono,1986.9781134685695,1716.9008236805462,1086.2858354304585,,piecewise,E4,E4-ae0c7989a94d,1384.235710264037,1384.235710264037,1144.7888098155993,ttft_p99_ms,5,16,3.4227128132559503,fcfs,long_short,229.65626823409588,341.13105038790303,178.33445914081872,2000,workload_seed,404.4264844257396
poisson,55.07993513668005,mono,0.8309280750000145,-52.512084518642965,-56.697231533957584,,piecewise,E4,E4-ae0c7989a94d,-54.24900706168004,-54.24900706168004,-53.63723309303565,tpot_p95_ms,5,16,-19.719299143954434,fcfs,long_short,-98.49141420929767,-98.4424491028998,-98.55561818419339,2000,workload_seed,2.7510616206819787
poisson,58.5131762982035,mono,0.8310373399999957,-55.14107574454185,-61.080244616498724,,piecewise,E4,E4-ae0c7989a94d,-57.682138958203495,-57.682138958203495,-56.88491023840069,tpot_p99_ms,5,16,-15.157332808855912,fcfs,long_short,-98.57974324318896,-98.51526497609643,-98.657698920761,2000,workload_seed,3.805559967945138
poisson,1595.7046936769743,mono,1904.1664485913254,576.4012637066402,55.63689412289458,,piecewise,E4,E4-ae0c7989a94d,308.46175491435105,308.46175491435105,129.25063454410406,e2e_p95_ms,5,16,0.885164834082791,fcfs,long_short,19.330754376836758,34.2750637600316,3.828426040147244,2000,workload_seed,348.47945042233806
poisson,81.37452407999994,mono,0.8310022999999547,-73.47385428999982,-86.90354443000001,,piecewise,E4,E4-ae0c7989a94d,-80.54352177999999,-80.54352177999999,-81.4885528000002,itl_p95_ms,5,16,-8.95625320361382,fcfs,long_short,-98.97879304438943,-98.88165519800768,-99.05281006106377,2000,workload_seed,8.992992934534382
poisson,90.27925830000012,mono,0.8310769999999925,-89.26176404999998,-89.63459855000028,,piecewise,E4,E4-ae0c7989a94d,-89.44818130000013,-89.44818130000013,-89.54876155000011,itl_p99_ms,5,16,-349.87218767900777,fcfs,long_short,-99.07943749688516,-99.0775326981433,-99.08133444541552,2000,workload_seed,0.25565959356010565
poisson,17.25950147995306,mono,14.236360068203572,-2.2234809385384,-3.8517473403767752,,piecewise,E4,E4-ae0c7989a94d,-3.023141411749485,-3.023141411749485,-2.4168838810163713,request_throughput_rps,5,16,-2.841812757605958,fcfs,long_short,-17.515809568780828,-13.420405558819681,-21.415059985217432,2000,workload_seed,1.063807389722708
poisson,426.5559463497002,mono,351.66820831437656,-54.53864326160696,-96.24885423120173,,piecewise,E4,E4-ae0c7989a94d,-74.88773803532364,-74.88773803532364,-59.742348433873474,output_token_throughput_tps,5,16,-2.7621390008459943,fcfs,long_short,-17.55636949295486,-13.423355218612777,-21.44606976197374,2000,workload_seed,27.11222643479812
poisson,15.337664016531084,mono,14.288163131609915,0.47742185380952157,-2.593912542012134,,piecewise,E4,E4-ae0c7989a94d,-1.0495008849211693,-1.0495008849211693,-1.2289480075307377,observed_request_throughput_rps,5,16,-0.5314194576963349,fcfs,long_short,-6.842638382155242,3.4298813992307498,-15.37627047041087,2000,workload_seed,1.9749011251313229
poisson,1.755941032370357,mono,3.7407511474093225,2.4415236947347116,1.6691259541101218,,piecewise,E4,E4-ae0c7989a94d,1.9848101150389659,1.9848101150389659,1.7195791903108388,iteration_cv,5,16,3.860666265659271,fcfs,long_short,113.03398453874367,182.0975442297322,81.2579851765478,2000,workload_seed,0.5141107721985463
poisson,570.3886451292744,mono,1971.3638075224917,1734.6042289616503,1098.6495325294845,,piecewise,E4,E4-ae0c7989a94d,1400.9751623932175,1400.9751623932175,1173.272647756331,max_wait_ms,5,16,3.44269683797123,fcfs,long_short,245.61764585543187,362.3771029675369,187.7638063082643,2000,workload_seed,406.9411941653299
poisson,0.6,mono,48.2,68.2,27.0,,piecewise,E4,E4-ae0c7989a94d,47.6,47.6,39.0,starvation_proxy_count,5,16,1.816317676231253,fcfs,long_short,7933.333333333334,10800.000000000002,3066.6666666666665,2000,workload_seed,26.20686932847951
poisson,0.9872871074695168,mono,0.918456535679217,-0.04146766983524856,-0.10104106383191802,,piecewise,E4,E4-ae0c7989a94d,-0.06883057179029961,-0.06883057179029961,-0.04823837646606166,waiting_satisfaction_jain,5,16,-1.827613901393953,fcfs,long_short,-6.971687492883105,-4.18644466619128,-10.326456331635303,2000,workload_seed,0.037661440273463305
poisson,533.6267945719482,mono,1892.9575252044583,1713.24237016721,1031.96350685631,,piecewise,E4,E4-ae0c7989a94d,1359.33073063251,1359.33073063251,1123.199854859726,long_prompt_ttft_p95_ms,5,16,3.10994273375223,fcfs,long_short,254.73434701173602,401.71690581827295,192.61946962932,2000,workload_seed,437.09188464458987
poisson,67.17301370999999,mono,0.8075820000000007,-50.376736199999996,-82.35412721999998,,piecewise,E4,E4-ae0c7989a94d,-66.36543171,-66.36543171,-66.09351279999998,primer_max_itl_ms,5,16,-3.1211881373365946,fcfs,long_short,-98.79775827315639,-98.421490916409,-99.02934580336161,2000,workload_seed,21.262874517596895
poisson,18.4,mono,25.8,18.4,-3.6,,piecewise,E4,E4-ae0c7989a94d,7.4,7.4,8.0,backlog_at_arrival_end,5,16,0.527496002373786,fcfs,long_short,40.21739130434785,235.29411764705884,-12.676056338028163,2000,workload_seed,14.028542333400145
poisson,0.9321647965945917,mono,0.9890548683044349,0.08712480197955375,0.026655341440132596,,piecewise,E4,E4-ae0c7989a94d,0.05689007170984317,0.05689007170984317,0.06716816508357548,server_busy_fraction,5,16,1.475404854032401,fcfs,long_short,6.103005811598483,9.686215251000462,2.76261946758094,2000,workload_seed,0.03855895658358314
poisson,0.36692776299167934,mono,0.03125,-0.2441407539390184,-0.48270574808743055,,piecewise,E4,E4-ae0c7989a94d,-0.33567776299167934,-0.33567776299167934,-0.2780239874577434,batch_slot_occupancy,5,16,-2.0811364047451026,fcfs,long_short,-91.48333728001154,-88.65248758245534,-93.91970999131934,2000,workload_seed,0.16129541640149872
poisson,118.08554147087725,mono,196.15476861106217,213.12747053530515,2.140923935363105,,analytical,E4,E4-e26f4cd760c4,78.06922714018492,78.06922714018492,3.345385186358925,ttft_p50_ms,5,16,0.5284174896467383,chunk_512,mixed,66.11243524630717,75.37086370119826,7.004064902156504,2000,workload_seed,147.7415654663065
poisson,579.2995528765782,mono,657.0288116457242,120.59367162577261,34.86484591251922,,analytical,E4,E4-e26f4cd760c4,77.72925876914591,77.72925876914591,84.89518461151309,ttft_p95_ms,5,16,1.402122408845849,chunk_512,mixed,13.417800580575712,46.91226372181638,3.2593690148137924,2000,workload_seed,55.43685649609467
poisson,693.595834606544,mono,767.131420733575,113.09922718375178,33.00410727100185,,analytical,E4,E4-e26f4cd760c4,73.53558612703095,73.53558612703095,83.75473999998002,ttft_p99_ms,5,16,1.4384334566868682,chunk_512,mixed,10.602080124766822,34.36734664803265,3.017865798755892,2000,workload_seed,51.12199371141217
poisson,16.967674520978065,mono,11.12787301684688,-2.189270003159849,-10.347799723732455,,analytical,E4,E4-e26f4cd760c4,-5.839801504131186,-5.839801504131186,-3.4919056568512072,tpot_p95_ms,5,16,-1.1223942477180338,chunk_512,mixed,-34.417217850985516,-18.388662818812385,-44.44778899088809,2000,workload_seed,5.202985952577915
poisson,29.298055180036794,mono,12.74864906307269,-6.3675994051995115,-26.731212828728694,,analytical,E4,E4-e26f4cd760c4,-16.549406116964104,-16.549406116964104,-8.90172969696961,tpot_p99_ms,5,16,-1.2158226522154747,chunk_512,mixed,-56.4863640786662,-33.30573681641965,-68.35261843757463,2000,workload_seed,13.611694178265012
poisson,2790.921324991295,mono,2452.5129892912055,-81.19572196528294,-694.5853067160408,,analytical,E4,E4-e26f4cd760c4,-338.4083357000895,-338.4083357000895,-157.73450711543455,e2e_p95_ms,5,16,-0.8249662680765294,chunk_512,mixed,-12.12532695457279,-4.760486489833582,-16.896926289505632,2000,workload_seed,410.20869433742286
poisson,17.343879999999917,mono,13.87520000000004,6.033799999999974,-17.47267999999996,,analytical,E4,E4-e26f4cd760c4,-3.468679999999877,-3.468679999999877,5.302999999999884,itl_p95_ms,5,16,-0.22478895689606562,chunk_512,mixed,-19.999446490634696,114.78936697454887,-51.84051591648371,2000,workload_seed,15.430829200402716
poisson,76.65159999999987,mono,15.201800000000185,-25.227999999999884,-102.64619999999968,,analytical,E4,E4-e26f4cd760c4,-61.449799999999684,-61.449799999999684,-45.05799999999999,itl_p99_ms,5,16,-1.2483439261168188,chunk_512,mixed,-80.1676677329629,-66.73403202852583,-85.38452324308486,2000,workload_seed,49.22505626406138
poisson,15.39962841104133,mono,15.504783750818635,0.2218633264542415,0.01901446980246746,,analytical,E4,E4-e26f4cd760c4,0.105155339777302,0.105155339777302,0.03239884547649119,request_throughput_rps,5,16,0.7911808136220494,chunk_512,mixed,0.6828433581027804,1.520041875484801,0.11924961207492313,2000,workload_seed,0.1329093653015898
poisson,1958.1849455553518,mono,1971.7352869845358,28.68827592248699,2.2234374072096217,,analytical,E4,E4-e26f4cd760c4,13.550341429183982,13.550341429183982,3.716755054506166,output_token_throughput_tps,5,16,0.7860186548237786,chunk_512,mixed,0.6919847617019137,1.4938808361908196,0.11152721540546029,2000,workload_seed,17.239210985675523
poisson,14.031846215718323,mono,14.262890474060844,0.41289695266675785,0.08143989024204785,,analytical,E4,E4-e26f4cd760c4,0.23104425834252212,0.23104425834252212,0.14599537076387747,observed_request_throughput_rps,5,16,1.0536304134774155,chunk_512,mixed,1.6465706279171544,3.0250488434456546,0.5469106218837005,2000,workload_seed,0.21928396844580508
poisson,3.924581733498541,mono,1.4025020638634567,-1.9320364509992367,-3.112122888270932,,analytical,E4,E4-e26f4cd760c4,-2.522079669635084,-2.522079669635084,-2.772309891779227,iteration_cv,5,16,-3.291696459012743,chunk_512,mixed,-64.26365510769459,-61.04402058674685,-66.41923942115983,2000,workload_seed,0.7661944839201592
poisson,673.1018574715869,mono,742.5218311637279,111.9920520311196,26.847895353162492,,analytical,E4,E4-e26f4cd760c4,69.41997369214104,69.41997369214104,90.05599999997867,max_wait_ms,5,16,1.2740476542349157,chunk_512,mixed,10.313442597366684,35.53352628003936,2.2611731674890168,2000,workload_seed,54.487737143418514
poisson,9.6,mono,10.4,2.4,0.0,,analytical,E4,E4-e26f4cd760c4,0.8,0.8,0.0,starvation_proxy_count,5,16,0.447213595499958,chunk_512,mixed,8.333333333333348,8.333333333333348,8.333333333333325,2000,workload_seed,1.7888543819998317
poisson,0.9727046362744012,mono,0.9694986456616498,-0.0017712166761884919,-0.004625838898015289,,analytical,E4,E4-e26f4cd760c4,-0.00320599061275153,-0.00320599061275153,-0.0029765748051628904,waiting_satisfaction_jain,5,16,-1.7440951882698639,chunk_512,mixed,-0.32959549005860955,-0.17770464523054752,-0.4996701806854631,2000,workload_seed,0.0018381970401121633
poisson,524.0390840210538,mono,583.8645702969482,100.44953389890443,18.7554106926447,,analytical,E4,E4-e26f4cd760c4,59.82548627589439,59.82548627589439,66.87638090554634,short_prompt_ttft_p95_ms,5,16,1.135659933319664,chunk_512,mixed,11.41622602208252,51.06104255450303,1.8527842617681145,2000,workload_seed,52.6790498816117
poisson,658.1238153603034,mono,727.5801564859835,101.95285954282156,36.22630058270414,,analytical,E4,E4-e26f4cd760c4,69.45634112568008,69.45634112568008,66.89014315176735,long_prompt_ttft_p95_ms,5,16,1.6449801070932644,chunk_512,mixed,10.553689063456062,33.8643381403696,3.710041572299594,2000,workload_seed,42.223210375724115
poisson,49.44419999999998,mono,5.481200000000003,0.0,-98.53379999999996,,analytical,E4,E4-e26f4cd760c4,-43.96299999999998,-43.96299999999998,0.0,primer_max_itl_ms,5,16,-0.6972512216419676,chunk_512,mixed,-88.91437216094101,0.0,-91.72950530332317,2000,workload_seed,63.051879488243614
poisson,27.0,mono,25.4,-0.6,-2.8,,analytical,E4,E4-e26f4cd760c4,-1.6,-1.6,-1.0,backlog_at_arrival_end,5,16,-1.0550087574332594,chunk_512,mixed,-5.9259259259259345,-3.100775193798455,-12.328767123287665,2000,workload_seed,1.51657508881031
poisson,0.9496258898735558,mono,0.9496556616900091,0.0002731423613302475,-0.00019863297309481444,,analytical,E4,E4-e26f4cd760c4,2.977181645338334e-05,2.977181645338334e-05,9.008152364042843e-06,server_busy_fraction,5,16,0.09362246824444681,chunk_512,mixed,0.0031351100228782514,0.029938440810539646,-0.020310719838489977,2000,workload_seed,0.0003179986280178983
poisson,0.3938297661729118,mono,0.340483509578957,-0.018621165275073164,-0.1056377337804519,,analytical,E4,E4-e26f4cd760c4,-0.053346256593954824,-0.053346256593954824,-0.0278735061804182,batch_slot_occupancy,5,16,-0.8956751790727375,chunk_512,mixed,-13.545511582924142,-7.1362320916485755,-19.468319427485913,2000,workload_seed,0.05955982463328102
poisson,118.08554147087725,mono,943.1605494666425,1230.1520107623244,438.25299145962316,,analytical,E4,E4-e26f4cd760c4,825.0750079957652,825.0750079957652,840.3462276907462,ttft_p50_ms,5,16,1.642658195290931,fcfs,mixed,698.7095945181812,2617.077428190851,396.5598166412372,2000,workload_seed,502.28039549617705
poisson,579.2995528765782,mono,1917.8816494604496,1693.1244402374446,1018.1569889259099,,analytical,E4,E4-e26f4cd760c4,1338.5820965838716,1338.5820965838716,1284.7424632425893,ttft_p95_ms,5,16,3.0656073183718178,fcfs,mixed,231.06907124940608,645.346729080087,109.42127714157354,2000,workload_seed,436.64499642922607
poisson,693.595834606544,mono,2034.1459529822446,1690.8975529033173,990.202683848083,,analytical,E4,E4-e26f4cd760c4,1340.5501183757,1340.5501183757,1483.043120361876,ttft_p99_ms,5,16,2.7876546372530067,fcfs,mixed,193.2753992296038,523.5823054539143,95.49693030096722,2000,workload_seed,480.8881632829154
poisson,16.967674520978065,mono,0.32300000000032014,-11.107880915607732,-23.024891502597903,,analytical,E4,E4-e26f4cd760c4,-16.644674520977745,-16.644674520977745,-17.70223970099629,tpot_p95_ms,5,16,-2.0810668811412643,fcfs,mixed,-98.0963802694295,-97.17432101353373,-98.61657743285137,2000,workload_seed,7.998144928359895
poisson,29.298055180036794,mono,0.32300000000032014,-17.80050040417254,-40.14960995590041,,analytical,E4,E4-e26f4cd760c4,-28.975055180036474,-28.975055180036474,-24.399414545454242,tpot_p99_ms,5,16,-2.009418459704888,fcfs,mixed,-98.8975377443469,-98.21778358045033,-99.20192940274357,2000,workload_seed,14.419622274342933
poisson,2790.921324991295,mono,1955.515613012057,-89.39570431364032,-1605.4611039499443,,analytical,E4,E4-e26f4cd760c4,-835.4057119792382,-835.4057119792382,-480.995410800135,e2e_p95_ms,5,16,-0.8432831965673687,fcfs,mixed,-29.932972473949746,-6.005739564391954,-40.77507752274683,2000,workload_seed,990.6585538284218
poisson,17.343879999999917,mono,0.32300000000032014,-5.003799999999501,-33.3816799999998,,analytical,E4,E4-e26f4cd760c4,-17.020879999999597,-17.020879999999597,-6.068999999999505,itl_p95_ms,5,16,-0.9274668898181873,fcfs,mixed,-98.13767161672982,-93.93632199443698,-99.04167611144707,2000,workload_seed,18.35200823539504
poisson,76.65159999999987,mono,0.32300000000032014,-37.480799999999725,-119.89339999999947,,analytical,E4,E4-e26f4cd760c4,-76.32859999999955,-76.32859999999955,-58.02599999999984,itl_p99_ms,5,16,-1.4578253685821017,fcfs,mixed,-99.57861284043605,-99.14558853871749,-99.73131785679797,2000,workload_seed,52.35784864564242
poisson,15.39962841104133,mono,14.345042155428999,-0.6663786626343856,-1.4795862528697383,,analytical,E4,E4-e26f4cd760c4,-1.0545862556123342,-1.0545862556123342,-1.0442437265037992,request_throughput_rps,5,16,-1.9706647610147379,fcfs,mixed,-6.848127938309256,-4.471216057918538,-9.3161225537451,2000,workload_seed,0.5351423927981058
poisson,1958.1849455553518,mono,1821.8073488556997,-82.11450489734231,-196.94880251895444,,analytical,E4,E4-e26f4cd760c4,-136.3775966996521,-136.3775966996521,-140.27945997838128,output_token_throughput_tps,5,16,-1.8349357456457107,fcfs,mixed,-6.964490101366527,-4.518876588618975,-9.332035802838035,2000,workload_seed,74.32281867268385
poisson,14.031846215718323,mono,14.213452142489363,0.8971699188944001,-0.769277348436529,,analytical,E4,E4-e26f4cd760c4,0.18160592677103934,0.18160592677103934,0.42854015913215093,observed_request_throughput_rps,5,16,0.173657720965779,fcfs,mixed,1.294241142463548,7.172212491475638,-5.037921039129034,2000,workload_seed,1.0457693776070378
poisson,3.924581733498541,mono,8.044781034294889,5.103554886650463,3.137396379265778,,analytical,E4,E4-e26f4cd760c4,4.120199300796348,4.120199300796348,4.114486545149769,iteration_cv,5,16,3.1653958348922773,fcfs,mixed,104.98441822801396,163.62608580253269,67.07587110549905,2000,workload_seed,1.3016379358875867
poisson,673.1018574715869,mono,2058.055729504728,1740.9788344427593,1033.157250922296,,analytical,E4,E4-e26f4cd760c4,1384.9538720331411,1384.9538720331411,1523.107596542085,max_wait_ms,5,16,2.8214055460589385,fcfs,mixed,205.75695292767827,578.1387143474357,101.6762776654665,2000,workload_seed,490.8737327633402
poisson,9.6,mono,43.0,52.4,16.4,,analytical,E4,E4-e26f4cd760c4,33.4,33.4,32.0,starvation_proxy_count,5,16,1.437573394875526,fcfs,mixed,347.9166666666667,525.0,87.5,2000,workload_seed,23.2335963638865
poisson,0.9727046362744012,mono,0.9089442213145702,-0.042414240594946674,-0.08805583994795733,,analytical,E4,E4-e26f4cd760c4,-0.06376041495983102,-0.06376041495983102,-0.06397071401295451,waiting_satisfaction_jain,5,16,-2.1764100990585113,fcfs,mixed,-6.554961555857542,-4.2942736901185885,-9.05780267184535,2000,workload_seed,0.02929614000018333
poisson,524.0390840210538,mono,1878.7352416095741,1703.4433395186993,1052.3527953217142,,analytical,E4,E4-e26f4cd760c4,1354.6961575885205,1354.6961575885205,1272.2994030172174,short_prompt_ttft_p95_ms,5,16,3.1846540531188485,fcfs,mixed,258.5105193287633,737.5116413886275,124.77404963722272,2000,workload_seed,425.382517219356
poisson,658.1238153603034,mono,1846.4458027261135,1615.3871489144271,837.2665228843186,,analytical,E4,E4-e26f4cd760c4,1188.3219873658102,1188.3219873658102,1002.7001863479813,long_prompt_ttft_p95_ms,5,16,2.436748100601778,fcfs,mixed,180.56207048444807,512.7599217523467,90.52636977288844,2000,workload_seed,487.6671442043364
poisson,49.44419999999998,mono,0.32300000000000184,-0.7235999999999997,-107.56559999999995,,analytical,E4,E4-e26f4cd760c4,-49.12119999999998,-49.12119999999998,-3.6179999999999986,primer_max_itl_ms,5,16,-0.7188474888738143,fcfs,mixed,-99.34673834342551,-69.13816166634814,-99.7006171180273,2000,workload_seed,68.33327063151592
poisson,27.0,mono,26.0,6.0,-6.0,,analytical,E4,E4-e26f4cd760c4,-1.0,-1.0,-3.0,backlog_at_arrival_end,5,16,-0.12964074471043288,fcfs,mixed,-3.703703703703709,47.76119402985075,-17.021276595744684,2000,workload_seed,7.713624310270756
poisson,0.9496258898735558,mono,0.9683448844645974,0.03762764234915372,0.004674294155363001,,analytical,E4,E4-e26f4cd760c4,0.018718994591041715,0.018718994591041715,0.010141819278240427,server_busy_fraction,5,16,0.8635875771513959,fcfs,mixed,1.9711967408064357,4.1752308564202645,0.47401197978682585,2000,workload_seed,0.02167584977633378
poisson,0.3938297661729118,mono,0.03125,-0.18699796957480608,-0.5567504107647266,,analytical,E4,E4-e26f4cd760c4,-0.3625797661729118,-0.3625797661729118,-0.22845019494706253,batch_slot_occupancy,5,16,-1.5117770223286786,fcfs,mixed,-92.06509952163454,-85.6814246378183,-94.68537786234576,2000,workload_seed,0.23983680186804862
poisson,2.941602091195807,mono,2.941602091195807,0.0,0.0,,piecewise,E4,E4-febc6f65bf64,0.0,0.0,0.0,ttft_p50_ms,5,16,,chunk_512,short_short,0.0,0.0,0.0,2000,workload_seed,0.0
poisson,5.416545260995898,mono,5.416545260995898,0.0,0.0,,piecewise,E4,E4-febc6f65bf64,0.0,0.0,0.0,ttft_p95_ms,5,16,,chunk_512,short_short,0.0,0.0,0.0,2000,workload_seed,0.0
poisson,6.861041963294781,mono,6.861041963294781,0.0,0.0,,piecewise,E4,E4-febc6f65bf64,0.0,0.0,0.0,ttft_p99_ms,5,16,,chunk_512,short_short,0.0,0.0,0.0,2000,workload_seed,0.0
poisson,1.0377710052149638,mono,1.0377710052149638,0.0,0.0,,piecewise,E4,E4-febc6f65bf64,0.0,0.0,0.0,tpot_p95_ms,5,16,,chunk_512,short_short,0.0,0.0,0.0,2000,workload_seed,0.0
poisson,1.2333145853182892,mono,1.2333145853182892,0.0,0.0,,piecewise,E4,E4-febc6f65bf64,0.0,0.0,0.0,tpot_p99_ms,5,16,,chunk_512,short_short,0.0,0.0,0.0,2000,workload_seed,0.0
poisson,35.29714202466896,mono,35.29714202466896,0.0,0.0,,piecewise,E4,E4-febc6f65bf64,0.0,0.0,0.0,e2e_p95_ms,5,16,,chunk_512,short_short,0.0,0.0,0.0,2000,workload_seed,0.0
poisson,0.8720724999998766,mono,0.8720724999998766,0.0,0.0,,piecewise,E4,E4-febc6f65bf64,0.0,0.0,0.0,itl_p95_ms,5,16,,chunk_512,short_short,0.0,0.0,0.0,2000,workload_seed,0.0
poisson,2.769107767000116,mono,2.769107767000116,0.0,0.0,,piecewise,E4,E4-febc6f65bf64,0.0,0.0,0.0,itl_p99_ms,5,16,,chunk_512,short_short,0.0,0.0,0.0,2000,workload_seed,0.0
poisson,17.90686526744695,mono,17.90686526744695,0.0,0.0,,piecewise,E4,E4-febc6f65bf64,0.0,0.0,0.0,request_throughput_rps,5,16,,chunk_512,short_short,0.0,0.0,0.0,2000,workload_seed,0.0
poisson,442.5475517492384,mono,442.5475517492384,0.0,0.0,,piecewise,E4,E4-febc6f65bf64,0.0,0.0,0.0,output_token_throughput_tps,5,16,,chunk_512,short_short,0.0,0.0,0.0,2000,workload_seed,0.0
poisson,17.83337319855541,mono,17.83337319855541,0.0,0.0,,piecewise,E4,E4-febc6f65bf64,0.0,0.0,0.0,observed_request_throughput_rps,5,16,,chunk_512,short_short,0.0,0.0,0.0,2000,workload_seed,0.0
poisson,0.5727906220522094,mono,0.5727906220522094,0.0,0.0,,piecewise,E4,E4-febc6f65bf64,0.0,0.0,0.0,iteration_cv,5,16,,chunk_512,short_short,0.0,0.0,0.0,2000,workload_seed,0.0
poisson,3.6954414672033638,mono,3.6954414672033638,0.0,0.0,,piecewise,E4,E4-febc6f65bf64,0.0,0.0,0.0,max_wait_ms,5,16,,chunk_512,short_short,0.0,0.0,0.0,2000,workload_seed,0.0
poisson,0.0,mono,0.0,0.0,0.0,,piecewise,E4,E4-febc6f65bf64,0.0,0.0,0.0,starvation_proxy_count,5,16,,chunk_512,short_short,,,,2000,workload_seed,0.0
poisson,0.9999997034137857,mono,0.9999997034137857,0.0,0.0,,piecewise,E4,E4-febc6f65bf64,0.0,0.0,0.0,waiting_satisfaction_jain,5,16,,chunk_512,short_short,0.0,0.0,0.0,2000,workload_seed,0.0
poisson,5.274815817560706,mono,5.274815817560706,0.0,0.0,,piecewise,E4,E4-febc6f65bf64,0.0,0.0,0.0,short_prompt_ttft_p95_ms,5,16,,chunk_512,short_short,0.0,0.0,0.0,2000,workload_seed,0.0
poisson,2.3597574900000002,mono,2.3597574900000002,0.0,0.0,,piecewise,E4,E4-febc6f65bf64,0.0,0.0,0.0,primer_max_itl_ms,5,16,,chunk_512,short_short,0.0,0.0,0.0,2000,workload_seed,0.0
poisson,1.0,mono,1.0,0.0,0.0,,piecewise,E4,E4-febc6f65bf64,0.0,0.0,0.0,backlog_at_arrival_end,5,16,,chunk_512,short_short,0.0,0.0,0.0,2000,workload_seed,0.0
poisson,0.32846818588450244,mono,0.32846818588450244,0.0,0.0,,piecewise,E4,E4-febc6f65bf64,0.0,0.0,0.0,server_busy_fraction,5,16,,chunk_512,short_short,0.0,0.0,0.0,2000,workload_seed,0.0
poisson,0.03923000784302862,mono,0.03923000784302862,0.0,0.0,,piecewise,E4,E4-febc6f65bf64,0.0,0.0,0.0,batch_slot_occupancy,5,16,,chunk_512,short_short,0.0,0.0,0.0,2000,workload_seed,0.0
poisson,2.941602091195807,mono,3.719107268035805,1.2820813944633414,0.3983125251271417,,piecewise,E4,E4-febc6f65bf64,0.7775051768399976,0.7775051768399976,0.6033796901788264,ttft_p50_ms,5,16,1.3359454158681752,fcfs,short_short,26.431351105136393,43.54586182679982,13.252308260972079,2000,workload_seed,0.5819887306808336
poisson,5.416545260995898,mono,39.61126503122284,38.73347633952918,27.863591161980953,,piecewise,E4,E4-febc6f65bf64,34.194719770226946,34.194719770226946,35.52516805243571,ttft_p95_ms,5,16,4.768735399888999,fcfs,short_short,631.3012837991098,731.8606193703314,507.7810420761244,2000,workload_seed,7.170605391740311
poisson,6.861041963294781,mono,52.82417689619621,54.83539257242758,35.44483585679422,,piecewise,E4,E4-febc6f65bf64,45.96313493290143,45.96313493290143,47.35454145457872,ttft_p99_ms,5,16,3.8502108079347597,fcfs,short_short,669.9147910593626,795.6005559662831,533.2802530541087,2000,workload_seed,11.937822946779349
poisson,1.0377710052149638,mono,0.790982325000006,-0.2085207415019661,-0.294294407843951,,piecewise,E4,E4-febc6f65bf64,-0.24678868021495787,-0.24678868021495787,-0.2239466358664347,tpot_p95_ms,5,16,-4.441619206691099,fcfs,short_short,-23.78064900395228,-20.8621131763438,-27.11776749881136,2000,workload_seed,0.055562773108325414
poisson,1.2333145853182892,mono,0.7912381199999983,-0.3355063325629595,-0.5451454102599019,,piecewise,E4,E4-febc6f65bf64,-0.44207646531829087,-0.44207646531829087,-0.4809477377757654,tpot_p99_ms,5,16,-3.2460203991977123,fcfs,short_short,-35.8445826053538,-29.777277031927074,-40.791503565510425,2000,workload_seed,0.13619029178854042
poisson,35.29714202466896,mono,58.444542457646776,28.89695284827772,15.588002355653936,,piecewise,E4,E4-febc6f65bf64,23.14740043297781,23.14740043297781,25.775883314671134,e2e_p95_ms,5,16,2.6751503176601994,fcfs,short_short,65.57868174369538,83.05366006754545,44.25012058904336,2000,workload_seed,8.652747578395338
poisson,0.8720724999998766,mono,0.7910039999999299,-0.05702949999981684,-0.10496500000008382,,piecewise,E4,E4-febc6f65bf64,-0.08106849999994666,-0.08106849999994666,-0.08122499999990396,itl_p95_ms,5,16,-2.867800973735327,fcfs,short_short,-9.29607343425669,-6.724633682281556,-11.71568058433763,2000,workload_seed,0.02826852377218998
poisson,2.769107767000116,mono,0.7913832699999034,-1.864043492000293,-2.077248499000224,,piecewise,E4,E4-febc6f65bf64,-1.9777244970002126,-1.9777244970002126,-2.0593923950002293,itl_p99_ms,5,16,-14.559950711025518,fcfs,short_short,-71.42100139868373,-70.19939135596222,-72.40973467674242,2000,workload_seed,0.13583318626913904
poisson,17.90686526744695,mono,17.90686526744695,0.0,0.0,,piecewise,E4,E4-febc6f65bf64,0.0,0.0,0.0,request_throughput_rps,5,16,,fcfs,short_short,0.0,0.0,0.0,2000,workload_seed,0.0
poisson,442.5475517492384,mono,442.5475517492384,0.0,0.0,,piecewise,E4,E4-febc6f65bf64,0.0,0.0,0.0,output_token_throughput_tps,5,16,,fcfs,short_short,0.0,0.0,0.0,2000,workload_seed,0.0
poisson,17.83337319855541,mono,17.83337319855541,0.0,0.0,,piecewise,E4,E4-febc6f65bf64,0.0,0.0,0.0,observed_request_throughput_rps,5,16,,fcfs,short_short,0.0,0.0,0.0,2000,workload_seed,0.0
poisson,0.5727906220522094,mono,0.5271030198376878,-0.0403937626269673,-0.051150951975560945,,piecewise,E4,E4-febc6f65bf64,-0.04568760221452166,-0.04568760221452166,-0.04298453775518207,iteration_cv,5,16,-6.405628853352658,fcfs,short_short,-7.9763181266534815,-7.158739352729205,-8.747901500003163,2000,workload_seed,0.007132414827719704
poisson,3.6954414672033638,mono,55.77658627309097,65.36315489941758,37.68927294716195,,piecewise,E4,E4-febc6f65bf64,52.081144805887604,52.081144805887604,53.50291772056494,max_wait_ms,5,16,3.1554745640528448,fcfs,short_short,1409.3348593964222,1942.3613207566507,974.4043845552009,2000,workload_seed,16.505011765645595
poisson,0.0,mono,0.0,0.0,0.0,,piecewise,E4,E4-febc6f65bf64,0.0,0.0,0.0,starvation_proxy_count,5,16,,fcfs,short_short,,,,2000,workload_seed,0.0
poisson,0.9999997034137857,mono,0.9998445939015864,-0.0001139954705074997,-0.00017877585462465763,,piecewise,E4,E4-febc6f65bf64,-0.00015510951219932512,-0.00015510951219932512,-0.00017156062817846873,waiting_satisfaction_jain,5,16,-3.3695206731415976,fcfs,short_short,-0.015510955820263739,-0.011399550269108882,-0.017877591925085923,2000,workload_seed,4.60331089331788e-05
poisson,5.274815817560706,mono,39.57906400613309,38.92541937518672,28.02699177570411,,piecewise,E4,E4-febc6f65bf64,34.30424818857237,34.30424818857237,35.52516805243571,short_prompt_ttft_p95_ms,5,16,4.78879824425305,fcfs,short_short,650.3402085503735,760.5705906064067,525.2360021143036,2000,workload_seed,7.163435676109404
poisson,2.3597574900000002,mono,0.7905259999999995,-0.23294056999999996,-2.912745400000001,,piecewise,E4,E4-febc6f65bf64,-1.5692314900000006,-1.5692314900000006,-1.1647028499999998,primer_max_itl_ms,5,16,-0.9236664684958826,fcfs,short_short,-66.49969315279091,-22.759825404993517,-78.6544108080661,2000,workload_seed,1.6989157271838278
poisson,1.0,mono,1.0,0.0,0.0,,piecewise,E4,E4-febc6f65bf64,0.0,0.0,0.0,backlog_at_arrival_end,5,16,,fcfs,short_short,0.0,0.0,0.0,2000,workload_seed,0.0
poisson,0.32846818588450244,mono,0.38718021789635504,0.06830183964163747,0.04912222438206778,,piecewise,E4,E4-febc6f65bf64,0.05871203201185262,0.05871203201185262,0.05797568730817643,server_busy_fraction,5,16,4.6758316530207855,fcfs,short_short,17.874495776128896,20.199988646418497,15.474087760153887,2000,workload_seed,0.012556489704654393
poisson,0.03923000784302862,mono,0.03125,-0.0069325873706134866,-0.009079960878492352,,piecewise,E4,E4-febc6f65bf64,-0.007980007843028627,-0.007980007843028627,-0.007584135315904232,batch_slot_occupancy,5,16,-5.521349239413211,fcfs,short_short,-20.341591250654602,-18.156410678310987,-22.514182212694944,2000,workload_seed,0.0014453003237079626
head_of_line,270.8170999999999,mono,304.0046000000001,36.33350000000026,29.88920000000012,,analytical,E5,E5-78d585594dd1,33.187500000000185,33.187500000000185,32.836500000000115,ttft_p50_ms,5,16,7.831789849147445,chunk_64,mixed,12.254580674558646,13.396631512346291,11.092439389245667,2000,workload_seed,4.237537094233053
head_of_line,430.3807499999999,mono,447.0208700000002,18.55779000000024,14.670422250000366,,analytical,E5,E5-78d585594dd1,16.640120000000262,16.640120000000262,16.752800000000207,ttft_p95_ms,5,16,7.190256805917739,chunk_64,mixed,3.866371811471647,4.277798658349385,3.4242219185377887,2000,workload_seed,2.3142594832364094
head_of_line,442.91619999999995,mono,457.71911800000026,15.775518000000284,13.830318000000329,,analytical,E5,E5-78d585594dd1,14.802918000000307,14.802918000000307,14.599530000000186,ttft_p99_ms,5,16,12.01468004727429,chunk_64,mixed,3.3421486953966184,3.5287087276934415,3.1520631187243797,2000,workload_seed,1.232069263746942
head_of_line,5.904913242862529,mono,4.066244679112552,-1.6962840162337642,-1.9407558976244335,,analytical,E5,E5-78d585594dd1,-1.838668563749976,-1.838668563749976,-1.8630358035714352,tpot_p95_ms,5,16,-11.606572410658892,chunk_64,mixed,-31.137943744938813,-29.739196224343,-32.25211613542783,2000,workload_seed,0.15841615411466656
head_of_line,6.026051727195026,mono,4.188094381135529,-1.7721156901098851,-1.8855350388222938,,analytical,E5,E5-78d585594dd1,-1.837957346059497,-1.837957346059497,-1.855837980769235,tpot_p99_ms,5,16,-24.074088719675057,chunk_64,mixed,-30.50019198748265,-29.716715379701565,-31.273695329276396,2000,workload_seed,0.07634587408317506
head_of_line,481.48167999999987,mono,482.24392000000023,1.8774400000004334,-0.9043999999997019,,analytical,E5,E5-78d585594dd1,0.7622400000003609,0.7622400000003609,1.453600000000506,e2e_p95_ms,5,16,0.4056975929937124,chunk_64,mixed,0.15831131934247455,0.39265723606660696,-0.18546049716764018,2000,workload_seed,1.8788378663419238
head_of_line,6.4928,mono,4.565980000000019,-1.7886200000000088,-2.0208399999999753,,analytical,E5,E5-78d585594dd1,-1.9268199999999809,-1.9268199999999809,-1.9969999999999573,itl_p95_ms,5,16,-12.142762230976132,chunk_64,mixed,-29.67625677673701,-28.202555212141217,-30.87593029309946,2000,workload_seed,0.1586805344079514
head_of_line,6.798800000000005,mono,4.861000000000013,-1.7524000000000115,-2.138999999999976,,analytical,E5,E5-78d585594dd1,-1.9377999999999929,-1.9377999999999929,-1.8220000000000027,itl_p99_ms,5,16,-7.7518077655547915,chunk_64,mixed,-28.502088603871133,-25.788792088533206,-31.21251323062412,2000,workload_seed,0.24998039923159857
head_of_line,129.225009971702,mono,129.6590193069381,0.5620898202135806,0.2557137395359973,,analytical,E5,E5-78d585594dd1,0.4340093352361151,0.4340093352361151,0.501326270379451,request_throughput_rps,5,16,2.1938996943686373,chunk_64,mixed,0.3358555246628425,0.4386102216878962,0.19710021457082227,2000,workload_seed,0.197825514243036
head_of_line,2228.8744489432975,mono,2236.3734546202913,9.790041161761838,4.396027107171176,,analytical,E5,E5-78d585594dd1,7.499005676993965,7.499005676993965,8.608712049172027,output_token_throughput_tps,5,16,2.1629348875763137,chunk_64,mixed,0.3364480974040074,0.4397505146071179,0.19672209548153852,2000,workload_seed,3.4670510518220032
head_of_line,0.0,mono,0.0,0.0,0.0,,analytical,E5,E5-78d585594dd1,0.0,0.0,0.0,observed_request_throughput_rps,5,16,,chunk_64,mixed,,,,2000,workload_seed,0.0
head_of_line,2.8654910114291705,mono,0.5282678044550515,-2.3055435450574926,-2.3689028688907454,,analytical,E5,E5-78d585594dd1,-2.337223206974119,-2.337223206974119,-2.3327581375204876,iteration_cv,5,16,-58.302206735626314,chunk_64,mixed,-81.56449270480954,-80.97317386463244,-82.09823434095196,2000,workload_seed,0.040088074497288774
head_of_line,441.0476,mono,456.0350000000002,16.183200000000284,13.786200000000315,,analytical,E5,E5-78d585594dd1,14.987400000000298,14.987400000000298,14.23700000000025,max_wait_ms,5,16,9.605919757698025,chunk_64,mixed,3.3981366183605033,3.6289530500051237,3.1611473885945207,2000,workload_seed,1.5602254003828882
head_of_line,0.0,mono,0.0,0.0,0.0,,analytical,E5,E5-78d585594dd1,0.0,0.0,0.0,starvation_proxy_count,5,16,,chunk_64,mixed,,,,2000,workload_seed,0.0
head_of_line,0.9930901473211243,mono,0.9932925505882849,0.00024468059203712754,0.00015127776522714243,,analytical,E5,E5-78d585594dd1,0.0002024032671605891,0.0002024032671605891,0.00023230759582215654,waiting_satisfaction_jain,5,16,3.245379311978729,chunk_64,mixed,0.020381157511883963,0.024641023208027413,0.015233249929935688,2000,workload_seed,6.236659807792467e-05
head_of_line,430.6602999999999,mono,447.33838000000026,18.63506000000026,14.627166500000405,,analytical,E5,E5-78d585594dd1,16.678080000000286,16.678080000000286,16.79520000000025,short_prompt_ttft_p95_ms,5,16,7.019415949334144,chunk_64,mixed,3.872676445913492,4.292705602890012,3.41214104695825,2000,workload_seed,2.37599254986198
head_of_line,148.10099999999997,mono,181.3170000000001,33.21600000000012,33.21600000000012,,analytical,E5,E5-78d585594dd1,33.21600000000012,33.21600000000012,33.21600000000012,long_prompt_ttft_p95_ms,5,16,,chunk_64,mixed,22.427937691170307,22.427937691170307,22.427937691170307,2000,workload_seed,0.0
head_of_line,147.77899999999997,mono,1.4750000000000014,-146.30399999999997,-146.30399999999997,,analytical,E5,E5-78d585594dd1,-146.30399999999997,-146.30399999999997,-146.30399999999997,primer_max_itl_ms,5,16,,chunk_64,mixed,-99.00188795431015,-99.00188795431015,-99.00188795431015,2000,workload_seed,0.0
head_of_line,64.0,mono,64.0,0.0,0.0,,analytical,E5,E5-78d585594dd1,0.0,0.0,0.0,backlog_at_arrival_end,5,16,,chunk_64,mixed,0.0,0.0,0.0,2000,workload_seed,0.0
head_of_line,1.0,mono,0.9999999999999997,-1.9984014443252818e-16,-5.773159728050814e-16,,analytical,E5,E5-78d585594dd1,-4.2188474935755947e-16,-4.2188474935755947e-16,-4.440892098500626e-16,server_busy_fraction,5,16,-1.6664102366833553,chunk_64,mixed,-3.3306690738754696e-14,-2.220446049250313e-14,-5.551115123125783e-14,2000,workload_seed,2.5316980181136773e-16
head_of_line,0.3543893070726617,mono,0.2373379367597165,-0.11260395606999248,-0.12035553657329574,,analytical,E5,E5-78d585594dd1,-0.11705137031294519,-0.11705137031294519,-0.11819404431578406,batch_slot_occupancy,5,16,-24.103279562215473,chunk_64,mixed,-33.02903557667041,-32.063081449178945,-33.84697643214912,2000,workload_seed,0.00485624248811502
head_of_line,270.8170999999999,mono,161.61289999999994,-101.80419999999997,-116.60419999999996,,analytical,E5,E5-78d585594dd1,-109.20419999999997,-109.20419999999997,-108.613,ttft_p50_ms,5,16,-11.748572010168452,chunk_64_aging,mixed,-40.32396772581939,-37.96833765214681,-42.63329738030384,2000,workload_seed,9.295104111842967
head_of_line,430.3807499999999,mono,288.9455999999999,-138.5566199999999,-144.30960000000005,,analytical,E5,E5-78d585594dd1,-141.43514999999996,-141.43514999999996,-140.8737000000001,ttft_p95_ms,5,16,-37.15208735062881,chunk_64_aging,mixed,-32.862796488922896,-32.36109066802647,-33.36371994396532,2000,workload_seed,3.8069233813212957
head_of_line,442.91619999999995,mono,371.454774,-68.18831199999984,-74.73454000000004,,analytical,E5,E5-78d585594dd1,-71.46142599999993,-71.46142599999993,-71.94424000000004,ttft_p99_ms,5,16,-16.822829056117477,chunk_64_aging,mixed,-16.134299445357826,-15.47922970104717,-16.782304458597675,2000,workload_seed,4.247883977279885
head_of_line,5.904913242862529,mono,4.505981372225818,-1.2561981613606923,-1.542503171730228,,analytical,E5,E5-78d585594dd1,-1.3989318706367109,-1.3989318706367109,-1.394546428571429,tpot_p95_ms,5,16,-7.451517895582636,chunk_64_aging,mixed,-23.690980935708872,-21.75262643297755,-25.632422747425167,2000,workload_seed,0.1877378394898598
head_of_line,6.026051727195026,mono,4.643028316666674,-1.2652477027416946,-1.5150271615384503,,analytical,E5,E5-78d585594dd1,-1.3830234105283519,-1.3830234105283519,-1.3678238333333272,tpot_p99_ms,5,16,-8.469233218806384,chunk_64_aging,mixed,-22.950739109770534,-21.36074323624576,-24.808001459608782,2000,workload_seed,0.16329971967914106
head_of_line,481.48167999999987,mono,348.74476000000016,-129.8832999999996,-134.5836174999998,,analytical,E5,E5-78d585594dd1,-132.73691999999977,-132.73691999999977,-133.73249999999996,e2e_p95_ms,5,16,-42.997336692864586,chunk_64_aging,mixed,-27.568425864095126,-27.011013082040016,-28.084102352065255,2000,workload_seed,3.087096322922426
head_of_line,6.4928,mono,4.981399999999991,-1.358235000000013,-1.675,,analytical,E5,E5-78d585594dd1,-1.511400000000009,-1.511400000000009,-1.5769999999999982,itl_p95_ms,5,16,-7.24475158853205,chunk_64_aging,mixed,-23.278092656481164,-21.090351453697874,-25.398028809704353,2000,workload_seed,0.20861998945449733
head_of_line,6.798800000000005,mono,5.414800000000002,-1.199799999999982,-1.5682000000000245,,analytical,E5,E5-78d585594dd1,-1.3840000000000032,-1.3840000000000032,-1.4429999999999836,itl_p99_ms,5,16,-5.713084999525344,chunk_64_aging,mixed,-20.356533505912832,-17.80171518442656,-22.867391874945653,2000,workload_seed,0.24225090299111413
head_of_line,129.225009971702,mono,128.58778235113428,-0.40097891770128624,-0.8734763234341415,,analytical,E5,E5-78d585594dd1,-0.6372276205677139,-0.6372276205677139,-0.6205884288392269,request_throughput_rps,5,16,-2.0665879333093264,chunk_64_aging,mixed,-0.49311477763265277,-0.31217188749395053,-0.6718950395787626,2000,workload_seed,0.3083476924919864
head_of_line,2228.8744489432975,mono,2217.898320161664,-6.937413814164302,-15.014843749103875,,analytical,E5,E5-78d585594dd1,-10.976128781634088,-10.976128781634088,-10.51121651346466,output_token_throughput_tps,5,16,-2.0758341644080995,chunk_64_aging,mixed,-0.4924516401916379,-0.31178922868309034,-0.6724924127702092,2000,workload_seed,5.287574975799575
head_of_line,0.0,mono,0.0,0.0,0.0,,analytical,E5,E5-78d585594dd1,0.0,0.0,0.0,observed_request_throughput_rps,5,16,,chunk_64_aging,mixed,,,,2000,workload_seed,0.0
head_of_line,2.8654910114291705,mono,0.5829582612627512,-2.2588190670466277,-2.3125361740241237,,analytical,E5,E5-78d585594dd1,-2.2825327501664194,-2.2825327501664194,-2.276007057034899,iteration_cv,5,16,-65.43144430674155,chunk_64_aging,mixed,-79.655903336022,-79.30572400700487,-80.06469911647164,2000,workload_seed,0.03488434000426374
head_of_line,441.0476,mono,217.50759999999997,-220.31899999999996,-226.76100000000002,,analytical,E5,E5-78d585594dd1,-223.54000000000002,-223.54000000000002,-223.23699999999994,max_wait_ms,5,16,-53.159235711575796,chunk_64_aging,mixed,-50.683871763501266,-49.857235112330144,-51.67206673337562,2000,workload_seed,4.205101841810766
head_of_line,0.0,mono,0.0,0.0,0.0,,analytical,E5,E5-78d585594dd1,0.0,0.0,0.0,starvation_proxy_count,5,16,,chunk_64_aging,mixed,,,,2000,workload_seed,0.0
head_of_line,0.9930901473211243,mono,0.9965074434045125,0.0035458642879928172,0.0032837719978596525,,analytical,E5,E5-78d585594dd1,0.0034172960833880996,0.0034172960833880996,0.0034203118532176724,waiting_satisfaction_jain,5,16,19.987052110761507,chunk_64_aging,mixed,0.34410733935950066,0.35710216418147755,0.33060764008336907,2000,workload_seed,0.0001709754927565404
head_of_line,430.6602999999999,mono,285.05815999999993,-142.37057999999988,-148.70548000000002,,analytical,E5,E5-78d585594dd1,-145.60214000000002,-145.60214000000002,-145.26240000000013,short_prompt_ttft_p95_ms,5,16,-34.590366377361306,chunk_64_aging,mixed,-33.809046248284325,-33.25812621124465,-34.36567485438121,2000,workload_seed,4.209326331255447
head_of_line,148.10099999999997,mono,494.5002000000013,350.76020000000136,342.0968000000013,,analytical,E5,E5-78d585594dd1,346.3992000000013,346.3992000000013,345.57900000000143,long_prompt_ttft_p95_ms,5,16,64.19035715737147,chunk_64_aging,mixed,233.8938967326361,236.83850885544425,230.98885220221428,2000,workload_seed,5.396436713239594
head_of_line,147.77899999999997,mono,5.414800000000002,-142.23899999999995,-142.4894,,analytical,E5,E5-78d585594dd1,-142.36419999999995,-142.36419999999995,-142.23899999999995,primer_max_itl_ms,5,16,-830.4162270624678,chunk_64_aging,mixed,-96.33587992881262,-96.25115882500218,-96.42060103262304,2000,workload_seed,0.17143716049914165
head_of_line,64.0,mono,64.0,0.0,0.0,,analytical,E5,E5-78d585594dd1,0.0,0.0,0.0,backlog_at_arrival_end,5,16,,chunk_64_aging,mixed,0.0,0.0,0.0,2000,workload_seed,0.0
head_of_line,1.0,mono,0.9999999999999977,-2.242650509742816e-15,-2.4646951146678474e-15,,analytical,E5,E5-78d585594dd1,-2.3536728122053318e-15,-2.3536728122053318e-15,-2.3314683517128287e-15,server_busy_fraction,5,16,-16.259657763564253,chunk_64_aging,mixed,-2.3314683517128287e-13,-2.3314683517128287e-13,-2.4424906541753444e-13,2000,workload_seed,1.447553722489536e-16
head_of_line,0.3543893070726617,mono,0.270998403887099,-0.07768074163396604,-0.08910106473715934,,analytical,E5,E5-78d585594dd1,-0.08339090318556269,-0.08339090318556269,-0.08442856434692875,batch_slot_occupancy,5,16,-10.981529537359535,chunk_64_aging,mixed,-23.530874527335765,-22.21441363614718,-24.804098973033106,2000,workload_seed,0.007593742101395258
head_of_line,270.8170999999999,mono,353.96439999999603,86.29504999999581,79.42969999999627,,analytical,E5,E5-78d585594dd1,83.14729999999612,83.14729999999612,83.3164999999965,ttft_p50_ms,5,16,18.649155803960884,fcfs,mixed,30.702381791990298,31.987986909780552,29.18526049922654,2000,workload_seed,4.4585020830989315
head_of_line,430.3807499999999,mono,525.4131399999869,98.7490199999869,91.40514999998692,,analytical,E5,E5-78d585594dd1,95.03238999998695,95.03238999998695,94.80614999998681,ttft_p95_ms,5,16,20.3469272916619,fcfs,mixed,22.081003855304182,23.089005738729828,21.17039612738165,2000,workload_seed,4.670601542815307
head_of_line,442.91619999999995,mono,538.8131039999861,98.40838399998611,93.38108199998632,,analytical,E5,E5-78d585594dd1,95.89690399998618,95.89690399998618,96.25291999998637,ttft_p99_ms,5,16,29.38883063339324,fcfs,mixed,21.651252313639958,22.257738618836708,21.039390638714472,2000,workload_seed,3.2630391183724994
head_of_line,5.904913242862529,mono,0.3230000000000075,-5.396833730957756,-5.73592904761904,,analytical,E5,E5-78d585594dd1,-5.581913242862521,-5.581913242862521,-5.618019047619041,tpot_p95_ms,5,16,-25.055530952090777,fcfs,mixed,-94.52997890544067,-94.35298270556683,-94.66902488110608,2000,workload_seed,0.22278167856573539
head_of_line,6.026051727195026,mono,0.3230000000000075,-5.567887096969688,-5.832811139141406,,analytical,E5,E5-78d585594dd1,-5.703051727195018,-5.703051727195018,-5.6829523076923,tpot_p99_ms,5,16,-31.705813684309284,fcfs,mixed,-94.63993980432764,-94.51695483747838,-94.75292467493735,2000,workload_seed,0.17987400619897576
head_of_line,481.48167999999987,mono,529.8673099999867,51.57855999998657,45.2366699999866,,analytical,E5,E5-78d585594dd1,48.38562999998671,48.38562999998671,48.39554999998671,e2e_p95_ms,5,16,12.874300720385659,fcfs,mixed,10.04931901043189,10.734262618942193,9.3114623551853,2000,workload_seed,3.7583113095510545
head_of_line,6.4928,mono,0.3230000000000075,-6.011400000000009,-6.281399999999979,,analytical,E5,E5-78d585594dd1,-6.169799999999992,-6.169799999999992,-6.220999999999975,itl_p95_ms,5,16,-34.207214177489284,fcfs,mixed,-95.02525874815169,-94.90085880272787,-95.10932105868802,2000,workload_seed,0.1803654623257847
head_of_line,6.798800000000005,mono,0.3230000000000075,-6.368599999999998,-6.5901999999999985,,analytical,E5,E5-78d585594dd1,-6.475799999999998,-6.475799999999998,-6.419000000000011,itl_p99_ms,5,16,-45.09201132061031,fcfs,mixed,-95.2491616167558,-95.17305278259299,-95.32777874211644,2000,workload_seed,0.14361302169371382
head_of_line,129.225009971702,mono,115.50962466664484,-13.477565251641181,-13.952215949960484,,analytical,E5,E5-78d585594dd1,-13.715385305057154,-13.715385305057154,-13.826610586884826,request_throughput_rps,5,16,-44.30248136727483,fcfs,mixed,-10.613568772840953,-10.471507893791653,-10.731730344517466,2000,workload_seed,0.3095850363629604
head_of_line,2228.8744489432975,mono,1992.316318327369,-232.82245098680195,-239.94823600906642,,analytical,E5,E5-78d585594dd1,-236.5581306159288,-236.5581306159288,-236.5760318141813,output_token_throughput_tps,5,16,-54.611526704152226,fcfs,mixed,-10.613344808545854,-10.470477959123114,-10.731729360716702,2000,workload_seed,4.331652031949929
head_of_line,0.0,mono,0.0,0.0,0.0,,analytical,E5,E5-78d585594dd1,0.0,0.0,0.0,observed_request_throughput_rps,5,16,,fcfs,mixed,,,,2000,workload_seed,0.0
head_of_line,2.8654910114291705,mono,8.831825409339306,5.9777190538718274,5.953449990235197,,analytical,E5,E5-78d585594dd1,5.966334397910135,5.966334397910135,5.967708176527717,iteration_cv,5,16,401.5739815245463,fcfs,mixed,208.21333496120133,209.78682928759338,206.41035801799012,2000,workload_seed,0.014857372918582478
head_of_line,441.0476,mono,541.5691999999859,103.14059999998585,97.90070499998602,,analytical,E5,E5-78d585594dd1,100.52159999998594,100.52159999998594,101.18299999998612,max_wait_ms,5,16,30.32525479065383,fcfs,mixed,22.791553564736766,23.41955269232143,22.07928221917665,2000,workload_seed,3.314781712269948
head_of_line,0.0,mono,0.0,0.0,0.0,,analytical,E5,E5-78d585594dd1,0.0,0.0,0.0,starvation_proxy_count,5,16,,fcfs,mixed,,,,2000,workload_seed,0.0
head_of_line,0.9930901473211243,mono,0.990783491091926,-0.002267489822386248,-0.0023671118200873755,,analytical,E5,E5-78d585594dd1,-0.002306656229198523,-0.002306656229198523,-0.002275342181794371,waiting_satisfaction_jain,5,16,-34.979757580590146,fcfs,mixed,-0.2322705783982082,-0.22831489333043908,-0.23839680129114083,2000,workload_seed,6.594260191438432e-05
head_of_line,430.6602999999999,mono,525.739759999987,98.78667999998689,91.41343999998733,,analytical,E5,E5-78d585594dd1,95.07945999998694,95.07945999998694,94.73709999998681,short_prompt_ttft_p95_ms,5,16,20.273712034373926,fcfs,mixed,22.077600373191373,23.081546838513155,21.157829195149702,2000,workload_seed,4.689790396488834
head_of_line,148.10099999999997,mono,177.91700000000003,29.81600000000006,29.81600000000006,,analytical,E5,E5-78d585594dd1,29.81600000000006,29.81600000000006,29.81600000000006,long_prompt_ttft_p95_ms,5,16,,fcfs,mixed,20.132207074901643,20.132207074901643,20.132207074901643,2000,workload_seed,0.0
head_of_line,147.77899999999997,mono,0.3230000000000004,-147.45599999999996,-147.45599999999996,,analytical,E5,E5-78d585594dd1,-147.45599999999996,-147.45599999999996,-147.45599999999996,primer_max_itl_ms,5,16,,fcfs,mixed,-99.78143037914724,-99.78143037914724,-99.78143037914724,2000,workload_seed,0.0
head_of_line,64.0,mono,64.0,0.0,0.0,,analytical,E5,E5-78d585594dd1,0.0,0.0,0.0,backlog_at_arrival_end,5,16,,fcfs,mixed,0.0,0.0,0.0,2000,workload_seed,0.0
head_of_line,1.0,mono,1.0,0.0,0.0,,analytical,E5,E5-78d585594dd1,0.0,0.0,0.0,server_busy_fraction,5,16,,fcfs,mixed,0.0,0.0,0.0,2000,workload_seed,0.0
head_of_line,0.3543893070726617,mono,0.03125,-0.3177507336057645,-0.32899727602219253,,analytical,E5,E5-78d585594dd1,-0.3231393070726617,-0.3231393070726617,-0.3205582370724527,batch_slot_occupancy,5,16,-44.34207573978181,fcfs,mixed,-91.1820138541616,-91.04586409399919,-91.32540283300438,2000,workload_seed,0.007287419492244359
head_of_line,153.59749065750003,mono,330.1223585475,177.36263714999995,175.68709862999998,,piecewise,E5,E5-e2753f3e6ed1,176.52486789,176.52486789,176.50674495000015,ttft_p50_ms,5,16,160.3649347294195,chunk_64,mixed,114.92692174485106,116.2156875450247,113.96970546007749,2000,workload_seed,1.1007697423869303
head_of_line,219.30038433625003,mono,402.03389854424995,184.12663956599977,181.57210389850007,,piecewise,E5,E5-e2753f3e6ed1,182.73351420799995,182.73351420799995,181.71308541250005,ttft_p95_ms,5,16,112.41362462998167,chunk_64,mixed,83.32566983914506,84.21096351926076,82.45611809298377,2000,workload_seed,1.6255459674882093
head_of_line,224.54960356075003,mono,407.48269959989995,184.17347748389983,181.6927145944,,piecewise,E5,E5-e2753f3e6ed1,182.93309603914992,182.93309603914992,182.32804752500016,ttft_p99_ms,5,16,113.86889428272802,chunk_64,mixed,81.466675130272,82.32689849443406,80.62242532216362,2000,workload_seed,1.6065238640584372
head_of_line,2.5662883383181327,mono,1.9416271932376439,-0.5733105359970759,-0.6981152636405127,,piecewise,E5,E5-e2753f3e6ed1,-0.624661145080489,-0.624661145080489,-0.6089012505208269,tpot_p95_ms,5,16,-7.362372438000357,chunk_64,mixed,-24.341035095451225,-22.807609506179748,-26.415404035325718,2000,workload_seed,0.08484508904444243
head_of_line,2.6765939950245725,mono,2.0085480740999975,-0.632605626649621,-0.7098794403556583,,piecewise,E5,E5-e2753f3e6ed1,-0.6680459209245754,-0.6680459209245754,-0.6514363133618417,tpot_p99_ms,5,16,-12.965516820152727,chunk_64,mixed,-24.958806683657752,-23.812307288715186,-26.257025374459552,2000,workload_seed,0.05152482004313239
head_of_line,242.21958979000004,mono,420.37911812999994,179.7044096499998,176.9716392299999,,piecewise,E5,E5-e2753f3e6ed1,178.15952833999987,178.15952833999987,177.11505829999976,e2e_p95_ms,5,16,103.45279181571844,chunk_64,mixed,73.5528982170521,74.7142264788398,72.33135460827569,2000,workload_seed,1.7221335955568733
head_of_line,3.1768110400000014,mono,2.379213250000009,-0.7515633999999863,-0.8436321799999973,,piecewise,E5,E5-e2753f3e6ed1,-0.7975977899999919,-0.7975977899999919,-0.7857589999999846,itl_p95_ms,5,16,-13.052632317567458,chunk_64,mixed,-25.106869119920706,-24.09838249365367,-26.082801165870805,2000,workload_seed,0.06110627884051479
head_of_line,3.316854799999999,mono,2.4152784999999994,-0.8515749499999969,-0.9386108499999921,,piecewise,E5,E5-e2753f3e6ed1,-0.9015762999999992,-0.9015762999999992,-0.9254617499999824,itl_p99_ms,5,16,-16.333149558922447,chunk_64,mixed,-27.181663182844172,-25.92435163697334,-28.08622521082991,2000,workload_seed,0.055199170052752475
head_of_line,242.97884771855433,mono,147.1458748778066,-94.45323426434354,-97.2874792635185,,piecewise,E5,E5-e2753f3e6ed1,-95.83297284074774,-95.83297284074774,-96.40874857407735,request_throughput_rps,5,16,-51.759001333796114,chunk_64,mixed,-39.44087056983345,-39.15197236130514,-39.72523392634656,2000,workload_seed,1.85152283411955
head_of_line,4190.98822417386,mono,2538.107734864471,-1637.3700013312755,-1671.3970274180188,,piecewise,E5,E5-e2753f3e6ed1,-1652.8804893093893,-1652.8804893093893,-1650.612195072495,output_token_throughput_tps,5,16,-74.53838569389423,chunk_64,mixed,-39.43891991333881,-39.15168661289775,-39.72565234992417,2000,workload_seed,22.174889809087777
head_of_line,0.0,mono,0.0,0.0,0.0,,piecewise,E5,E5-e2753f3e6ed1,0.0,0.0,0.0,observed_request_throughput_rps,5,16,,chunk_64,mixed,,,,2000,workload_seed,0.0
head_of_line,3.2581701521925743,mono,0.2172175270236456,-3.0170566970382744,-3.0648485532995835,,piecewise,E5,E5-e2753f3e6ed1,-3.040952625168929,-3.040952625168929,-3.057565643099638,iteration_cv,5,16,-90.17841006934336,chunk_64,mixed,-93.33314354753787,-93.20067190632395,-93.4833761773489,2000,workload_seed,0.03372151519227901
head_of_line,223.72811966500004,mono,406.62381766,184.23037646499984,181.56101952500003,,piecewise,E5,E5-e2753f3e6ed1,182.89569799499992,182.89569799499992,182.34297887500014,max_wait_ms,5,16,107.27684659268381,chunk_64,mixed,81.74908825446678,82.58525841808806,80.92880081101055,2000,workload_seed,1.7048944278669098
head_of_line,0.0,mono,0.0,0.0,0.0,,piecewise,E5,E5-e2753f3e6ed1,0.0,0.0,0.0,starvation_proxy_count,5,16,,chunk_64,mixed,,,,2000,workload_seed,0.0
head_of_line,0.9981495751843529,mono,0.9957351680914224,-0.0023885094361463465,-0.002440304749714528,,piecewise,E5,E5-e2753f3e6ed1,-0.002414407092930437,-0.002414407092930437,-0.002402149516709917,waiting_satisfaction_jain,5,16,-72.08878139213829,chunk_64,mixed,-0.2418883054160048,-0.23929117153703716,-0.24448549502039674,2000,workload_seed,3.349213353735152e-05
head_of_line,219.43424568250003,mono,402.1951199245,184.1604145339998,181.5912888940001,,piecewise,E5,E5-e2753f3e6ed1,182.76087424199994,182.76087424199994,181.75372195000008,short_prompt_ttft_p95_ms,5,16,112.00439401950914,chunk_64,mixed,83.28730717193392,84.17071027731389,82.41959774509513,2000,workload_seed,1.6317295034886428
head_of_line,89.59594685,mono,257.3154056,167.71945875,167.71945875,,piecewise,E5,E5-e2753f3e6ed1,167.71945875,167.71945875,167.71945875,long_prompt_ttft_p95_ms,5,16,,chunk_64,mixed,187.19536390501355,187.19536390501355,187.19536390501355,2000,workload_seed,0.0
head_of_line,89.54589405,mono,2.068869150000012,-87.47702489999999,-87.47702489999999,,piecewise,E5,E5-e2753f3e6ed1,-87.47702489999999,-87.47702489999999,-87.47702489999999,primer_max_itl_ms,5,16,,chunk_64,mixed,-97.68959909111543,-97.68959909111543,-97.68959909111543,2000,workload_seed,0.0
head_of_line,64.0,mono,64.0,0.0,0.0,,piecewise,E5,E5-e2753f3e6ed1,0.0,0.0,0.0,backlog_at_arrival_end,5,16,,chunk_64,mixed,0.0,0.0,0.0,2000,workload_seed,0.0
head_of_line,0.9999999999999998,mono,1.0,4.440892098500626e-16,2.2204460492503132e-17,,piecewise,E5,E5-e2753f3e6ed1,1.9984014443252818e-16,1.9984014443252818e-16,1.1102230246251565e-16,server_busy_fraction,5,16,0.722897396012249,chunk_64,mixed,2.220446049250313e-14,4.440892098500626e-14,0.0,2000,workload_seed,2.764433037591714e-16
head_of_line,0.3033162444152786,mono,0.16261774061763104,-0.1379368589609743,-0.14336938928418536,,piecewise,E5,E5-e2753f3e6ed1,-0.1406985037976476,-0.1406985037976476,-0.14054367322192457,batch_slot_occupancy,5,16,-39.35602145001167,chunk_64,mixed,-46.38673542489645,-45.993096726458226,-46.67742697795282,2000,workload_seed,0.0035750184752886367
head_of_line,153.59749065750003,mono,103.14347946749999,-44.87919014250002,-55.02694515250001,,piecewise,E5,E5-e2753f3e6ed1,-50.45401119000003,-50.45401119000003,-51.718291200000024,ttft_p50_ms,5,16,-7.828755690425474,chunk_64_aging,mixed,-32.848200171775666,-29.802373924449988,-35.3921158007813,2000,workload_seed,6.444703754353328
head_of_line,219.30038433625003,mono,157.06282945349997,-60.55675358275008,-63.91944285975005,,piecewise,E5,E5-e2753f3e6ed1,-62.237554882750054,-62.237554882750054,-61.91454928125006,ttft_p95_ms,5,16,-28.575074961314495,chunk_64_aging,mixed,-28.38004824803323,-27.582988802073004,-29.17887938771554,2000,workload_seed,2.178036451943118
head_of_line,224.54960356075003,mono,252.07968096929935,29.399076822049345,25.912758343399343,,piecewise,E5,E5-e2753f3e6ed1,27.530077408549335,27.530077408549335,27.383765412999338,ttft_p99_ms,5,16,12.373343734045484,chunk_64_aging,mixed,12.260131824771303,13.122470114216256,11.580366336277095,2000,workload_seed,2.224950506531215
head_of_line,2.5662883383181327,mono,2.166523419519494,-0.3527896621782092,-0.46596552455453233,,piecewise,E5,E5-e2753f3e6ed1,-0.39976491879863874,-0.39976491879863874,-0.39045258607812494,tpot_p95_ms,5,16,-5.265226814865482,chunk_64_aging,mixed,-15.577552718048526,-14.032085985483006,-17.60504218836012,2000,workload_seed,0.07592548865510784
head_of_line,2.6765939950245725,mono,2.252101990060745,-0.4141578806646523,-0.4351535442309576,,piecewise,E5,E5-e2753f3e6ed1,-0.42449200496382755,-0.42449200496382755,-0.4236629823359612,tpot_p99_ms,5,16,-30.06873615924149,chunk_64_aging,mixed,-15.859409598650409,-15.551254175731444,-16.256371810450034,2000,workload_seed,0.01411738766523986
head_of_line,242.21958979000004,mono,193.34145728199996,-46.228729606500075,-51.005466189000025,,piecewise,E5,E5-e2753f3e6ed1,-48.87813250800009,-48.87813250800009,-49.149931932500266,e2e_p95_ms,5,16,-15.869413701826591,chunk_64_aging,mixed,-20.179264835836165,-19.14820619886939,-21.149997968053903,2000,workload_seed,3.080021318139444
head_of_line,3.1768110400000014,mono,2.4294453199999966,-0.681352970000006,-0.8111151000000063,,piecewise,E5,E5-e2753f3e6ed1,-0.7473657200000048,-0.7473657200000048,-0.7525813999999968,itl_p95_ms,5,16,-8.805367393128027,chunk_64_aging,mixed,-23.52565861141066,-21.82616068468318,-25.07394349431291,2000,workload_seed,0.0848761541265469
head_of_line,3.316854799999999,mono,2.471368060000003,-0.8084149399999945,-0.8825585399999966,,piecewise,E5,E5-e2753f3e6ed1,-0.8454867399999955,-0.8454867399999955,-0.8394942999999842,itl_p99_ms,5,16,-17.59152959276348,chunk_64_aging,mixed,-25.49061659256221,-24.55830282905098,-26.408961622573777,2000,workload_seed,0.048062150340115864
head_of_line,242.97884771855433,mono,154.32559036342064,-87.49016670004247,-89.81634801022493,,piecewise,E5,E5-e2753f3e6ed1,-88.6532573551337,-88.6532573551337,-89.59323889808002,request_throughput_rps,5,16,-56.81849479285553,chunk_64_aging,mixed,-36.485997932553346,-36.26772169441567,-36.70116205317399,2000,workload_seed,1.560288734827258
head_of_line,4190.98822417386,mono,2661.933971297359,-1516.2807904038484,-1541.8277153491526,,piecewise,E5,E5-e2753f3e6ed1,-1529.0542528765004,-1529.0542528765004,-1521.2189808262024,output_token_throughput_tps,5,16,-89.11731873181631,chunk_64_aging,mixed,-36.48433665494043,-36.267682416441524,-36.70156159859195,2000,workload_seed,17.157767700326957
head_of_line,0.0,mono,0.0,0.0,0.0,,piecewise,E5,E5-e2753f3e6ed1,0.0,0.0,0.0,observed_request_throughput_rps,5,16,,chunk_64_aging,mixed,,,,2000,workload_seed,0.0
head_of_line,3.2581701521925743,mono,0.1780850988775445,-3.05184685522449,-3.104363095726744,,piecewise,E5,E5-e2753f3e6ed1,-3.08008505331503,-3.08008505331503,-3.090555566813542,iteration_cv,5,16,-89.394321667449,chunk_64_aging,mixed,-94.53419893501564,-94.46616297900059,-94.61398639743452,2000,workload_seed,0.03445504139259637
head_of_line,223.72811966500004,mono,128.46806981999998,-92.51703106500005,-97.78319976000004,,piecewise,E5,E5-e2753f3e6ed1,-95.26004984500005,-95.26004984500005,-95.80404555000013,max_wait_ms,5,16,-28.391879128398813,chunk_64_aging,mixed,-42.578487669604506,-41.4546529850312,-43.908463327538705,2000,workload_seed,3.355186509994569
head_of_line,0.0,mono,0.0,0.0,0.0,,piecewise,E5,E5-e2753f3e6ed1,0.0,0.0,0.0,starvation_proxy_count,5,16,,chunk_64_aging,mixed,,,,2000,workload_seed,0.0
head_of_line,0.9981495751843529,mono,0.9987319180915545,0.0006156852439778371,0.0005477286584310282,,piecewise,E5,E5-e2753f3e6ed1,0.0005823429072016495,0.0005823429072016495,0.0005974806064140692,waiting_satisfaction_jain,5,16,13.1421172558073,chunk_64_aging,mixed,0.0583422486648999,0.06168288298529223,0.054872956665752426,2000,workload_seed,4.4311193993062353e-05
head_of_line,219.43424568250003,mono,155.91609802149998,-61.81266497150009,-65.37406467100006,,piecewise,E5,E5-e2753f3e6ed1,-63.51814766100006,-63.51814766100006,-62.61779693750006,short_prompt_ttft_p95_ms,5,16,-28.01975662734832,chunk_64_aging,mixed,-28.946323972104437,-28.13589277752132,-29.758670779211116,2000,workload_seed,2.266905758881717
head_of_line,89.59594685,mono,407.913405555,320.998787195,315.91379838,,piecewise,E5,E5-e2753f3e6ed1,318.317458705,318.317458705,318.16276405,long_prompt_ttft_p95_ms,5,16,92.69500555487133,chunk_64_aging,mixed,355.2810923890582,358.27378188481083,352.5983144180589,2000,workload_seed,3.434030310474173
head_of_line,89.54589405,mono,2.471368060000003,-87.06248974,-87.08656224,,piecewise,E5,E5-e2753f3e6ed1,-87.07452599,-87.07452599,-87.0635406,primer_max_itl_ms,5,16,-5357.426214358478,chunk_64_aging,mixed,-97.24011012875692,-97.22666869726785,-97.25355156024598,2000,workload_seed,0.016253051839823927
head_of_line,64.0,mono,64.0,0.0,0.0,,piecewise,E5,E5-e2753f3e6ed1,0.0,0.0,0.0,backlog_at_arrival_end,5,16,,chunk_64_aging,mixed,0.0,0.0,0.0,2000,workload_seed,0.0
head_of_line,0.9999999999999998,mono,1.0,4.440892098500626e-16,4.4408920985006264e-17,,piecewise,E5,E5-e2753f3e6ed1,2.220446049250313e-16,2.220446049250313e-16,2.220446049250313e-16,server_busy_fraction,5,16,0.8164965809277261,chunk_64_aging,mixed,2.220446049250313e-14,4.440892098500626e-14,0.0,2000,workload_seed,2.7194799110210365e-16
head_of_line,0.3033162444152786,mono,0.17769657088105645,-0.1217692666897279,-0.1292893882171346,,piecewise,E5,E5-e2753f3e6ed1,-0.12561967353422215,-0.12561967353422215,-0.1257081956045633,batch_slot_occupancy,5,16,-25.6726760058073,chunk_64_aging,mixed,-41.41541241102564,-40.64153241318598,-42.05635238688028,2000,workload_seed,0.004893127366457875
head_of_line,153.59749065750003,mono,566.9692046900007,422.1245523300007,404.62514667662543,,piecewise,E5,E5-e2753f3e6ed1,413.3717140325007,413.3717140325007,417.84555735000083,ttft_p50_ms,5,16,35.29663119233125,fcfs,mixed,269.1266063416747,275.57416473292164,262.9326271206226,2000,workload_seed,11.71136451464842
head_of_line,219.30038433625003,mono,959.4321136190016,746.4435291875017,730.8923087482515,,piecewise,E5,E5-e2753f3e6ed1,740.1317292827515,740.1317292827515,741.8433680625018,ttft_p95_ms,5,16,70.35119506594069,fcfs,mixed,337.4967770908776,341.0406413618225,333.86520674736994,2000,workload_seed,10.520528167133774
head_of_line,224.54960356075003,mono,990.1684560430016,774.7406380585018,755.9950162701016,,piecewise,E5,E5-e2753f3e6ed1,765.6188524822517,765.6188524822517,763.4992576500019,ttft_p99_ms,5,16,60.62416289808912,fcfs,mixed,340.95756142144324,343.27413516872866,338.22850263414466,2000,workload_seed,12.628938955730868
head_of_line,2.5662883383181327,mono,0.7905041000000009,-1.7123800702424112,-1.8573369824282295,,piecewise,E5,E5-e2753f3e6ed1,-1.775784238318132,-1.775784238318132,-1.7555862133473525,tpot_p95_ms,5,16,-19.64071065779989,fcfs,mixed,-69.19659851947605,-68.41622051827979,-70.14550993615404,2000,workload_seed,0.090413441206768
head_of_line,2.6765939950245725,mono,0.8054914600000019,-1.8373091206687526,-1.9110247811068526,,piecewise,E5,E5-e2753f3e6ed1,-1.8711025350245705,-1.8711025350245705,-1.8595091491148272,tpot_p99_ms,5,16,-39.34935913797247,fcfs,mixed,-69.90610225169368,-69.52120959068824,-70.34829233909204,2000,workload_seed,0.0475510294453294
head_of_line,242.21958979000004,mono,970.3321293690017,737.9856043760016,718.0680802960015,,piecewise,E5,E5-e2753f3e6ed1,728.1125395790016,728.1125395790016,727.4377498250019,e2e_p95_ms,5,16,60.35055301465398,fcfs,mixed,300.60018688424907,305.6399193493086,296.2939147323691,2000,workload_seed,12.06472025868935
head_of_line,3.1768110400000014,mono,0.7905259999999998,-2.3282066499999927,-2.44436343000001,,piecewise,E5,E5-e2753f3e6ed1,-2.3862850400000015,-2.3862850400000015,-2.386333250000007,itl_p95_ms,5,16,-31.741254583616264,fcfs,mixed,-75.115737447198,-74.65240374394082,-75.56243315330298,2000,workload_seed,0.07517929178614506
head_of_line,3.316854799999999,mono,0.7906180500000035,-2.499200179999991,-2.551197609999993,,piecewise,E5,E5-e2753f3e6ed1,-2.5262367499999954,-2.5262367499999954,-2.5312298499999857,itl_p99_ms,5,16,-74.84813334526966,fcfs,mixed,-76.16362193485215,-75.96771414936707,-76.34166890758928,2000,workload_seed,0.03375149969801687
head_of_line,242.97884771855433,mono,62.95564142865295,-178.59889685829634,-181.4475157215064,,piecewise,E5,E5-e2753f3e6ed1,-180.02320628990137,-180.02320628990137,-180.73977910678894,request_throughput_rps,5,16,-93.75492332589872,fcfs,mixed,-74.09007326367136,-73.97470958350749,-74.20498872221141,2000,workload_seed,1.920146696340714
head_of_line,4190.98822417386,mono,1085.8388224042042,-3084.870112677607,-3127.2799143181264,,piecewise,E5,E5-e2753f3e6ed1,-3105.149401769656,-3105.149401769656,-3103.6408943493916,output_token_throughput_tps,5,16,-113.66156760505326,fcfs,mixed,-74.09110299711597,-73.97622367140457,-74.2053470789176,2000,workload_seed,27.319255463370933
head_of_line,0.0,mono,0.0,0.0,0.0,,piecewise,E5,E5-e2753f3e6ed1,0.0,0.0,0.0,observed_request_throughput_rps,5,16,,fcfs,mixed,,,,2000,workload_seed,0.0
head_of_line,3.2581701521925743,mono,2.904037773140126,-0.3402189615823681,-0.36804579652252983,,piecewise,E5,E5-e2753f3e6ed1,-0.354132379052449,-0.354132379052449,-0.3614908579202978,iteration_cv,5,16,-18.93421954415861,fcfs,mixed,-10.869057247183244,-10.526236616754115,-11.206436208651006,2000,workload_seed,0.018703299506300605
head_of_line,223.72811966500004,mono,997.3375749000018,782.1958391650019,764.8795499812517,,piecewise,E5,E5-e2753f3e6ed1,773.6094552350016,773.6094552350016,770.5517839250012,max_wait_ms,5,16,64.43983750450947,fcfs,mixed,345.78105621831,347.6389149772983,343.6328439617177,2000,workload_seed,12.005142861833951
head_of_line,0.0,mono,0.4,0.8,0.0,,piecewise,E5,E5-e2753f3e6ed1,0.4,0.4,0.0,starvation_proxy_count,5,16,0.7302967433402215,fcfs,mixed,,,,2000,workload_seed,0.5477225575051661
head_of_line,0.9981495751843529,mono,0.9697087986081678,-0.027724675743944372,-0.029199527283556636,,piecewise,E5,E5-e2753f3e6ed1,-0.028440776576184955,-0.028440776576184955,-0.028478434858660973,waiting_satisfaction_jain,5,16,-31.378313592267453,fcfs,mixed,-2.8493501658739095,-2.7774286338334564,-2.9254085356286152,2000,workload_seed,0.0009063832093001201
head_of_line,219.43424568250003,mono,960.1667203860015,746.8304711000017,731.6043681105016,,piecewise,E5,E5-e2753f3e6ed1,740.7324747035016,740.7324747035016,742.6396037500019,short_prompt_ttft_p95_ms,5,16,71.63801011500327,fcfs,mixed,337.56466425722317,341.18555025675954,334.08047293822614,2000,workload_seed,10.339936487827831
head_of_line,89.59594685,mono,164.5039056,74.90795874999999,74.90795874999999,,piecewise,E5,E5-e2753f3e6ed1,74.90795874999999,74.90795874999999,74.90795874999999,long_prompt_ttft_p95_ms,5,16,,fcfs,mixed,83.60641455735671,83.60641455735671,83.60641455735671,2000,workload_seed,0.0
head_of_line,89.54589405,mono,0.7906349999999946,-88.75525905,-88.75525905,,piecewise,E5,E5-e2753f3e6ed1,-88.75525905,-88.75525905,-88.75525905,primer_max_itl_ms,5,16,,fcfs,mixed,-99.1170616940197,-99.1170616940197,-99.1170616940197,2000,workload_seed,0.0
head_of_line,64.0,mono,64.0,0.0,0.0,,piecewise,E5,E5-e2753f3e6ed1,0.0,0.0,0.0,backlog_at_arrival_end,5,16,,fcfs,mixed,0.0,0.0,0.0,2000,workload_seed,0.0
head_of_line,0.9999999999999998,mono,0.9999999999999984,-1.1102230246251565e-15,-1.5765166949677222e-15,,piecewise,E5,E5-e2753f3e6ed1,-1.3766765505351941e-15,-1.3766765505351941e-15,-1.4432899320127035e-15,server_busy_fraction,5,16,-4.589445903225153,fcfs,mixed,-1.3322676295501878e-13,-1.1102230246251565e-13,-1.5543122344752192e-13,2000,workload_seed,2.999657430470547e-16
head_of_line,0.3033162444152786,mono,0.03125,-0.26725021563136275,-0.2767053489123572,,piecewise,E5,E5-e2753f3e6ed1,-0.2720662444152786,-0.2720662444152786,-0.2702324526764107,batch_slot_occupancy,5,16,-44.46587997631581,fcfs,mixed,-89.69722176923213,-89.5309958373388,-89.85242499915348,2000,workload_seed,0.006118539530988508
burst,225.50840000000213,mono,258.57370000000674,52.34387499999836,18.944300000009797,,analytical,E6,E6-2cbf13889343,33.065300000004605,33.065300000004605,24.651499999995735,ttft_p50_ms,5,16,1.5143200319471861,chunk_512,mixed,14.662558024448003,21.295332430160933,9.264504657124517,2000,workload_seed,21.83508063185801
burst,572.3329999999994,mono,655.2635600000002,106.55608000001078,63.458829999995295,,analytical,E6,E6-2cbf13889343,82.93056000000091,82.93056000000091,79.70929999998714,ttft_p95_ms,5,16,2.902162274016101,chunk_512,mixed,14.489914088476619,17.748778632786454,10.975674538173719,2000,workload_seed,28.575438645351507
burst,688.9852359999996,mono,794.0660639999976,144.34259799999103,77.72323399998784,,analytical,E6,E6-2cbf13889343,105.08082799999795,105.08082799999795,91.42752999998481,ttft_p99_ms,5,16,2.376334544524744,chunk_512,mixed,15.251535520566373,19.354872966395533,12.122528294450486,2000,workload_seed,44.21971150573567
burst,23.41942948418245,mono,11.486381035103827,-9.187404184593298,-14.550935837912016,,analytical,E6,E6-2cbf13889343,-11.933048449078623,-11.933048449078623,-12.87374791666645,tpot_p95_ms,5,16,-3.4014484967611276,chunk_512,mixed,-50.95362573686195,-45.11078669037628,-54.914180519317114,2000,workload_seed,3.5082255281658146
burst,37.979485303619974,mono,12.951256895858288,-22.11850169511859,-27.93795512040478,,analytical,E6,E6-2cbf13889343,-25.028228407761684,-25.028228407761684,-24.011933730769048,tpot_p99_ms,5,16,-6.708060740140418,chunk_512,mixed,-65.89933541141524,-61.063246078194,-70.30770977147547,2000,workload_seed,3.731067647911276
burst,2245.0068700000143,mono,2047.763470000017,-29.062159999998403,-417.8148100000076,,analytical,E6,E6-2cbf13889343,-197.2433999999971,-197.2433999999971,-101.29799999995726,e2e_p95_ms,5,16,-0.7801049813976081,chunk_512,mixed,-8.78587066417289,-1.6260923642793634,-13.559556557033234,2000,workload_seed,252.84212343654428
burst,10.391439999999994,mono,13.244400000000088,5.437280000000017,-1.8595999999998185,,analytical,E6,E6-2cbf13889343,2.8529600000000928,2.8529600000000928,4.963999999999942,itl_p95_ms,5,16,0.5489571771872606,chunk_512,mixed,27.454905191196755,79.02291511887162,-11.11403299067536,2000,workload_seed,5.197053829623016
burst,75.09920000000011,mono,14.746000000000004,-45.87623999999981,-84.50440000000035,,analytical,E6,E6-2cbf13889343,-60.35320000000011,-60.35320000000011,-49.17000000000007,itl_p99_ms,5,16,-2.3073208011393715,chunk_512,mixed,-80.36463770586107,-76.8294293094632,-83.49112484160287,2000,workload_seed,26.157264291206175
burst,15.74187873266958,mono,15.805663786267933,0.15354375642651483,0.005908088822291138,,analytical,E6,E6-2cbf13889343,0.06378505359835493,0.06378505359835493,0.010050590510807922,request_throughput_rps,5,16,0.6501179507820931,chunk_512,mixed,0.4051933996034318,0.9860856722103684,0.03747853121680578,2000,workload_seed,0.09811304782712335
burst,1990.8884645455353,mono,1999.0803915180982,19.56714309560052,0.7467924131789004,,analytical,E6,E6-2cbf13889343,8.191926972563078,8.191926972563078,1.2582082995718338,output_token_throughput_tps,5,16,0.658099160884175,chunk_512,mixed,0.4114709145413009,0.9851356947492729,0.03793111999565335,2000,workload_seed,12.44786114231933
burst,15.422222222222222,mono,15.422222222222222,0.0,0.0,,analytical,E6,E6-2cbf13889343,0.0,0.0,0.0,observed_request_throughput_rps,5,16,,chunk_512,mixed,0.0,0.0,0.0,2000,workload_seed,0.0
burst,3.48678320868871,mono,1.248470973053158,-1.9208496881844523,-2.5060166401115618,,analytical,E6,E6-2cbf13889343,-2.2383122356355516,-2.2383122356355516,-2.312797541882064,iteration_cv,5,16,-5.950916789675904,chunk_512,mixed,-64.19418993580975,-63.138681023284214,-65.3434543231602,2000,workload_seed,0.3761289755418431
burst,719.7122,mono,815.3567999999973,109.7502000000075,79.27125499999755,,analytical,E6,E6-2cbf13889343,95.64459999999727,95.64459999999727,97.46499999998468,max_wait_ms,5,16,4.6592482742574965,chunk_512,mixed,13.289284244451771,14.550129693258707,12.051078632255674,2000,workload_seed,20.527903723962705
burst,0.0,mono,0.0,0.0,0.0,,analytical,E6,E6-2cbf13889343,0.0,0.0,0.0,starvation_proxy_count,5,16,,chunk_512,mixed,,,,2000,workload_seed,0.0
burst,0.9823055985472895,mono,0.9777418262634263,-0.0034103788086759625,-0.006296303762720057,,analytical,E6,E6-2cbf13889343,-0.004563772283863177,-0.004563772283863177,-0.00422032771048142,waiting_satisfaction_jain,5,16,-2.3273891628962335,chunk_512,mixed,-0.46459801212702656,-0.34635435294210204,-0.6427920293854528,2000,workload_seed,0.0019608977976781324
burst,566.7376299999995,mono,636.6061699999976,91.05585999999423,50.64108000000344,,analytical,E6,E6-2cbf13889343,69.86853999999805,69.86853999999805,62.652000000001976,short_prompt_ttft_p95_ms,5,16,2.7089966909797907,chunk_512,mixed,12.328198499894594,14.996064757640482,9.08287265102734,2000,workload_seed,25.791297653718424
burst,581.9305399999997,mono,672.9128999999991,131.27315999999342,64.39007250000208,,analytical,E6,E6-2cbf13889343,90.98235999999937,90.98235999999937,77.11489999999947,long_prompt_ttft_p95_ms,5,16,2.077842046274811,chunk_512,mixed,15.63457384450031,21.459849503574024,11.362656296617924,2000,workload_seed,43.78694721435348
burst,108.40799999999999,mono,12.507200000000001,-51.766600000000004,-138.0268,,analytical,E6,E6-2cbf13889343,-95.90079999999999,-95.90079999999999,-136.59599999999995,primer_max_itl_ms,5,16,-1.6675446767658089,chunk_512,mixed,-88.4628440705483,-80.32105707405478,-91.78067765384651,2000,workload_seed,57.51018328696231
burst,21.2,mono,21.2,0.0,0.0,,analytical,E6,E6-2cbf13889343,0.0,0.0,0.0,backlog_at_arrival_end,5,16,,chunk_512,mixed,0.0,0.0,0.0,2000,workload_seed,0.0
burst,0.9442304690536855,mono,0.9421638996688003,-0.0009428886040984575,-0.0030374890891626373,,analytical,E6,E6-2cbf13889343,-0.002066569384885164,-0.002066569384885164,-0.0022634889400081626,server_busy_fraction,5,16,-1.55527922154628,chunk_512,mixed,-0.2188628150239902,-0.0966559860039351,-0.337307259060049,2000,workload_seed,0.0013287449329070005
burst,0.37381088522178707,mono,0.32835836622155773,-0.03180922858958911,-0.06881360449201028,,analytical,E6,E6-2cbf13889343,-0.04545251900022934,-0.04545251900022934,-0.03694784779773336,batch_slot_occupancy,5,16,-1.7407318905179767,chunk_512,mixed,-12.159228314943727,-9.939353546042451,-14.356631383600927,2000,workload_seed,0.026111154306884314
burst,225.50840000000213,mono,986.7695000012109,1057.3262000011966,501.12640000040864,,analytical,E6,E6-2cbf13889343,761.2611000012087,761.2611000012087,753.3320000025653,ttft_p50_ms,5,16,2.1621896256173625,fcfs,mixed,337.57549607961454,436.14335573375564,237.52993259851345,2000,workload_seed,352.07878669931574
burst,572.3329999999994,mono,1742.452170002582,1473.9892300029842,897.9509900017208,,analytical,E6,E6-2cbf13889343,1170.1191700025825,1170.1191700025825,1108.5429500035511,ttft_p95_ms,5,16,3.1358642183982792,fcfs,mixed,204.4472658404432,242.78869233499043,166.0703206171939,2000,workload_seed,373.1408914765608
burst,688.9852359999996,mono,1915.3524640029232,1551.999610003041,927.8053660017242,,analytical,E6,E6-2cbf13889343,1226.3672280029234,1226.3672280029234,1197.145090003908,ttft_p99_ms,5,16,2.9322254183873957,fcfs,mixed,177.99615491367717,222.9969233636353,133.7064852159282,2000,workload_seed,418.2377044795469
burst,23.41942948418245,mono,0.32300000000032014,-19.895673925703125,-26.824959559523442,,analytical,E6,E6-2cbf13889343,-23.09642948418213,-23.09642948418213,-23.381551923076586,tpot_p95_ms,5,16,-5.021726200418452,fcfs,mixed,-98.62080329404064,-98.40246625816877,-98.81022365864321,2000,workload_seed,4.599300830510741
burst,37.979485303619974,mono,0.32300000000032014,-34.98190531538433,-40.02620692669661,,analytical,E6,E6-2cbf13889343,-37.656485303619654,-37.656485303619654,-38.86746994117624,tpot_p99_ms,5,16,-11.766508763896462,fcfs,mixed,-99.14954087076705,-99.0851129691047,-99.19948860311649,2000,workload_seed,3.2003108193963357
burst,2245.0068700000143,mono,1775.4475700029143,-33.1173899967409,-1160.6856637474466,,analytical,E6,E6-2cbf13889343,-469.55929999709986,-469.55929999709986,-134.7000999958609,e2e_p95_ms,5,16,-0.6169247317915028,fcfs,mixed,-20.91571773217322,-1.846466962072646,-36.73551810389155,2000,workload_seed,761.1289932137024
burst,10.391439999999994,mono,0.32300000000032014,-6.56851999999971,-16.305844999999742,,analytical,E6,E6-2cbf13889343,-10.068439999999674,-10.068439999999674,-7.121999999999389,itl_p95_ms,5,16,-1.4512598159945196,fcfs,mixed,-96.89167237649141,-95.31308042347234,-98.0575901886462,2000,workload_seed,6.937723961646365
burst,75.09920000000011,mono,0.32300000000032014,-59.03359999999984,-100.9213999999999,,analytical,E6,E6-2cbf13889343,-74.77619999999979,-74.77619999999979,-63.425999999999476,itl_p99_ms,5,16,-2.6397076322217776,fcfs,mixed,-99.56990220934402,-99.45583136500352,-99.68097000920513,2000,workload_seed,28.327455316353532
burst,15.74187873266958,mono,14.776717584087738,-0.6816200606478127,-1.19600228854714,,analytical,E6,E6-2cbf13889343,-0.9651611485818414,-0.9651611485818414,-1.0334121141615107,request_throughput_rps,5,16,-2.8902269812133805,fcfs,mixed,-6.131168744038251,-4.268725959496877,-7.582959255086652,2000,workload_seed,0.3339395676725174
burst,1990.8884645455353,mono,1866.9100446091888,-82.93870301945381,-157.5699106125418,,analytical,E6,E6-2cbf13889343,-123.97841993634651,-123.97841993634651,-130.9979031213984,output_token_throughput_tps,5,16,-2.640640087031328,fcfs,mixed,-6.227291088586783,-4.37116668845735,-7.595302639589486,2000,workload_seed,46.95013930343157
burst,15.422222222222222,mono,14.377777777777776,-0.8444444444444439,-1.2444444444444447,,analytical,E6,E6-2cbf13889343,-1.0444444444444443,-1.0444444444444443,-1.0,observed_request_throughput_rps,5,16,-4.083099081972848,fcfs,mixed,-6.772334293948134,-5.438867965070819,-8.116385911179169,2000,workload_seed,0.25579698740491885
burst,3.48678320868871,mono,7.949441155345417,5.125298076292799,4.011645053564463,,analytical,E6,E6-2cbf13889343,4.462657946656707,4.462657946656707,4.311663324608075,iteration_cv,5,16,5.8680128564545955,fcfs,mixed,127.98782372062067,170.19741232008076,106.32860115522011,2000,workload_seed,0.7605058229802529
burst,719.7122,mono,1957.2786000030778,1552.0918000032004,912.8492000020302,,analytical,E6,E6-2cbf13889343,1237.566400003078,1237.566400003078,1224.8360000039356,max_wait_ms,5,16,2.8873523695673358,fcfs,mixed,171.95295564019582,222.83039855594717,121.38789989499412,2000,workload_seed,428.61633829213747
burst,0.0,mono,72.8,102.2,45.6,,analytical,E6,E6-2cbf13889343,72.8,72.8,75.0,starvation_proxy_count,5,16,1.996432103683741,fcfs,mixed,,,,2000,workload_seed,36.46505176192679
burst,0.9823055985472895,mono,0.9321730912743128,-0.03916564796249433,-0.06356508860975138,,analytical,E6,E6-2cbf13889343,-0.05013250727297671,-0.05013250727297671,-0.04477303239204289,waiting_satisfaction_jain,5,16,-3.2663879303916223,fcfs,mixed,-5.10355507971415,-3.9825294803444877,-6.490128161392084,2000,workload_seed,0.015347995504920352
burst,566.7376299999995,mono,1738.7927000026634,1460.2444672522447,904.0684885019884,,analytical,E6,E6-2cbf13889343,1172.0550700026638,1172.0550700026638,1206.979650003417,short_prompt_ttft_p95_ms,5,16,3.15358792369872,fcfs,mixed,206.80734928482957,244.81543051360794,165.15394105562794,2000,workload_seed,371.65764784766367
burst,581.9305399999997,mono,1649.0338600021691,1392.0656700022344,763.5666600010129,,analytical,E6,E6-2cbf13889343,1067.1033200021698,1067.1033200021698,1067.8416000038358,long_prompt_ttft_p95_ms,5,16,2.7233705695578685,fcfs,mixed,183.3729709394819,230.7611770794868,131.66443491772148,2000,workload_seed,391.83184687767664
burst,108.40799999999999,mono,0.32300000000000184,-64.0676,-150.09419999999997,,analytical,E6,E6-2cbf13889343,-108.085,-108.085,-148.66099999999997,primer_max_itl_ms,5,16,-1.8846507259778056,fcfs,mixed,-99.70205150911372,-99.49837398626508,-99.78526391928582,2000,workload_seed,57.35014902770523
burst,21.2,mono,30.6,11.2,7.6,,analytical,E6,E6-2cbf13889343,9.4,9.4,9.0,backlog_at_arrival_end,5,16,4.083099081972852,fcfs,mixed,44.339622641509436,58.62068965517244,36.13445378151259,2000,workload_seed,2.3021728866442674
burst,0.9442304690536855,mono,0.9818720595582505,0.05950814357874865,0.014726109629426979,,analytical,E6,E6-2cbf13889343,0.03764159050456513,0.03764159050456513,0.03421299357489749,server_busy_fraction,5,16,1.2461616413750989,fcfs,mixed,3.986483357425419,6.608263672095571,1.4979181119382718,2000,workload_seed,0.030206025650917047
burst,0.37381088522178707,mono,0.03125,-0.27199008985536194,-0.4554983285930695,,analytical,E6,E6-2cbf13889343,-0.34256088522178707,-0.34256088522178707,-0.27512556635944185,batch_slot_occupancy,5,16,-2.7894729650275862,fcfs,mixed,-91.64015783503497,-89.69463436879158,-93.5798444156291,2000,workload_seed,0.12280487730713653
poisson,244.52397045748057,mono,269.0945468567295,40.33239101453459,9.693792593565423,,analytical,E6,E6-b1679823bb0c,24.5705763992489,24.5705763992489,28.03974049400813,ttft_p50_ms,5,16,1.1805235258268778,chunk_512,mixed,10.048330375659997,61.06080325370349,3.3785338788055785,2000,workload_seed,20.813288224848254
poisson,654.4975659899458,mono,744.313155870484,173.43297126044015,9.281055811924983,,analytical,E6,E6-b1679823bb0c,89.81558988053818,89.81558988053818,66.14953030379343,ttft_p95_ms,5,16,0.8454811331858215,chunk_512,mixed,13.72283023615064,56.466629014148694,1.3849816165536488,2000,workload_seed,106.23015269673479
poisson,781.6673899465267,mono,864.9540087723453,182.68523213193527,15.592922608837984,,analytical,E6,E6-b1679823bb0c,83.28661882581864,83.28661882581864,55.01776966978184,ttft_p99_ms,5,16,0.7588766943146207,chunk_512,mixed,10.65499468149953,39.734093005641505,1.4390560451365442,2000,workload_seed,109.74987036733145
poisson,18.28937307210186,mono,11.753730404896343,-3.3803709988043535,-9.885080409836544,,analytical,E6,E6-b1679823bb0c,-6.535642667205517,-6.535642667205517,-7.285397565304461,tpot_p95_ms,5,16,-1.544574708370398,chunk_512,mixed,-35.734645695290766,-22.53621647877465,-43.145228194433315,2000,workload_seed,4.231354192055197
poisson,30.988357503435424,mono,13.364134001971976,-8.3198958196403,-26.606934505264764,,analytical,E6,E6-b1679823bb0c,-17.62422350146345,-17.62422350146345,-18.887381238564096,tpot_p99_ms,5,16,-1.476357135043666,chunk_512,mixed,-56.87369361060712,-38.56752584792058,-67.86312739406212,2000,workload_seed,11.937642378747459
poisson,3253.4613780048203,mono,2918.293370570268,-123.9843655749788,-589.3592577222631,,analytical,E6,E6-b1679823bb0c,-335.1680074345518,-335.1680074345518,-263.7513308929074,e2e_p95_ms,5,16,-1.1049457099005173,chunk_512,mixed,-10.30188984877679,-6.473505877346963,-12.481517972743571,2000,workload_seed,303.334366957023
poisson,17.990800000000036,mono,14.899399999999924,4.9747999999998225,-13.514999999999963,,analytical,E6,E6-b1679823bb0c,-3.0914000000001125,-3.0914000000001125,2.037000000000262,itl_p95_ms,5,16,-0.2600984907825671,chunk_512,mixed,-17.183226982680623,72.3144460272674,-43.57273015370012,2000,workload_seed,11.88549764629127
poisson,86.70139999999984,mono,16.081600000000073,-36.95539999999964,-107.15719999999965,,analytical,E6,E6-b1679823bb0c,-70.61979999999976,-70.61979999999976,-78.84299999999985,itl_p99_ms,5,16,-1.569906254549474,chunk_512,mixed,-81.45174126369344,-72.96326570056098,-85.21024101867599,2000,workload_seed,44.9834503145323
poisson,15.632514778960621,mono,15.746951004138694,0.21213614381817897,0.03589128671176241,,analytical,E6,E6-b1679823bb0c,0.11443622517807306,0.11443622517807306,0.1077666033754312,request_throughput_rps,5,16,0.9902720081114558,chunk_512,mixed,0.7320397696478631,1.400826001459099,0.22307318749756888,2000,workload_seed,0.11556039577076806
poisson,1976.5006275517262,mono,1991.0920786691709,27.009049289109498,4.375312504403337,,analytical,E6,E6-b1679823bb0c,14.591451117444922,14.591451117444922,13.491031660061708,output_token_throughput_tps,5,16,0.9879761580558516,chunk_512,mixed,0.7382467232261325,1.4191770098436418,0.21877916708796796,2000,workload_seed,14.769031619303558
poisson,14.340157054280308,mono,14.642329309200477,0.5262691020478154,0.10736332357495336,,analytical,E6,E6-b1679823bb0c,0.30217225492016625,0.30217225492016625,0.2188129518978883,observed_request_throughput_rps,5,16,1.0544515366591036,chunk_512,mixed,2.107175352239077,3.88712104023734,0.6929381154836807,2000,workload_seed,0.2865681773081396
poisson,3.6531350927308615,mono,1.358994272464867,-1.7042889056776453,-2.861950062787588,,analytical,E6,E6-b1679823bb0c,-2.2941408202659948,-2.2941408202659948,-2.472960536933301,iteration_cv,5,16,-3.0102094456056396,chunk_512,mixed,-62.79923304317319,-59.32490781873676,-64.81481730973891,2000,workload_seed,0.7621199991964096
poisson,792.4547049581748,mono,862.5515500815734,178.4314060544728,-31.993842334891095,,analytical,E6,E6-b1679823bb0c,70.09684512339864,70.09684512339864,90.05599999997867,max_wait_ms,5,16,0.519561984070319,chunk_512,mixed,8.845533338980971,45.076967164923396,-4.563240743318941,2000,workload_seed,134.9152695396427
poisson,16.0,mono,16.6,1.8,0.0,,analytical,E6,E6-b1679823bb0c,0.6,0.6,0.0,starvation_proxy_count,5,16,0.4472135954999579,chunk_512,mixed,3.750000000000009,3.750000000000009,3.7499999999999867,2000,workload_seed,1.3416407864998738
poisson,0.9672400007141609,mono,0.9661736157274635,0.0035384027070933357,-0.005239930345253008,,analytical,E6,E6-b1679823bb0c,-0.0010663849866974662,-0.0010663849866974662,-0.001165661202491619,waiting_satisfaction_jain,5,16,-0.1995252620589253,chunk_512,mixed,-0.11025029836545519,0.38624015544286294,-0.5271154777386378,2000,workload_seed,0.005344611382505206
poisson,613.5324262845677,mono,672.7351859226761,143.44938963415873,-7.3372115023483335,,analytical,E6,E6-b1679823bb0c,59.20275963810836,59.20275963810836,10.390613629391709,short_prompt_ttft_p95_ms,5,16,0.6089990175928747,chunk_512,mixed,9.649491551184797,51.949705098323285,-1.5005973624971025,2000,workload_seed,97.2132268326356
poisson,730.0250848588324,mono,788.3433631201234,129.34433824794024,-3.8864506398472827,,analytical,E6,E6-b1679823bb0c,58.318278261290956,58.318278261290956,56.15768346292134,long_prompt_ttft_p95_ms,5,16,0.7049629628847546,chunk_512,mixed,7.988530732826549,30.899429992242354,-0.8969633546230815,2000,workload_seed,82.72530803979934
poisson,49.44419999999998,mono,5.481200000000003,0.0,-98.53379999999996,,analytical,E6,E6-b1679823bb0c,-43.96299999999998,-43.96299999999998,0.0,primer_max_itl_ms,5,16,-0.6972512216419676,chunk_512,mixed,-88.91437216094101,0.0,-91.72950530332317,2000,workload_seed,63.051879488243614
poisson,31.2,mono,28.6,-0.9950000000000273,-4.4,,analytical,E6,E6-b1679823bb0c,-2.6,-2.6,-2.0,backlog_at_arrival_end,5,16,-1.0795912380986195,chunk_512,mixed,-8.333333333333325,-4.90196078431373,-12.650602409638568,2000,workload_seed,2.4083189157584592
poisson,0.9547588879775452,mono,0.9547537687662766,0.00022204796147307082,-0.00022489432231430126,,analytical,E6,E6-b1679823bb0c,-5.119211268578283e-06,-5.119211268578283e-06,3.016743377859399e-05,server_busy_fraction,5,16,-0.016793413415806733,chunk_512,mixed,-0.0005361784355173427,0.02377165265130543,-0.023237580653499842,2000,workload_seed,0.000304834469433108
poisson,0.44963009307501933,mono,0.3956533196912557,-0.022756038196069063,-0.09714536638869962,,analytical,E6,E6-b1679823bb0c,-0.053976773383763554,-0.053976773383763554,-0.04290241834816422,batch_slot_occupancy,5,16,-1.1195635707892975,chunk_512,mixed,-12.004706583275283,-6.594373505215145,-16.343932146423455,2000,workload_seed,0.04821233451326903
poisson,244.52397045748057,mono,1130.4417575728428,1254.644107132853,517.1914670978715,,analytical,E6,E6-b1679823bb0c,885.9177871153621,885.9177871153621,887.3466361914902,ttft_p50_ms,5,16,1.8408701985138736,fcfs,mixed,362.3030435248929,2269.49599163652,169.26103002425967,2000,workload_seed,481.24945899529456
poisson,654.4975659899458,mono,2169.5638571554405,1908.9856219881958,1121.2314377103976,,analytical,E6,E6-b1679823bb0c,1515.0662911654945,1515.0662911654945,1593.5560729148542,ttft_p95_ms,5,16,2.833556726626837,fcfs,mixed,231.48539733282502,536.2090066083568,118.35013559373336,2000,workload_seed,534.6871219935241
poisson,781.6673899465267,mono,2327.384655058596,1917.1157079627321,1163.0253280660631,,analytical,E6,E6-b1679823bb0c,1545.717265112069,1545.717265112069,1531.2104409450153,ttft_p99_ms,5,16,2.868382911699839,fcfs,mixed,197.7461622414376,444.87917064858317,95.73580609819075,2000,workload_seed,538.8810743528164
poisson,18.28937307210186,mono,0.32300000000032014,-12.297238914484078,-23.63207464326932,,analytical,E6,E6-b1679823bb0c,-17.96637307210154,-17.96637307210154,-17.617369813829324,tpot_p95_ms,5,16,-2.6163944451151764,fcfs,mixed,-98.23394711930823,-97.44061897568666,-98.65164269028455,2000,workload_seed,6.8668442197791935
poisson,30.988357503435424,mono,0.32300000000032014,-20.98767989178726,-40.07994988257768,,analytical,E6,E6-b1679823bb0c,-30.665357503435104,-30.665357503435104,-32.505597222221695,tpot_p99_ms,5,16,-2.4706716266511335,fcfs,mixed,-98.95767305522884,-98.48432607987587,-99.20055342261135,2000,workload_seed,12.411749571512422
poisson,3253.4613780048203,mono,2233.210850043299,-72.73917335439236,-1999.9205115787004,,analytical,E6,E6-b1679823bb0c,-1020.2505279615212,-1020.2505279615212,-541.9666330695786,e2e_p95_ms,5,16,-0.8130033320717752,fcfs,mixed,-31.358925446571252,-3.37203582751453,-43.485098521774326,2000,workload_seed,1254.9155553417208
poisson,17.990800000000036,mono,0.32300000000032014,-6.556399999999667,-30.294799999999576,,analytical,E6,E6-b1679823bb0c,-17.667799999999716,-17.667799999999716,-12.898999999999432,itl_p95_ms,5,16,-1.1537604014727405,fcfs,mixed,-98.20463792604932,-95.3048230950327,-98.94505810345511,2000,workload_seed,15.313231393144799
poisson,86.70139999999984,mono,0.32300000000032014,-50.42279999999937,-125.85319999999956,,analytical,E6,E6-b1679823bb0c,-86.37839999999952,-86.37839999999952,-95.21099999999933,itl_p99_ms,5,16,-1.8012683832773684,fcfs,mixed,-99.62745699608043,-99.36349412168038,-99.74400877503022,2000,workload_seed,47.954208713104656
poisson,15.632514778960621,mono,14.656211383910051,-0.7161313336551803,-1.2531459928377555,,analytical,E6,E6-b1679823bb0c,-0.9763033950505712,-0.9763033950505712,-0.8809871275494547,request_throughput_rps,5,16,-2.8439016085742974,fcfs,mixed,-6.245338058880645,-4.622905461408944,-7.838646729607723,2000,workload_seed,0.34329717740833193
poisson,1976.5006275517262,mono,1852.2025281259564,-88.32908844543412,-160.914038729591,,analytical,E6,E6-b1679823bb0c,-124.29809942576962,-124.29809942576962,-118.62491672453393,output_token_throughput_tps,5,16,-2.6493880788795128,fcfs,mixed,-6.288796355189463,-4.6334101477170435,-7.917493482209659,2000,workload_seed,46.91577667184875
poisson,14.340157054280308,mono,14.346403295923057,0.5827823274037129,-0.5514521023329177,,analytical,E6,E6-b1679823bb0c,0.006246241642747919,0.006246241642747919,0.23403071892033545,observed_request_throughput_rps,5,16,0.00835254520658772,fcfs,mixed,0.04355769339976501,4.412297321908287,-3.5763690661598013,2000,workload_seed,0.7478249429672594
poisson,3.6531350927308615,mono,7.949441155345417,5.221777309837485,3.3923273834860526,,analytical,E6,E6-b1679823bb0c,4.296306062614556,4.296306062614556,4.4771874387718285,iteration_cv,5,16,3.563399434197497,fcfs,mixed,117.6060001493922,182.66600675860363,76.6581017903193,2000,workload_seed,1.2056762487481605
poisson,792.4547049581748,mono,2356.428696531046,1956.455851365358,1151.1220687720765,,analytical,E6,E6-b1679823bb0c,1563.9739915728712,1563.9739915728712,1561.0097383853426,max_wait_ms,5,16,2.873034759399806,fcfs,mixed,197.35815584001318,460.7481785927266,98.54994907370558,2000,workload_seed,544.3630594638523
poisson,16.0,mono,65.0,77.6,26.165000000000003,,analytical,E6,E6-b1679823bb0c,49.0,49.0,47.0,starvation_proxy_count,5,16,1.4667766332186616,fcfs,mixed,306.25,467.187499999996,67.5,2000,workload_seed,33.406586176980134
poisson,0.9672400007141609,mono,0.8911244635317237,-0.055077771216795336,-0.09928416051906179,,analytical,E6,E6-b1679823bb0c,-0.07611553718243728,-0.07611553718243728,-0.07192549310147822,waiting_satisfaction_jain,5,16,-2.6379869484509486,fcfs,mixed,-7.869353741184959,-5.682958175811937,-10.211056175844814,2000,workload_seed,0.02885364433934484
poisson,613.5324262845677,mono,2126.148931701202,1931.2327557070562,1094.0002551262123,,analytical,E6,E6-b1679823bb0c,1512.6165054166343,1512.6165054166343,1628.1698703955856,short_prompt_ttft_p95_ms,5,16,2.710427515476236,fcfs,mixed,246.54222672088318,613.2974823640822,126.00069962024465,2000,workload_seed,558.0730334162283
poisson,730.0250848588324,mono,2152.3028435259644,1747.262202072811,1044.0246641784875,,analytical,E6,E6-b1679823bb0c,1422.2777586671318,1422.2777586671318,1446.109683465159,long_prompt_ttft_p95_ms,5,16,2.910595781925387,fcfs,mixed,194.82587491389597,477.8877480953527,92.73051216012618,2000,workload_seed,488.6551981897952
poisson,49.44419999999998,mono,0.32300000000000184,-0.7235999999999997,-107.56559999999995,,analytical,E6,E6-b1679823bb0c,-49.12119999999998,-49.12119999999998,-3.6179999999999986,primer_max_itl_ms,5,16,-0.7188474888738143,fcfs,mixed,-99.34673834342551,-69.13816166634814,-99.7006171180273,2000,workload_seed,68.33327063151592
poisson,31.2,mono,31.4,5.2,-4.8,,analytical,E6,E6-b1679823bb0c,0.2,0.2,-2.0,backlog_at_arrival_end,5,16,0.030082841879809346,fcfs,mixed,0.6410256410256387,29.999999999999982,-10.762331838565032,2000,workload_seed,6.648308055437864
poisson,0.9547588879775452,mono,0.9740862116065904,0.03407183441775068,0.005593958698183776,,analytical,E6,E6-b1679823bb0c,0.01932732362904519,0.01932732362904519,0.016948805959546842,server_busy_fraction,5,16,1.0296152405296992,fcfs,mixed,2.0243146067994156,3.713562050623831,0.5680297327381512,2000,workload_seed,0.01877140398495072
poisson,0.44963009307501933,mono,0.03125,-0.22135777870346668,-0.6170456515138985,,analytical,E6,E6-b1679823bb0c,-0.41838009307501933,-0.41838009307501933,-0.3600186627992023,batch_slot_occupancy,5,16,-1.6585265708002486,fcfs,mixed,-93.04984241906912,-87.6290428741373,-95.17966842334587,2000,workload_seed,0.2522601087259932
poisson,13.77323966678066,mono,59.65873937142443,98.80603421571972,16.038145212256858,,piecewise,E6,E6-c5cbc773a604,45.88549970464377,45.88549970464377,20.55604804563518,ttft_p50_ms,5,16,0.7910041165737335,chunk_512,mixed,333.14964971758883,706.7631723556176,123.96703445111137,2000,workload_seed,58.00917940022699
poisson,96.23569616772355,mono,276.8390934188662,251.52935883272448,129.68207416828457,,piecewise,E6,E6-c5cbc773a604,180.60339725114267,180.60339725114267,163.1693052399868,ttft_p95_ms,5,16,2.2733323527761,chunk_512,mixed,187.6677827906805,252.951860940742,138.76312865860626,2000,workload_seed,79.44434390800679
poisson,148.2589271163847,mono,364.2150023613437,277.80851983729997,158.59785262503004,,piecewise,E6,E6-c5cbc773a604,215.95607524495898,215.95607524495898,185.45311361365384,ttft_p99_ms,5,16,2.848909327335473,chunk_512,mixed,145.6614312846277,180.9601534996285,119.1287941298624,2000,workload_seed,75.8030707305586
poisson,3.925227468287022,mono,7.177789776070928,4.184741728069775,2.2931935062909616,,piecewise,E6,E6-c5cbc773a604,3.2525623077839056,3.2525623077839056,4.083558483894277,tpot_p95_ms,5,16,2.5872143844348128,chunk_512,mixed,82.86302727834858,96.2052698319995,67.08776696495123,2000,workload_seed,1.2571676809436265
poisson,9.776444690010187,mono,9.121189440678377,3.144365114587079,-6.608148898847359,,piecewise,E6,E6-c5cbc773a604,-0.6552552493318107,-0.6552552493318107,1.5970727206967004,tpot_p99_ms,5,16,-0.09719621032682908,chunk_512,mixed,-6.702387934556276,54.71551004961908,-42.20096812153306,2000,workload_seed,6.741571992657624
poisson,684.9552803437441,mono,1168.1128268443067,788.8194325949604,279.31236112830567,,piecewise,E6,E6-c5cbc773a604,483.1575465005625,483.1575465005625,355.12215616782726,e2e_p95_ms,5,16,1.4066762960095236,chunk_512,mixed,70.5385534451374,104.56949355591802,42.489226509214184,2000,workload_seed,343.47457753513703
poisson,1.387722649999805,mono,9.835742699499754,8.697101470000053,8.273429718999946,,piecewise,E6,E6-c5cbc773a604,8.448020049499949,8.448020049499949,8.372112850000121,itl_p95_ms,5,16,30.411494805221743,chunk_512,mixed,608.768621705579,658.8700899850744,567.3653193315328,2000,workload_seed,0.27779035866561214
poisson,16.44955508400012,mono,10.052174070000001,-2.1673369940003346,-14.366818310000145,,piecewise,E6,E6-c5cbc773a604,-6.397381014000121,-6.397381014000121,-2.4490457699996604,itl_p99_ms,5,16,-0.7267725464670987,chunk_512,mixed,-38.89090605388238,-18.02571450227767,-58.12987905975297,2000,workload_seed,8.80245276888666
poisson,17.44144899853882,mono,17.232325376253844,-0.039870006478822974,-0.397357445565531,,piecewise,E6,E6-c5cbc773a604,-0.20912362228497586,-0.20912362228497586,-0.10976553190630511,request_throughput_rps,5,16,-0.9181039514075844,chunk_512,mixed,-1.199003719831404,-0.22597405082374067,-2.2412057574764277,2000,workload_seed,0.2277777172882869
poisson,2208.1404764077224,mono,2181.670020773222,-4.859404903464929,-50.26776713722374,,piecewise,E6,E6-c5cbc773a604,-26.470455634500013,-26.470455634500013,-12.546200296890675,output_token_throughput_tps,5,16,-0.9127931071810806,chunk_512,mixed,-1.198766831970921,-0.2159763533016612,-2.2195116660055247,2000,workload_seed,28.999403508038085
poisson,17.217382425092183,mono,16.963697647034913,0.0,-0.6749400721138755,,piecewise,E6,E6-c5cbc773a604,-0.25368477805726997,-0.25368477805726997,0.0,observed_request_throughput_rps,5,16,-0.5556838574509098,chunk_512,mixed,-1.473422450601758,0.0,-3.8065671957853744,2000,workload_seed,0.4565271685612731
poisson,3.3922852585536205,mono,1.4037028309100703,-1.8289211787483843,-2.1628517855692855,,piecewise,E6,E6-c5cbc773a604,-1.9885824276435504,-1.9885824276435504,-1.8807956396271022,iteration_cv,5,16,-9.462842240245461,chunk_512,mixed,-58.6207313382433,-56.32987148062614,-60.9625965957385,2000,workload_seed,0.21014642082757237
poisson,128.63226158158167,mono,353.15905382052745,280.87631562893546,167.9593785809173,,piecewise,E6,E6-c5cbc773a604,224.52679223894575,224.52679223894575,198.53641076527765,max_wait_ms,5,16,3.0756771481918634,chunk_512,mixed,174.5493622504223,208.667928595218,145.11879107588476,2000,workload_seed,73.00076744756552
poisson,0.0,mono,0.0,0.0,0.0,,piecewise,E6,E6-c5cbc773a604,0.0,0.0,0.0,starvation_proxy_count,5,16,,chunk_512,mixed,,,,2000,workload_seed,0.0
poisson,0.9994146450099282,mono,0.9942061136796948,-0.002868532783518929,-0.00865160107991476,,piecewise,E6,E6-c5cbc773a604,-0.00520853133023329,-0.00520853133023329,-0.004152069076635567,waiting_satisfaction_jain,5,16,-1.3574292407214696,chunk_512,mixed,-0.5211581955737343,-0.2870061825410164,-0.865626095248484,2000,workload_seed,0.0038370554972463767
poisson,70.89169381667541,mono,217.9728333736773,222.13930778040276,95.80543360993627,,piecewise,E6,E6-c5cbc773a604,147.08113955700188,147.08113955700188,99.52701704067545,short_prompt_ttft_p95_ms,5,16,1.7848465947217629,chunk_512,mixed,207.47302206849642,320.9735785105857,137.75964370095707,2000,workload_seed,82.40547954763034
poisson,141.76477533002992,mono,346.8274739178981,271.1999298181514,149.02291129263344,,piecewise,E6,E6-c5cbc773a604,205.06269858786817,205.06269858786817,169.68389458877937,long_prompt_ttft_p95_ms,5,16,2.523997470579337,chunk_512,mixed,144.64996548718116,200.59763129191842,112.6465559218985,2000,workload_seed,81.24520764309634
poisson,31.8340661,mono,6.238997010000003,-1.4999999997655777e-06,-57.482506189999995,,piecewise,E6,E6-c5cbc773a604,-25.595069089999996,-25.595069089999996,-7.499999998827889e-06,primer_max_itl_ms,5,16,-0.6960793159139668,chunk_512,mixed,-80.40150764780877,-5.5087644257323376e-05,-87.02773319159837,2000,workload_seed,36.770334220308115
poisson,6.4,mono,8.6,5.8,0.0,,piecewise,E6,E6-c5cbc773a604,2.2,2.2,0.0,backlog_at_arrival_end,5,16,0.5642880936468347,chunk_512,mixed,34.37499999999998,108.0,0.0,2000,workload_seed,3.898717737923586
poisson,0.9317507857412826,mono,0.9632042523874649,0.04076313139228329,0.022143801900081427,,piecewise,E6,E6-c5cbc773a604,0.03145346664618236,0.03145346664618236,0.0325980183730008,server_busy_fraction,5,16,2.671948755749908,chunk_512,mixed,3.375738140232265,4.4302689064468215,2.3472424613211196,2000,workload_seed,0.011771732739445687
poisson,0.1265749472003755,mono,0.1855579165225153,0.11512914578278292,0.026434983762266794,,piecewise,E6,E6-c5cbc773a604,0.058982969322139825,0.058982969322139825,0.0359266858560279,batch_slot_occupancy,5,16,0.9578667416107687,chunk_512,mixed,46.59924465839702,76.9115206591289,23.61716091184476,2000,workload_seed,0.06157742696332982
poisson,13.77323966678066,mono,4959.827996106831,5848.081383059864,3970.25519732514,,piecewise,E6,E6-c5cbc773a604,4946.05475644005,4946.05475644005,5448.24858430602,ttft_p50_ms,5,16,4.1351806735681285,fcfs,mixed,35910.61272511884,44010.03145810508,28362.3964347989,2000,workload_seed,1196.0915729885733
poisson,96.23569616772355,mono,9610.961422084949,10269.647685210035,8374.493603866522,,piecewise,E6,E6-c5cbc773a604,9514.725725917226,9514.725725917226,9976.341904353952,ttft_p95_ms,5,16,7.412725288111572,fcfs,mixed,9886.898629937241,10988.139185700305,8790.660766339988,2000,workload_seed,1283.5664827855976
poisson,148.2589271163847,mono,10024.47010785847,10664.883603424212,8622.201961896537,,piecewise,E6,E6-c5cbc773a604,9876.211180742084,9876.211180742084,10301.587068942677,ttft_p99_ms,5,16,6.920595946820928,fcfs,mixed,6661.461385720916,7990.1884720662265,5167.766133648292,2000,workload_seed,1427.075248523772
poisson,3.925227468287022,mono,0.8282551250000019,-2.454247763285129,-3.7396969232889115,,piecewise,E6,E6-c5cbc773a604,-3.09697234328702,-3.09697234328702,-3.065159780809662,tpot_p95_ms,5,16,-3.7047678847078322,fcfs,mixed,-78.89918146931102,-74.80741122881278,-81.8368129823051,2000,workload_seed,0.8359423423179603
poisson,9.776444690010187,mono,0.8316515349999944,-4.806250222844485,-15.164586615251025,,piecewise,E6,E6-c5cbc773a604,-8.944793155010192,-8.944793155010192,-6.600719194346,tpot_p99_ms,5,16,-1.2768083028018664,fcfs,mixed,-91.49331314839027,-85.24973319840441,-94.8014050533424,2000,workload_seed,7.005588180607433
poisson,684.9552803437441,mono,9732.331063830417,9791.087230514919,7940.530639745062,,piecewise,E6,E6-c5cbc773a604,9047.375783486674,9047.375783486674,9370.020170778955,e2e_p95_ms,5,16,7.478850811389724,fcfs,mixed,1320.8710178781682,1500.4223909513748,1169.963451627969,2000,workload_seed,1209.7280734238213
poisson,1.387722649999805,mono,0.8313835499998913,-0.4424017499999081,-0.6711599999999635,,piecewise,E6,E6-c5cbc773a604,-0.5563390999999138,-0.5563390999999138,-0.5696222499997475,itl_p95_ms,5,16,-3.6587065353974415,fcfs,mixed,-40.090078518210525,-34.73205588855139,-44.66978859122391,2000,workload_seed,0.15205895707059744
poisson,16.44955508400012,mono,0.8324458999999511,-11.191085484000187,-23.882581170000282,,piecewise,E6,E6-c5cbc773a604,-15.61710918400017,-15.61710918400017,-11.497830419999804,itl_p99_ms,5,16,-1.7090215771135084,fcfs,mixed,-94.93940173002223,-93.07611712603854,-96.63180288710954,2000,workload_seed,9.13804096632709
poisson,17.44144899853882,mono,8.448728362856235,-8.143426793687553,-9.842014477677616,,piecewise,E6,E6-c5cbc773a604,-8.992720635682584,-8.992720635682584,-9.348317641860774,request_throughput_rps,5,16,-7.755969502261357,fcfs,mixed,-51.55948130476982,-47.9401316096078,-54.30369731286652,2000,workload_seed,1.159457967577185
poisson,2208.1404764077224,mono,1066.0722661028128,-995.5444769067284,-1263.4275259351948,,piecewise,E6,E6-c5cbc773a604,-1142.0682103049094,-1142.0682103049094,-1222.5771961914872,output_token_throughput_tps,5,16,-6.132158709053551,fcfs,mixed,-51.72081316868322,-48.22436550707483,-54.29357049069725,2000,workload_seed,186.24244160849162
poisson,17.217382425092183,mono,8.29671092476264,-7.794996777046,-10.183731580397925,,piecewise,E6,E6-c5cbc773a604,-8.920671500329544,-8.920671500329544,-8.861924551864485,observed_request_throughput_rps,5,16,-5.677778551166482,fcfs,mixed,-51.81200765645293,-46.494124855740914,-56.728674966705114,2000,workload_seed,1.5711552361436885
poisson,3.3922852585536205,mono,2.7437960878921857,-0.6223898166160022,-0.6745885247068684,,piecewise,E6,E6-c5cbc773a604,-0.6484891706614353,-0.6484891706614353,-0.647359742547827,iteration_cv,5,16,-18.166360996228853,fcfs,mixed,-19.11658723352567,-18.285797647567183,-20.047275270389708,2000,workload_seed,0.03569725223428373
poisson,128.63226158158167,mono,10097.430913044647,10778.729751448138,8724.536346769302,,piecewise,E6,E6-c5cbc773a604,9968.798651463065,9968.798651463065,10331.013148274335,max_wait_ms,5,16,6.988495990321148,fcfs,mixed,7749.843257743403,9795.761343072616,5748.524739835736,2000,workload_seed,1426.4583774920304
poisson,0.0,mono,141.2,144.2,137.4,,piecewise,E6,E6-c5cbc773a604,141.2,141.2,143.0,starvation_proxy_count,5,16,31.8127771795889,fcfs,mixed,,,,2000,workload_seed,4.43846820423443
poisson,0.9994146450099282,mono,0.6123022692735415,-0.36864595121332566,-0.40553021426694064,,piecewise,E6,E6-c5cbc773a604,-0.3871123757363866,-0.3871123757363866,-0.4003913747244462,waiting_satisfaction_jain,5,16,-15.892849771710996,fcfs,mixed,-38.73391066152939,-36.889878719505475,-40.57272860274552,2000,workload_seed,0.024357643927739134
poisson,70.89169381667541,mono,9597.684179428823,10445.335101324987,8508.602849158098,,piecewise,E6,E6-c5cbc773a604,9526.792485612148,9526.792485612148,10246.105688165942,short_prompt_ttft_p95_ms,5,16,7.02176228045876,fcfs,mixed,13438.517226359767,15154.077352364442,11745.55285907513,2000,workload_seed,1356.752351489422
poisson,141.76477533002992,mono,9223.13350069537,9821.8594688322,8047.966860686324,,piecewise,E6,E6-c5cbc773a604,9081.36872536534,9081.36872536534,9329.20039821083,long_prompt_ttft_p95_ms,5,16,7.660721481145657,fcfs,mixed,6405.941605891743,7786.128141120244,4901.039413037931,2000,workload_seed,1185.4456199349029
poisson,31.8340661,mono,0.8004950000000001,-2.7941237899999978,-65.6032757,,piecewise,E6,E6-c5cbc773a604,-31.0335711,-31.0335711,-4.662517599999994,primer_max_itl_ms,5,16,-0.7778873463759027,fcfs,mixed,-97.48541390381796,-77.89119783685928,-98.77056830228169,2000,workload_seed,39.89468557957938
poisson,6.4,mono,85.6,86.2,71.6,,piecewise,E6,E6-c5cbc773a604,79.2,79.2,81.0,backlog_at_arrival_end,5,16,7.992256945283337,fcfs,mixed,1237.4999999999998,2211.111111111111,794.1176470588235,2000,workload_seed,9.909591313469996
poisson,0.9317507857412826,mono,0.9989071627016217,0.07999501244619123,0.05353238106799241,,piecewise,E6,E6-c5cbc773a604,0.06715637696033912,0.06715637696033912,0.07492427782289002,server_busy_fraction,5,16,3.8927041038164685,fcfs,mixed,7.207547123978109,8.705403712852755,5.65601823001598,2000,workload_seed,0.01725185762115799
poisson,0.1265749472003755,mono,0.03125,-0.07899346062700238,-0.11945743748305467,,piecewise,E6,E6-c5cbc773a604,-0.09532494720037549,-0.09532494720037549,-0.08556219269728067,batch_slot_occupancy,5,16,-3.5777533136501085,fcfs,mixed,-75.31107008835687,-71.65361240832405,-79.26446065177527,2000,workload_seed,0.02664380096768682
burst,144.18586092999985,mono,221.3984311024993,82.56745281374961,71.85965772249926,,piecewise,E6,E6-cad9749cf3cb,77.21257017249944,77.21257017249944,79.28096486249842,ttft_p50_ms,5,16,11.309963864481118,chunk_512,mixed,53.55072243178203,54.838826819276235,52.18648635262804,2000,workload_seed,6.826951093538425
burst,358.7073030525001,mono,586.833005848501,263.24166912100014,186.5099552955033,,piecewise,E6,E6-cad9749cf3cb,228.1257027960009,228.1257027960009,248.18668093749835,ttft_p95_ms,5,16,4.647774130599731,chunk_512,mixed,63.5966150827469,65.93033923856733,60.30153484221579,2000,workload_seed,49.08278594996277
burst,434.4138061349996,mono,709.632477411301,300.63274469666237,249.72239111380287,,piecewise,E6,E6-cad9749cf3cb,275.21867127630145,275.21867127630145,275.79760911900956,ttft_p99_ms,5,16,8.336991102960624,chunk_512,mixed,63.35403419263652,63.95901111515065,62.685402793045675,2000,workload_seed,33.01175062770141
burst,14.088100241405261,mono,8.923926627576233,-3.1425717054429927,-7.355194941145498,,piecewise,E6,E6-cad9749cf3cb,-5.164173613829028,-5.164173613829028,-5.342868606271786,tpot_p95_ms,5,16,-1.937532300595212,chunk_512,mixed,-36.65628101261943,-25.781924431385406,-44.993987879611176,2000,workload_seed,2.665335495177339
burst,23.04303198085747,mono,9.592580939554583,-11.638279977181812,-15.262622105423958,,piecewise,E6,E6-cad9749cf3cb,-13.450451041302884,-13.450451041302884,-13.007992726899278,tpot_p99_ms,5,16,-5.619992111393891,chunk_512,mixed,-58.37101234106942,-54.944247885948386,-61.285621070983865,2000,workload_seed,2.3933220500494357
burst,734.3050195832486,mono,939.6566145260028,243.7035074853216,175.2778409275053,,piecewise,E6,E6-cad9749cf3cb,205.3515949427544,205.3515949427544,184.6088446100066,e2e_p95_ms,5,16,4.651405119103781,chunk_512,mixed,27.965435270931494,31.711746090478265,24.765382622275965,2000,workload_seed,44.148292759827584
burst,2.913949996999783,mono,9.818093409999893,7.322365433000617,6.531061402999489,,piecewise,E6,E6-cad9749cf3cb,6.904143413000109,6.904143413000109,6.895760850000443,itl_p95_ms,5,16,14.291298486235709,chunk_512,mixed,236.93417595046756,293.50720125221017,198.266284019704,2000,workload_seed,0.48310119753286623
burst,32.23457635000004,mono,9.985429759999988,-19.65679256250032,-25.60444624999991,,piecewise,E6,E6-cad9749cf3cb,-22.249146590000056,-22.249146590000056,-21.709367250000014,itl_p99_ms,5,16,-5.927573979541488,chunk_512,mixed,-69.02261208095581,-66.35908782840984,-71.8888937899301,2000,workload_seed,3.7534996048621365
burst,16.478565062940024,mono,16.245884722412626,-0.16223488319917342,-0.30702303007838694,,piecewise,E6,E6-cad9749cf3cb,-0.23268034052739567,-0.23268034052739567,-0.21754943625756695,request_throughput_rps,5,16,-2.455799297415132,chunk_512,mixed,-1.4120182166267092,-0.9768918695723532,-1.8814636098474113,2000,workload_seed,0.09474729501401231
burst,2084.4714275871365,mono,2055.0463343487945,-20.23898615835986,-39.33813623293918,,piecewise,E6,E6-cad9749cf3cb,-29.42509323834197,-29.42509323834197,-24.865900564240064,output_token_throughput_tps,5,16,-2.3692322591692014,chunk_512,mixed,-1.411633320990291,-0.968342767168983,-1.8982664714212727,2000,workload_seed,12.419674400626393
burst,16.0,mono,16.0,0.0,0.0,,piecewise,E6,E6-cad9749cf3cb,0.0,0.0,0.0,observed_request_throughput_rps,5,16,,chunk_512,mixed,0.0,0.0,0.0,2000,workload_seed,0.0
burst,3.4080051732159466,mono,1.3696604496165161,-1.913416175133125,-2.1723573603630397,,piecewise,E6,E6-cad9749cf3cb,-2.0383447235994305,-2.0383447235994305,-1.958072119391158,iteration_cv,5,16,-12.30754724703426,chunk_512,mixed,-59.81049382257706,-58.001681240376726,-61.860705692765485,2000,workload_seed,0.16561746078940376
burst,452.90756646999944,mono,740.8808621300011,321.17238529500094,254.97366429500107,,piecewise,E6,E6-cad9749cf3cb,287.9732956600016,287.9732956600016,290.1972687499965,max_wait_ms,5,16,6.9494003583179085,chunk_512,mixed,63.58323794510441,64.44687177389596,62.437063794552294,2000,workload_seed,41.43858186488267
burst,0.0,mono,0.0,0.0,0.0,,piecewise,E6,E6-cad9749cf3cb,0.0,0.0,0.0,starvation_proxy_count,5,16,,chunk_512,mixed,,,,2000,workload_seed,0.0
burst,0.9918611010264742,mono,0.9820845364054758,-0.007786766308179383,-0.011592164230085156,,piecewise,E6,E6-cad9749cf3cb,-0.00977656462099843,-0.00977656462099843,-0.01120598017706198,waiting_satisfaction_jain,5,16,-3.9410073720134493,chunk_512,mixed,-0.9856788022920449,-0.7839089672012745,-1.170412359333417,2000,workload_seed,0.0024807273110995505
burst,357.29561347275,mono,578.4762205267496,258.8660739499997,176.04505991199932,,piecewise,E6,E6-cad9749cf3cb,221.18060705399958,221.18060705399958,239.96324712499904,short_prompt_ttft_p95_ms,5,16,4.1201652139060405,chunk_512,mixed,61.90409249758908,64.3419542061399,58.42639954580417,2000,workload_seed,53.68246067111317
burst,365.6841056245001,mono,603.6711190555001,252.6317822085006,223.47499913450034,,piecewise,E6,E6-cad9749cf3cb,237.98701343100007,237.98701343100007,239.10397124999918,long_prompt_ttft_p95_ms,5,16,12.783869999956453,chunk_512,mixed,65.07994462175917,66.61635181438442,63.31893474651498,2000,workload_seed,18.616194738511165
burst,65.2396098,mono,9.929485039999998,-29.545426839999987,-79.84898575999998,,piecewise,E6,E6-cad9749cf3cb,-55.310124759999994,-55.310124759999994,-79.80956400000002,primer_max_itl_ms,5,16,-1.6430540631120263,chunk_512,mixed,-84.77997481830432,-74.9829467514541,-88.88281149758221,2000,workload_seed,33.662997464149086
burst,16.0,mono,16.0,0.0,0.0,,piecewise,E6,E6-cad9749cf3cb,0.0,0.0,0.0,backlog_at_arrival_end,5,16,,chunk_512,mixed,0.0,0.0,0.0,2000,workload_seed,0.0
burst,0.721287386514495,mono,0.8347161368544505,0.12190948084615441,0.10494801983375646,,piecewise,E6,E6-cad9749cf3cb,0.11342875033995543,0.11342875033995543,0.11980242024970189,server_busy_fraction,5,16,10.130168186814899,chunk_512,mixed,15.725874659763782,16.674682921157213,14.524278349859209,2000,workload_seed,0.011197124099833866
burst,0.20583378939005673,mono,0.20533679429427187,0.003430912740437432,-0.004220258471894128,,piecewise,E6,E6-cad9749cf3cb,-0.0004969950957848634,-0.0004969950957848634,0.00023600796668729607,batch_slot_occupancy,5,16,-0.09496843860195507,chunk_512,mixed,-0.2414545722826067,1.650775908178193,-2.047602160492523,2000,workload_seed,0.005233265947099945
burst,144.18586092999985,mono,4938.841421470017,5433.766951325016,4068.3511186475175,,piecewise,E6,E6-cad9749cf3cb,4794.655560540017,4794.655560540017,5080.984547325026,ttft_p50_ms,5,16,5.5393390798366315,fcfs,mixed,3325.3299107238768,3651.26648473543,2943.0868217736947,2000,workload_seed,865.5645540805967
burst,358.7073030525001,mono,9164.854371212026,9520.619288860526,7979.985102257537,,piecewise,E6,E6-cad9749cf3cb,8806.147068159527,8806.147068159527,8971.397991940017,ttft_p95_ms,5,16,8.510248485114282,fcfs,mixed,2454.9673210502397,2724.370351902869,2231.5628883348236,2000,workload_seed,1034.7696760632568
burst,434.4138061349996,mono,9856.224969579034,10161.95473148573,8450.080738050146,,piecewise,E6,E6-cad9749cf3cb,9421.811163444034,9421.811163444034,9724.74437806052,ttft_p99_ms,5,16,8.136359365855192,fcfs,mixed,2168.856291025909,2525.725740610098,1925.6890944746576,2000,workload_seed,1157.9885720121129
burst,14.088100241405261,mono,0.8282551250000019,-11.216590539527065,-15.516817458160926,,piecewise,E6,E6-cad9749cf3cb,-13.259845116405259,-13.259845116405259,-13.34896733831721,tpot_p95_ms,5,16,-4.952315188542633,fcfs,mixed,-94.12088847461675,-93.14569847327554,-94.9211410750046,2000,workload_seed,2.6775042806407816
burst,23.04303198085747,mono,0.8316515349999944,-20.350430814480372,-24.072330077234575,,piecewise,E6,E6-cad9749cf3cb,-22.211380445857476,-22.211380445857476,-21.77187715420958,tpot_p99_ms,5,16,-9.14704883420228,fcfs,mixed,-96.39087627144349,-96.07425817637079,-96.66017341048922,2000,workload_seed,2.4282564626533496
burst,734.3050195832486,mono,9249.641582974027,9253.799534239773,7657.3752260485435,,piecewise,E6,E6-cad9749cf3cb,8515.336563390778,8515.336563390778,8624.14618580377,e2e_p95_ms,5,16,7.993860329227494,fcfs,mixed,1159.6456971278253,1256.1111973331301,1069.9151149602653,2000,workload_seed,1065.2345941367828
burst,2.913949996999783,mono,0.8313835499998913,-1.6681529735746485,-2.459035660000092,,piecewise,E6,E6-cad9749cf3cb,-2.0825664469998917,-2.0825664469998917,-2.1319789999998946,itl_p95_ms,5,16,-4.361560647517578,fcfs,mixed,-71.46884638185666,-66.7426446961466,-74.7351106515421,2000,workload_seed,0.47748194174147346
burst,32.23457635000004,mono,0.8324458999999511,-28.789205318500432,-34.78435978000006,,piecewise,E6,E6-cad9749cf3cb,-31.402130450000094,-31.402130450000094,-30.85738749999986,itl_p99_ms,5,16,-8.299588083654765,fcfs,mixed,-97.4175373333239,-97.18909827250772,-97.66308247244946,2000,workload_seed,3.7835769840003928
burst,16.478565062940024,mono,8.458975452064132,-7.700986682590907,-8.387775361494388,,piecewise,E6,E6-cad9749cf3cb,-8.019589610875892,-8.019589610875892,-7.947849204595533,request_throughput_rps,5,16,-18.297449539882265,fcfs,mixed,-48.666795805611706,-46.45239932892393,-50.6785848199805,2000,workload_seed,0.43829002470513134
burst,2084.4714275871365,mono,1067.2435083992755,-931.0121111182929,-1102.6024025288693,,piecewise,E6,E6-cad9749cf3cb,-1017.2279191878608,-1017.2279191878608,-1043.58275615185,output_token_throughput_tps,5,16,-9.03228940409642,fcfs,mixed,-48.80028124757485,-46.54502484499217,-50.72745406619408,2000,workload_seed,112.62127171506668
burst,16.0,mono,8.644444444444444,-6.5777777777777775,-8.088888888888889,,piecewise,E6,E6-cad9749cf3cb,-7.355555555555556,-7.355555555555556,-7.555555555555555,observed_request_throughput_rps,5,16,-7.608692796835624,fcfs,mixed,-45.97222222222223,-41.11111111111111,-50.55555555555556,2000,workload_seed,0.966730521518053
burst,3.4080051732159466,mono,2.7437960878921857,-0.618528339540432,-0.6962922620545371,,piecewise,E6,E6-cad9749cf3cb,-0.6642090853237613,-0.6642090853237613,-0.6770290944446233,iteration_cv,5,16,-13.398290976138437,fcfs,mixed,-19.489673623264594,-17.78054658161787,-20.950731800465128,2000,workload_seed,0.049574164832416195
burst,452.90756646999944,mono,9932.878964360036,10228.229741605031,8500.378571885049,,piecewise,E6,E6-cad9749cf3cb,9479.971397890034,9479.971397890034,9804.436013475022,max_wait_ms,5,16,8.16120485880056,fcfs,mixed,2093.136017085727,2479.9507028831626,1794.2613734989295,2000,workload_seed,1161.589687050607
burst,0.0,mono,146.0,149.0,142.79500000000002,,piecewise,E6,E6-cad9749cf3cb,146.0,146.0,147.0,starvation_proxy_count,5,16,35.94271536596516,fcfs,mixed,,,,2000,workload_seed,4.06201920231798
burst,0.9918611010264742,mono,0.6613801718652,-0.3107094095022763,-0.348944495158387,,piecewise,E6,E6-cad9749cf3cb,-0.33048092916127425,-0.33048092916127425,-0.3450671209374314,waiting_satisfaction_jain,5,16,-13.349963530011667,fcfs,mixed,-33.31927513028391,-31.27583707394299,-35.18648440597312,2000,workload_seed,0.024755193406957976
burst,357.29561347275,mono,9238.56530826503,9582.961489877778,8018.017702255789,,piecewise,E6,E6-cad9749cf3cb,8881.26969479228,8881.26969479228,9172.226540600013,short_prompt_ttft_p95_ms,5,16,8.82711710954563,fcfs,mixed,2485.69233987241,2842.897159349599,2201.5869386867544,2000,workload_seed,1006.1347985502638
burst,365.6841056245001,mono,8676.131094700035,9255.144338195529,7460.835134264721,,piecewise,E6,E6-cad9749cf3cb,8310.446989075534,8310.446989075534,8233.211107887535,long_prompt_ttft_p95_ms,5,16,7.1385560940961845,fcfs,mixed,2272.5753898664257,2608.3933329461524,1983.4343892078034,2000,workload_seed,1164.1635758733535
burst,65.2396098,mono,0.8004950000000001,-38.61120661999999,-89.0674253,,piecewise,E6,E6-cad9749cf3cb,-64.4391148,-64.4391148,-88.87756780000001,primer_max_itl_ms,5,16,-1.909166711833466,fcfs,mixed,-98.77299235471516,-97.98478172698594,-99.10986817613687,2000,workload_seed,33.75248185535142
burst,16.0,mono,82.2,72.8,59.2,,piecewise,E6,E6-cad9749cf3cb,66.2,66.2,68.0,backlog_at_arrival_end,5,16,7.608692796835619,fcfs,mixed,413.75,455.0,370.0,2000,workload_seed,8.700574693662482
burst,0.721287386514495,mono,0.9999999999999982,0.3124701429679119,0.25382388294291697,,piecewise,E6,E6-cad9749cf3cb,0.2787126134855032,0.2787126134855032,0.2708310391915816,server_busy_fraction,5,16,7.039227975413092,fcfs,mixed,38.640993686627056,45.44822886918345,34.01661848197426,2000,workload_seed,0.03959420187256361
burst,0.20583378939005673,mono,0.03125,-0.16393587042532443,-0.18371876286045735,,piecewise,E6,E6-cad9749cf3cb,-0.17458378939005673,-0.17458378939005673,-0.17687986090911206,batch_slot_occupancy,5,16,-13.769778860294094,fcfs,mixed,-84.81784740367337,-83.98961977529217,-85.46300421318175,2000,workload_seed,0.01267876493597719
poisson,3720.6492435622836,mono,3668.942732886241,16.700179896239298,-111.33038114456959,,analytical,E7,E7-034cca16994d,-51.70651067604267,-51.70651067604267,-88.31100000001334,ttft_p50_ms,5,64,-0.6069694405179347,chunk_512,mixed,-1.3897174200311557,0.512302956563282,-2.7806533388321184,2000,workload_seed,85.18799666737893
poisson,7909.173294926381,mono,7756.635982723218,-95.67589555357463,-209.39872885275128,,analytical,E7,E7-034cca16994d,-152.53731220316294,-152.53731220316294,-170.5592777677366,ttft_p95_ms,5,64,-2.0478639103799763,chunk_512,mixed,-1.928612593442769,-1.255400010198604,-2.5634044209345563,2000,workload_seed,74.48605907355436
poisson,8237.515843902325,mono,8158.2470816555915,-2.3595957250727224,-148.55178868741967,,analytical,E7,E7-034cca16994d,-79.2687622467336,-79.2687622467336,-89.98270000000412,ttft_p99_ms,5,64,-0.8826234834264882,chunk_512,mixed,-0.9622896483460042,-0.028073270769535252,-1.8082697722070162,2000,workload_seed,89.81039337294692
poisson,24.271673702042754,mono,16.658955805991784,-6.621934173420634,-9.102664263234363,,analytical,E7,E7-034cca16994d,-7.612717896050972,-7.612717896050972,-7.092585673077103,tpot_p95_ms,5,64,-4.6223000703576975,chunk_512,mixed,-31.364618647663622,-28.414316441422816,-35.47129843910282,2000,workload_seed,1.6469544988804374
poisson,33.786762021367466,mono,17.691364902020137,-13.079894173096278,-19.455816893073152,,analytical,E7,E7-034cca16994d,-16.095397119347332,-16.095397119347332,-14.789652105769544,tpot_p99_ms,5,64,-3.9958828929452324,chunk_512,mixed,-47.638175890214804,-42.54423378073044,-52.257597521943715,2000,workload_seed,4.027995201702208
poisson,9790.7202760985,mono,9545.986790060855,-220.35128000000185,-275.44294682045603,,analytical,E7,E7-034cca16994d,-244.73348603764663,-244.73348603764663,-239.98568595897814,e2e_p95_ms,5,64,-7.083320249293193,chunk_512,mixed,-2.4996474124084456,-2.2060120632025892,-2.788186732371567,2000,workload_seed,34.55067361412429
poisson,43.63720000000001,mono,19.01900000000005,-22.980199999999808,-26.26199999999999,,analytical,E7,E7-034cca16994d,-24.618199999999955,-24.618199999999955,-24.786000000000058,itl_p95_ms,5,64,-11.926960260288897,chunk_512,mixed,-56.41562703381508,-54.7158041105541,-57.997835736843186,2000,workload_seed,2.0640799887601577
poisson,144.8509599999996,mono,19.019000000000233,-111.1849599999994,-137.53379999999962,,analytical,E7,E7-034cca16994d,-125.83195999999934,-125.83195999999934,-135.51499999999942,itl_p99_ms,5,64,-7.525180350175866,chunk_512,mixed,-86.86995239796804,-85.3929173889947,-87.85138304776392,2000,workload_seed,16.72145438973547
poisson,15.660945284584153,mono,15.905735203220413,0.28227570432061705,0.20031777968923165,,analytical,E7,E7-034cca16994d,0.24478991863626084,0.24478991863626084,0.2623668119735516,request_throughput_rps,5,64,4.755177902825659,chunk_512,mixed,1.5630596633092075,1.82271115526582,1.3043623024682205,2000,workload_seed,0.05147860366923388
poisson,1966.7801069451002,mono,1997.4191078584176,35.40810780917347,26.005959606344142,,analytical,E7,E7-034cca16994d,30.63900091331725,30.63900091331725,30.432296482593756,output_token_throughput_tps,5,64,5.302932731101158,chunk_512,mixed,1.55782544297276,1.829390349035931,1.2971453899459418,2000,workload_seed,5.777746478589601
poisson,10.561483934390528,mono,11.671734275669948,1.7932480872797907,0.43627434291548434,,analytical,E7,E7-034cca16994d,1.1102503412794191,1.1102503412794191,1.4417669081286846,observed_request_throughput_rps,5,64,1.2575899765735514,chunk_512,mixed,10.512257067060427,20.80332730244736,3.4172110894179264,2000,workload_seed,0.8828396869895734
poisson,1.7894212798356037,mono,0.703387850184635,-1.0295677130093497,-1.1424991462925878,,analytical,E7,E7-034cca16994d,-1.0860334296509688,-1.0860334296509688,-1.060546716859756,iteration_cv,5,64,-14.7630869016924,chunk_512,mixed,-60.691880771125284,-59.00413883033906,-62.33458486536654,2000,workload_seed,0.07356411547821133
poisson,8330.696959582769,mono,8217.023843486933,-50.41340000001219,-172.2604321916413,,analytical,E7,E7-034cca16994d,-113.67311609583558,-113.67311609583558,-126.61700000001292,max_wait_ms,5,64,-1.436435403066484,chunk_512,mixed,-1.3645090758592215,-0.5784784984180003,-2.069907137900273,2000,workload_seed,79.13555726429999
poisson,144.8,mono,147.2,6.2,0.2,,analytical,E7,E7-034cca16994d,2.4,2.4,1.0,starvation_proxy_count,5,64,0.5610294986546213,chunk_512,mixed,1.6574585635358963,4.359673024523136,0.13495276653172628,2000,workload_seed,4.277849927241488
poisson,0.6175242005945817,mono,0.6282321853920474,0.012449068566353328,0.009127436409332956,,analytical,E7,E7-034cca16994d,0.010707984797465597,0.010707984797465597,0.010014997246896029,waiting_satisfaction_jain,5,64,4.85635993788586,chunk_512,mixed,1.7340186485251152,2.035566421157875,1.476876961364204,2000,workload_seed,0.0022049405180883585
poisson,7776.871670765143,mono,7648.0786424174785,-86.29248931463717,-153.6698932681631,,analytical,E7,E7-034cca16994d,-128.79302834766386,-128.79302834766386,-148.45292680521106,short_prompt_ttft_p95_ms,5,64,-2.6731876539839807,chunk_512,mixed,-1.656103299631695,-1.1673979074890872,-1.9279979448194928,2000,workload_seed,48.17956874659263
poisson,7806.236318712178,mono,7743.683298712157,-8.940050000029805,-116.16599000001406,,analytical,E7,E7-034cca16994d,-62.55302000002193,-62.55302000002193,-83.51685000000725,long_prompt_ttft_p95_ms,5,64,-0.8795538509323244,chunk_512,mixed,-0.801321116170628,-0.11981941854117828,-1.425139224787575,2000,workload_seed,71.11903373933946
poisson,97.114,mono,11.319199999999999,-28.8534,-143.138,,analytical,E7,E7-034cca16994d,-85.79480000000001,-85.79480000000001,-138.24,primer_max_itl_ms,5,64,-1.1077692831801873,chunk_512,mixed,-88.34441996004696,-76.6265735169754,-91.63356729025205,2000,workload_seed,77.44825687321827
poisson,162.6,mono,159.6,-1.2,-4.8,,analytical,E7,E7-034cca16994d,-3.0,-3.0,-4.0,backlog_at_arrival_end,5,64,-1.2792042981336627,chunk_512,mixed,-1.845018450184499,-0.7741935483870921,-2.8436018957346043,2000,workload_seed,2.345207879911715
poisson,0.9997254904936316,mono,0.9997211981602628,1.1990408665951691e-15,-1.2877000107724968e-05,,analytical,E7,E7-034cca16994d,-4.2923333686717415e-06,-4.2923333686717415e-06,6.661338147750939e-16,server_busy_fraction,5,64,-0.44721359541320327,chunk_512,mixed,-0.0004293511978614717,1.3322676295501878e-13,-0.0012887613424883426,2000,workload_seed,9.59794919630258e-06
poisson,0.916621060965484,mono,0.8322854252584762,-0.06484080795373097,-0.10578892406046728,,analytical,E7,E7-034cca16994d,-0.08433563570700772,-0.08433563570700772,-0.08349228039375156,batch_slot_occupancy,5,64,-3.353509741827809,chunk_512,mixed,-9.200708918708077,-7.045901696466217,-11.62409133243234,2000,workload_seed,0.025148468977174085
poisson,3720.6492435622836,mono,3500.0112529395255,-155.88491065834188,-292.02114139896855,,analytical,E7,E7-034cca16994d,-220.63799062275757,-220.63799062275757,-211.57600000000548,ttft_p50_ms,5,64,-2.4511762235267285,chunk_512_aging,mixed,-5.930093813721371,-4.47240296378676,-7.556200456146988,2000,workload_seed,90.01310819884904
poisson,7909.173294926381,mono,7749.4962738187005,-66.9568862971837,-259.656890659821,,analytical,E7,E7-034cca16994d,-159.6770211076806,-159.6770211076806,-98.6026639333395,ttft_p95_ms,5,64,-1.2861473077741559,chunk_512_aging,mixed,-2.018883834674734,-0.8706795260828959,-3.094411964409749,2000,workload_seed,124.15142506811472
poisson,8237.515843902325,mono,8164.491189491256,0.7369747930744779,-151.9283107407593,,analytical,E7,E7-034cca16994d,-73.0246544110696,-73.0246544110696,-24.546593606017268,ttft_p99_ms,5,64,-0.7213395455108047,chunk_512_aging,mixed,-0.8864887885481232,0.009383503254434267,-1.7893030690809164,2000,workload_seed,101.23478584465849
poisson,24.271673702042754,mono,16.72366556091491,-6.447287870940443,-9.15073755777637,,analytical,E7,E7-034cca16994d,-7.548008141127847,-7.548008141127847,-6.854248513985965,tpot_p95_ms,5,64,-4.3047665906314245,chunk_512_aging,mixed,-31.098012579546953,-27.70469854414166,-35.66219096665842,2000,workload_seed,1.7534070621981626
poisson,33.786762021367466,mono,17.533889228030436,-13.422041118550677,-19.473570188161208,,analytical,E7,E7-034cca16994d,-16.25287279333703,-16.25287279333703,-15.119216923950855,tpot_p99_ms,5,64,-4.259952533889705,chunk_512_aging,mixed,-48.10426279694505,-43.65711584553457,-52.304325591527984,2000,workload_seed,3.815270866057456
poisson,9790.7202760985,mono,9618.523463139389,-136.57302290515798,-221.81395020266865,,analytical,E7,E7-034cca16994d,-172.19681295911104,-172.19681295911104,-166.4084130385163,e2e_p95_ms,5,64,-3.01936650502236,chunk_512_aging,mixed,-1.7587757397122816,-1.4730044345379723,-2.1792759202889145,2000,workload_seed,57.03077538704955
poisson,43.63720000000001,mono,19.01900000000014,-22.98019999999999,-26.26199999999981,,analytical,E7,E7-034cca16994d,-24.618199999999867,-24.618199999999867,-24.786000000000058,itl_p95_ms,5,64,-11.926960260289409,chunk_512_aging,mixed,-56.415627033814864,-54.71580411055454,-57.99783573684279,2000,workload_seed,2.064079988760062
poisson,144.8509599999996,mono,19.019000000000233,-111.1849599999994,-137.53379999999962,,analytical,E7,E7-034cca16994d,-125.83195999999934,-125.83195999999934,-135.51499999999942,itl_p99_ms,5,64,-7.525180350175866,chunk_512_aging,mixed,-86.86995239796804,-85.3929173889947,-87.85138304776392,2000,workload_seed,16.72145438973547
poisson,15.660945284584153,mono,15.900527384336652,0.2788503732997739,0.20147404831546467,,analytical,E7,E7-034cca16994d,0.2395820997524975,0.2395820997524975,0.23733678758881283,request_throughput_rps,5,64,4.815552209543909,chunk_512_aging,mixed,1.5298061221651116,1.841165485798335,1.283949686860697,2000,workload_seed,0.04975173964009183
poisson,1966.7801069451002,mono,1996.894397925886,35.6999662869121,25.70489729019014,,analytical,E7,E7-034cca16994d,30.11429098078588,30.11429098078588,26.271451805338756,output_token_throughput_tps,5,64,4.777361593316362,chunk_512_aging,mixed,1.5311468157749974,1.8426546952871492,1.2809713129636746,2000,workload_seed,6.303540226663282
poisson,10.561483934390528,mono,12.697838721847129,3.5011961000133596,0.8803793666131895,,analytical,E7,E7-034cca16994d,2.136354787456599,2.136354787456599,2.430736238932937,observed_request_throughput_rps,5,64,1.2293875447781808,chunk_512_aging,mixed,20.227789965197562,42.81298609976729,7.038391349351612,2000,workload_seed,1.7377390852304941
poisson,1.7894212798356037,mono,0.7099302560056777,-1.022923916906785,-1.1368916325752392,,analytical,E7,E7-034cca16994d,-1.079491023829926,-1.079491023829926,-1.0450418381152393,iteration_cv,5,64,-14.224734789222149,chunk_512_aging,mixed,-60.32626503296642,-58.56078665392728,-62.0983387087541,2000,workload_seed,0.07588830581557407
poisson,8330.696959582769,mono,8075.78547811928,-205.82896292699516,-313.82671609579376,,analytical,E7,E7-034cca16994d,-254.9114814634886,-254.9114814634886,-232.13400000002002,max_wait_ms,5,64,-3.7445095978180563,chunk_512_aging,mixed,-3.0599058242091637,-2.4185450040431267,-3.728104543459787,2000,workload_seed,68.07606571819892
poisson,144.8,mono,138.0,-3.4,-10.0,,analytical,E7,E7-034cca16994d,-6.8,-6.8,-7.0,starvation_proxy_count,5,64,-1.7441631985447619,chunk_512_aging,mixed,-4.6961325966850875,-2.367688022284131,-6.68449197860963,2000,workload_seed,3.898717737923586
poisson,0.6175242005945817,mono,0.6052420383402641,2.039222732432844e-05,-0.02709576652656829,,analytical,E7,E7-034cca16994d,-0.012282162254317618,-0.012282162254317618,-0.005972388640347659,waiting_satisfaction_jain,5,64,-0.718722623526672,chunk_512_aging,mixed,-1.9889361813661188,0.0032725241382980386,-4.4013699670820134,2000,workload_seed,0.017088876643468875
poisson,7776.871670765143,mono,7533.597823360118,-160.33793730351627,-339.709294055823,,analytical,E7,E7-034cca16994d,-243.27384740502438,-243.27384740502438,-203.7214469320761,short_prompt_ttft_p95_ms,5,64,-2.0521603558379358,chunk_512_aging,mixed,-3.128171039770933,-2.1088891152284295,-4.33012892900273,2000,workload_seed,118.54524268192048
poisson,7806.236318712178,mono,7880.676302302323,199.6285262479856,-42.05737961905324,,analytical,E7,E7-034cca16994d,74.43998359014495,74.43998359014495,64.8563509523492,long_prompt_ttft_p95_ms,5,64,0.5160166063256082,chunk_512_aging,mixed,0.953596336965945,2.588747876621089,-0.5156410184070537,2000,workload_seed,144.258891434151
poisson,97.114,mono,11.693599999999956,-28.853400000000043,-142.38920000000005,,analytical,E7,E7-034cca16994d,-85.42040000000006,-85.42040000000006,-138.24000000000024,primer_max_itl_ms,5,64,-1.1079534647664364,chunk_512_aging,mixed,-87.95889367135537,-76.62657351697553,-91.03944472390914,2000,workload_seed,77.09746186678267
poisson,162.6,mono,156.8,-2.4,-9.2,,analytical,E7,E7-034cca16994d,-5.8,-5.8,-7.0,backlog_at_arrival_end,5,64,-1.2748022485651882,chunk_512_aging,mixed,-3.5670356703566886,-1.4796547472256338,-5.42845491591738,2000,workload_seed,4.54972526643093
poisson,0.9997254904936316,mono,0.9997217850279807,6.661338147750939e-17,-1.1116396950172636e-05,,analytical,E7,E7-034cca16994d,-3.705465650938322e-06,-3.705465650938322e-06,-2.886579864025407e-15,server_busy_fraction,5,64,-0.4472135956640994,chunk_512_aging,mixed,-0.0003706483115761827,2.220446049250313e-14,-0.0011125559165381382,2000,workload_seed,8.285673080747492e-06
poisson,0.916621060965484,mono,0.844063325133128,-0.05377066072610644,-0.09553357574514983,,analytical,E7,E7-034cca16994d,-0.072557735832356,-0.072557735832356,-0.06525251728994663,batch_slot_occupancy,5,64,-2.667925312943712,chunk_512_aging,mixed,-7.915783186994463,-5.851470139016723,-10.446374786160373,2000,workload_seed,0.027196314484642704
poisson,3720.6492435622836,mono,3668.942732886241,16.700179896239298,-111.33038114456959,,analytical,E7,E7-034cca16994d,-51.70651067604267,-51.70651067604267,-88.31100000001334,ttft_p50_ms,5,64,-0.6069694405179347,chunk_512_prefill_first,mixed,-1.3897174200311557,0.512302956563282,-2.7806533388321184,2000,workload_seed,85.18799666737893
poisson,7909.173294926381,mono,7756.635982723218,-95.67589555357463,-209.39872885275128,,analytical,E7,E7-034cca16994d,-152.53731220316294,-152.53731220316294,-170.5592777677366,ttft_p95_ms,5,64,-2.0478639103799763,chunk_512_prefill_first,mixed,-1.928612593442769,-1.255400010198604,-2.5634044209345563,2000,workload_seed,74.48605907355436
poisson,8237.515843902325,mono,8158.2470816555915,-2.3595957250727224,-148.55178868741967,,analytical,E7,E7-034cca16994d,-79.2687622467336,-79.2687622467336,-89.98270000000412,ttft_p99_ms,5,64,-0.8826234834264882,chunk_512_prefill_first,mixed,-0.9622896483460042,-0.028073270769535252,-1.8082697722070162,2000,workload_seed,89.81039337294692
poisson,24.271673702042754,mono,16.658955805991784,-6.621934173420634,-9.102664263234363,,analytical,E7,E7-034cca16994d,-7.612717896050972,-7.612717896050972,-7.092585673077103,tpot_p95_ms,5,64,-4.6223000703576975,chunk_512_prefill_first,mixed,-31.364618647663622,-28.414316441422816,-35.47129843910282,2000,workload_seed,1.6469544988804374
poisson,33.786762021367466,mono,17.691364902020137,-13.079894173096278,-19.455816893073152,,analytical,E7,E7-034cca16994d,-16.095397119347332,-16.095397119347332,-14.789652105769544,tpot_p99_ms,5,64,-3.9958828929452324,chunk_512_prefill_first,mixed,-47.638175890214804,-42.54423378073044,-52.257597521943715,2000,workload_seed,4.027995201702208
poisson,9790.7202760985,mono,9545.986790060855,-220.35128000000185,-275.44294682045603,,analytical,E7,E7-034cca16994d,-244.73348603764663,-244.73348603764663,-239.98568595897814,e2e_p95_ms,5,64,-7.083320249293193,chunk_512_prefill_first,mixed,-2.4996474124084456,-2.2060120632025892,-2.788186732371567,2000,workload_seed,34.55067361412429
poisson,43.63720000000001,mono,19.01900000000005,-22.980199999999808,-26.26199999999999,,analytical,E7,E7-034cca16994d,-24.618199999999955,-24.618199999999955,-24.786000000000058,itl_p95_ms,5,64,-11.926960260288897,chunk_512_prefill_first,mixed,-56.41562703381508,-54.7158041105541,-57.997835736843186,2000,workload_seed,2.0640799887601577
poisson,144.8509599999996,mono,19.019000000000233,-111.1849599999994,-137.53379999999962,,analytical,E7,E7-034cca16994d,-125.83195999999934,-125.83195999999934,-135.51499999999942,itl_p99_ms,5,64,-7.525180350175866,chunk_512_prefill_first,mixed,-86.86995239796804,-85.3929173889947,-87.85138304776392,2000,workload_seed,16.72145438973547
poisson,15.660945284584153,mono,15.905735203220413,0.28227570432061705,0.20031777968923165,,analytical,E7,E7-034cca16994d,0.24478991863626084,0.24478991863626084,0.2623668119735516,request_throughput_rps,5,64,4.755177902825659,chunk_512_prefill_first,mixed,1.5630596633092075,1.82271115526582,1.3043623024682205,2000,workload_seed,0.05147860366923388
poisson,1966.7801069451002,mono,1997.4191078584176,35.40810780917347,26.005959606344142,,analytical,E7,E7-034cca16994d,30.63900091331725,30.63900091331725,30.432296482593756,output_token_throughput_tps,5,64,5.302932731101158,chunk_512_prefill_first,mixed,1.55782544297276,1.829390349035931,1.2971453899459418,2000,workload_seed,5.777746478589601
poisson,10.561483934390528,mono,11.671734275669948,1.7932480872797907,0.43627434291548434,,analytical,E7,E7-034cca16994d,1.1102503412794191,1.1102503412794191,1.4417669081286846,observed_request_throughput_rps,5,64,1.2575899765735514,chunk_512_prefill_first,mixed,10.512257067060427,20.80332730244736,3.4172110894179264,2000,workload_seed,0.8828396869895734
poisson,1.7894212798356037,mono,0.703387850184635,-1.0295677130093497,-1.1424991462925878,,analytical,E7,E7-034cca16994d,-1.0860334296509688,-1.0860334296509688,-1.060546716859756,iteration_cv,5,64,-14.7630869016924,chunk_512_prefill_first,mixed,-60.691880771125284,-59.00413883033906,-62.33458486536654,2000,workload_seed,0.07356411547821133
poisson,8330.696959582769,mono,8217.023843486933,-50.41340000001219,-172.2604321916413,,analytical,E7,E7-034cca16994d,-113.67311609583558,-113.67311609583558,-126.61700000001292,max_wait_ms,5,64,-1.436435403066484,chunk_512_prefill_first,mixed,-1.3645090758592215,-0.5784784984180003,-2.069907137900273,2000,workload_seed,79.13555726429999
poisson,144.8,mono,147.2,6.2,0.2,,analytical,E7,E7-034cca16994d,2.4,2.4,1.0,starvation_proxy_count,5,64,0.5610294986546213,chunk_512_prefill_first,mixed,1.6574585635358963,4.359673024523136,0.13495276653172628,2000,workload_seed,4.277849927241488
poisson,0.6175242005945817,mono,0.6282321853920474,0.012449068566353328,0.009127436409332956,,analytical,E7,E7-034cca16994d,0.010707984797465597,0.010707984797465597,0.010014997246896029,waiting_satisfaction_jain,5,64,4.85635993788586,chunk_512_prefill_first,mixed,1.7340186485251152,2.035566421157875,1.476876961364204,2000,workload_seed,0.0022049405180883585
poisson,7776.871670765143,mono,7648.0786424174785,-86.29248931463717,-153.6698932681631,,analytical,E7,E7-034cca16994d,-128.79302834766386,-128.79302834766386,-148.45292680521106,short_prompt_ttft_p95_ms,5,64,-2.6731876539839807,chunk_512_prefill_first,mixed,-1.656103299631695,-1.1673979074890872,-1.9279979448194928,2000,workload_seed,48.17956874659263
poisson,7806.236318712178,mono,7743.683298712157,-8.940050000029805,-116.16599000001406,,analytical,E7,E7-034cca16994d,-62.55302000002193,-62.55302000002193,-83.51685000000725,long_prompt_ttft_p95_ms,5,64,-0.8795538509323244,chunk_512_prefill_first,mixed,-0.801321116170628,-0.11981941854117828,-1.425139224787575,2000,workload_seed,71.11903373933946
poisson,97.114,mono,11.319199999999999,-28.8534,-143.138,,analytical,E7,E7-034cca16994d,-85.79480000000001,-85.79480000000001,-138.24,primer_max_itl_ms,5,64,-1.1077692831801873,chunk_512_prefill_first,mixed,-88.34441996004696,-76.6265735169754,-91.63356729025205,2000,workload_seed,77.44825687321827
poisson,162.6,mono,159.6,-1.2,-4.8,,analytical,E7,E7-034cca16994d,-3.0,-3.0,-4.0,backlog_at_arrival_end,5,64,-1.2792042981336627,chunk_512_prefill_first,mixed,-1.845018450184499,-0.7741935483870921,-2.8436018957346043,2000,workload_seed,2.345207879911715
poisson,0.9997254904936316,mono,0.9997211981602628,1.1990408665951691e-15,-1.2877000107724968e-05,,analytical,E7,E7-034cca16994d,-4.2923333686717415e-06,-4.2923333686717415e-06,6.661338147750939e-16,server_busy_fraction,5,64,-0.44721359541320327,chunk_512_prefill_first,mixed,-0.0004293511978614717,1.3322676295501878e-13,-0.0012887613424883426,2000,workload_seed,9.59794919630258e-06
poisson,0.916621060965484,mono,0.8322854252584762,-0.06484080795373097,-0.10578892406046728,,analytical,E7,E7-034cca16994d,-0.08433563570700772,-0.08433563570700772,-0.08349228039375156,batch_slot_occupancy,5,64,-3.353509741827809,chunk_512_prefill_first,mixed,-9.200708918708077,-7.045901696466217,-11.62409133243234,2000,workload_seed,0.025148468977174085
poisson,3720.6492435622836,mono,5040.098723459588,1573.3883798974719,1065.5105798971367,,analytical,E7,E7-034cca16994d,1319.4494798973042,1319.4494798973042,1200.3028994816414,ttft_p50_ms,5,64,4.053655108168661,fcfs,mixed,35.46288277994234,46.0394018869319,25.374149781551814,2000,workload_seed,325.49623603607415
poisson,7909.173294926381,mono,9260.76514102578,1529.9811200045547,1169.7394966295292,,analytical,E7,E7-034cca16994d,1351.591846099399,1351.591846099399,1335.678800005082,ttft_p95_ms,5,64,5.208464478067715,fcfs,mixed,17.088914298621162,19.19264335562143,15.262159053642055,2000,workload_seed,259.49910031849254
poisson,8237.515843902325,mono,9678.18440880469,1600.1632711506363,1185.384050527473,,analytical,E7,E7-034cca16994d,1440.6685649023634,1440.6685649023634,1534.8156600049342,ttft_p99_ms,5,64,4.927999635164587,fcfs,mixed,17.4891143422661,19.188045920462216,15.21629789405916,2000,workload_seed,292.3434804301172
poisson,24.271673702042754,mono,0.32300000000032014,-22.94846011232696,-25.336493457178605,,analytical,E7,E7-034cca16994d,-23.948673702042434,-23.948673702042434,-23.507164423076603,tpot_p95_ms,5,64,-15.297950933528526,fcfs,mixed,-98.66923062675676,-98.61203380260089,-98.74120663940873,2000,workload_seed,1.565482449649784
poisson,33.786762021367466,mono,0.32300000000032014,-30.421223154914163,-36.90754157323678,,analytical,E7,E7-034cca16994d,-33.463762021367145,-33.463762021367145,-32.219016105768915,tpot_p99_ms,5,64,-8.180513019953855,fcfs,mixed,-99.0440042765979,-98.94939612436202,-99.1324313145151,2000,workload_seed,4.090667900624637
poisson,9790.7202760985,mono,9293.83126433771,-352.3198322208871,-675.8053117497617,,analytical,E7,E7-034cca16994d,-496.88901176079014,-496.88901176079014,-408.464586529366,e2e_p95_ms,5,64,-2.4407429075602898,fcfs,mixed,-5.075101705988017,-3.6679226241891905,-6.641145399631232,2000,workload_seed,203.58105322017258
poisson,43.63720000000001,mono,0.32300000000032014,-41.67619999999963,-44.95799999999972,,analytical,E7,E7-034cca16994d,-43.31419999999969,-43.31419999999969,-43.48199999999997,itl_p95_ms,5,64,-20.984748767424016,fcfs,mixed,-99.25980585372041,-99.23093773214651,-99.28667653099464,2000,workload_seed,2.0640799887601764
poisson,144.8509599999996,mono,0.32300000000032014,-129.88095999999933,-156.22979999999953,,analytical,E7,E7-034cca16994d,-144.52795999999927,-144.52795999999927,-154.21099999999933,itl_p99_ms,5,64,-8.643264911736285,fcfs,mixed,-99.77701217858666,-99.75192766794471,-99.79367983197982,2000,workload_seed,16.72145438973547
poisson,15.660945284584153,mono,15.281639285737706,-0.3599136650272573,-0.3963685490387519,,analytical,E7,E7-034cca16994d,-0.3793059988464481,-0.3793059988464481,-0.39229746877568417,request_throughput_rps,5,64,-15.757737701441496,fcfs,mixed,-2.42198661673263,-2.3041070838448308,-2.5443543503956834,2000,workload_seed,0.0240710948508649
poisson,1966.7801069451002,mono,1919.0558007467084,-45.33540775508436,-50.547892158969304,,analytical,E7,E7-034cca16994d,-47.724306198391744,-47.724306198391744,-47.12577647023659,output_token_throughput_tps,5,64,-14.680824411991152,fcfs,mixed,-2.4265196719179483,-2.308790085138712,-2.544704051312263,2000,workload_seed,3.250791975920031
poisson,10.561483934390528,mono,15.820004677086473,6.594227780914019,3.7022182675502697,,analytical,E7,E7-034cca16994d,5.258520742695942,5.258520742695942,5.869195777421266,observed_request_throughput_rps,5,64,2.6720261212960255,fcfs,mixed,49.78960130378116,78.28129902274334,28.078470474966167,2000,workload_seed,1.9679900210501597
poisson,1.7894212798356037,mono,7.819963680828349,6.2508164184390385,5.812538732039223,,analytical,E7,E7-034cca16994d,6.030542400992745,6.030542400992745,5.857004823123908,iteration_cv,5,64,20.64314095198649,fcfs,mixed,337.01076817119207,345.4265405106513,328.66530792225876,2000,workload_seed,0.29213298572242835
poisson,8330.696959582769,mono,9774.964270881845,1643.905187961293,1222.9075112983942,,analytical,E7,E7-034cca16994d,1444.2673112990753,1444.2673112990753,1480.4831731669929,max_wait_ms,5,64,5.030694630541472,fcfs,mixed,17.336692455698334,19.199346304531637,15.42052439260393,2000,workload_seed,287.09103163028277
poisson,144.8,mono,169.6,26.0,23.6,,analytical,E7,E7-034cca16994d,24.8,24.8,24.0,starvation_proxy_count,5,64,15.092799362364577,fcfs,mixed,17.12707182320441,18.534482758620708,15.733333333333333,2000,workload_seed,1.6431676725154984
poisson,0.6175242005945817,mono,0.6111892843295144,0.00018928093658794333,-0.013046960602323332,,analytical,E7,E7-034cca16994d,-0.006334916265067325,-0.006334916265067325,-0.0071784254609017495,waiting_satisfaction_jain,5,64,-0.7277477528565383,fcfs,mixed,-1.0258571662402516,0.03185948720572096,-2.1070803136982175,2000,workload_seed,0.008704824219932884
poisson,7776.871670765143,mono,9152.28991442116,1607.0712776393295,1158.2832212313622,,analytical,E7,E7-034cca16994d,1375.4182436560172,1375.4182436560172,1308.6370000044144,short_prompt_ttft_p95_ms,5,64,4.620613025364363,fcfs,mixed,17.68600925776489,20.3688564771352,15.363403669433563,2000,workload_seed,297.6700788630871
poisson,7806.236318712178,mono,9143.557118716453,1562.4067560046224,1112.7037200039272,,analytical,E7,E7-034cca16994d,1337.3208000042744,1337.3208000042744,1277.4390000051371,long_prompt_ttft_p95_ms,5,64,4.357770247812003,fcfs,mixed,17.13144139383289,19.87001794873231,14.835184370176457,2000,workload_seed,306.88189692325585
poisson,97.114,mono,0.32300000000000184,-36.7266,-156.8554,,analytical,E7,E7-034cca16994d,-96.791,-96.791,-156.533,primer_max_itl_ms,5,64,-1.1767335875005913,fcfs,mixed,-99.66740119859135,-99.12819571601312,-99.79450102558621,2000,workload_seed,82.25396217812246
poisson,162.6,mono,148.2,-10.2,-17.605,,analytical,E7,E7-034cca16994d,-14.4,-14.4,-16.0,backlog_at_arrival_end,5,64,-2.862873980955159,fcfs,mixed,-8.856088560885611,-6.597671410090545,-10.427333886534388,2000,workload_seed,5.029910535983717
poisson,0.9997254904936316,mono,0.9997367886405681,3.389444161621125e-05,-4.188649427305791e-13,,analytical,E7,E7-034cca16994d,1.1298146936566944e-05,1.1298146936566944e-05,-3.9546144137148076e-13,server_busy_fraction,5,64,0.44721357955200436,fcfs,mixed,0.001130124923687248,0.003392237766153272,-4.1888714719107156e-11,2000,workload_seed,2.5263425470856336e-05
poisson,0.916621060965484,mono,0.03125,-0.8785376891886305,-0.8917950230016215,,analytical,E7,E7-034cca16994d,-0.885371060965484,-0.885371060965484,-0.8849266587085228,batch_slot_occupancy,5,64,-106.1212796288656,fcfs,mixed,-96.59073947449079,-96.56513268190412,-96.61446633465623,2000,workload_seed,0.008343011543602402
poisson,1147.0372431405208,mono,1780.3458995323563,789.0193984703876,511.88520722171785,,piecewise,E7,E7-e400e0103dd3,633.3086563918355,633.3086563918355,609.1708178009676,ttft_p50_ms,5,64,3.5110595765734676,chunk_512,mixed,55.21256264163432,62.31578647006083,49.97306348151127,2000,workload_seed,180.37536606254272
poisson,2307.9466069665896,mono,3356.5817532378032,1168.780725814424,954.4358560679597,,piecewise,E7,E7-e400e0103dd3,1048.6351462712141,1048.6351462712141,1006.7157769521659,ttft_p95_ms,5,64,7.620738292285988,chunk_512,mixed,45.435849473548686,47.31033863226188,43.738073982041634,2000,workload_seed,137.60282876170726
poisson,2376.425826836247,mono,3484.7733522840012,1240.4242438131269,992.2006130958373,,piecewise,E7,E7-e400e0103dd3,1108.3475254477544,1108.3475254477544,1114.8854476294914,ttft_p99_ms,5,64,6.804728479467081,chunk_512,mixed,46.63926443365185,47.70172089165874,45.57499210072431,2000,workload_seed,162.87902284303277
poisson,12.4753874742826,mono,9.777319241435402,-1.577146862217181,-4.432655400500586,,piecewise,E7,E7-e400e0103dd3,-2.6980682328471985,-2.6980682328471985,-2.0868058882404252,tpot_p95_ms,5,64,-1.4378357312376828,chunk_512,mixed,-21.627129725702975,-14.056197363094858,-31.03926272223666,2000,workload_seed,1.876478775864551
poisson,18.829201206561624,mono,10.36942256249769,-5.74168571569824,-11.466794541992789,,piecewise,E7,E7-e400e0103dd3,-8.459778644063933,-8.459778644063933,-8.300353777968757,tpot_p99_ms,5,64,-2.452885839351679,chunk_512,mixed,-44.92903629451822,-35.561028083814165,-52.56598665867094,2000,workload_seed,3.4489084279193083
poisson,3559.536380602811,mono,4526.348236072238,1139.7971920806904,817.9474192547503,,piecewise,E7,E7-e400e0103dd3,966.8118554694269,966.8118554694269,975.4994068845776,e2e_p95_ms,5,64,4.501412189104224,chunk_512,mixed,27.16117359378405,30.83441521067002,23.403813372515692,2000,workload_seed,214.7796768777625
poisson,24.564529519999997,mono,10.711606689999963,-12.779828579999867,-14.83102464000017,,piecewise,E7,E7-e400e0103dd3,-13.852922830000034,-13.852922830000034,-13.790203100000099,itl_p95_ms,5,64,-10.288258554178734,chunk_512,mixed,-56.39400835550803,-54.39389686162055,-58.07502496507345,2000,workload_seed,1.3464788775524559
poisson,83.43860048999981,mono,10.815655479999986,-63.85411480999958,-79.63264119000019,,piecewise,E7,E7-e400e0103dd3,-72.62294500999982,-72.62294500999982,-78.52974845000017,itl_p99_ms,5,64,-7.242025951744634,chunk_512,mixed,-87.03758761953797,-85.50575231449014,-88.0447251674922,2000,workload_seed,10.027987402130844
poisson,33.40604732280292,mono,28.118735252700123,-5.048193613511745,-5.522098682566538,,piecewise,E7,E7-e400e0103dd3,-5.287312070102796,-5.287312070102796,-5.341473516870245,request_throughput_rps,5,64,-17.525670592728723,chunk_512,mixed,-15.827409986615459,-15.03602176241835,-16.859403950041486,2000,workload_seed,0.30168957256885015
poisson,4197.719654546766,mono,3532.5290172929335,-636.9281671393455,-697.5189739475834,,piecewise,E7,E7-e400e0103dd3,-665.1906372538324,-665.1906372538324,-666.1540800075936,output_token_throughput_tps,5,64,-16.75646532178105,chunk_512,mixed,-15.846475991633458,-15.043344610362851,-16.885644103699292,2000,workload_seed,39.69755103358093
poisson,26.873010008219598,mono,20.97994416117756,-4.0076010557807695,-7.8879468982881225,,piecewise,E7,E7-e400e0103dd3,-5.8930658470420365,-5.8930658470420365,-5.398716634334768,observed_request_throughput_rps,5,64,-2.2228074457217613,chunk_512,mixed,-21.929310654963984,-14.696317971969133,-29.82905976562593,2000,workload_seed,2.6511814410125463
poisson,2.225833052603678,mono,0.7629223905692741,-1.3934658031421854,-1.5323555209266222,,piecewise,E7,E7-e400e0103dd3,-1.4629106620344037,-1.4629106620344037,-1.4354077315698648,iteration_cv,5,64,-16.500699032742293,chunk_512,mixed,-65.7241862916519,-64.41014322763145,-66.96655373135776,2000,workload_seed,0.08865749621464848
poisson,2405.791325382746,mono,3508.7050888527483,1222.894834770002,999.9681582250005,,piecewise,E7,E7-e400e0103dd3,1102.9137634700023,1102.9137634700023,1114.758507475005,max_wait_ms,5,64,7.452356488864081,chunk_512,mixed,45.844115897896344,47.354876786364365,44.268459006925376,2000,workload_seed,147.9953039173671
poisson,103.2,mono,130.2,35.4,18.6,,piecewise,E7,E7-e400e0103dd3,27.0,27.0,33.0,starvation_proxy_count,5,64,2.4053511772118195,chunk_512,mixed,26.1627906976744,36.105032822757096,16.034482758620694,2000,workload_seed,11.224972160321824
poisson,0.8507603337773677,mono,0.8011684694301293,-0.04012170616886503,-0.05895439314284587,,piecewise,E7,E7-e400e0103dd3,-0.04959186434723837,-0.04959186434723837,-0.049442286937539826,waiting_satisfaction_jain,5,64,-4.422135704176466,chunk_512,mixed,-5.829122771515571,-4.703669024207835,-6.889731379974451,2000,workload_seed,0.011214460085519663
poisson,2277.895928805189,mono,3331.033607664075,1171.667971137572,958.1147892777001,,piecewise,E7,E7-e400e0103dd3,1053.137678858886,1053.137678858886,996.5389144170858,short_prompt_ttft_p95_ms,5,64,7.6795902624631305,chunk_512,mixed,46.23291457442842,49.08015945838178,43.67431032527982,2000,workload_seed,137.13461823692472
poisson,2298.028441148414,mono,3368.2323662143926,1182.6899142145037,977.8884400567033,,piecewise,E7,E7-e400e0103dd3,1070.2039250659789,1070.2039250659789,1043.2515337762543,long_prompt_ttft_p95_ms,5,64,8.233341259912232,chunk_512,mixed,46.57052566900157,48.776178605580924,44.76710759355298,2000,workload_seed,129.98415725542117
poisson,43.70607885,mono,8.56245852000002,-3.5600672100000055,-66.93596494999996,,piecewise,E7,E7-e400e0103dd3,-35.143620329999976,-35.143620329999976,-14.668463549999991,primer_max_itl_ms,5,64,-0.8497506197652122,chunk_512,mixed,-80.40899859860107,-36.49842086538364,-87.82722730317882,2000,workload_seed,41.35756951811371
poisson,117.4,mono,133.6,21.224999999999863,11.2,,piecewise,E7,E7-e400e0103dd3,16.2,16.2,14.0,backlog_at_arrival_end,5,64,2.264018827218537,chunk_512,mixed,13.798977853492334,18.729096989966564,9.532062391681118,2000,workload_seed,7.155417527999327
poisson,0.9998984105136357,mono,0.9999136183351236,4.562346446355114e-05,0.0,,piecewise,E7,E7-e400e0103dd3,1.5207821488028017e-05,1.5207821488028017e-05,0.0,server_busy_fraction,5,64,0.44721359550648754,chunk_512,mixed,0.001520936659971106,0.00456373732955484,0.0,2000,workload_seed,3.4005722636416144e-05
poisson,0.8727494526880542,mono,0.7911668983723275,-0.06381898304343066,-0.10744654073244145,,piecewise,E7,E7-e400e0103dd3,-0.08158255431572663,-0.08158255431572663,-0.07609975172160677,batch_slot_occupancy,5,64,-2.7662443579850238,chunk_512,mixed,-9.347763446250667,-7.294315195113055,-12.363648011493444,2000,workload_seed,0.029492171969634908
poisson,1147.0372431405208,mono,1709.996733459615,744.6787638817092,410.6921192175802,,piecewise,E7,E7-e400e0103dd3,562.9594903190942,562.9594903190942,493.2845935011834,ttft_p50_ms,5,64,2.608800842745918,chunk_512_aging,mixed,49.079443033405255,53.811341808821965,44.7672103182932,2000,workload_seed,215.79243654588288
poisson,2307.9466069665896,mono,3334.828023565578,1142.8252599099033,930.7728906841127,,piecewise,E7,E7-e400e0103dd3,1026.8814165989886,1026.8814165989886,992.4975583865994,ttft_p95_ms,5,64,7.410289809475305,chunk_512_aging,mixed,44.493291720844994,46.21505979521285,42.90980874045094,2000,workload_seed,138.5750683172941
poisson,2376.425826836247,mono,3483.514253776364,1186.576422657575,1030.9650188163428,,piecewise,E7,E7-e400e0103dd3,1107.0884269401172,1107.0884269401172,1111.9202070270603,ttft_p99_ms,5,64,10.41349366615134,chunk_512_aging,mixed,46.586281567811106,48.50156461226882,45.06805481277339,2000,workload_seed,106.31287274305122
poisson,12.4753874742826,mono,9.781275991259005,-1.5429030649500113,-4.402298695311662,,piecewise,E7,E7-e400e0103dd3,-2.694111483023595,-2.694111483023595,-2.2245316051201556,tpot_p95_ms,5,64,-1.4288466963653954,chunk_512_aging,mixed,-21.59541327736212,-13.698374104926359,-30.82669267954079,2000,workload_seed,1.885514723081696
poisson,18.829201206561624,mono,10.191044397293,-5.8858535083103005,-11.748469204041129,,piecewise,E7,E7-e400e0103dd3,-8.638156809268624,-8.638156809268624,-8.409467359403427,tpot_p99_ms,5,64,-2.44228547969318,chunk_512_aging,mixed,-45.87638484769278,-36.45392873629015,-53.890849101465975,2000,workload_seed,3.5369152710001046
poisson,3559.536380602811,mono,4580.063423738131,1182.4766559915206,858.713604755143,,piecewise,E7,E7-e400e0103dd3,1020.5270431353196,1020.5270431353196,1011.0520585908112,e2e_p95_ms,5,64,4.928290238924561,chunk_512_aging,mixed,28.670223703753607,31.599565040840115,25.289129100719833,2000,workload_seed,207.07527228713226
poisson,24.564529519999997,mono,10.808329148000139,-12.687195085999829,-14.732510579999872,,piecewise,E7,E7-e400e0103dd3,-13.756200371999858,-13.756200371999858,-13.726236900000004,itl_p95_ms,5,64,-10.287627065218574,chunk_512_aging,mixed,-56.00025989017949,-53.99962735424586,-57.68926561042322,2000,workload_seed,1.3371597050313166
poisson,83.43860048999981,mono,10.951043629999822,-63.72977371999998,-79.48731004000024,,piecewise,E7,E7-e400e0103dd3,-72.48755686,-72.48755686,-78.38953660000016,itl_p99_ms,5,64,-7.236119157841012,chunk_512_aging,mixed,-86.87532680834894,-85.33273105164649,-87.8840417973464,2000,workload_seed,10.017463128900102
poisson,33.40604732280292,mono,28.192438113664025,-4.9630972594571885,-5.451522160296852,,piecewise,E7,E7-e400e0103dd3,-5.213609209138891,-5.213609209138891,-5.287122707641039,request_throughput_rps,5,64,-16.146737141562294,chunk_512_aging,mixed,-15.606782684463516,-14.746724939391775,-16.655080765675713,2000,workload_seed,0.32288933444756895
poisson,4197.719654546766,mono,3541.7726118482906,-627.0434053501059,-690.4325379528034,,piecewise,E7,E7-e400e0103dd3,-655.9470426984755,-655.9470426984755,-659.37579809617,output_token_throughput_tps,5,64,-15.274017619795366,chunk_512_aging,mixed,-15.626270848935453,-14.751164732747647,-16.723484279985314,2000,workload_seed,42.94528519126217
poisson,26.873010008219598,mono,21.664284962558835,-4.072491051246499,-6.344959040075024,,piecewise,E7,E7-e400e0103dd3,-5.208725045660762,-5.208725045660762,-5.55596854613243,observed_request_throughput_rps,5,64,-3.4742525573659377,chunk_512_aging,mixed,-19.382737713667286,-14.507188886378387,-23.09153175778903,2000,workload_seed,1.499236155016273
poisson,2.225833052603678,mono,0.7632883582259898,-1.3940621095001906,-1.5310272792551856,,piecewise,E7,E7-e400e0103dd3,-1.462544694377688,-1.462544694377688,-1.4305327050282366,iteration_cv,5,64,-16.59325538782654,chunk_512_aging,mixed,-65.70774446299421,-64.43770628503844,-66.90850730150271,2000,workload_seed,0.08814091389509185
poisson,2405.791325382746,mono,3418.4463672703023,1176.777987421956,881.8000642793371,,piecewise,E7,E7-e400e0103dd3,1012.6550418875562,1012.6550418875562,942.6869333761797,max_wait_ms,5,64,5.298161800185384,chunk_512_aging,mixed,42.092388945098946,44.63777013052306,39.281745559736514,2000,workload_seed,191.13327982020542
poisson,103.2,mono,118.2,24.4,4.380000000000002,,piecewise,E7,E7-e400e0103dd3,15.0,15.0,16.0,starvation_proxy_count,5,64,1.1118739749916517,chunk_512_aging,mixed,14.534883720930235,25.59652928416485,3.5939796495195027,2000,workload_seed,13.490737563232042
poisson,0.8507603337773677,mono,0.771907737031077,-0.06523059031029979,-0.0938505276829947,,piecewise,E7,E7-e400e0103dd3,-0.07885259674629068,-0.07885259674629068,-0.07557579314248652,waiting_satisfaction_jain,5,64,-4.308384427285491,chunk_512_aging,mixed,-9.268485331960175,-7.574793120412993,-11.355039659068167,2000,workload_seed,0.018302126487810183
poisson,2277.895928805189,mono,3228.413346198528,1085.7536778135714,852.2960926096141,,piecewise,E7,E7-e400e0103dd3,950.5174173933385,950.5174173933385,927.676001550788,short_prompt_ttft_p95_ms,5,64,6.176975572392349,chunk_512_aging,mixed,41.727868484839334,44.642749583172694,38.74999730285702,2000,workload_seed,153.88071496374755
poisson,2298.028441148414,mono,3444.2426262293184,1236.6956396580404,1046.4862509918917,,piecewise,E7,E7-e400e0103dd3,1146.2141850809044,1146.2141850809044,1148.8490232547879,long_prompt_ttft_p95_ms,5,64,8.898104573629903,chunk_512_aging,mixed,49.8781548808028,52.615010953499294,47.45537741232819,2000,workload_seed,128.8155444337868
poisson,43.70607885,mono,8.577738629999972,-3.5600664600000074,-66.90540548000004,,piecewise,E7,E7-e400e0103dd3,-35.12834022000003,-35.12834022000003,-14.6684598,primer_max_itl_ms,5,64,-0.8498004291681038,chunk_512_aging,mixed,-80.37403753505568,-36.49841215449959,-87.78529304750955,2000,workload_seed,41.33716460273885
poisson,117.4,mono,131.8,17.6,11.195,,piecewise,E7,E7-e400e0103dd3,14.4,14.4,16.0,backlog_at_arrival_end,5,64,3.4131273346078363,chunk_512_aging,mixed,12.265758091993195,15.492957746478876,9.24092409240924,2000,workload_seed,4.219004621945797
poisson,0.9998984105136357,mono,0.9999133860088947,4.492648577798519e-05,-1.0436096431476472e-15,,piecewise,E7,E7-e400e0103dd3,1.4975495258973126e-05,1.4975495258973126e-05,0.0,server_busy_fraction,5,64,0.44721359548586725,chunk_512_aging,mixed,0.001497701676633767,0.0044940182128083705,-9.992007221626409e-14,2000,workload_seed,3.34862253968448e-05
poisson,0.8727494526880542,mono,0.8094235259933363,-0.04462461363245922,-0.0926371275564025,,piecewise,E7,E7-e400e0103dd3,-0.06332592669471782,-0.06332592669471782,-0.05125111433519203,batch_slot_occupancy,5,64,-1.9664286579032235,chunk_512_aging,mixed,-7.255911361465195,-5.091705107633937,-10.641145361848004,2000,workload_seed,0.03220352105844582
poisson,1147.0372431405208,mono,1780.3458995323563,789.0193984703876,511.88520722171785,,piecewise,E7,E7-e400e0103dd3,633.3086563918355,633.3086563918355,609.1708178009676,ttft_p50_ms,5,64,3.5110595765734676,chunk_512_prefill_first,mixed,55.21256264163432,62.31578647006083,49.97306348151127,2000,workload_seed,180.37536606254272
poisson,2307.9466069665896,mono,3356.5817532378032,1168.780725814424,954.4358560679597,,piecewise,E7,E7-e400e0103dd3,1048.6351462712141,1048.6351462712141,1006.7157769521659,ttft_p95_ms,5,64,7.620738292285988,chunk_512_prefill_first,mixed,45.435849473548686,47.31033863226188,43.738073982041634,2000,workload_seed,137.60282876170726
poisson,2376.425826836247,mono,3484.7733522840012,1240.4242438131269,992.2006130958373,,piecewise,E7,E7-e400e0103dd3,1108.3475254477544,1108.3475254477544,1114.8854476294914,ttft_p99_ms,5,64,6.804728479467081,chunk_512_prefill_first,mixed,46.63926443365185,47.70172089165874,45.57499210072431,2000,workload_seed,162.87902284303277
poisson,12.4753874742826,mono,9.777319241435402,-1.577146862217181,-4.432655400500586,,piecewise,E7,E7-e400e0103dd3,-2.6980682328471985,-2.6980682328471985,-2.0868058882404252,tpot_p95_ms,5,64,-1.4378357312376828,chunk_512_prefill_first,mixed,-21.627129725702975,-14.056197363094858,-31.03926272223666,2000,workload_seed,1.876478775864551
poisson,18.829201206561624,mono,10.36942256249769,-5.74168571569824,-11.466794541992789,,piecewise,E7,E7-e400e0103dd3,-8.459778644063933,-8.459778644063933,-8.300353777968757,tpot_p99_ms,5,64,-2.452885839351679,chunk_512_prefill_first,mixed,-44.92903629451822,-35.561028083814165,-52.56598665867094,2000,workload_seed,3.4489084279193083
poisson,3559.536380602811,mono,4526.348236072238,1139.7971920806904,817.9474192547503,,piecewise,E7,E7-e400e0103dd3,966.8118554694269,966.8118554694269,975.4994068845776,e2e_p95_ms,5,64,4.501412189104224,chunk_512_prefill_first,mixed,27.16117359378405,30.83441521067002,23.403813372515692,2000,workload_seed,214.7796768777625
poisson,24.564529519999997,mono,10.711606689999963,-12.779828579999867,-14.83102464000017,,piecewise,E7,E7-e400e0103dd3,-13.852922830000034,-13.852922830000034,-13.790203100000099,itl_p95_ms,5,64,-10.288258554178734,chunk_512_prefill_first,mixed,-56.39400835550803,-54.39389686162055,-58.07502496507345,2000,workload_seed,1.3464788775524559
poisson,83.43860048999981,mono,10.815655479999986,-63.85411480999958,-79.63264119000019,,piecewise,E7,E7-e400e0103dd3,-72.62294500999982,-72.62294500999982,-78.52974845000017,itl_p99_ms,5,64,-7.242025951744634,chunk_512_prefill_first,mixed,-87.03758761953797,-85.50575231449014,-88.0447251674922,2000,workload_seed,10.027987402130844
poisson,33.40604732280292,mono,28.118735252700123,-5.048193613511745,-5.522098682566538,,piecewise,E7,E7-e400e0103dd3,-5.287312070102796,-5.287312070102796,-5.341473516870245,request_throughput_rps,5,64,-17.525670592728723,chunk_512_prefill_first,mixed,-15.827409986615459,-15.03602176241835,-16.859403950041486,2000,workload_seed,0.30168957256885015
poisson,4197.719654546766,mono,3532.5290172929335,-636.9281671393455,-697.5189739475834,,piecewise,E7,E7-e400e0103dd3,-665.1906372538324,-665.1906372538324,-666.1540800075936,output_token_throughput_tps,5,64,-16.75646532178105,chunk_512_prefill_first,mixed,-15.846475991633458,-15.043344610362851,-16.885644103699292,2000,workload_seed,39.69755103358093
poisson,26.873010008219598,mono,20.97994416117756,-4.0076010557807695,-7.8879468982881225,,piecewise,E7,E7-e400e0103dd3,-5.8930658470420365,-5.8930658470420365,-5.398716634334768,observed_request_throughput_rps,5,64,-2.2228074457217613,chunk_512_prefill_first,mixed,-21.929310654963984,-14.696317971969133,-29.82905976562593,2000,workload_seed,2.6511814410125463
poisson,2.225833052603678,mono,0.7629223905692741,-1.3934658031421854,-1.5323555209266222,,piecewise,E7,E7-e400e0103dd3,-1.4629106620344037,-1.4629106620344037,-1.4354077315698648,iteration_cv,5,64,-16.500699032742293,chunk_512_prefill_first,mixed,-65.7241862916519,-64.41014322763145,-66.96655373135776,2000,workload_seed,0.08865749621464848
poisson,2405.791325382746,mono,3508.7050888527483,1222.894834770002,999.9681582250005,,piecewise,E7,E7-e400e0103dd3,1102.9137634700023,1102.9137634700023,1114.758507475005,max_wait_ms,5,64,7.452356488864081,chunk_512_prefill_first,mixed,45.844115897896344,47.354876786364365,44.268459006925376,2000,workload_seed,147.9953039173671
poisson,103.2,mono,130.2,35.4,18.6,,piecewise,E7,E7-e400e0103dd3,27.0,27.0,33.0,starvation_proxy_count,5,64,2.4053511772118195,chunk_512_prefill_first,mixed,26.1627906976744,36.105032822757096,16.034482758620694,2000,workload_seed,11.224972160321824
poisson,0.8507603337773677,mono,0.8011684694301293,-0.04012170616886503,-0.05895439314284587,,piecewise,E7,E7-e400e0103dd3,-0.04959186434723837,-0.04959186434723837,-0.049442286937539826,waiting_satisfaction_jain,5,64,-4.422135704176466,chunk_512_prefill_first,mixed,-5.829122771515571,-4.703669024207835,-6.889731379974451,2000,workload_seed,0.011214460085519663
poisson,2277.895928805189,mono,3331.033607664075,1171.667971137572,958.1147892777001,,piecewise,E7,E7-e400e0103dd3,1053.137678858886,1053.137678858886,996.5389144170858,short_prompt_ttft_p95_ms,5,64,7.6795902624631305,chunk_512_prefill_first,mixed,46.23291457442842,49.08015945838178,43.67431032527982,2000,workload_seed,137.13461823692472
poisson,2298.028441148414,mono,3368.2323662143926,1182.6899142145037,977.8884400567033,,piecewise,E7,E7-e400e0103dd3,1070.2039250659789,1070.2039250659789,1043.2515337762543,long_prompt_ttft_p95_ms,5,64,8.233341259912232,chunk_512_prefill_first,mixed,46.57052566900157,48.776178605580924,44.76710759355298,2000,workload_seed,129.98415725542117
poisson,43.70607885,mono,8.56245852000002,-3.5600672100000055,-66.93596494999996,,piecewise,E7,E7-e400e0103dd3,-35.143620329999976,-35.143620329999976,-14.668463549999991,primer_max_itl_ms,5,64,-0.8497506197652122,chunk_512_prefill_first,mixed,-80.40899859860107,-36.49842086538364,-87.82722730317882,2000,workload_seed,41.35756951811371
poisson,117.4,mono,133.6,21.224999999999863,11.2,,piecewise,E7,E7-e400e0103dd3,16.2,16.2,14.0,backlog_at_arrival_end,5,64,2.264018827218537,chunk_512_prefill_first,mixed,13.798977853492334,18.729096989966564,9.532062391681118,2000,workload_seed,7.155417527999327
poisson,0.9998984105136357,mono,0.9999136183351236,4.562346446355114e-05,0.0,,piecewise,E7,E7-e400e0103dd3,1.5207821488028017e-05,1.5207821488028017e-05,0.0,server_busy_fraction,5,64,0.44721359550648754,chunk_512_prefill_first,mixed,0.001520936659971106,0.00456373732955484,0.0,2000,workload_seed,3.4005722636416144e-05
poisson,0.8727494526880542,mono,0.7911668983723275,-0.06381898304343066,-0.10744654073244145,,piecewise,E7,E7-e400e0103dd3,-0.08158255431572663,-0.08158255431572663,-0.07609975172160677,batch_slot_occupancy,5,64,-2.7662443579850238,chunk_512_prefill_first,mixed,-9.347763446250667,-7.294315195113055,-12.363648011493444,2000,workload_seed,0.029492171969634908
poisson,1147.0372431405208,mono,9934.399561204445,9415.90786234644,8158.842507702831,,piecewise,E7,E7-e400e0103dd3,8787.362318063924,8787.362318063924,8523.324553299995,ttft_p50_ms,5,64,10.888342075969804,fcfs,mixed,766.0921535559422,1035.0811856559203,562.9464819064085,2000,workload_seed,807.0431895648585
poisson,2307.9466069665896,mono,18601.211496125474,16992.339521769016,15395.16507143483,,piecewise,E7,E7-e400e0103dd3,16293.264889158885,16293.264889158885,16543.186747605745,ttft_p95_ms,5,64,15.530293731159693,fcfs,mixed,705.963683907474,761.9249965457211,646.7213066092148,2000,workload_seed,1049.1279283706258
poisson,2376.425826836247,mono,19466.287222031766,17953.88438483245,15986.847053644986,,piecewise,E7,E7-e400e0103dd3,17089.861395195516,17089.861395195516,17380.882388109178,ttft_p99_ms,5,64,13.32505463815234,fcfs,mixed,719.1413761879276,780.1237181534935,656.0737055293152,2000,workload_seed,1282.535933943848
poisson,12.4753874742826,mono,0.8263273250000017,-10.454628082330728,-13.451269790954232,,piecewise,E7,E7-e400e0103dd3,-11.6490601492826,-11.6490601492826,-11.017068527068032,tpot_p95_ms,5,64,-5.889313984649183,fcfs,mixed,-93.37633939864845,-92.69291542736244,-94.19128248542916,2000,workload_seed,1.9779995054851054
poisson,18.829201206561624,mono,0.8317006749999937,-15.314396870197637,-20.991782314647146,,piecewise,E7,E7-e400e0103dd3,-17.997500531561627,-17.997500531561627,-17.664823123093775,tpot_p99_ms,5,64,-5.303250022577312,fcfs,mixed,-95.58292109221202,-94.84944390090955,-96.18813028017743,2000,workload_seed,3.39367377644682
poisson,3559.536380602811,mono,18683.178176575475,15730.467779335255,14358.475917949574,,piecewise,E7,E7-e400e0103dd3,15123.641795972662,15123.641795972662,15214.05188956493,e2e_p95_ms,5,64,16.328035873165597,fcfs,mixed,424.8767305311671,453.50591491486745,406.2392477552189,2000,workload_seed,926.2376634551432
poisson,24.564529519999997,mono,0.8313305000000719,-22.663389849999735,-24.706566759999806,,piecewise,E7,E7-e400e0103dd3,-23.733199019999923,-23.733199019999923,-23.691368000000693,itl_p95_ms,5,64,-17.74852338664302,fcfs,mixed,-96.61572797751646,-96.4606123093708,-96.74547215830303,2000,workload_seed,1.337192875316083
poisson,83.43860048999981,mono,0.832385380000027,-73.84571879999964,-89.61329460000007,,piecewise,E7,E7-e400e0103dd3,-82.6062151099998,-82.6062151099998,-88.51755660000026,itl_p99_ms,5,64,-8.24240749280145,fcfs,mixed,-99.00239772106461,-98.88530692166835,-99.07969617113865,2000,workload_seed,10.022097934631887
poisson,33.40604732280292,mono,8.532564591406365,-23.841821448359305,-26.196637124798563,,piecewise,E7,E7-e400e0103dd3,-24.873482731396557,-24.873482731396557,-24.559093787585955,request_throughput_rps,5,64,-15.709435656519567,fcfs,mixed,-74.45802399500869,-73.96354103906104,-75.03775585626933,2000,workload_seed,1.5833466761789003
poisson,4197.719654546766,mono,1071.0543624785655,-3021.389532888951,-3245.9173768111414,,piecewise,E7,E7-e400e0103dd3,-3126.6652920682004,-3126.6652920682004,-3045.7319499726323,output_token_throughput_tps,5,64,-21.83221250465371,fcfs,mixed,-74.48485247654756,-73.96051002542046,-75.0539432753508,2000,workload_seed,143.2133958663936
poisson,26.873010008219598,mono,8.656301890538964,-15.496655892106878,-20.06450044525637,,piecewise,E7,E7-e400e0103dd3,-18.216708117680632,-18.216708117680632,-19.074886276619115,observed_request_throughput_rps,5,64,-6.145109569789788,fcfs,mixed,-67.78811942580576,-65.62785327643093,-70.82215007093642,2000,workload_seed,2.9644236462823215
poisson,2.225833052603678,mono,2.6856359768777502,0.5151728479280064,0.40603838011186066,,piecewise,E7,E7-e400e0103dd3,0.4598029242740721,0.4598029242740721,0.43679456730432564,iteration_cv,5,64,6.569910348608631,fcfs,mixed,20.657565657775436,22.640377561284986,18.76830429562528,2000,workload_seed,0.06998617939610831
poisson,2405.791325382746,mono,19683.790833431518,18247.440331269678,16132.825881284061,,piecewise,E7,E7-e400e0103dd3,17277.99950804877,17277.99950804877,17498.91985101162,max_wait_ms,5,64,12.929357695015472,fcfs,mixed,718.1836315458471,775.0672478114531,656.3940992873222,2000,workload_seed,1336.3385804315544
poisson,103.2,mono,179.2,88.0,61.2,,piecewise,E7,E7-e400e0103dd3,76.0,76.0,82.0,starvation_proxy_count,5,64,4.218968100565604,fcfs,mixed,73.64341085271316,98.43400447427292,50.91514143094842,2000,workload_seed,18.01388353465182
poisson,0.8507603337773677,mono,0.4666922705093782,-0.36281745984507996,-0.4024612204244803,,piecewise,E7,E7-e400e0103dd3,-0.3840680632679895,-0.3840680632679895,-0.3935374038638471,waiting_satisfaction_jain,5,64,-15.383436960543724,fcfs,mixed,-45.14409617133076,-43.849166664775964,-46.39931633194596,2000,workload_seed,0.02496633647299158
poisson,2277.895928805189,mono,18358.91153582124,16794.993119999806,15243.643872364406,,piecewise,E7,E7-e400e0103dd3,16081.01560701605,16081.01560701605,16421.594596357198,short_prompt_ttft_p95_ms,5,64,16.210610214896786,fcfs,mixed,705.9591881992136,761.4251628143658,649.1452177561525,2000,workload_seed,992.0055688118609
poisson,2298.028441148414,mono,18239.13652692142,16823.573402901537,15129.131113762964,,piecewise,E7,E7-e400e0103dd3,15941.108085773003,15941.108085773003,15957.39259532505,long_prompt_ttft_p95_ms,5,64,14.214580735193117,fcfs,mixed,693.6862834389732,751.7829177830035,636.9467553186441,2000,workload_seed,1121.461714752182
poisson,43.70607885,mono,0.8004950000000001,-11.02100061600007,-76.38546301,,piecewise,E7,E7-e400e0103dd3,-42.90558385,-42.90558385,-23.49084134999999,primer_max_itl_ms,5,64,-0.9902469020461858,fcfs,mixed,-98.16845843630286,-93.2910706607988,-98.95240115883495,2000,workload_seed,43.32816771387269
poisson,117.4,mono,168.0,56.8,41.8,,piecewise,E7,E7-e400e0103dd3,50.6,50.6,52.0,backlog_at_arrival_end,5,64,5.142956348249517,fcfs,mixed,43.100511073253834,51.45985401459854,32.40310077519381,2000,workload_seed,9.838699100999074
poisson,0.9998984105136357,mono,0.9999999999999984,0.00030476845909035435,-1.8207657603852566e-15,,piecewise,E7,E7-e400e0103dd3,0.00010158948636280751,0.00010158948636280751,-1.1102230246251565e-15,server_busy_fraction,5,64,0.4472135954953149,fcfs,mixed,0.010159980783508438,0.030486137122065493,-1.7763568394002505e-13,2000,workload_seed,0.00022716099730888387
poisson,0.8727494526880542,mono,0.03125,-0.8367981885936228,-0.8470047124476123,,piecewise,E7,E7-e400e0103dd3,-0.8414994526880542,-0.8414994526880542,-0.8388059798938245,batch_slot_occupancy,5,64,-130.9190938610978,fcfs,mixed,-96.4193618335995,-96.39996944747618,-96.44180673817175,2000,workload_seed,0.00642762967471243
poisson,1281.8236292731367,mono,1299.5610141032255,91.92396578724447,-75.76129839820196,,a_p1_d1,E8,E8-15aa229558b4,17.737384830088878,17.737384830088878,46.037500000009004,ttft_p50_ms,5,32,0.16302599575043875,chunk_512,mixed,1.3837617301646121,9.297734911340626,-6.025660356823225,2000,workload_seed,108.80095992323446
poisson,3389.1281599233016,mono,3401.3949007090123,88.78471340710121,-64.25123183567857,,a_p1_d1,E8,E8-15aa229558b4,12.266740785711317,12.266740785711317,0.05980008189135333,ttft_p95_ms,5,32,0.12161224157835834,chunk_512,mixed,0.3619438453454249,3.2763816939966883,-1.5792689938563642,2000,workload_seed,100.8676480797165
poisson,3536.8434442300904,mono,3536.823373662649,75.17567914673582,-46.98956975996752,,a_p1_d1,E8,E8-15aa229558b4,-0.020070567440779997,-0.020070567440779997,-28.193306320044485,ttft_p99_ms,5,32,-0.00024293158426271966,chunk_512,mixed,-0.0005674711860415016,2.369777857994082,-1.283225709521596,2000,workload_seed,82.61818858051234
poisson,25.126896291387425,mono,16.674080179139487,-6.370402588229907,-10.924728689608916,,a_p1_d1,E8,E8-15aa229558b4,-8.45281611224794,-8.45281611224794,-8.199289756320209,tpot_p95_ms,5,32,-2.8442798483417744,chunk_512,mixed,-33.64051020955283,-27.6577319903617,-39.823319803665534,2000,workload_seed,2.971865133867176
poisson,32.288381674676934,mono,17.54413018040301,-9.924650800739991,-19.697449621916405,,a_p1_d1,E8,E8-15aa229558b4,-14.744251494273929,-14.744251494273929,-14.131767840909014,tpot_p99_ms,5,32,-2.367291573409359,chunk_512,mixed,-45.66426290060092,-36.14005707164685,-52.86032432584029,2000,workload_seed,6.228320862494917
poisson,5958.722487645313,mono,5642.842751053404,-197.87478230308074,-433.8475243803732,,a_p1_d1,E8,E8-15aa229558b4,-315.87973659190845,-315.87973659190845,-248.01961423891225,e2e_p95_ms,5,32,-1.9777522374743213,chunk_512,mixed,-5.301131865879761,-3.29233390197472,-7.532431163851342,2000,workload_seed,159.71653607900913
poisson,41.97479999999996,mono,18.617200000000004,-15.626799999999912,-33.093999999999824,,a_p1_d1,E8,E8-15aa229558b4,-23.357599999999955,-23.357599999999955,-19.411000000000058,itl_p95_ms,5,32,-2.0526369307763597,chunk_512,mixed,-55.646721366152974,-45.63528683402046,-63.71649472532077,2000,workload_seed,11.37931392044355
poisson,150.28419999999988,mono,19.01900000000014,-122.81459999999977,-137.4543999999997,,a_p1_d1,E8,E8-15aa229558b4,-131.26519999999977,-131.26519999999977,-135.11799999999994,itl_p99_ms,5,32,-13.795470963618344,chunk_512,mixed,-87.34464434717678,-86.59062450646375,-87.84521842051099,2000,workload_seed,9.515093783037537
poisson,15.37197339308291,mono,15.650734741393261,0.3362438477535726,0.2212788488671272,,a_p1_d1,E8,E8-15aa229558b4,0.2787613483103499,0.2787613483103499,0.32065864881046835,request_throughput_rps,5,32,3.682769592367187,chunk_512,mixed,1.8134389201830636,2.2162206619884106,1.4316091578950196,2000,workload_seed,0.0756933990353628
poisson,1948.4008746183288,mono,1983.429219687212,41.41234549305223,28.64434464471383,,a_p1_d1,E8,E8-15aa229558b4,35.02834506888303,35.02834506888303,36.785559368225904,output_token_throughput_tps,5,32,4.293961051438221,chunk_512,mixed,1.7977996994968937,2.224309593119167,1.4160117859858046,2000,workload_seed,8.157583324411062
poisson,11.327755664847222,mono,12.58564304727311,1.9080094047347855,0.7879069057275423,,a_p1_d1,E8,E8-15aa229558b4,1.2578873824258863,1.2578873824258863,1.1427737576857346,observed_request_throughput_rps,5,32,1.7192995994806752,chunk_512,mixed,11.104471350220035,20.718983718148753,5.889841061533185,2000,workload_seed,0.7316277993700683
poisson,2.316357247494535,mono,0.9869014086887928,-1.1828103229293032,-1.4718876078475431,,a_p1_d1,E8,E8-15aa229558b4,-1.3294558388057423,-1.3294558388057423,-1.3603344573522094,iteration_cv,5,32,-7.048218550316733,chunk_512,mixed,-57.394248674021895,-54.510733060033914,-61.097804376345145,2000,workload_seed,0.188622959023596
poisson,3550.5602799671556,mono,3545.4778658407427,68.76866884059027,-76.01712430461612,,a_p1_d1,E8,E8-15aa229558b4,-5.082414126412459,-5.082414126412459,-2.9150000000126965,max_wait_ms,5,32,-0.05419344217424547,chunk_512,mixed,-0.14314400335881938,2.0146541640324145,-2.172256832426722,2000,workload_seed,93.7828254214085
poisson,66.8,mono,69.2,4.6,0.6,,a_p1_d1,E8,E8-15aa229558b4,2.4,2.4,1.0,starvation_proxy_count,5,32,0.9561828874675149,chunk_512,mixed,3.592814371257491,6.166219839142095,0.9740259740259827,2000,workload_seed,2.5099800796022267
poisson,0.8034642675537583,mono,0.813499651981458,0.017336627097256297,0.0034648426619811714,,a_p1_d1,E8,E8-15aa229558b4,0.01003538442769969,0.01003538442769969,0.009713949077905126,waiting_satisfaction_jain,5,32,1.1457148551349852,chunk_512,mixed,1.249014403372728,2.1863584020693994,0.4071447742865386,2000,workload_seed,0.008759059361692004
poisson,3385.944213723039,mono,3391.592248063434,62.457526574382065,-56.86451918013954,,a_p1_d1,E8,E8-15aa229558b4,5.648034340395043,5.648034340395043,17.831499999959306,short_prompt_ttft_p95_ms,5,32,0.07239911915918978,chunk_512,mixed,0.16680825152122214,2.31603835767622,-1.493446002285903,2000,workload_seed,78.01247316250152
poisson,3264.0442671091896,mono,3346.7557860950815,153.31801856872661,-8.120080000021881,,a_p1_d1,E8,E8-15aa229558b4,82.71151898589206,82.71151898589206,87.24564597246626,long_prompt_ttft_p95_ms,5,32,0.7904340060620634,chunk_512,mixed,2.5340195235509233,5.596258371124986,-0.24251348648776094,2000,workload_seed,104.64063837278492
poisson,52.0096,mono,7.6839999999999975,0.0,-99.62160000000002,,a_p1_d1,E8,E8-15aa229558b4,-44.3256,-44.3256,0.0,primer_max_itl_ms,5,32,-0.6956499789299635,chunk_512,mixed,-85.22580446686766,0.0,-88.01345450863047,2000,workload_seed,63.71825104944423
poisson,87.0,mono,82.6,-2.8,-6.4,,a_p1_d1,E8,E8-15aa229558b4,-4.4,-4.4,-4.0,backlog_at_arrival_end,5,32,-1.9112378681575055,chunk_512,mixed,-5.057471264367819,-3.398058252427194,-6.669584245076596,2000,workload_seed,2.3021728866442674
poisson,0.9986853084978093,mono,0.9986607433575523,2.176037128265307e-15,-7.369542077206859e-05,,a_p1_d1,E8,E8-15aa229558b4,-2.4565140257082342e-05,-2.4565140257082342e-05,-1.9984014443252818e-15,server_busy_fraction,5,32,-0.4472135954928838,chunk_512,mixed,-0.0024597478352816893,2.220446049250313e-13,-0.007398723192730827,2000,workload_seed,5.492932349252166e-05
poisson,0.836158782144613,mono,0.7351208454917625,-0.07400767253623626,-0.132186107118278,,a_p1_d1,E8,E8-15aa229558b4,-0.10103793665285048,-0.10103793665285048,-0.09901841455543281,batch_slot_occupancy,5,32,-2.650074053695199,chunk_512,mixed,-12.083582545614657,-8.745105361553563,-15.695621279377669,2000,workload_seed,0.038126457829344665
poisson,1281.8236292731367,mono,2507.180835428633,1433.7007403201237,1008.7584114058529,,a_p1_d1,E8,E8-15aa229558b4,1225.3572061554967,1225.3572061554967,1332.306588400816,ttft_p50_ms,5,32,4.494605251487045,fcfs,mixed,95.59483677566003,183.53862828535955,62.54765209078761,2000,workload_seed,272.6284373360899
poisson,3389.1281599233016,mono,4922.833278576923,1658.510541885969,1452.9702254865792,,a_p1_d1,E8,E8-15aa229558b4,1533.7051186536214,1533.7051186536214,1492.1462694583297,ttft_p95_ms,5,32,11.317862961653212,fcfs,mixed,45.25367723740283,58.73153837370428,35.37063291966949,2000,workload_seed,135.51190042237369
poisson,3536.8434442300904,mono,5092.1885027638045,1678.0448906569995,1468.5586449579362,,a_p1_d1,E8,E8-15aa229558b4,1555.3450585337148,1555.3450585337148,1492.174971389185,ttft_p99_ms,5,32,11.710034484840536,fcfs,mixed,43.97551328066447,55.46983210484484,35.94999353031403,2000,workload_seed,132.82156090549677
poisson,25.126896291387425,mono,0.32300000000032014,-22.709989799922152,-27.109993390478763,,a_p1_d1,E8,E8-15aa229558b4,-24.803896291387105,-24.803896291387105,-24.952301851851505,tpot_p95_ms,5,32,-8.400524770759848,fcfs,mixed,-98.71452488100955,-98.59766359987965,-98.82258565296625,2000,workload_seed,2.952660335902269
poisson,32.288381674676934,mono,0.32300000000032014,-27.13863566112937,-36.940202360427655,,a_p1_d1,E8,E8-15aa229558b4,-31.965381674676614,-31.965381674676614,-31.682824999999696,tpot_p99_ms,5,32,-5.127261452397219,fcfs,mixed,-98.99964017009363,-98.82381368689737,-99.13319312474515,2000,workload_seed,6.234396660176438
poisson,5958.722487645313,mono,4964.896089239203,-645.3796998977454,-1308.9207056104528,,a_p1_d1,E8,E8-15aa229558b4,-993.826398406109,-993.826398406109,-1246.3144357323695,e2e_p95_ms,5,32,-2.3357655909918296,fcfs,mixed,-16.67851457198566,-11.219941504086883,-22.213411888270564,2000,workload_seed,425.482078440972
poisson,41.97479999999996,mono,0.32300000000032014,-33.80739999999978,-51.58919999999971,,a_p1_d1,E8,E8-15aa229558b4,-41.65179999999964,-41.65179999999964,-37.70399999999972,itl_p95_ms,5,32,-3.6248917334147728,fcfs,mixed,-99.23049067535683,-99.05362960879357,-99.37779558562279,2000,workload_seed,11.490494906660897
poisson,150.28419999999988,mono,0.32300000000032014,-141.51059999999967,-156.15039999999954,,a_p1_d1,E8,E8-15aa229558b4,-149.96119999999956,-149.96119999999956,-153.8139999999994,itl_p99_ms,5,32,-15.760349127334365,fcfs,mixed,-99.78507388002177,-99.77226834826139,-99.79357513801047,2000,workload_seed,9.515093783037491
poisson,15.37197339308291,mono,14.824144427043692,-0.4671744395702415,-0.628483492508197,,a_p1_d1,E8,E8-15aa229558b4,-0.5478289660392193,-0.5478289660392193,-0.5577569733419256,request_throughput_rps,5,32,-5.2053298622552555,fcfs,mixed,-3.563816772449868,-3.201242478341826,-3.8641203932351154,2000,workload_seed,0.10524385207777544
poisson,1948.4008746183288,mono,1879.3190571437146,-61.46017695835544,-76.20671997470194,,a_p1_d1,E8,E8-15aa229558b4,-69.08181747461435,-69.08181747461435,-73.69806902021264,output_token_throughput_tps,5,32,-6.967794021668168,fcfs,mixed,-3.5455648975802556,-3.187165529202385,-3.855396617130402,2000,workload_seed,9.914445986747953
poisson,11.327755664847222,mono,15.263777470047742,5.022176601219844,2.849867009181197,,a_p1_d1,E8,E8-15aa229558b4,3.9360218052005203,3.9360218052005203,4.379861122916333,observed_request_throughput_rps,5,32,2.8434179236377872,fcfs,mixed,34.74670465761327,52.0965195015757,22.18832903443646,2000,workload_seed,1.3842572252498455
poisson,2.316357247494535,mono,8.044781034294889,6.1462678309571075,5.32189273585972,,a_p1_d1,E8,E8-15aa229558b4,5.728423786800354,5.728423786800354,5.723292977736108,iteration_cv,5,32,10.503869548385236,fcfs,mixed,247.3031218736422,301.0314265877254,205.8497061318266,2000,workload_seed,0.545363188338624
poisson,3550.5602799671556,mono,5104.859410347233,1662.7284352496913,1463.330323476845,,a_p1_d1,E8,E8-15aa229558b4,1554.2991303800775,1554.2991303800775,1514.4600000014198,max_wait_ms,5,32,12.394004268782528,fcfs,mixed,43.77616510694633,54.628980376768155,35.95960937124201,2000,workload_seed,125.40734186246634
poisson,66.8,mono,99.0,41.0,23.2,,a_p1_d1,E8,E8-15aa229558b4,32.2,32.2,31.0,starvation_proxy_count,5,32,2.7050229030711983,fcfs,mixed,48.203592814371255,77.30769230769232,30.366492146596833,2000,workload_seed,11.903780911962384
poisson,0.8034642675537583,mono,0.754015456446982,-0.024902180819572583,-0.0727618441840561,,a_p1_d1,E8,E8-15aa229558b4,-0.04944881110677635,-0.04944881110677635,-0.04714087565930214,waiting_satisfaction_jain,5,32,-1.6046386308162528,fcfs,mixed,-6.154450559118086,-3.259181227351693,-8.764865559944212,2000,workload_seed,0.03081616642971045
poisson,3385.944213723039,mono,4915.511373991262,1645.5577908390158,1450.7256793946137,,a_p1_d1,E8,E8-15aa229558b4,1529.5671602682232,1529.5671602682232,1490.5826500014978,short_prompt_ttft_p95_ms,5,32,11.992027655943655,fcfs,mixed,45.17402129866683,58.12011727782187,35.642774770341056,2000,workload_seed,127.54866851146043
poisson,3264.0442671091896,mono,4774.047452375338,1653.8928595847203,1360.4521769350074,,a_p1_d1,E8,E8-15aa229558b4,1510.0031852661486,1510.0031852661486,1517.495548958484,long_prompt_ttft_p95_ms,5,32,8.460859349324387,fcfs,mixed,46.26172507775108,59.090205413155815,37.4111538254529,2000,workload_seed,178.4692456076255
poisson,52.0096,mono,0.32300000000000184,-2.2093999999999996,-113.6988,,a_p1_d1,E8,E8-15aa229558b4,-51.6866,-51.6866,-3.811,primer_max_itl_ms,5,32,-0.7282731221951341,fcfs,mixed,-99.37896080723559,-87.24530090033169,-99.71672083759421,2000,workload_seed,70.97145071646767
poisson,87.0,mono,73.2,-10.6,-17.0,,a_p1_d1,E8,E8-15aa229558b4,-13.8,-13.8,-15.0,backlog_at_arrival_end,5,32,-3.376920611203535,fcfs,mixed,-15.86206896551724,-13.255813953488381,-18.329466357308576,2000,workload_seed,4.08656334834051
poisson,0.9986853084978093,mono,0.9987378824081772,0.00015772173168424609,-3.0699887076934827e-13,,a_p1_d1,E8,E8-15aa229558b4,5.257391036781467e-05,5.257391036781467e-05,-2.956523914576792e-13,server_busy_fraction,5,32,0.44721359304641256,fcfs,mixed,0.005264311983022019,0.015834626113608863,-3.069766663088558e-11,2000,workload_seed,0.00011755883807037695
poisson,0.836158782144613,mono,0.03125,-0.7793203080104127,-0.8294608206446481,,a_p1_d1,E8,E8-15aa229558b4,-0.804908782144613,-0.804908782144613,-0.8127793709614598,batch_slot_occupancy,5,32,-24.326390213233978,fcfs,mixed,-96.2626715562505,-96.1446897707486,-96.36927998923092,2000,workload_seed,0.03308788419034439
poisson,716.6253768066374,mono,733.4834547041935,54.378083636205155,-15.46527639872462,,a_p1_d0.5,E8,E8-25d93aed137e,16.858077897556264,16.858077897556264,20.38948362615517,ttft_p50_ms,5,32,0.3651160120781713,chunk_512,mixed,2.3524254712661063,10.206440978670607,-2.411466472745849,2000,workload_seed,46.17183946988047
poisson,1737.8911731234682,mono,1751.0966095525691,48.955914691087195,-25.77902645164936,,a_p1_d0.5,E8,E8-25d93aed137e,13.205436429100633,13.205436429100633,26.34811120705581,ttft_p95_ms,5,32,0.26739175473970883,chunk_512,mixed,0.7598540480165505,3.359719190747401,-1.460748136200862,2000,workload_seed,49.386101833825805
poisson,1833.7952204916066,mono,1855.8350556056162,55.91580256676025,-11.836132338741754,,a_p1_d0.5,E8,E8-25d93aed137e,22.039835114009247,22.039835114009247,44.2936739937536,ttft_p99_ms,5,32,0.49739737351129454,chunk_512,mixed,1.2018700271288152,3.69958236139325,-0.6420682599935112,2000,workload_seed,44.310316635616054
poisson,19.86190426052695,mono,12.304755824042378,-4.767540419630576,-11.400147438661522,,a_p1_d0.5,E8,E8-25d93aed137e,-7.55714843648457,-7.55714843648457,-6.2745992708334395,tpot_p95_ms,5,32,-1.797934811693561,chunk_512,mixed,-38.04845868431387,-28.268692900044634,-48.03751222028176,2000,workload_seed,4.203238286134596
poisson,29.833143323351642,mono,13.126548517785585,-12.99190209615379,-20.517753686456842,,a_p1_d0.5,E8,E8-25d93aed137e,-16.70659480556606,-16.70659480556606,-16.996827298951075,tpot_p99_ms,5,32,-3.5021323206454333,chunk_512,mixed,-56.00011579232118,-49.59858788088886,-60.952554405176585,2000,workload_seed,4.770406505510643
poisson,3763.3728151309997,mono,3472.063465866902,-124.14453265763541,-468.0124136207185,,a_p1_d0.5,E8,E8-25d93aed137e,-291.30934926409725,-291.30934926409725,-315.76537850969726,e2e_p95_ms,5,32,-1.3053423040546506,chunk_512,mixed,-7.740645521295708,-3.2273270674408328,-11.804790352136951,2000,workload_seed,223.16701784599562
poisson,34.33320000000003,mono,13.88899999999985,-10.8125,-30.71150000000025,,a_p1_d0.5,E8,E8-25d93aed137e,-20.444200000000183,-20.444200000000183,-19.209499999999935,itl_p95_ms,5,32,-1.5849102027644932,chunk_512,mixed,-59.54644484056296,-44.26526819123422,-68.74041743606995,2000,workload_seed,12.899279696944477
poisson,139.94469199999986,mono,14.08749999999991,-115.67839999999983,-136.03598400000004,,a_p1_d0.5,E8,E8-25d93aed137e,-125.85719199999994,-125.85719199999994,-127.76800000000003,itl_p99_ms,5,32,-9.678277129021502,chunk_512,mixed,-89.93352316642354,-89.14391222963812,-90.61605844426057,2000,workload_seed,13.004090534109805
poisson,21.46651375930223,mono,21.702450644831877,0.2828037335643586,0.18907003749493612,,a_p1_d0.5,E8,E8-25d93aed137e,0.23593688552964737,0.23593688552964737,0.26695230382879487,request_throughput_rps,5,32,3.853326271883114,chunk_512,mixed,1.0990926993322603,1.3508976291139563,0.8594669869929294,2000,workload_seed,0.061229407759012686
poisson,2723.2626699781345,mono,2752.921472918156,34.81844935006202,24.499156529980517,,a_p1_d0.5,E8,E8-25d93aed137e,29.658802940021268,29.658802940021268,30.62443460485929,output_token_throughput_tps,5,32,4.555085662039086,chunk_512,mixed,1.0890907905060532,1.3573588675453552,0.8502625599648983,2000,workload_seed,6.511140544993504
poisson,16.04745669852455,mono,17.110572021742552,1.3457443041418409,0.7828866011529229,,a_p1_d0.5,E8,E8-25d93aed137e,1.0631153232180057,1.0631153232180057,1.0323094031249873,observed_request_throughput_rps,5,32,2.8520964141908745,chunk_512,mixed,6.624821261027303,9.715798699264798,4.716839462952471,2000,workload_seed,0.37274873245111045
poisson,3.5273479520791162,mono,1.2620731146295365,-1.9566155910198415,-2.5636102397808096,,a_p1_d0.5,E8,E8-25d93aed137e,-2.2652748374495797,-2.2652748374495797,-2.2464359056502845,iteration_cv,5,32,-5.668351204408505,chunk_512,mixed,-64.22033970633274,-62.02779357569632,-67.13385368374654,2000,workload_seed,0.39963558286363493
poisson,1838.145793627767,mono,1847.2331983610663,53.861940850845166,-35.687131384246456,,a_p1_d0.5,E8,E8-25d93aed137e,9.087404733299355,9.087404733299355,35.75250000003143,max_wait_ms,5,32,0.1562237701024177,chunk_512,mixed,0.49437888794252594,3.572311191397226,-1.822257383065573,2000,workload_seed,58.16915522741388
poisson,34.8,mono,37.0,4.8,-1.0049999999999997,,a_p1_d0.5,E8,E8-25d93aed137e,2.2,2.2,3.0,starvation_proxy_count,5,32,0.5838193816777029,chunk_512,mixed,6.321839080459779,22.619047619047628,-3.6363636363636376,2000,workload_seed,3.7682887362833544
poisson,0.9020271278156772,mono,0.9052316269759263,0.007426480806650338,-0.0005160157568350864,,a_p1_d0.5,E8,E8-25d93aed137e,0.003204499160249008,0.003204499160249008,0.003874565174315725,waiting_satisfaction_jain,5,32,0.6020969064320332,chunk_512,mixed,0.35525529792093113,0.8454066355501055,-0.055340468398901166,2000,workload_seed,0.005322231564414695
poisson,1728.1376077802063,mono,1734.7281526580275,34.94510792445592,-23.612283245595997,,a_p1_d0.5,E8,E8-25d93aed137e,6.590544877821162,6.590544877821162,6.120249999997441,short_prompt_ttft_p95_ms,5,32,0.16927655271651587,chunk_512,mixed,0.3813669031997202,2.983474933944863,-1.2189010651060705,2000,workload_seed,38.93359577600933
poisson,1712.627006202621,mono,1755.6475107997885,70.63201278169045,1.7638882063244636,,a_p1_d0.5,E8,E8-25d93aed137e,43.02050459716734,43.02050459716734,62.98450000000366,long_prompt_ttft_p95_ms,5,32,0.9718544313570415,chunk_512,mixed,2.5119599563337536,5.716037040010091,0.08557447814341312,2000,workload_seed,44.266407816956686
poisson,50.267100000000006,mono,5.795100000000005,0.0,-99.768,,a_p1_d0.5,E8,E8-25d93aed137e,-44.471999999999994,-44.471999999999994,0.0,primer_max_itl_ms,5,32,-0.6967127994531717,chunk_512,mixed,-88.47138585675322,0.0,-90.41649334301226,2000,workload_seed,63.83117984182965
poisson,70.0,mono,66.2,-2.8,-4.8,,a_p1_d0.5,E8,E8-25d93aed137e,-3.8,-3.8,-4.0,backlog_at_arrival_end,5,32,-2.9144669576200077,chunk_512,mixed,-5.428571428571427,-3.6931818181818343,-7.3482428115016045,2000,workload_seed,1.3038404810405297
poisson,0.9914039116522881,mono,0.9913497571252508,-1.3801514586520013e-06,-0.00011725884709652412,,a_p1_d0.5,E8,E8-25d93aed137e,-5.415452703736445e-05,-5.415452703736445e-05,-6.900757267502833e-06,server_busy_fraction,5,32,-0.7316789898069445,chunk_512,mixed,-0.005462408045897593,-0.00013816307843361741,-0.011885775697395573,2000,workload_seed,7.40140523259432e-05
poisson,0.7860726807832678,mono,0.6857817654273883,-0.06864730324979433,-0.13349593488230807,,a_p1_d0.5,E8,E8-25d93aed137e,-0.10029091535587945,-0.10029091535587945,-0.10596165439058358,batch_slot_occupancy,5,32,-2.314031469306694,chunk_512,mixed,-12.758478676036212,-8.595143339903332,-17.26844185940045,2000,workload_seed,0.04334034203343292
poisson,716.6253768066374,mono,1642.4875432484082,1060.4172518474863,791.3070810360555,,a_p1_d0.5,E8,E8-25d93aed137e,925.8621664417709,925.8621664417709,893.4370172876902,ttft_p50_ms,5,32,5.376915682155026,fcfs,mixed,129.19751329034926,262.3140876681234,85.40826500235563,2000,workload_seed,172.19205603586713
poisson,1737.8911731234682,mono,3226.28481301887,1580.8216605513983,1395.9656192394054,,a_p1_d0.5,E8,E8-25d93aed137e,1488.3936398954017,1488.3936398954017,1503.5696475050026,ttft_p95_ms,5,32,12.335868572809156,fcfs,mixed,85.64366186522192,125.45067462310944,62.54414403343964,2000,workload_seed,120.65576340332726
poisson,1833.7952204916066,mono,3349.4180338622878,1613.780440403405,1417.465186337958,,a_p1_d0.5,E8,E8-25d93aed137e,1515.6228133706813,1515.6228133706813,1553.4484871798818,ttft_p99_ms,5,32,12.079366580214081,fcfs,mixed,82.6495126846481,116.91885217877397,61.858484067670446,2000,workload_seed,125.47204386141082
poisson,19.86190426052695,mono,0.21150000000034197,-16.653589717759655,-23.52026068399341,,a_p1_d0.5,E8,E8-25d93aed137e,-19.650404260526606,-19.650404260526606,-18.580866493055197,tpot_p95_ms,5,32,-4.562185696985109,fcfs,mixed,-98.93514741977349,-98.74593018157728,-99.10878926002742,2000,workload_seed,4.307234638325321
poisson,29.833143323351642,mono,0.21150000000034197,-25.982596749999637,-33.45034384999966,,a_p1_d0.5,E8,E8-25d93aed137e,-29.6216433233513,-29.6216433233513,-29.63834124999968,tpot_p99_ms,5,32,-6.185575457611523,fcfs,mixed,-99.29105693721925,-99.19256616473962,-99.37169217187626,2000,workload_seed,4.788825797428603
poisson,3763.3728151309997,mono,3260.2238805203565,-362.04375037183837,-694.4075390783013,,a_p1_d0.5,E8,E8-25d93aed137e,-503.1489346106431,-503.1489346106431,-441.1591476102567,e2e_p95_ms,5,32,-2.3679589289484246,fcfs,mixed,-13.369627707031439,-9.661486500466754,-18.915351628141675,2000,workload_seed,212.48212055522603
poisson,34.33320000000003,mono,0.21150000000034197,-24.21509999999962,-44.4659999999998,,a_p1_d0.5,E8,E8-25d93aed137e,-34.12169999999969,-34.12169999999969,-32.96399999999949,itl_p95_ms,5,32,-2.6125911020783374,fcfs,mixed,-99.38397819020557,-99.13414064994579,-99.52660735269355,2000,workload_seed,13.060482359009645
poisson,139.94469199999986,mono,0.21150000000034197,-129.55439999999948,-149.91198399999953,,a_p1_d0.5,E8,E8-25d93aed137e,-139.73319199999952,-139.73319199999952,-141.32399999999961,itl_p99_ms,5,32,-10.7564682495164,fcfs,mixed,-99.84886886599433,-99.8370141924802,-99.85911597948237,2000,workload_seed,12.990620039833408
poisson,21.46651375930223,mono,18.65934255680082,-2.4983011491205276,-3.0879007195905404,,a_p1_d0.5,E8,E8-25d93aed137e,-2.8071712025014093,-2.8071712025014093,-2.8175744102691027,request_throughput_rps,5,32,-7.343042127979741,fcfs,mixed,-13.076977631195286,-12.423065967974301,-13.66549829224246,2000,workload_seed,0.38228994925754756
poisson,2723.2626699781345,mono,2366.9172479889758,-314.8238400326144,-392.8382973441985,,a_p1_d0.5,E8,E8-25d93aed137e,-356.34542198915887,-356.34542198915887,-374.15134932353794,output_token_throughput_tps,5,32,-7.171069963399216,fcfs,mixed,-13.085238743863803,-12.437807016011105,-13.667359949562485,2000,workload_seed,49.69208553366906
poisson,16.04745669852455,mono,19.067177333369848,4.219478407016248,1.5756942122768867,,a_p1_d0.5,E8,E8-25d93aed137e,3.019720634845302,3.019720634845302,3.395653045802696,observed_request_throughput_rps,5,32,1.8045525903264183,fcfs,mixed,18.817440617384197,29.29502704305196,9.803113349130864,2000,workload_seed,1.6733902082061665
poisson,3.5273479520791162,mono,10.168229216882526,7.346523530493914,5.935238999112907,,a_p1_d0.5,E8,E8-25d93aed137e,6.64088126480341,6.64088126480341,6.67118119059531,iteration_cv,5,32,7.248840531699796,fcfs,mixed,188.2683918633287,252.07595046149578,147.44455217260418,2000,workload_seed,0.9161301363662604
poisson,1838.145793627767,mono,3354.5113823170554,1612.298823904995,1420.432353473582,,a_p1_d0.5,E8,E8-25d93aed137e,1516.3655886892886,1516.3655886892886,1549.0247673639951,max_wait_ms,5,32,12.119982519225912,fcfs,mixed,82.49430452938051,117.11474783334003,61.85505513717231,2000,workload_seed,125.11285278537984
poisson,34.8,mono,78.0,58.2,25.6,,a_p1_d0.5,E8,E8-25d93aed137e,43.2,43.2,46.0,starvation_proxy_count,5,32,2.0743834351255916,fcfs,mixed,124.13793103448279,447.0588235294119,45.695364238410605,2000,workload_seed,20.825465180878915
poisson,0.9020271278156772,mono,0.8281880290891465,-0.052379293470186127,-0.09453347715475047,,a_p1_d0.5,E8,E8-25d93aed137e,-0.07383909872653065,-0.07383909872653065,-0.07960350405716676,waiting_satisfaction_jain,5,32,-2.650160414100877,fcfs,mixed,-8.185906659518915,-6.168431213696568,-10.201749471329935,2000,workload_seed,0.027862124244875993
poisson,1728.1376077802063,mono,3219.9703150334694,1584.345386540782,1396.6703779727084,,a_p1_d0.5,E8,E8-25d93aed137e,1491.8327072532632,1491.8327072532632,1526.6864398253751,short_prompt_ttft_p95_ms,5,32,12.39158437417748,fcfs,mixed,86.32603680036355,126.53702346442017,63.13412546055248,2000,workload_seed,120.39079606011131
poisson,1712.627006202621,mono,3151.0536930668395,1558.6823313268674,1300.0903600007964,,a_p1_d0.5,E8,E8-25d93aed137e,1438.4266868642187,1438.4266868642187,1473.5856120055123,long_prompt_ttft_p95_ms,5,32,8.751997298747105,fcfs,mixed,83.98948992715103,123.10075776644207,60.76242675253769,2000,workload_seed,164.35410544175295
poisson,50.267100000000006,mono,0.2115000000000009,-0.9611999999999981,-110.2104,,a_p1_d0.5,E8,E8-25d93aed137e,-50.055600000000005,-50.055600000000005,-3.6179999999999986,primer_max_itl_ms,5,32,-0.7169508602161003,fcfs,mixed,-99.57924765900559,-81.96469685341509,-99.80846190837144,2000,workload_seed,69.81733725085769
poisson,70.0,mono,59.4,-5.4,-14.6,,a_p1_d0.5,E8,E8-25d93aed137e,-10.6,-10.6,-13.0,backlog_at_arrival_end,5,32,-1.8368925320154619,fcfs,mixed,-15.142857142857146,-8.910891089108908,-21.2624584717608,2000,workload_seed,5.770615218501403
poisson,0.9914039116522881,mono,0.9951081901100629,0.0063378469831327335,0.001070709932416669,,a_p1_d0.5,E8,E8-25d93aed137e,0.003704278457774701,0.003704278457774701,0.005353549663065005,server_busy_fraction,5,32,1.0681166792323413,fcfs,mixed,0.3736396855244628,0.6441696580450351,0.10718575809749442,2000,workload_seed,0.003468046637411352
poisson,0.7860726807832678,mono,0.03125,-0.6902532237630459,-0.8088771777528523,,a_p1_d0.5,E8,E8-25d93aed137e,-0.7548226807832678,-0.7548226807832678,-0.7748279231714952,batch_slot_occupancy,5,32,-9.570496508900854,fcfs,mixed,-96.02454063549676,-95.66876502131014,-96.28032507130806,2000,workload_seed,0.07886975143674725
poisson,1715.047894251879,mono,1754.378110434311,154.06953626188027,-100.67211249834995,,a_p0.5_d2,E8,E8-47be6e7bfc8c,39.33021618243215,39.33021618243215,80.21691159957527,ttft_p50_ms,5,32,0.2437268297426333,chunk_512,mixed,2.2932430233727263,9.130265681630267,-5.7551324139120785,2000,workload_seed,161.37007248633003
poisson,5109.259743057226,mono,5159.09483086706,190.26019154156265,-91.72209989351123,,a_p0.5_d2,E8,E8-47be6e7bfc8c,49.83508780983457,49.83508780983457,-46.900199999973665,ttft_p95_ms,5,32,0.26765451929738465,chunk_512,mixed,0.9753876357050162,4.131339585742455,-1.5966468831906777,2000,workload_seed,186.191841410546
poisson,5424.564286267641,mono,5349.949498674004,24.500746351031193,-189.39147164060813,,a_p0.5_d2,E8,E8-47be6e7bfc8c,-74.61478759363781,-74.61478759363781,-38.58565966010792,ttft_p99_ms,5,32,-0.5129958954063476,chunk_512,mixed,-1.3754982641191238,0.47929563581339263,-3.495064938201009,2000,workload_seed,145.44909279349093
poisson,26.297419736860455,mono,21.79311736031203,-3.1499416652892456,-6.193832014765966,,a_p0.5_d2,E8,E8-47be6e7bfc8c,-4.504302376548421,-4.504302376548421,-4.375341684169978,tpot_p95_ms,5,32,-2.335803103808767,chunk_512,mixed,-17.12830544448759,-12.534383405756277,-22.305937446375523,2000,workload_seed,1.92837417212251
poisson,29.295366248603138,mono,22.3713323692929,-4.761441248609012,-9.56159173311362,,a_p0.5_d2,E8,E8-47be6e7bfc8c,-6.9240338793102385,-6.9240338793102385,-5.498415107692022,tpot_p99_ms,5,32,-2.2974329644459286,chunk_512,mixed,-23.635252826512755,-17.42184075203157,-30.00108181581004,2000,workload_seed,3.0138132369751673
poisson,8817.974426866556,mono,8356.289873624231,-323.1019613109405,-596.72272838879,,a_p0.5_d2,E8,E8-47be6e7bfc8c,-461.68455324232457,-461.68455324232457,-513.5438065547205,e2e_p95_ms,5,32,-2.611153884273395,chunk_512,mixed,-5.235721163305563,-3.455418282709477,-7.184494246379858,2000,workload_seed,176.81246441390698
poisson,35.73479999999999,mono,23.46919999999991,-8.915800000000127,-16.946599999999854,,a_p0.5_d2,E8,E8-47be6e7bfc8c,-12.265600000000086,-12.265600000000086,-10.634000000000015,itl_p95_ms,5,32,-2.3416401242099614,chunk_512,mixed,-34.32396431489777,-27.53064690443142,-42.09854277523542,2000,workload_seed,5.238038020098558
poisson,86.6268,mono,24.11399999999994,-56.5634,-68.40420000000022,,a_p0.5_d2,E8,E8-47be6e7bfc8c,-62.51280000000006,-62.51280000000006,-67.15299999999979,itl_p99_ms,5,32,-7.98399976726997,chunk_512,mixed,-72.1633489866878,-70.11058859110489,-73.93593909090337,2000,workload_seed,7.82975974727208
poisson,11.191996613837766,mono,11.490479272456202,0.3837866498512206,0.21317866738565172,,a_p0.5_d2,E8,E8-47be6e7bfc8c,0.29848265861843615,0.29848265861843615,0.34455063241020056,request_throughput_rps,5,32,2.6553460285393555,chunk_512,mixed,2.6669294936114696,3.4291327224153845,1.9448759645544822,2000,workload_seed,0.11240819667583006
poisson,1417.5919033441064,mono,1455.013109193882,48.22911795687683,27.45450880188364,,a_p0.5_d2,E8,E8-47be6e7bfc8c,37.421205849775426,37.421205849775426,39.52641786180766,output_token_throughput_tps,5,32,2.844378910363461,chunk_512,mixed,2.639772826121445,3.4413591222453688,1.9153388831388174,2000,workload_seed,13.156195791436824
poisson,9.375364157581833,mono,10.18589792967159,1.2381605267718154,0.3829070174076957,,a_p0.5_d2,E8,E8-47be6e7bfc8c,0.8105337720897555,0.8105337720897555,0.8759722245832666,observed_request_throughput_rps,5,32,1.499853725928258,chunk_512,mixed,8.645357753216242,14.871459673496101,3.910579404194725,2000,workload_seed,0.5404085465655105
poisson,1.0868385270292644,mono,0.7866824463644224,-0.24550089098626762,-0.3548112703434164,,a_p0.5_d2,E8,E8-47be6e7bfc8c,-0.30015608066484206,-0.30015608066484206,-0.32218997733775423,iteration_cv,5,32,-4.280010620971278,chunk_512,mixed,-27.617357427076183,-23.71286032062587,-31.77620280725373,2000,workload_seed,0.07012975135952504
poisson,5510.358318545502,mono,5367.69887253988,-7.517443672741706,-341.0369184139263,,a_p0.5_d2,E8,E8-47be6e7bfc8c,-142.65944600562162,-142.65944600562162,-90.78199999999197,max_wait_ms,5,32,-0.6238069856497819,chunk_512,mixed,-2.5889322936675785,-0.1497646230308697,-6.23289826179835,2000,workload_seed,228.6916454727129
poisson,71.2,mono,73.6,6.4,-0.8,,a_p0.5_d2,E8,E8-47be6e7bfc8c,2.4,2.4,1.0,starvation_proxy_count,5,32,0.5393598899705936,chunk_512,mixed,3.3707865168539186,8.398950131233573,-1.1428571428571344,2000,workload_seed,4.449719092257398
poisson,0.7169956275679918,mono,0.7306376554392605,0.0173180301416581,0.009034433800769315,,a_p0.5_d2,E8,E8-47be6e7bfc8c,0.013642027871268536,0.013642027871268536,0.014223447652948251,waiting_satisfaction_jain,5,32,2.4309870211559343,chunk_512,mixed,1.9026654203654791,2.419689432837159,1.199018805831864,2000,workload_seed,0.005611723860533715
poisson,5131.180858632642,mono,5145.897743416726,144.28364744764878,-118.63903915943138,,a_p0.5_d2,E8,E8-47be6e7bfc8c,14.716884784084323,14.716884784084323,-11.458799999973962,short_prompt_ttft_p95_ms,5,32,0.08770314846096147,chunk_512,mixed,0.2868128251477309,3.2884613992291367,-2.0489601982330186,2000,workload_seed,167.80338040697728
poisson,4857.054107109116,mono,5020.891996303637,279.0710891945213,12.946609194524171,,a_p0.5_d2,E8,E8-47be6e7bfc8c,163.83788919452127,163.83788919452127,189.26680000002307,long_prompt_ttft_p95_ms,5,32,0.9461765025655644,chunk_512,mixed,3.3731946480628494,6.597175778351816,0.24239620143846619,2000,workload_seed,173.15785030623107
poisson,33.398399999999974,mono,8.981200000000003,-3.3048,-49.11299999999991,,a_p0.5_d2,E8,E8-47be6e7bfc8c,-24.417199999999973,-24.417199999999973,-13.149000000000001,primer_max_itl_ms,5,32,-0.8350435219478641,chunk_512,mixed,-73.10889144390147,-49.38668175690297,-79.79096490392527,2000,workload_seed,29.24063160569547
poisson,94.2,mono,91.4,-1.4,-4.2,,a_p0.5_d2,E8,E8-47be6e7bfc8c,-2.8,-2.8,-3.0,backlog_at_arrival_end,5,32,-1.5652475842498528,chunk_512,mixed,-2.972399150743099,-1.5801354401805745,-4.208416833667339,2000,workload_seed,1.7888543819998317
poisson,0.9992121956143448,mono,0.9991902992254353,4.085620730620576e-15,-6.56891667325743e-05,,a_p0.5_d2,E8,E8-47be6e7bfc8c,-2.1896388909636854e-05,-2.1896388909636854e-05,1.3322676295501878e-15,server_busy_fraction,5,32,-0.44721359546424433,chunk_512,mixed,-0.0021913652581084797,3.9968028886505635e-13,-0.00658447851641375,2000,workload_seed,4.89618140676305e-05
poisson,0.8510692148107823,mono,0.7593686347674948,-0.0628414123158654,-0.12234742431831744,,a_p0.5_d2,E8,E8-47be6e7bfc8c,-0.09170058004328752,-0.09170058004328752,-0.09518731284556525,batch_slot_occupancy,5,32,-2.3133826188679474,chunk_512,mixed,-10.774749978904508,-7.295660978696549,-14.580348185065183,2000,workload_seed,0.03963917567953422
poisson,1715.047894251879,mono,3404.537022680066,2052.125124905774,1318.5258403183975,,a_p0.5_d2,E8,E8-47be6e7bfc8c,1689.4891284281875,1689.4891284281875,1837.3890000002953,ttft_p50_ms,5,32,3.5758529710079316,fcfs,mixed,98.5097345730487,150.61260327217477,64.45614586365768,2000,workload_seed,472.4716430250678
poisson,5109.259743057226,mono,6679.560660580525,1764.1050243359484,1448.6226863192944,,a_p0.5_d2,E8,E8-47be6e7bfc8c,1570.300917523299,1570.300917523299,1490.9197131806923,ttft_p95_ms,5,32,7.313739038437327,fcfs,mixed,30.734411568273078,37.05646057419989,25.468880642508296,2000,workload_seed,214.70562584617645
poisson,5424.564286267641,mono,6928.551392959815,1713.286959572706,1339.1239768058772,,a_p0.5_d2,E8,E8-47be6e7bfc8c,1503.9871066921735,1503.9871066921735,1447.1543553005868,ttft_p99_ms,5,32,6.431098354667603,fcfs,mixed,27.7254914371563,33.01472194962673,23.2625424293063,2000,workload_seed,233.86162421238672
poisson,26.297419736860455,mono,0.5460000000002765,-24.665956315127097,-27.237656037351105,,a_p0.5_d2,E8,E8-47be6e7bfc8c,-25.75141973686018,-25.75141973686018,-25.481509499999557,tpot_p95_ms,5,32,-15.270678633598578,fcfs,mixed,-97.9237506741585,-97.83436083588376,-98.03481586704696,2000,workload_seed,1.6863310632575197
poisson,29.295366248603138,mono,0.5460000000002765,-26.76441955216735,-31.304943259298238,,a_p0.5_d2,E8,E8-47be6e7bfc8c,-28.74936624860286,-28.74936624860286,-27.241988636363086,tpot_p99_ms,5,32,-10.114111874456437,fcfs,mixed,-98.13622401793215,-98.00076304592346,-98.28576505394113,2000,workload_seed,2.842500320884372
poisson,8817.974426866556,mono,6736.968214053757,-1756.833327863046,-2405.1790977625537,,a_p0.5_d2,E8,E8-47be6e7bfc8c,-2081.0062128127997,-2081.0062128127997,-2003.840658274983,e2e_p95_ms,5,32,-4.965401667857344,fcfs,mixed,-23.599594556232784,-20.334812972526052,-26.587840110124006,2000,workload_seed,419.10128364515367
poisson,35.73479999999999,mono,0.5460000000002765,-31.83899999999976,-39.70859999999957,,a_p0.5_d2,E8,E8-47be6e7bfc8c,-35.188799999999716,-35.188799999999716,-33.39599999999973,itl_p95_ms,5,32,-6.721500175027476,fcfs,mixed,-98.47207763860362,-98.31403427512653,-98.64363327420897,2000,workload_seed,5.235259850284222
poisson,86.6268,mono,0.5460000000002765,-80.13139999999967,-91.97219999999979,,a_p0.5_d2,E8,E8-47be6e7bfc8c,-86.08079999999973,-86.08079999999973,-90.72099999999955,itl_p99_ms,5,32,-10.994053812441889,fcfs,mixed,-99.36971006663033,-99.32323054535685,-99.40984584654665,2000,workload_seed,7.8297597472719955
poisson,11.191996613837766,mono,12.170052916605846,1.0311265254390256,0.9172889123482882,,a_p0.5_d2,E8,E8-47be6e7bfc8c,0.9780563027680795,0.9780563027680795,0.9958526007105153,request_throughput_rps,5,32,13.21978063952172,fcfs,mixed,8.738890266986065,9.283105823341131,8.216681142961345,2000,workload_seed,0.0739843065053661
poisson,1417.5919033441064,mono,1541.8428875760023,133.3825941628084,115.1193743009832,,a_p0.5_d2,E8,E8-47be6e7bfc8c,124.25098423189579,124.25098423189579,122.91819911166726,output_token_throughput_tps,5,32,10.861369566783026,fcfs,mixed,8.764933260325991,9.305315595973184,8.212361322959637,2000,workload_seed,11.439716093621245
poisson,9.375364157581833,mono,12.449209302461309,3.8556039212227993,2.2801569738296905,,a_p0.5_d2,E8,E8-47be6e7bfc8c,3.073845144879475,3.073845144879475,3.686844022592215,observed_request_throughput_rps,5,32,2.716218704992585,fcfs,mixed,32.786408007348335,46.11847084614862,20.96637530177734,2000,workload_seed,1.1316633447923576
poisson,1.0868385270292644,mono,3.283995853390448,2.4286527191379874,1.9716095762593213,,a_p0.5_d2,E8,E8-47be6e7bfc8c,2.1971573263611837,2.1971573263611837,2.2986200602548386,iteration_cv,5,32,7.11182410822456,fcfs,mixed,202.1604195764789,243.20334091317036,169.72708641636643,2000,workload_seed,0.30894427265436064
poisson,5510.358318545502,mono,6956.183861640931,1627.777330907997,1254.2795459207794,,a_p0.5_d2,E8,E8-47be6e7bfc8c,1445.825543095429,1445.825543095429,1419.4484037020993,max_wait_ms,5,32,6.019312740523052,fcfs,mixed,26.23832171184588,30.844893947229735,22.10347699903974,2000,workload_seed,240.1977776236616
poisson,71.2,mono,107.4,42.0,31.0,,a_p0.5_d2,E8,E8-47be6e7bfc8c,36.2,36.2,35.0,starvation_proxy_count,5,32,4.850438170808184,fcfs,mixed,50.84269662921348,68.85245901639345,39.54081632653062,2000,workload_seed,7.463243262818116
poisson,0.7169956275679918,mono,0.6951822274642615,0.0020075445222049516,-0.045634344729665724,,a_p0.5_d2,E8,E8-47be6e7bfc8c,-0.021813400103730386,-0.021813400103730386,-0.002599757423291549,waiting_satisfaction_jain,5,32,-0.6487913448710617,fcfs,mixed,-3.042333769554517,0.29036073404618,-6.145257082672884,2000,workload_seed,0.03362159541148857
poisson,5131.180858632642,mono,6679.956359512867,1751.4045333096317,1422.455810609964,,a_p0.5_d2,E8,E8-47be6e7bfc8c,1548.7755008802246,1548.7755008802246,1463.6849121066198,short_prompt_ttft_p95_ms,5,32,6.893746921202719,fcfs,mixed,30.183607702593072,36.59575189893904,24.693741776423337,2000,workload_seed,224.66381759921313
poisson,4857.054107109116,mono,6442.508455409555,1776.777531305046,1390.2892000016132,,a_p0.5_d2,E8,E8-47be6e7bfc8c,1585.4543483004386,1585.4543483004386,1577.301527365993,long_prompt_ttft_p95_ms,5,32,6.8502106288554145,fcfs,mixed,32.6423036132099,38.24391551594326,28.152766368662398,2000,workload_seed,231.44607285825143
poisson,33.398399999999974,mono,0.5460000000000018,-7.727110000000029,-65.86819999999992,,a_p0.5_d2,E8,E8-47be6e7bfc8c,-32.852399999999975,-32.852399999999975,-18.684999999999995,primer_max_itl_ms,5,32,-0.8740001994049763,fcfs,mixed,-98.36519114688129,-93.40014206114746,-99.17788665676918,2000,workload_seed,37.58854977649439
poisson,94.2,mono,83.4,-8.0,-13.2,,a_p0.5_d2,E8,E8-47be6e7bfc8c,-10.8,-10.8,-12.0,backlog_at_arrival_end,5,32,-3.030553079638094,fcfs,mixed,-11.46496815286624,-9.090909090909093,-13.279678068410462,2000,workload_seed,3.5637059362410923
poisson,0.9992121956143448,mono,0.9991441028084287,-1.9986234889302069e-13,-0.00020427841732526542,,a_p0.5_d2,E8,E8-47be6e7bfc8c,-6.80928059161534e-05,-6.80928059161534e-05,-2.227107387398064e-13,server_busy_fraction,5,32,-0.4472135968928395,fcfs,mixed,-0.006814649202135925,-1.9984014443252818e-11,-0.02047623553701472,2000,workload_seed,0.00015226014233299279
poisson,0.8510692148107823,mono,0.03125,-0.8081897851783697,-0.8328475623893186,,a_p0.5_d2,E8,E8-47be6e7bfc8c,-0.8198192148107823,-0.8198192148107823,-0.8168907096734475,batch_slot_occupancy,5,32,-52.2547684252175,fcfs,mixed,-96.32814823328467,-96.27727913880567,-96.3835102238235,2000,workload_seed,0.015688888105667077
poisson,2369.1208549035086,mono,2390.5082133332367,54.64812865474305,-21.30120419487853,,a_p2_d0.5,E8,E8-4aca8fb9bcdf,21.387358429727783,21.387358429727783,37.939699130185545,ttft_p50_ms,5,32,0.43667563563335643,chunk_512,mixed,0.9027550614592483,1.902917754314437,-1.0400293566169339,2000,workload_seed,48.977677444053995
poisson,5046.704369643538,mono,5056.563824076822,39.281349239898006,-22.21542699094298,,a_p2_d0.5,E8,E8-4aca8fb9bcdf,9.85945443328419,9.85945443328419,14.735300081936657,ttft_p95_ms,5,32,0.2508877674029606,chunk_512,mixed,0.19536421615242716,0.909107444734758,-0.4102350231087737,2000,workload_seed,39.298266851920836
poisson,5210.410806033514,mono,5212.205784457065,30.41527213139916,-26.514294475591306,,a_p2_d0.5,E8,E8-4aca8fb9bcdf,1.7949784235522201,1.7949784235522201,1.9552865038858727,ttft_p99_ms,5,32,0.04842671275701214,chunk_512,mixed,0.034449844558759324,0.6700537318029554,-0.5053201016243403,2000,workload_seed,37.065873799007946
poisson,39.11380765318611,mono,20.73281447419648,-15.604064235096455,-21.548337715741575,,a_p2_d0.5,E8,E8-4aca8fb9bcdf,-18.38099317898962,-18.38099317898962,-16.54001223705054,tpot_p95_ms,5,32,-4.878645436099038,chunk_512,mixed,-46.99361755309026,-43.21133616361939,-50.7468834642913,2000,workload_seed,3.7676427647275488
poisson,52.660599154769976,mono,22.172979197214516,-27.700510594475542,-33.3960530453238,,a_p2_d0.5,E8,E8-4aca8fb9bcdf,-30.487619957555456,-30.487619957555456,-29.815315256293527,tpot_p99_ms,5,32,-8.24487135162561,chunk_512,mixed,-57.894555791042315,-55.504320665477756,-59.92236936322326,2000,workload_seed,3.697767819208522
poisson,7292.357801355785,mono,6933.790787528202,-178.85590978310012,-581.4946483753913,,a_p2_d0.5,E8,E8-4aca8fb9bcdf,-358.56701382758456,-358.56701382758456,-325.0685033049449,e2e_p95_ms,5,32,-1.44587162073231,chunk_512,mixed,-4.917024419192916,-2.5339119701642043,-7.0263187385860455,2000,workload_seed,247.9936729417072
poisson,74.58777999999921,mono,23.222299999999812,-35.96540000000041,-70.25393999999763,,a_p2_d0.5,E8,E8-4aca8fb9bcdf,-51.3654799999994,-51.3654799999994,-50.97600000000057,itl_p95_ms,5,32,-2.2903030362775545,chunk_512,mixed,-68.86581153105769,-60.806392166012856,-75.15700246394115,2000,workload_seed,22.42737279145561
poisson,282.52983999999293,mono,23.383499999999913,-242.7414799999858,-275.55120000000016,,a_p2_d0.5,E8,E8-4aca8fb9bcdf,-259.146339999993,-259.146339999993,-271.83600000000024,itl_p99_ms,5,32,-11.921854396861406,chunk_512,mixed,-91.72352909696176,-91.21333893571315,-92.17772309470934,2000,workload_seed,21.737083122590132
poisson,13.721393239830695,mono,13.82355291341654,0.11971360624146143,0.0841968859172764,,a_p2_d0.5,E8,E8-4aca8fb9bcdf,0.10215967358584521,0.10215967358584521,0.11050808596587913,request_throughput_rps,5,32,4.448705431171245,chunk_512,mixed,0.7445284294403498,0.8810444152154817,0.6148828413455432,2000,workload_seed,0.02296391055025391
poisson,1741.2799828745744,mono,1754.115838456631,14.35963957334161,11.071018803865808,,a_p2_d0.5,E8,E8-4aca8fb9bcdf,12.835855582056865,12.835855582056865,14.13083394531941,output_token_throughput_tps,5,32,6.095578319351225,chunk_512,mixed,0.7371505851038851,0.8832259246193352,0.6101991800184781,2000,workload_seed,2.105765016800413
poisson,7.388571552843132,mono,8.72762025560522,2.1077929999620695,0.7023692762695655,,a_p2_d0.5,E8,E8-4aca8fb9bcdf,1.3390487027620874,1.3390487027620874,1.4284671971071683,observed_request_throughput_rps,5,32,1.424733782917235,chunk_512,mixed,18.123241998608265,39.81068731359749,7.363895633812301,2000,workload_seed,0.9398588836858337
poisson,3.8922738558561347,mono,1.21210934416318,-2.4029809946823866,-2.9680515415155933,,a_p2_d0.5,E8,E8-4aca8fb9bcdf,-2.6801645116929547,-2.6801645116929547,-2.6970873549841947,iteration_cv,5,32,-7.273195188777632,chunk_512,mixed,-68.85858012432767,-66.97366573322039,-71.32187298812211,2000,workload_seed,0.36849891170642374
poisson,5203.286679056486,mono,5202.671561838345,27.919475539794984,-37.600300000008794,,a_p2_d0.5,E8,E8-4aca8fb9bcdf,-0.6151172181410403,-0.6151172181410403,7.5679999999993015,max_wait_ms,5,32,-0.014278744076915893,chunk_512,mixed,-0.011821705319770004,0.6156281744273517,-0.7094338985197846,2000,workload_seed,43.079224253026965
poisson,84.2,mono,87.6,8.2,0.0,,a_p2_d0.5,E8,E8-4aca8fb9bcdf,3.4,3.4,0.0,starvation_proxy_count,5,32,0.6448467555392493,chunk_512,mixed,4.0380047505938155,8.654926593214283,0.0,2000,workload_seed,5.272570530585627
poisson,0.7484447408238947,mono,0.7492263090747,0.0026232187791743523,-0.0002050941162515363,,a_p2_d0.5,E8,E8-4aca8fb9bcdf,0.000781568250805309,0.000781568250805309,-9.923103311015868e-05,waiting_satisfaction_jain,5,32,0.37956061291664,chunk_512,mixed,0.10442564536494725,0.34790326285230044,-0.027486224814388116,2000,workload_seed,0.0020591395002751743
poisson,5033.51792087152,mono,5042.876424049073,36.417376355108175,-23.668895000003612,,a_p2_d0.5,E8,E8-4aca8fb9bcdf,9.358503177553029,9.358503177553029,24.63690000000588,short_prompt_ttft_p95_ms,5,32,0.24809156885299755,chunk_512,mixed,0.18592370832231087,0.8552389754011847,-0.4259259086233147,2000,workload_seed,37.721971854264225
poisson,4909.339243567565,mono,4953.817358567567,81.6315950000031,0.6993350000004284,,a_p2_d0.5,E8,E8-4aca8fb9bcdf,44.47811500000289,44.47811500000289,46.84680000000526,long_prompt_ttft_p95_ms,5,32,0.8575045838897226,chunk_512,mixed,0.9059898449323756,1.9209067683324532,0.012882243320255782,2000,workload_seed,51.86924459137689
poisson,122.97520000000006,mono,11.69119999999998,0.0,-223.26000000000005,,a_p2_d0.5,E8,E8-4aca8fb9bcdf,-111.28400000000008,-111.28400000000008,0.0,primer_max_itl_ms,5,32,-0.7302732121518252,chunk_512,mixed,-90.49304249962596,0.0,-92.92749497646426,2000,workload_seed,152.38680284066606
poisson,101.0,mono,96.4,-2.6,-7.0,,a_p2_d0.5,E8,E8-4aca8fb9bcdf,-4.6,-4.6,-5.0,backlog_at_arrival_end,5,32,-1.5506596836654567,chunk_512,mixed,-4.554455445544548,-2.57936507936507,-6.566604127579733,2000,workload_seed,2.9664793948382653
poisson,0.9984177744874497,mono,0.9984067259732248,0.0,-3.10297401475923e-05,,a_p2_d0.5,E8,E8-4aca8fb9bcdf,-1.104851422490949e-05,-1.104851422490949e-05,0.0,server_busy_fraction,5,32,-0.5052232034830175,chunk_512,mixed,-0.0011066023169137296,0.0,-0.003115366972972211,2000,workload_seed,2.186858035961302e-05
poisson,0.8512309593807361,mono,0.7434161212521966,-0.0805812825058417,-0.14121148802254235,,a_p2_d0.5,E8,E8-4aca8fb9bcdf,-0.10781483812853938,-0.10781483812853938,-0.10239401684701699,batch_slot_occupancy,5,32,-2.8027565301649244,chunk_512,mixed,-12.665756213445755,-9.389086965643001,-16.430939037478854,2000,workload_seed,0.03846742910708522
poisson,2369.1208549035086,mono,3353.9876690029364,1114.4254824542031,845.1632493254131,,a_p2_d0.5,E8,E8-4aca8fb9bcdf,984.8668140994278,984.8668140994278,1051.820235469134,ttft_p50_ms,5,32,5.697737868111128,fcfs,mixed,41.570982419955115,62.15202028110043,30.539210927642824,2000,workload_seed,172.85225064696132
poisson,5046.704369643538,mono,6547.6274347467015,1588.653732572459,1413.192397633867,,a_p2_d0.5,E8,E8-4aca8fb9bcdf,1500.9230651031628,1500.9230651031628,1538.8108480227875,ttft_p95_ms,5,32,12.873874801325904,fcfs,mixed,29.74065756915296,35.91186432715341,24.33167270847636,2000,workload_seed,116.58673773560234
poisson,5210.410806033514,mono,6732.745771762611,1626.0946260788044,1418.575305379391,,a_p2_d0.5,E8,E8-4aca8fb9bcdf,1522.3349657290978,1522.3349657290978,1522.4287699980168,ttft_p99_ms,5,32,11.531287950073713,fcfs,mixed,29.217177347442068,35.83092023644263,23.640602881804938,2000,workload_seed,132.01777393126034
poisson,39.11380765318611,mono,0.21150000000034197,-35.899543120748774,-42.27469685690653,,a_p2_d0.5,E8,E8-4aca8fb9bcdf,-38.902307653185765,-38.902307653185765,-36.606552256944084,tpot_p95_ms,5,32,-9.539603297535024,fcfs,mixed,-99.45927023552483,-99.41430658955733,-99.50219126293494,2000,workload_seed,4.077979601440857
poisson,52.660599154769976,mono,0.21150000000034197,-49.72635722499964,-55.558577206617294,,a_p2_d0.5,E8,E8-4aca8fb9bcdf,-52.449099154769634,-52.449099154769634,-51.47773301282018,tpot_p99_ms,5,32,-14.00644945458046,fcfs,mixed,-99.59837145153108,-99.57647361790593,-99.62076437653695,2000,workload_seed,3.7446391624693627
poisson,7292.357801355785,mono,6572.005275539892,-478.6183684536392,-962.0866831781486,,a_p2_d0.5,E8,E8-4aca8fb9bcdf,-720.352525815894,-720.352525815894,-741.4544484911485,e2e_p95_ms,5,32,-2.291518815007389,fcfs,mixed,-9.878184058412032,-6.112759637745757,-14.120013658320419,2000,workload_seed,314.35592895778655
poisson,74.58777999999921,mono,0.21150000000034197,-58.935899999999855,-93.26473999999709,,a_p2_d0.5,E8,E8-4aca8fb9bcdf,-74.37627999999887,-74.37627999999887,-73.94650000000001,itl_p95_ms,5,32,-3.314914022146323,fcfs,mixed,-99.71644148679536,-99.64241877073152,-99.7737392946054,2000,workload_seed,22.436865482213054
poisson,282.52983999999293,mono,0.21150000000034197,-265.9134799999854,-298.72319999999974,,a_p2_d0.5,E8,E8-4aca8fb9bcdf,-282.3183399999926,-282.3183399999926,-295.0079999999998,itl_p99_ms,5,32,-12.9878667900292,fcfs,mixed,-99.92514065062991,-99.92052606260398,-99.929248762355,2000,workload_seed,21.737083122590132
poisson,13.721393239830695,mono,12.517211284514541,-1.0301578272374794,-1.3513027211957496,,a_p2_d0.5,E8,E8-4aca8fb9bcdf,-1.2041819553161528,-1.2041819553161528,-1.2076584655842044,request_throughput_rps,5,32,-5.747972689412098,fcfs,mixed,-8.775945228511006,-8.128023432494679,-9.38343882432151,2000,workload_seed,0.20949681224726147
poisson,1741.2799828745744,mono,1588.0953205974274,-128.77250245847327,-177.87324361605732,,a_p2_d0.5,E8,E8-4aca8fb9bcdf,-153.18466227714703,-153.18466227714703,-153.99299039442622,output_token_throughput_tps,5,32,-5.105669184382864,fcfs,mixed,-8.797244773024016,-8.134078100720178,-9.407028133400964,2000,workload_seed,30.00285697038612
poisson,7.388571552843132,mono,13.36607382937122,7.34763185341602,4.665307879018317,,a_p2_d0.5,E8,E8-4aca8fb9bcdf,5.977502276528087,5.977502276528087,6.570949106692971,observed_request_throughput_rps,5,32,3.3106472681118677,fcfs,mixed,80.90200160852388,143.16180363028056,49.44347471846617,2000,workload_seed,1.8055388546231876
poisson,3.8922738558561347,mono,13.572932501382748,10.157022529331853,9.239102091522513,,a_p2_d0.5,E8,E8-4aca8fb9bcdf,9.680658645526615,9.680658645526615,9.530242820390123,iteration_cv,5,32,16.01256717315322,fcfs,mixed,248.71473601379677,296.680843268562,211.70941610239268,2000,workload_seed,0.6045663097518351
poisson,5203.286679056486,mono,6735.7604182849755,1641.106468665036,1423.8410097919427,,a_p2_d0.5,E8,E8-4aca8fb9bcdf,1532.4737392284892,1532.4737392284892,1529.1424999980018,max_wait_ms,5,32,11.217412691899105,fcfs,mixed,29.45203356556887,36.15740441792259,23.80230200754343,2000,workload_seed,136.6156155006402
poisson,84.2,mono,104.4,25.4,13.8,,a_p2_d0.5,E8,E8-4aca8fb9bcdf,20.2,20.2,23.0,starvation_proxy_count,5,32,2.7694629103907626,fcfs,mixed,23.990498812351557,32.992327365728904,15.97222222222221,2000,workload_seed,7.293833011524188
poisson,0.7484447408238947,mono,0.6939930642919199,-0.038198405373338205,-0.07242874989073114,,a_p2_d0.5,E8,E8-4aca8fb9bcdf,-0.05445167653197473,-0.05445167653197473,-0.042901746371267646,waiting_satisfaction_jain,5,32,-2.382370016395054,fcfs,mixed,-7.2753101948493715,-5.313954499267693,-9.560359177830048,2000,workload_seed,0.022856095466803145
poisson,5033.51792087152,mono,6530.014194886099,1581.8343400002352,1411.1582080289227,,a_p2_d0.5,E8,E8-4aca8fb9bcdf,1496.4962740145788,1496.4962740145788,1525.8600999979453,short_prompt_ttft_p95_ms,5,32,13.18133770561285,fcfs,mixed,29.730623741485985,36.23816106619182,24.13214069544658,2000,workload_seed,113.53144175779245
poisson,4909.339243567565,mono,6363.2050775825355,1570.0441450005724,1320.8769670442227,,a_p2_d0.5,E8,E8-4aca8fb9bcdf,1453.865834014971,1453.865834014971,1488.8783249984426,long_prompt_ttft_p95_ms,5,32,9.21023587658427,fcfs,mixed,29.61428742004111,36.483579873396764,24.0657240045284,2000,workload_seed,157.8532682003531
poisson,122.97520000000006,mono,0.2115000000000009,-4.350099999999999,-241.17730000000012,,a_p2_d0.5,E8,E8-4aca8fb9bcdf,-122.76370000000006,-122.76370000000006,-7.278500000000001,primer_max_itl_ms,5,32,-0.7601309088272815,fcfs,mixed,-99.82801410365667,-95.36346895826024,-99.91238201606703,2000,workload_seed,161.503365505026
poisson,101.0,mono,80.0,-17.4,-24.6,,a_p2_d0.5,E8,E8-4aca8fb9bcdf,-21.0,-21.0,-23.0,backlog_at_arrival_end,5,32,-4.286607049870562,fcfs,mixed,-20.79207920792079,-18.74999999999999,-22.527472527472536,2000,workload_seed,4.898979485566356
poisson,0.9984177744874497,mono,0.9989070253402567,0.0012579182763782226,-3.2462921240039575e-14,,a_p2_d0.5,E8,E8-4aca8fb9bcdf,0.0004892508528068662,0.0004892508528068662,0.0,server_busy_fraction,5,32,0.5878007576081331,fcfs,mixed,0.0490026184738257,0.12608824760844684,-3.2529534621517087e-12,2000,workload_seed,0.0008323413103407961
poisson,0.8512309593807361,mono,0.03125,-0.8063359260026044,-0.833372738318334,,a_p2_d0.5,E8,E8-4aca8fb9bcdf,-0.8199809593807361,-0.8199809593807361,-0.8263400846647188,batch_slot_occupancy,5,32,-47.05776380964637,fcfs,mixed,-96.32884593122246,-96.26903950629385,-96.38570689676976,2000,workload_seed,0.017424987780924862
poisson,2599.805511292331,mono,2628.639454953949,161.71419994423377,-158.41174712879427,,a_p1_d2,E8,E8-7ea095234336,28.83394366161774,28.83394366161774,87.1849997211566,ttft_p50_ms,5,32,0.13832496296437827,chunk_512,mixed,1.1090807960971283,6.15191457756632,-5.524591587702887,2000,workload_seed,208.4507600341315
poisson,6823.665589940809,mono,6856.245150559264,164.21895118367866,-99.05982994676488,,a_p1_d2,E8,E8-7ea095234336,32.57956061845689,32.57956061845689,-17.06394973380884,ttft_p95_ms,5,32,0.18487131871095236,chunk_512,mixed,0.4774495494984876,2.632448827698264,-1.3717174620416994,2000,workload_seed,176.2283129996777
poisson,7145.611245740247,mono,7085.643711518717,13.34345257812456,-163.82730680656113,,a_p1_d2,E8,E8-7ea095234336,-59.96753422152997,-59.96753422152997,-41.80206146540149,ttft_p99_ms,5,32,-0.5094535280335257,chunk_512,mixed,-0.8392218966191134,0.22199640420272893,-2.2367781983346324,2000,workload_seed,117.7095278012947
poisson,34.674420592696016,mono,25.47106082226635,-7.4925852666691695,-10.914134274190157,,a_p1_d2,E8,E8-7ea095234336,-9.203359770429664,-9.203359770429664,-9.411117999999941,tpot_p95_ms,5,32,-4.08896447385663,chunk_512,mixed,-26.542216461342417,-22.682352938543115,-30.029684161122596,2000,workload_seed,2.2507800762938
poisson,41.71304481580279,mono,26.669325611096895,-12.211225380232722,-18.503732734433996,,a_p1_d2,E8,E8-7ea095234336,-15.043719204705898,-15.043719204705898,-14.506572811253559,tpot_p99_ms,5,32,-3.7306135356770427,chunk_512,mixed,-36.06478326177391,-31.234003780741592,-41.04280654326152,2000,workload_seed,4.032505393774517
poisson,10563.064737509652,mono,10102.871112141214,-340.1340932054565,-579.5176984987414,,a_p1_d2,E8,E8-7ea095234336,-460.193625368438,-460.193625368438,-518.5658139698517,e2e_p95_ms,5,32,-2.990425986173724,chunk_512,mixed,-4.356629792623357,-3.0663465913159715,-5.754737364580942,2000,workload_seed,153.88898688553056
poisson,54.17399999999998,mono,28.077199999999902,-19.337059999999948,-34.66120000000046,,a_p1_d2,E8,E8-7ea095234336,-26.096800000000076,-26.096800000000076,-25.771999999999935,itl_p95_ms,5,32,-2.6037034809302257,chunk_512,mixed,-48.17218591944491,-40.78658291355565,-55.24718513701411,2000,workload_seed,10.022953915887713
poisson,158.59959999999978,mono,28.721999999999845,-120.5655999999999,-137.61439999999985,,a_p1_d2,E8,E8-7ea095234336,-129.87759999999994,-129.87759999999994,-135.11200000000008,itl_p99_ms,5,32,-11.995587334041728,chunk_512,mixed,-81.89024436379418,-80.76062579879371,-82.7325828862475,2000,workload_seed,10.827114703373152
poisson,9.70258925942448,mono,9.934856919568599,0.2832360387601195,0.1812992815281202,,a_p1_d2,E8,E8-7ea095234336,0.23226766014411987,0.23226766014411987,0.2598747509166426,request_throughput_rps,5,32,3.5075219140575205,chunk_512,mixed,2.393872954258147,2.9338624528806756,1.8865606310213723,2000,workload_seed,0.06621987426884851
poisson,1229.3832733301733,mono,1258.5878066585867,35.24882177329723,23.481165807892967,,a_p1_d2,E8,E8-7ea095234336,29.20453332841339,29.20453332841339,29.812506581718708,output_token_throughput_tps,5,32,3.942331822310031,chunk_512,mixed,2.3755434096076167,2.959826371285512,1.8676565932804756,2000,workload_seed,7.407933843402566
poisson,7.225668627997406,mono,8.113099963116591,1.5438065349691292,0.14517770107435535,,a_p1_d2,E8,E8-7ea095234336,0.8874313351191839,0.8874313351191839,1.1427737576857346,observed_request_throughput_rps,5,32,0.9716330754244072,chunk_512,mixed,12.281650056309545,26.60558998412428,1.8752001771009885,2000,workload_seed,0.9133399814858668
poisson,1.449547655990299,mono,0.7854789961426978,-0.5870720254684885,-0.7410652942267143,,a_p1_d2,E8,E8-7ea095234336,-0.6640686598476014,-0.6640686598476014,-0.6590883762456383,iteration_cv,5,32,-6.831682819245079,chunk_512,mixed,-45.81213022582029,-42.24340164720021,-49.881753533649174,2000,workload_seed,0.09720425807487693
poisson,7228.786250896708,mono,7105.626878421567,-0.10931701104236709,-301.93880861246214,,a_p1_d2,E8,E8-7ea095234336,-123.15937247514103,-123.15937247514103,-77.73377765467376,max_wait_ms,5,32,-0.6127001628291562,chunk_512,mixed,-1.703735152770125,-0.0015407278103340971,-4.145151510570432,2000,workload_seed,201.0108368609696
poisson,79.6,mono,83.2,7.4,0.8,,a_p1_d2,E8,E8-7ea095234336,3.6,3.6,2.0,starvation_proxy_count,5,32,0.8194526164907737,chunk_512,mixed,4.522613065326642,9.523809523809534,0.9975062344139696,2000,workload_seed,4.39317652729776
poisson,0.6703084924930509,mono,0.6810166561511014,0.018716013285919587,0.005568872183431139,,a_p1_d2,E8,E8-7ea095234336,0.010708163658050518,0.010708163658050518,0.006891221286926319,waiting_satisfaction_jain,5,32,1.183244635796031,chunk_512,mixed,1.597497835395778,2.8793792219881986,0.8358749334818061,2000,workload_seed,0.009049830723167888
poisson,6825.474770174582,mono,6839.659103416736,135.2323284656233,-108.24573915944856,,a_p1_d2,E8,E8-7ea095234336,14.184333242154025,14.184333242154025,-5.403199999987919,short_prompt_ttft_p95_ms,5,32,0.08663143010566152,chunk_512,mixed,0.2078146022037375,2.2004310582650843,-1.4243377970405757,2000,workload_seed,163.7319529973574
poisson,6502.852552581899,mono,6654.620832581912,278.21848000002245,-27.610760000001754,,a_p1_d2,E8,E8-7ea095234336,151.76828000001169,151.76828000001169,234.77160000001095,long_prompt_ttft_p95_ms,5,32,0.774728046439484,chunk_512,mixed,2.333872385584912,4.865321993994209,-0.38949090118046703,2000,workload_seed,195.8987811239214
poisson,74.6848,mono,13.173600000000047,-6.306,-117.16639999999988,,a_p1_d2,E8,E8-7ea095234336,-61.51119999999994,-61.51119999999994,-24.78,primer_max_itl_ms,5,32,-0.8477939686484589,chunk_512,mixed,-82.36106945456098,-49.49894514767933,-89.39675502704142,2000,workload_seed,72.55442038359888
poisson,101.8,mono,98.8,-0.4,-5.2,,a_p1_d2,E8,E8-7ea095234336,-3.0,-3.0,-4.0,backlog_at_arrival_end,5,32,-0.9486832980505138,chunk_512,mixed,-2.946954813359526,-0.40567951318457585,-4.797047970479706,2000,workload_seed,3.1622776601683795
poisson,0.9993519736929285,mono,0.9993363209638412,3.4416913763379853e-15,-4.695818726629941e-05,,a_p1_d2,E8,E8-7ea095234336,-1.565272908716775e-05,-1.565272908716775e-05,1.887379141862766e-15,server_busy_fraction,5,32,-0.4472135954325527,chunk_512,mixed,-0.001566287904497532,3.552713678800501e-13,-0.004704965550972329,2000,workload_seed,3.50005662775707e-05
poisson,0.8670939628682752,mono,0.7693712662458833,-0.07261062286938205,-0.1256892939798024,,a_p1_d2,E8,E8-7ea095234336,-0.09772269662239215,-0.09772269662239215,-0.09809202783429449,batch_slot_occupancy,5,32,-2.7813575975766107,chunk_512,mixed,-11.270139201423268,-8.288720767898383,-14.634095252932989,2000,workload_seed,0.035134891215548
poisson,2599.805511292331,mono,4266.407561956267,2052.2787108853186,1240.314441106169,,a_p1_d2,E8,E8-7ea095234336,1666.602050663936,1666.602050663936,1916.636000000483,ttft_p50_ms,5,32,3.2221955097633943,fcfs,mixed,64.10487413096871,94.5188695022791,42.2982028056837,2000,workload_seed,517.2256139064369
poisson,6823.665589940809,mono,8351.058706819278,1724.5838686572592,1407.7745983976345,,a_p1_d2,E8,E8-7ea095234336,1527.3931168784686,1527.3931168784686,1450.1212656222551,ttft_p95_ms,5,32,6.906843358672676,fcfs,mixed,22.38376275546232,26.967188378157058,18.75538158627861,2000,workload_seed,221.14199462198252
poisson,7145.611245740247,mono,8635.953146960037,1697.4159518874644,1340.983137233005,,a_p1_d2,E8,E8-7ea095234336,1490.3419012197894,1490.3419012197894,1424.5160459906347,ttft_p99_ms,5,32,6.589137480927508,fcfs,mixed,20.856744790142834,24.481384881820656,17.79860124200292,2000,workload_seed,226.18163690371264
poisson,34.674420592696016,mono,0.5460000000002765,-32.41446219568791,-35.84237898970356,,a_p1_d2,E8,E8-7ea095234336,-34.12842059269574,-34.12842059269574,-34.402816666666276,tpot_p95_ms,5,32,-15.289455838868385,fcfs,mixed,-98.4253522029571,-98.34346983134326,-98.49952095927448,2000,workload_seed,2.2321540382055662
poisson,41.71304481580279,mono,0.5460000000002765,-38.549933604778154,-44.53798497293274,,a_p1_d2,E8,E8-7ea095234336,-41.16704481580251,-41.16704481580251,-40.58823258333306,tpot_p99_ms,5,32,-10.670471842183204,fcfs,mixed,-98.69105695254011,-98.6034353201031,-98.78892693197356,2000,workload_seed,3.8580341548776005
poisson,10563.064737509652,mono,8401.07037405398,-1841.457304894955,-2482.5314220163923,,a_p1_d2,E8,E8-7ea095234336,-2161.994363455674,-2161.994363455674,-2085.9272274875384,e2e_p95_ms,5,32,-5.307140153248607,fcfs,mixed,-20.467491369037894,-17.230401433972563,-23.240523793705602,2000,workload_seed,407.3746501931504
poisson,54.17399999999998,mono,0.5460000000002765,-46.709789999999686,-62.19239999999972,,a_p1_d2,E8,E8-7ea095234336,-53.6279999999997,-53.6279999999997,-53.141999999999825,itl_p95_ms,5,32,-5.329759779870742,fcfs,mixed,-98.99213644921868,-98.84458407114626,-99.1297195975666,2000,workload_seed,10.06199194990741
poisson,158.59959999999978,mono,0.5460000000002765,-148.74159999999966,-165.79039999999932,,a_p1_d2,E8,E8-7ea095234336,-158.0535999999995,-158.0535999999995,-163.28799999999956,itl_p99_ms,5,32,-14.597942695736007,fcfs,mixed,-99.65573683666271,-99.63426299304143,-99.67174953888609,2000,workload_seed,10.82711470337298
poisson,9.70258925942448,mono,10.470500406294448,0.8281836248336955,0.6925330599535645,,a_p1_d2,E8,E8-7ea095234336,0.7679111468699695,0.7679111468699695,0.7980682177762422,request_throughput_rps,5,32,8.92500522887684,fcfs,mixed,7.914497113479979,8.467652445789952,7.371794447343749,2000,workload_seed,0.08604041422691767
poisson,1229.3832733301733,mono,1326.8936256360362,106.61094827383394,88.4076984260111,,a_p1_d2,E8,E8-7ea095234336,97.51035230586294,97.51035230586294,100.07202400631604,output_token_throughput_tps,5,32,8.408715900508145,fcfs,mixed,7.9316478775349974,8.479674394726144,7.358197981648007,2000,workload_seed,11.596342825659066
poisson,7.225668627997406,mono,10.980459976435217,4.6946567969336455,2.6662960381272183,,a_p1_d2,E8,E8-7ea095234336,3.75479134843781,3.75479134843781,3.7140147124786367,observed_request_throughput_rps,5,32,2.720984686097832,fcfs,mixed,51.964621431559486,80.90658448851326,29.94828047530522,2000,workload_seed,1.3799384346490247
poisson,1.449547655990299,mono,5.671059387282247,4.5178226944536535,3.925200768130241,,a_p1_d2,E8,E8-7ea095234336,4.2215117312919475,4.2215117312919475,4.310490528761175,iteration_cv,5,32,10.905066848334057,fcfs,mixed,291.2295924764132,329.0666062679389,262.84148383007107,2000,workload_seed,0.3871147045684418
poisson,7228.786250896708,mono,8668.968895467038,1601.051600002565,1261.829191389916,,a_p1_d2,E8,E8-7ea095234336,1440.1826445703314,1440.1826445703314,1443.0099038625867,max_wait_ms,5,32,6.670286057314683,fcfs,mixed,19.922883241867616,23.245862786961435,17.110677428351018,2000,workload_seed,215.91017719412753
poisson,79.6,mono,110.6,33.8,28.0,,a_p1_d2,E8,E8-7ea095234336,31.0,31.0,31.0,starvation_proxy_count,5,32,8.140998837302797,fcfs,mixed,38.94472361809045,45.40540540540541,33.2541567695962,2000,workload_seed,3.8078865529319543
poisson,0.6703084924930509,mono,0.6479366759714115,0.0002456193487982983,-0.044989252392077315,,a_p1_d2,E8,E8-7ea095234336,-0.02237181652163951,-0.02237181652163951,-0.009725035569787543,waiting_satisfaction_jain,5,32,-0.7637413419575554,fcfs,mixed,-3.337540367187186,0.037866134323660816,-6.501663829619265,2000,workload_seed,0.029292399524029972
poisson,6825.474770174582,mono,8344.018469513088,1715.479422561481,1403.9358589375515,,a_p1_d2,E8,E8-7ea095234336,1518.5436993385063,1518.5436993385063,1436.2150704700161,short_prompt_ttft_p95_ms,5,32,6.8524996858655065,fcfs,mixed,22.248176873704352,27.09933218081804,18.4404750644773,2000,workload_seed,221.6043442469281
poisson,6502.852552581899,mono,8057.629915409777,1785.310048479501,1349.1164000019776,,a_p1_d2,E8,E8-7ea095234336,1554.7773628278771,1554.7773628278771,1537.1426000023193,long_prompt_ttft_p95_ms,5,32,5.942026368265127,fcfs,mixed,23.909159099887134,28.2705593655302,20.276730344748305,2000,workload_seed,261.6577689946906
poisson,74.6848,mono,0.546,-14.819910000000005,-135.93519999999998,,a_p1_d2,E8,E8-7ea095234336,-74.13879999999999,-74.13879999999999,-36.92399999999999,primer_max_itl_ms,5,32,-0.9241920723802827,fcfs,mixed,-99.26892754616736,-96.44667871568026,-99.59994490083616,2000,workload_seed,80.22012113678213
poisson,101.8,mono,88.6,-9.6,-16.0,,a_p1_d2,E8,E8-7ea095234336,-13.2,-13.2,-14.0,backlog_at_arrival_end,5,32,-3.0524821144150094,fcfs,mixed,-12.966601178781934,-10.126582278481012,-14.897579143389194,2000,workload_seed,4.324349662087931
poisson,0.9993519736929285,mono,0.9992994319758258,-1.9175772081325704e-13,-0.00015762515090940178,,a_p1_d2,E8,E8-7ea095234336,-5.254171710262767e-05,-5.254171710262767e-05,-2.0694557179012918e-13,server_busy_fraction,5,32,-0.44721359719571807,fcfs,mixed,-0.00525757875960986,-1.9162449405030202e-11,-0.015793218353843397,2000,workload_seed,0.00011748685065054801
poisson,0.8670939628682752,mono,0.03125,-0.8256273338728626,-0.8453514374093567,,a_p1_d2,E8,E8-7ea095234336,-0.8358439628682752,-0.8358439628682752,-0.8385248732687306,batch_slot_occupancy,5,32,-65.17720454863718,fcfs,mixed,-96.39600766027391,-96.35303692084395,-96.43509596649146,2000,workload_seed,0.012824176315272058
poisson,3017.146211236575,mono,3050.747732628862,89.71518231990831,-36.02016469735636,,a_p2_d1,E8,E8-80fc2ff1b809,33.60152139228749,33.60152139228749,35.87110705732675,ttft_p50_ms,5,32,0.40200101638963726,chunk_512,mixed,1.1136855505095244,2.6130530952741315,-1.2544250046971905,2000,workload_seed,83.58566277782592
poisson,6750.319396963016,mono,6770.888513117908,101.04804053826828,-59.90980822848378,,a_p2_d1,E8,E8-80fc2ff1b809,20.569116154892253,20.569116154892253,-22.357899918101793,ttft_p95_ms,5,32,0.19550316826438632,chunk_512,mixed,0.30471322829770386,1.6491733763175143,-0.7727808592451146,2000,workload_seed,105.21116530999569
poisson,6972.875345272703,mono,6954.633355953624,21.863140547764306,-61.92319521994705,,a_p2_d1,E8,E8-80fc2ff1b809,-18.241989319078492,-18.241989319078492,-27.073149999991074,ttft_p99_ms,5,32,-0.32796772372014593,chunk_512,mixed,-0.2616135871616576,0.3595251693283341,-0.864789037377911,2000,workload_seed,55.6212944132403
poisson,42.90388308572126,mono,24.746177620196708,-16.24387854045598,-20.948258545998712,,a_p2_d1,E8,E8-80fc2ff1b809,-18.15770546552456,-18.15770546552456,-17.252405885780927,tpot_p95_ms,5,32,-5.735351599530792,chunk_512,mixed,-42.321823013655326,-39.61230698743036,-45.94703837753581,2000,workload_seed,3.1659271712321946
poisson,63.19843540245105,mono,26.534300530076486,-29.92422671391105,-44.51439682044103,,a_p2_d1,E8,E8-80fc2ff1b809,-36.66413487237456,-36.66413487237456,-35.056013738445465,tpot_p99_ms,5,32,-3.9320848644565864,chunk_512,mixed,-58.01430785255264,-52.82210385831051,-62.79632539838532,2000,workload_seed,9.324349838884146
poisson,9501.932067689328,mono,9115.600568338104,-235.17431909737607,-524.3818538604686,,a_p2_d1,E8,E8-80fc2ff1b809,-386.33149935122384,-386.33149935122384,-471.3032934911771,e2e_p95_ms,5,32,-2.0909032227355806,chunk_512,mixed,-4.065820473132165,-2.505093396360314,-5.766994062922515,2000,workload_seed,184.76775737414417
poisson,79.60987999999959,mono,27.912600000000293,-37.01499999999978,-69.14863999999821,,a_p2_d1,E8,E8-80fc2ff1b809,-51.697279999999296,-51.697279999999296,-52.998999999999796,itl_p95_ms,5,32,-2.429118891078087,chunk_512,mixed,-64.93827148087594,-57.080512591175726,-71.24227961645585,2000,workload_seed,21.282317711940028
poisson,291.6376000000001,mono,28.235000000000035,-246.80219999999986,-275.55120000000005,,a_p2_d1,E8,E8-80fc2ff1b809,-263.4026,-263.4026,-271.83600000000024,itl_p99_ms,5,32,-14.21610245775764,chunk_512,mixed,-90.31846373718614,-89.73411596685823,-90.7056344231568,2000,workload_seed,18.52846803705068
poisson,10.894504044542497,mono,11.034772603178885,0.16221988326754372,0.11537010444391349,,a_p2_d1,E8,E8-80fc2ff1b809,0.1402685586363873,0.1402685586363873,0.16022299602533074,request_throughput_rps,5,32,4.6485354770303156,chunk_512,mixed,1.287516697069413,1.5361229919732322,1.069173569080406,2000,workload_seed,0.030174785011213227
poisson,1381.7699430255204,mono,1399.4242797530155,19.834256590009137,15.135520870450591,,a_p2_d1,E8,E8-80fc2ff1b809,17.65433672749491,17.65433672749491,18.939237918712024,output_token_throughput_tps,5,32,5.974219733091289,chunk_512,mixed,1.2776610764045904,1.5330667629322559,1.0602849266343473,2000,workload_seed,2.955086608165295
poisson,6.083259253687051,mono,7.1789422610809535,1.5423482765835144,0.649017738204291,,a_p2_d1,E8,E8-80fc2ff1b809,1.0956830073939028,1.0956830073939028,1.1679629661110225,observed_request_throughput_rps,5,32,1.893348344290954,chunk_512,mixed,18.011446852767477,34.62296603530512,8.68322951921261,2000,workload_seed,0.5787012256343291
poisson,2.8805356154185824,mono,0.9685647521787955,-1.7859072392250728,-2.0530470158145078,,a_p2_d1,E8,E8-80fc2ff1b809,-1.9119708632397867,-1.9119708632397867,-1.8926459546401793,iteration_cv,5,32,-11.852459576684563,chunk_512,mixed,-66.3755328351304,-64.27197051365103,-68.7000089295449,2000,workload_seed,0.1613142699090828
poisson,6988.952570156676,mono,6961.713278421585,9.771244469066733,-77.50891967432253,,a_p2_d1,E8,E8-80fc2ff1b809,-27.239291735092046,-27.239291735092046,-8.627777654644888,max_wait_ms,5,32,-0.4730916057532171,chunk_512,mixed,-0.38974784077667746,0.14012514836081458,-1.147808951159403,2000,workload_seed,57.57720366169657
poisson,88.2,mono,91.8,6.0,1.6,,a_p2_d1,E8,E8-80fc2ff1b809,3.6,3.6,4.0,starvation_proxy_count,5,32,1.2135597524338357,chunk_512,mixed,4.081632653061207,6.597938144329896,1.9184652278177339,2000,workload_seed,2.9664793948382653
poisson,0.6873305094190634,mono,0.6885996583576183,0.004359751684986435,-0.0010799595110925874,,a_p2_d1,E8,E8-80fc2ff1b809,0.0012691489385548316,0.0012691489385548316,-0.00038140876785375255,waiting_satisfaction_jain,5,32,0.3617499724159399,chunk_512,mixed,0.18464900381442995,0.6222467911177088,-0.1656113824130223,2000,workload_seed,0.003508359461864906
poisson,6747.261952398757,mono,6748.311509885879,50.8195081487198,-50.91790603340396,,a_p2_d1,E8,E8-80fc2ff1b809,1.0495574871223652,1.0495574871223652,-15.526300000033189,short_prompt_ttft_p95_ms,5,32,0.015080136058086654,chunk_512,mixed,0.01555530961339091,0.8849187240230316,-0.7523043641133542,2000,workload_seed,69.59867491112885
poisson,6520.503612581949,mono,6588.721162581928,128.8168712499749,-17.43789000000452,,a_p2_d1,E8,E8-80fc2ff1b809,68.21754999998011,68.21754999998011,98.19859999995697,long_prompt_ttft_p95_ms,5,32,0.7326013684795903,chunk_512,mixed,1.0462006319319705,2.258972532612069,-0.2450863090406652,2000,workload_seed,93.11687492688678
poisson,137.90500000000006,mono,15.614600000000015,-10.314399999999996,-234.26640000000006,,a_p2_d1,E8,E8-80fc2ff1b809,-122.29040000000005,-122.29040000000005,-51.571999999999974,primer_max_itl_ms,5,32,-0.8406788895301669,chunk_512,mixed,-88.67727783619156,-61.66686595719237,-92.182804596897,2000,workload_seed,145.4662434408754
poisson,105.8,mono,102.0,-2.4,-5.2,,a_p2_d1,E8,E8-80fc2ff1b809,-3.8,-3.8,-4.0,backlog_at_arrival_end,5,32,-2.1242645786248002,chunk_512,mixed,-3.5916824196597363,-2.409638554216864,-4.642857142857149,2000,workload_seed,1.7888543819998317
poisson,0.9991497959956304,mono,0.999138244307859,6.883382752675971e-16,-3.465506331292723e-05,,a_p2_d1,E8,E8-80fc2ff1b809,-1.15516877712718e-05,-1.15516877712718e-05,-7.771561172376096e-16,server_busy_fraction,5,32,-0.44721359552144857,chunk_512,mixed,-0.0011561517419766965,6.661338147750939e-14,-0.0034743680962900925,2000,workload_seed,2.5830359110175524e-05
poisson,0.8660390875578795,mono,0.7612135498241883,-0.07846716768925466,-0.13710613841470173,,a_p2_d1,E8,E8-80fc2ff1b809,-0.10482553773369123,-0.10482553773369123,-0.10051897887232264,batch_slot_occupancy,5,32,-2.8351872756809895,chunk_512,mixed,-12.104019234199459,-8.993386462859576,-15.754312818942594,2000,workload_seed,0.03697305593631834
poisson,3017.146211236575,mono,4229.66953742197,1408.7579554988351,985.7256120604591,,a_p2_d1,E8,E8-80fc2ff1b809,1212.523326185395,1212.523326185395,1368.9007774916854,ttft_p50_ms,5,32,4.5202171700639715,fcfs,mixed,40.18775496095177,57.249579031668006,29.63854135731092,2000,workload_seed,268.24448484811074
poisson,6750.319396963016,mono,8265.716279570199,1646.8131438251635,1423.3238153983857,,a_p2_d1,E8,E8-80fc2ff1b809,1515.3968826071828,1515.3968826071828,1487.9237720016554,ttft_p95_ms,5,32,10.180127063393778,fcfs,mixed,22.44926193105712,27.137429894643116,18.581493870383923,2000,workload_seed,148.85834657764974
poisson,6972.875345272703,mono,8503.060242655489,1659.7565844878561,1424.3325648902987,,a_p2_d1,E8,E8-80fc2ff1b809,1530.1848973827869,1530.1848973827869,1487.8128195536883,ttft_p99_ms,5,32,10.204249096326876,fcfs,mixed,21.944819340850287,26.017062676105574,18.321438440978532,2000,workload_seed,149.95565895520843
poisson,42.90388308572126,mono,0.32300000000032014,-40.65942514309751,-45.32590530075507,,a_p2_d1,E8,E8-80fc2ff1b809,-42.58088308572094,-42.58088308572094,-41.9881713947989,tpot_p95_ms,5,32,-13.616895756944652,fcfs,mixed,-99.24715439076931,-99.21185728059648,-99.29242552943548,2000,workload_seed,3.127062426398071
poisson,63.19843540245105,mono,0.32300000000032014,-56.29463706488956,-70.55853794999973,,a_p2_d1,E8,E8-80fc2ff1b809,-62.87543540245073,-62.87543540245073,-61.63168959558794,tpot_p99_ms,5,32,-6.877108447252679,fcfs,mixed,-99.48891139797459,-99.42950596245852,-99.54431011326508,2000,workload_seed,9.142713959610262
poisson,9501.932067689328,mono,8295.674602968125,-904.4471951132049,-1476.1599159131688,,a_p2_d1,E8,E8-80fc2ff1b809,-1206.2574647212018,-1206.2574647212018,-1395.4013422286243,e2e_p95_ms,5,32,-3.242354292808616,fcfs,mixed,-12.69486517192644,-8.757427978135613,-16.33022323022256,2000,workload_seed,372.03135616506256
poisson,79.60987999999959,mono,0.32300000000032014,-64.5239999999998,-96.73823999999817,,a_p2_d1,E8,E8-80fc2ff1b809,-79.28687999999927,-79.28687999999927,-80.50799999999981,itl_p95_ms,5,32,-3.7221910351771963,fcfs,mixed,-99.59427146479769,-99.50190448285916,-99.66722040641525,2000,workload_seed,21.301131309673575
poisson,291.6376000000001,mono,0.32300000000032014,-274.7141999999998,-303.4631999999998,,a_p2_d1,E8,E8-80fc2ff1b809,-291.31459999999976,-291.31459999999976,-299.7479999999996,itl_p99_ms,5,32,-15.72254108744837,fcfs,mixed,-99.88924610544035,-99.88256134079305,-99.89367522290337,2000,workload_seed,18.528468037050462
poisson,10.894504044542497,mono,10.640883719224082,-0.22093775376024993,-0.2843527100343818,,a_p2_d1,E8,E8-80fc2ff1b809,-0.25362032531841583,-0.25362032531841583,-0.2671713569200058,request_throughput_rps,5,32,-6.143304091351613,fcfs,mixed,-2.3279657732144687,-2.132552418589062,-2.5204623373564994,2000,workload_seed,0.04128402591619322
poisson,1381.7699430255204,mono,1349.590164660139,-28.318390832115846,-36.5016267492354,,a_p2_d1,E8,E8-80fc2ff1b809,-32.17977836538148,-32.17977836538148,-30.64956410166701,output_token_throughput_tps,5,32,-6.037130709113602,fcfs,mixed,-2.3288810505546764,-2.130732085742193,-2.517167227280681,2000,workload_seed,5.330310029034679
poisson,6.083259253687051,mono,11.61716305020695,6.693952548827811,4.336006633754889,,a_p2_d1,E8,E8-80fc2ff1b809,5.5339037965198985,5.5339037965198985,5.935779067968665,observed_request_throughput_rps,5,32,3.6226008038091257,fcfs,mixed,90.96938936419339,153.93148917083445,52.53396602445051,2000,workload_seed,1.52760519202145
poisson,2.8805356154185824,mono,11.538661911543194,8.966757716007455,8.349494876241767,,a_p2_d1,E8,E8-80fc2ff1b809,8.658126296124612,8.658126296124612,8.870464450115938,iteration_cv,5,32,20.988507905363694,fcfs,mixed,300.57348535391964,332.8345726847674,275.64666382272816,2000,workload_seed,0.41251747552345036
poisson,6988.952570156676,mono,8514.921318288016,1633.8605167965238,1419.9351275943518,,a_p2_d1,E8,E8-80fc2ff1b809,1525.9687481313401,1525.9687481313401,1494.9850000032602,max_wait_ms,5,32,11.090084920099246,fcfs,mixed,21.834012075676902,25.53210712643388,18.335957160260552,2000,workload_seed,137.59757108493667
poisson,88.2,mono,108.0,25.4,13.0,,a_p2_d1,E8,E8-80fc2ff1b809,19.8,19.8,23.0,starvation_proxy_count,5,32,2.5309844631963228,fcfs,mixed,22.44897959183674,32.15189873417723,13.457556935817806,2000,workload_seed,7.8230428862431785
poisson,0.6873305094190634,mono,0.6475321081871528,-0.024197913179065833,-0.05539888928475543,,a_p2_d1,E8,E8-80fc2ff1b809,-0.03979840123191063,-0.03979840123191063,-0.03204403302734293,waiting_satisfaction_jain,5,32,-1.9311260712427707,fcfs,mixed,-5.790285850332544,-3.6952343837495794,-7.897764933560659,2000,workload_seed,0.020608908876828782
poisson,6747.261952398757,mono,8245.837298553672,1613.246945877989,1410.3116802793622,,a_p2_d1,E8,E8-80fc2ff1b809,1498.5753461549152,1498.5753461549152,1485.2211013878023,short_prompt_ttft_p95_ms,5,32,10.997777402286234,fcfs,mixed,22.21012548093153,26.554492702822486,18.54661166315974,2000,workload_seed,136.2616546360894
poisson,6520.503612581949,mono,8004.262505410227,1636.2962084798432,1331.731260002348,,a_p2_d1,E8,E8-80fc2ff1b809,1483.7588928282782,1483.7588928282782,1488.211650003008,long_prompt_ttft_p95_ms,5,32,7.920949508320847,fcfs,mixed,22.75528058853031,27.32453347215962,19.016649367886874,2000,workload_seed,187.3208371382257
poisson,137.90500000000006,mono,0.3229999999999961,-18.782399999999996,-257.86020000000013,,a_p2_d1,E8,E8-80fc2ff1b809,-137.58200000000005,-137.58200000000005,-71.73299999999998,primer_max_itl_ms,5,32,-0.8887120424644362,fcfs,mixed,-99.76578079112433,-98.30937850031928,-99.87489503577305,2000,workload_seed,154.81054990374534
poisson,105.8,mono,86.2,-15.6,-23.2,,a_p2_d1,E8,E8-80fc2ff1b809,-19.6,-19.6,-22.0,backlog_at_arrival_end,5,32,-4.060486873278705,fcfs,mixed,-18.525519848771268,-15.810276679841895,-21.014492753623195,2000,workload_seed,4.827007354458868
poisson,0.9991497959956304,mono,0.9991684902108735,5.6082646228805544e-05,-2.616129535226719e-13,,a_p2_d1,E8,E8-80fc2ff1b809,1.8694215243209023e-05,1.8694215243209023e-05,-2.426947531830592e-13,server_busy_fraction,5,32,0.4472135895294086,fcfs,mixed,0.00187101226643005,0.005622605708555106,-2.6156854460168688e-11,2000,workload_seed,4.180153662790182e-05
poisson,0.8660390875578795,mono,0.03125,-0.8219994426386004,-0.8445646784008686,,a_p2_d1,E8,E8-80fc2ff1b809,-0.8347890875578795,-0.8347890875578795,-0.8366770344797557,batch_slot_occupancy,5,32,-58.23449608140467,fcfs,mixed,-96.39161783238663,-96.3375305697989,-96.43189355343317,2000,workload_seed,0.01433495855087244
poisson,107.2495605556476,mono,469.9394719423618,584.5020607984764,182.98603611640937,,piecewise_mix_0.25,E8,E8-8844b63f137f,362.6899113867142,362.6899113867142,333.190848490266,ttft_p50_ms,5,32,1.4048838375234514,chunk_512,mixed,338.1737971770323,867.317222328191,218.60453339667822,2000,workload_seed,258.16363011625856
poisson,363.5027374800637,mono,992.5529453933868,858.0419971594469,415.3225165574373,,piecewise_mix_0.25,E8,E8-8844b63f137f,629.0502079133231,629.0502079133231,658.3946995604299,ttft_p95_ms,5,32,2.1432165870925135,chunk_512,mixed,173.05239907521286,342.7098701040004,116.51351668236502,2000,workload_seed,293.5075305509334
poisson,409.91777998190275,mono,1048.1412264477487,862.0963947302018,414.9305069319609,,piecewise_mix_0.25,E8,E8-8844b63f137f,638.2234464658459,638.2234464658459,741.1013925123789,ttft_p99_ms,5,32,2.0899158456744127,chunk_512,mixed,155.6954778819359,316.25424033508773,102.98023936935459,2000,workload_seed,305.38236636982487
poisson,11.24330337863924,mono,9.639563597683264,1.0010695328499986,-3.962511896312877,,piecewise_mix_0.25,E8,E8-8844b63f137f,-1.6037397809559768,-1.6037397809559768,-3.0964726024517244,tpot_p95_ms,5,32,-0.5090159904883947,chunk_512,mixed,-14.263955413698659,11.66002518525362,-28.98429594921289,2000,workload_seed,3.1506667981436256
poisson,22.967274430270113,mono,10.213355652967985,-9.310165235992294,-16.324549136112587,,piecewise_mix_0.25,E8,E8-8844b63f137f,-12.753918777302127,-12.753918777302127,-13.044658056584463,tpot_p99_ms,5,32,-2.7927435038452804,chunk_512,mixed,-55.53083286405496,-47.444513786016294,-61.148334660464506,2000,workload_seed,4.5668063535879595
poisson,1696.9459547818908,mono,2589.0519319037753,1103.0288789743572,696.1099064483403,,piecewise_mix_0.25,E8,E8-8844b63f137f,892.1059771218845,892.1059771218845,775.0939293352149,e2e_p95_ms,5,32,3.3319373153935268,chunk_512,mixed,52.57126631569993,88.89924721579756,30.890990134081875,2000,workload_seed,267.74392573364486
poisson,15.033459079999966,mono,10.612195209999935,1.7914639000000534,-12.678728080000202,,piecewise_mix_0.25,E8,E8-8844b63f137f,-4.42126387000003,-4.42126387000003,0.8593389500001649,itl_p95_ms,5,32,-0.4750351861594564,chunk_512,mixed,-29.409491498080698,20.468238599351697,-54.25079638124623,2000,workload_seed,9.307234492974867
poisson,66.54828629000001,mono,10.699264140000015,-36.868830029999984,-74.82921427000001,,piecewise_mix_0.25,E8,E8-8844b63f137f,-55.849022149999996,-55.849022149999996,-57.30722105000018,itl_p99_ms,5,32,-2.3524472860868975,chunk_512,mixed,-83.92255498004047,-77.65338801447726,-87.39907250343163,2000,workload_seed,23.740817692412673
poisson,29.437542233889644,mono,25.43167021961244,-3.219470233542611,-4.792273795011803,,piecewise_mix_0.25,E8,E8-8844b63f137f,-4.005872014277207,-4.005872014277207,-4.314813195538601,request_throughput_rps,5,32,-3.9210926138485873,chunk_512,mixed,-13.608038274559108,-10.891244763548503,-16.54888290931963,2000,workload_seed,1.0216213715863773
poisson,3744.6258891463794,mono,3232.4500627455764,-403.27571377952347,-621.0759390220833,,piecewise_mix_0.25,E8,E8-8844b63f137f,-512.1758264008033,-512.1758264008033,-524.6880264731121,output_token_throughput_tps,5,32,-3.5610986319557547,chunk_512,mixed,-13.677623387834824,-11.062060397215333,-16.516060245875718,2000,workload_seed,143.82522904722705
poisson,26.140348356039603,mono,21.387699988432768,-3.2063965040392994,-6.228670081490235,,piecewise_mix_0.25,E8,E8-8844b63f137f,-4.752648367606832,-4.752648367606832,-4.671851864444086,observed_request_throughput_rps,5,32,-2.355091491917489,chunk_512,mixed,-18.18127403229023,-12.4088792739805,-25.317552732697674,2000,workload_seed,2.0180313095765463
poisson,2.890358409568443,mono,0.9577596821007791,-1.8039743281355876,-2.0617167704202863,,piecewise_mix_0.25,E8,E8-8844b63f137f,-1.9325987274676641,-1.9325987274676641,-1.9317615556458323,iteration_cv,5,32,-12.13005122280799,chunk_512,mixed,-66.86363604838262,-65.27519754028094,-68.65945449995895,2000,workload_seed,0.15932321240604672
poisson,407.4115622078456,mono,1037.1624884371506,846.7369748438454,412.7648776147647,,piecewise_mix_0.25,E8,E8-8844b63f137f,629.7509262293049,629.7509262293049,708.8459795249987,max_wait_ms,5,32,2.142663750195428,chunk_512,mixed,154.57365098245063,305.26524008899713,102.77582935759632,2000,workload_seed,293.91029095062936
poisson,1.4,mono,14.8,40.2,0.0,,piecewise_mix_0.25,E8,E8-8844b63f137f,13.4,13.4,0.0,starvation_proxy_count,5,32,0.447213595499958,chunk_512,mixed,957.1428571428573,957.1428571428573,957.1428571428571,2000,workload_seed,29.96331089849718
poisson,0.9857283737111657,mono,0.954191785929798,-0.01632770239110424,-0.05120242039353864,,piecewise_mix_0.25,E8,E8-8844b63f137f,-0.03153658778136763,-0.03153658778136763,-0.026516859652321756,waiting_satisfaction_jain,5,32,-1.3797680265936203,chunk_512,mixed,-3.199318252617167,-1.6378922907240745,-5.32109206078859,2000,workload_seed,0.02285644193337727
poisson,327.8477295184482,mono,958.7272818939034,871.4746081638838,407.86703035445214,,piecewise_mix_0.25,E8,E8-8844b63f137f,630.8795523754552,630.8795523754552,656.4770284249964,short_prompt_ttft_p95_ms,5,32,2.0464752029403863,chunk_512,mixed,192.43066081382003,370.928123181148,129.72817514867793,2000,workload_seed,308.2761772383091
poisson,391.9627466102937,mono,1003.3026752114874,853.5560735645777,388.3345012403348,,piecewise_mix_0.25,E8,E8-8844b63f137f,611.3399286011938,611.3399286011938,637.8636492599978,long_prompt_ttft_p95_ms,5,32,2.0323697782854393,chunk_512,mixed,155.96888579031574,327.85530751750144,103.23168008497063,2000,workload_seed,300.8015249650761
poisson,37.05278931,mono,8.417263750000027,-3.7021479499999996,-57.25749874999995,,piecewise_mix_0.25,E8,E8-8844b63f137f,-28.63552555999998,-28.63552555999998,-14.739177249999997,primer_max_itl_ms,5,32,-0.8374669920452633,chunk_512,mixed,-77.28304965227454,-37.18389162296636,-85.38755435423326,2000,workload_seed,34.193019942274084
poisson,34.0,mono,50.8,22.0,11.2,,piecewise_mix_0.25,E8,E8-8844b63f137f,16.8,16.8,16.0,backlog_at_arrival_end,5,32,2.3951169837512447,chunk_512,mixed,49.411764705882355,93.06930693069309,32.6797385620915,2000,workload_seed,7.014271166700072
poisson,0.9986411597101622,mono,0.9987649519299779,0.00037137665944833034,-8.659739592076221e-16,,piecewise_mix_0.25,E8,E8-8844b63f137f,0.00012379221981575483,0.00012379221981575483,0.0,server_busy_fraction,5,32,0.4472135954980528,chunk_512,mixed,0.012396066255826454,0.03728967809579764,-8.881784197001252e-14,2000,workload_seed,0.0002768078185948035
poisson,0.5224824138196265,mono,0.6307433459682322,0.20008200786371616,0.0002004913277283582,,piecewise_mix_0.25,E8,E8-8844b63f137f,0.1082609321486057,0.1082609321486057,0.14153721965100952,batch_slot_occupancy,5,32,0.8385931044361553,chunk_512,mixed,20.720493031939657,49.82938524416931,0.029979887544095973,2000,workload_seed,0.12909828565952386
poisson,107.2495605556476,mono,5750.861084535674,6200.506402247682,5086.716645712371,,piecewise_mix_0.25,E8,E8-8844b63f137f,5643.611523980026,5643.611523980026,5562.156801056396,ttft_p50_ms,5,32,7.998838916038138,fcfs,mixed,5262.130208031741,20454.4224119377,2360.883760380053,2000,workload_seed,705.5538414036887
poisson,363.5027374800637,mono,11209.192140985602,11555.495883361664,10063.658693640346,,piecewise_mix_0.25,E8,E8-8844b63f137f,10845.68940350554,10845.68940350554,11363.222885850213,ttft_p95_ms,5,32,11.136134834901828,fcfs,mixed,2983.660997628765,6639.698460550861,1544.1501574545007,2000,workload_seed,973.9186498994246
poisson,409.91777998190275,mono,11636.265591564661,11959.638030293292,10374.278747285683,,piecewise_mix_0.25,E8,E8-8844b63f137f,11226.347811582757,11226.347811582757,11448.505433082752,ttft_p99_ms,5,32,10.702117819963266,fcfs,mixed,2738.6828188029276,6050.547791491423,1436.6633533835725,2000,workload_seed,1048.9837619467817
poisson,11.24330337863924,mono,0.8292761249999986,-7.7570101526090856,-12.841610009900341,,piecewise_mix_0.25,E8,E8-8844b63f137f,-10.414027253639242,-10.414027253639242,-11.498435844364678,tpot_p95_ms,5,32,-3.231027931158222,fcfs,mixed,-92.62426622254532,-90.35030112662756,-93.93158550203057,2000,workload_seed,3.2231312992413965
poisson,22.967274430270113,mono,0.8316750699999934,-18.7271246208295,-25.791755179375162,,piecewise_mix_0.25,E8,E8-8844b63f137f,-22.135599360270117,-22.135599360270117,-22.415777271588258,tpot_p99_ms,5,32,-4.816677190179745,fcfs,mixed,-96.37886910558323,-95.74747745637734,-96.87646033830127,2000,workload_seed,4.59561612420285
poisson,1696.9459547818908,mono,11286.529584194534,10027.31438542384,9090.930651844219,,piecewise_mix_0.25,E8,E8-8844b63f137f,9589.583629412644,9589.583629412644,9697.093043929532,e2e_p95_ms,5,32,15.585814536845186,fcfs,mixed,565.1083702689398,797.8410763089894,415.284339840223,2000,workload_seed,615.2763852503615
poisson,15.033459079999966,mono,0.8314542499999572,-7.920944220000092,-22.53917226000005,,piecewise_mix_0.25,E8,E8-8844b63f137f,-14.20200483000001,-14.20200483000001,-9.02459275000001,itl_p95_ms,5,32,-1.5157292418162687,fcfs,mixed,-94.4693084567204,-90.5001637080785,-96.44248517388165,2000,workload_seed,9.369750505691918
poisson,66.54828629000001,mono,0.8324923399997625,-46.646241690000274,-84.78534621000021,,piecewise_mix_0.25,E8,E8-8844b63f137f,-65.71579395000025,-65.71579395000025,-67.25258484999998,itl_p99_ms,5,32,-2.7550359755367517,fcfs,mixed,-98.74904015353306,-98.246640927398,-99.02764171622725,2000,workload_seed,23.852971261907797
poisson,29.437542233889644,mono,8.383835181391543,-20.053949385045453,-22.121622362673104,,piecewise_mix_0.25,E8,E8-8844b63f137f,-21.0537070524981,-21.0537070524981,-21.0930011671787,request_throughput_rps,5,32,-15.620470776422891,fcfs,mixed,-71.51992134812211,-69.90509024102442,-73.29769045675233,2000,workload_seed,1.3478279466631689
poisson,3744.6258891463794,mono,1062.1026120936838,-2453.399807664054,-2935.117979504042,,piecewise_mix_0.25,E8,E8-8844b63f137f,-2682.523277052696,-2682.523277052696,-2564.9418997432535,output_token_throughput_tps,5,32,-8.372001900885795,fcfs,mixed,-71.63661621920262,-69.9445786096953,-73.34403266749764,2000,workload_seed,320.41598996398614
poisson,26.140348356039603,mono,8.608974333434926,-14.569046107703965,-20.351601537708007,,piecewise_mix_0.25,E8,E8-8844b63f137f,-17.531374022604673,-17.531374022604673,-17.99868668355031,observed_request_throughput_rps,5,32,-4.801512924253236,fcfs,mixed,-67.06633662192239,-62.13136160482811,-71.51231963238173,2000,workload_seed,3.65121875108381
poisson,2.890358409568443,mono,2.796293944121974,0.21785854786061343,-0.3952459299095789,,piecewise_mix_0.25,E8,E8-8844b63f137f,-0.09406446544646929,-0.09406446544646929,-0.2371019286003877,iteration_cv,5,32,-0.23449810232455948,fcfs,mixed,-3.2544221898250347,8.06164849694293,-13.035737150591121,2000,workload_seed,0.401131030545733
poisson,407.4115622078456,mono,11705.176304944584,12032.116175925856,10451.171499776088,,piecewise_mix_0.25,E8,E8-8844b63f137f,11297.764742736737,11297.764742736737,11519.067891805455,max_wait_ms,5,32,10.756640719645581,fcfs,mixed,2773.059429514437,6098.627690089047,1466.3344699257157,2000,workload_seed,1050.3060423039756
poisson,1.4,mono,113.8,113.8,111.0,,piecewise_mix_0.25,E8,E8-8844b63f137f,112.4,112.4,113.0,starvation_proxy_count,5,32,61.87416360010147,fcfs,mixed,8028.571428571429,8100.0,2647.6190476190477,2000,workload_seed,1.816590212458495
poisson,0.9857283737111657,mono,0.5838089997148825,-0.38443503628785164,-0.42095153177684697,,piecewise_mix_0.25,E8,E8-8844b63f137f,-0.4019193739962832,-0.4019193739962832,-0.39553893458121914,waiting_satisfaction_jain,5,32,-17.246778827852573,fcfs,mixed,-40.77384649922353,-39.49956322207583,-42.273612554211304,2000,workload_seed,0.02330402552314326
poisson,327.8477295184482,mono,11220.678624654289,11636.920433909898,10037.570082537159,,piecewise_mix_0.25,E8,E8-8844b63f137f,10892.830895135841,10892.830895135841,11419.490280285845,short_prompt_ttft_p95_ms,5,32,10.783720817587682,fcfs,mixed,3322.5274767452356,8391.330023772585,1695.4074315956088,2000,workload_seed,1010.1180361949102
poisson,391.9627466102937,mono,10801.122294632694,11307.649530929175,9551.227520105796,,piecewise_mix_0.25,E8,E8-8844b63f137f,10409.1595480224,10409.1595480224,10911.041057013581,long_prompt_ttft_p95_ms,5,32,9.299215071409943,fcfs,mixed,2655.650221364439,6063.481504197178,1381.353084055963,2000,workload_seed,1119.3589424579432
poisson,37.05278931,mono,0.8004950000000001,-11.014894584750074,-66.73324201000001,,piecewise_mix_0.25,E8,E8-8844b63f137f,-36.25229431,-36.25229431,-23.46067635,primer_max_itl_ms,5,32,-1.001465882889473,fcfs,mixed,-97.83958235019041,-93.28759315075388,-98.79222051963927,2000,workload_seed,36.19923047743105
poisson,34.0,mono,97.2,76.8,49.4,,piecewise_mix_0.25,E8,E8-8844b63f137f,63.2,63.2,63.0,backlog_at_arrival_end,5,32,3.8772276489298245,fcfs,mixed,185.88235294117646,357.40740740740733,101.2396694214876,2000,workload_seed,16.300306745579974
poisson,0.9986411597101622,mono,0.999636577866329,0.0029862544685031354,-1.7763568394002505e-15,,piecewise_mix_0.25,E8,E8-8844b63f137f,0.0009954181561668163,0.0009954181561668163,-8.881784197001252e-16,server_busy_fraction,5,32,0.4472135954993594,fcfs,mixed,0.0996772610950325,0.299847782593754,-1.7763568394002505e-13,2000,workload_seed,0.002225822663229482
poisson,0.5224824138196265,mono,0.03125,-0.3530905216002662,-0.635456529930776,,piecewise_mix_0.25,E8,E8-8844b63f137f,-0.4912324138196265,-0.4912324138196265,-0.41397841083524517,batch_slot_occupancy,5,32,-2.5962585546365067,fcfs,mixed,-94.01893744680405,-91.86918936627202,-95.31278027181695,2000,workload_seed,0.18920781712682783
poisson,140.41314432114308,mono,700.4353546523613,844.3352646633266,311.53565950863197,,piecewise_mix_1,E8,E8-88a73b435bb5,560.0222103312183,560.0222103312183,500.1451871891129,ttft_p50_ms,5,32,1.6546198342362164,chunk_512,mixed,398.8388786810263,1169.111445144814,242.78996560174616,2000,workload_seed,338.4597469120321
poisson,440.3834254651757,mono,1563.9753622411247,1406.297803795232,846.2791690116577,,piecewise_mix_1,E8,E8-88a73b435bb5,1123.5919367759489,1123.5919367759489,1254.1525819885082,ttft_p95_ms,5,32,2.9685745065301,chunk_512,mixed,255.13946979024067,493.8433868427472,158.51232624392503,2000,workload_seed,378.4954476649772
poisson,490.52705130281174,mono,1655.125564320519,1442.9577118215304,886.2393142138839,,piecewise_mix_1,E8,E8-88a73b435bb5,1164.5985130177073,1164.5985130177073,1307.578277973086,ttft_p99_ms,5,32,3.1668935094582595,chunk_512,mixed,237.41779580241302,437.92047835450603,149.87264548649546,2000,workload_seed,367.74160846883916
poisson,12.982330278392473,mono,11.492561792096474,0.5526431229158042,-3.677826684395201,,piecewise_mix_1,E8,E8-88a73b435bb5,-1.4897684862959988,-1.4897684862959988,-1.664923342265734,tpot_p95_ms,5,32,-0.5440785918540413,chunk_512,mixed,-11.475354996749232,5.216469527236045,-24.020692570815406,2000,workload_seed,2.738149430249326
poisson,22.652254934795746,mono,12.329539931535706,-5.779212416104966,-13.969605668707544,,piecewise_mix_1,E8,E8-88a73b435bb5,-10.322715003260042,-10.322715003260042,-12.453778788375043,tpot_p99_ms,5,32,-1.9729859214692496,chunk_512,mixed,-45.570363890808466,-32.11223691576342,-53.05361707703795,2000,workload_seed,5.232026691590829
poisson,1963.791161502883,mono,3249.9283437835466,1377.9589783206395,1182.148290340844,,piecewise_mix_1,E8,E8-88a73b435bb5,1286.1371822806636,1286.1371822806636,1347.8418057260615,e2e_p95_ms,5,32,10.344095809837288,chunk_512,mixed,65.49256394943681,90.31195944851467,46.340162914584894,2000,workload_seed,124.33538957146362
poisson,18.10557084000002,mono,12.831028400000013,1.598485974000166,-13.927609720000145,,piecewise_mix_1,E8,E8-88a73b435bb5,-5.274542440000005,-5.274542440000005,-0.17602489999990212,itl_p95_ms,5,32,-0.5285381948648339,chunk_512,mixed,-29.132152123848755,14.230004085033562,-51.89229041687082,2000,workload_seed,9.979491532014812
poisson,69.64689440000001,mono,12.944908560000021,-40.09485591999987,-74.35568198000003,,piecewise_mix_1,E8,E8-88a73b435bb5,-56.701985839999985,-56.701985839999985,-57.39271429999985,itl_p99_ms,5,32,-2.560078386005155,chunk_512,mixed,-81.4135164654233,-75.61559492792607,-85.10313126109956,2000,workload_seed,22.14853504094457
poisson,28.691312192356424,mono,22.560891016667057,-5.4012798081635225,-6.836895831259616,,piecewise_mix_1,E8,E8-88a73b435bb5,-6.130421175689366,-6.130421175689366,-6.6102635328811985,request_throughput_rps,5,32,-6.0339737110094225,chunk_512,mixed,-21.366820501582207,-18.59625177992782,-24.152357083590726,2000,workload_seed,1.0159840710780639
poisson,3648.1040756917196,mono,2864.6921811761745,-647.2952295124047,-890.3325938031934,,piecewise_mix_1,E8,E8-88a73b435bb5,-783.4118945155449,-783.4118945155449,-825.4518156080617,output_token_throughput_tps,5,32,-4.955273054002488,chunk_512,mixed,-21.47449410052814,-18.70474783574242,-24.153011517045364,2000,workload_seed,158.09661465229755
poisson,24.95921346241949,mono,17.486071015067925,-5.54581115998328,-9.14470827508045,,piecewise_mix_1,E8,E8-88a73b435bb5,-7.473142447351563,-7.473142447351563,-8.175740762777156,observed_request_throughput_rps,5,32,-3.0738733615849188,chunk_512,mixed,-29.94141806032351,-21.477813593615746,-36.061743135611394,2000,workload_seed,2.4311809786133605
poisson,2.7980269835991365,mono,0.9881767974045115,-1.7026562843008428,-1.9121087384321835,,piecewise_mix_1,E8,E8-88a73b435bb5,-1.809850186194625,-1.809850186194625,-1.7895357157530178,iteration_cv,5,32,-12.958297215289058,chunk_512,mixed,-64.68308550286362,-63.0985252401984,-66.56375529781432,2000,workload_seed,0.1396672846845374
poisson,489.02350316113495,mono,1646.6197421648176,1430.589038806321,884.6034392010446,,piecewise_mix_1,E8,E8-88a73b435bb5,1157.5962390036827,1157.5962390036827,1264.7866897999988,max_wait_ms,5,32,3.2297146285686873,chunk_512,mixed,236.71586979373683,456.81306914113355,149.16165453351394,2000,workload_seed,358.4205950470289
poisson,6.2,mono,29.4,40.8,6.2,,piecewise_mix_1,E8,E8-88a73b435bb5,23.2,23.2,18.0,starvation_proxy_count,5,32,1.0441344409644684,chunk_512,mixed,374.1935483870967,600.0,160.3763440860215,2000,workload_seed,22.219360926903367
poisson,0.981418211846575,mono,0.9182612356077818,-0.04334851249614517,-0.08408611570743044,,piecewise_mix_1,E8,E8-88a73b435bb5,-0.06315697623879316,-0.06315697623879316,-0.06815144582785448,waiting_satisfaction_jain,5,32,-2.302780131037037,chunk_512,mixed,-6.43527656980819,-4.417178153838486,-8.923327695759086,2000,workload_seed,0.027426403149635896
poisson,405.15993852495734,mono,1540.9646540560875,1418.852202523925,852.7572285383354,,piecewise_mix_1,E8,E8-88a73b435bb5,1135.8047155311301,1135.8047155311301,1251.1955389626862,short_prompt_ttft_p95_ms,5,32,2.9212724484332706,chunk_512,mixed,280.3349017344088,563.9582467543048,178.15480529309787,2000,workload_seed,388.8047881806718
poisson,459.0392959303188,mono,1570.155796173924,1388.4322817301954,844.1432280753958,,piecewise_mix_1,E8,E8-88a73b435bb5,1111.116500243605,1111.116500243605,1238.0189853999984,long_prompt_ttft_p95_ms,5,32,3.016982883951626,chunk_512,mixed,242.0525889818963,492.2867312070215,147.49998294820875,2000,workload_seed,368.2873065518593
poisson,37.59686456,mono,9.293054419999981,-3.7021502000000055,-56.33194340000007,,piecewise_mix_1,E8,E8-88a73b435bb5,-28.303810140000017,-28.303810140000017,-14.739188499999983,primer_max_itl_ms,5,32,-0.8417837795716835,chunk_512,mixed,-75.28236854653291,-35.11862660839654,-83.49366625352613,2000,workload_seed,33.6236107500213
poisson,38.2,mono,64.8,33.0,19.8,,piecewise_mix_1,E8,E8-88a73b435bb5,26.6,26.6,28.0,backlog_at_arrival_end,5,32,3.035295839507796,chunk_512,mixed,69.63350785340312,117.91044776119404,43.47826086956521,2000,workload_seed,8.763560920082657
poisson,0.9986760911133213,mono,0.9988814405326313,0.0006160482579306015,-7.993605777301127e-16,,piecewise_mix_1,E8,E8-88a73b435bb5,0.00020534941930991924,0.00020534941930991924,0.0,server_busy_fraction,5,32,0.4472135954989908,chunk_512,mixed,0.020562164363124857,0.061850478989389224,-6.661338147750939e-14,2000,workload_seed,0.00045917526071808035
poisson,0.5678357028503028,mono,0.6783964801245235,0.2119807397952959,-0.0011655678204478327,,piecewise_mix_1,E8,E8-88a73b435bb5,0.11056077727422062,0.11056077727422062,0.13080465415506293,batch_slot_occupancy,5,32,0.8045856367920092,chunk_512,mixed,19.470557543185606,47.17977565063196,-0.1750399406007186,2000,workload_seed,0.13741331216779018
poisson,140.41314432114308,mono,5750.861084535674,6149.645159178621,5071.250721250441,,piecewise_mix_1,E8,E8-88a73b435bb5,5610.447940214532,5610.447940214532,5497.579492928237,ttft_p50_ms,5,32,8.186591966821668,fcfs,mixed,3995.6714646192304,17250.040191866035,1904.0461659258754,2000,workload_seed,685.3215554106467
poisson,440.3834254651757,mono,11209.192140985602,11461.852363503587,10031.123196743702,,piecewise_mix_1,E8,E8-88a73b435bb5,10768.808715520425,10768.808715520425,11178.679085044405,ttft_p95_ms,5,32,11.625402906692527,fcfs,mixed,2445.3256169088027,5207.962786154362,1298.4008047966054,2000,workload_seed,926.3170319302244
poisson,490.52705130281174,mono,11636.265591564661,11857.326380952396,10325.253511033405,,piecewise_mix_1,E8,E8-88a73b435bb5,11145.73854026185,11145.73854026185,11270.724248832748,ttft_p99_ms,5,32,11.031763206186048,fcfs,mixed,2272.1965099905105,4733.12973466028,1240.6570364758657,2000,workload_seed,1010.331560961342
poisson,12.982330278392473,mono,0.8292761249999986,-9.766084366365408,-14.480270237451487,,piecewise_mix_1,E8,E8-88a73b435bb5,-12.153054153392475,-12.153054153392475,-12.556736817410673,tpot_p95_ms,5,32,-4.052487410820197,fcfs,mixed,-93.61227062309277,-92.18332660826944,-94.57382023790184,2000,workload_seed,2.9989122534825534
poisson,22.652254934795746,mono,0.8316750699999934,-17.165068995813417,-25.499588598741745,,piecewise_mix_1,E8,E8-88a73b435bb5,-21.820579864795754,-21.820579864795754,-24.153410931512965,tpot_p99_ms,5,32,-4.121021627311964,fcfs,mixed,-96.32851090368725,-95.37783396452583,-96.84206134537308,2000,workload_seed,5.294944273085204
poisson,1963.791161502883,mono,11286.529584194534,9757.40917184384,8888.067673539463,,piecewise_mix_1,E8,E8-88a73b435bb5,9322.738422691651,9322.738422691651,9497.432944479535,e2e_p95_ms,5,32,16.6087052538536,fcfs,mixed,474.7316621772037,612.919457097882,373.834388720956,2000,workload_seed,561.3163868103784
poisson,18.10557084000002,mono,0.8314542499999572,-10.369388600000184,-26.007958439999925,,piecewise_mix_1,E8,E8-88a73b435bb5,-17.274116590000062,-17.274116590000062,-12.243351500000244,itl_p95_ms,5,32,-1.7157766751694337,fcfs,mixed,-95.4077435207784,-92.57677524580825,-96.90194941206096,2000,workload_seed,10.067811761279618
poisson,69.64689440000001,mono,0.8324923399997625,-52.191983340000185,-86.53875224000028,,piecewise_mix_1,E8,E8-88a73b435bb5,-68.81440206000025,-68.81440206000025,-69.54965360000008,itl_p99_ms,5,32,-3.0934067489109203,fcfs,mixed,-98.80469567642378,-98.42978058324773,-99.04715544177859,2000,workload_seed,22.245507185315148
poisson,28.691312192356424,mono,8.383835181391543,-19.14214276807727,-21.251809452485055,,piecewise_mix_1,E8,E8-88a73b435bb5,-20.30747701096488,-20.30747701096488,-20.52799908386573,request_throughput_rps,5,32,-14.982648011903382,fcfs,mixed,-70.77918526282998,-69.26387587330946,-72.35803186971282,2000,workload_seed,1.3553997260585071
poisson,3648.1040756917196,mono,1062.1026120936838,-2359.216348980656,-2821.7058245467338,,piecewise_mix_1,E8,E8-88a73b435bb5,-2586.0014635980356,-2586.0014635980356,-2496.236763596641,output_token_throughput_tps,5,32,-8.64020291834262,fcfs,mixed,-70.886175666677,-69.32310627811933,-72.40077584940158,2000,workload_seed,299.2986956484683
poisson,24.95921346241949,mono,8.608974333434926,-13.3747777079432,-19.128656295568696,,piecewise_mix_1,E8,E8-88a73b435bb5,-16.350239128984562,-16.350239128984562,-16.85591292586458,observed_request_throughput_rps,5,32,-4.56891558132335,fcfs,mixed,-65.50783001877339,-60.090155290508626,-70.23074340292561,2000,workload_seed,3.5785820153518455
poisson,2.7980269835991365,mono,2.796293944121974,0.30025217055859005,-0.28058369491447815,,piecewise_mix_1,E8,E8-88a73b435bb5,-0.0017330394771625456,-0.0017330394771625456,-0.07479161112327937,iteration_cv,5,32,-0.004471765501076191,fcfs,mixed,-0.06193791151125616,11.425404602446253,-9.617239649408582,2000,workload_seed,0.3875515110856028
poisson,489.02350316113495,mono,11705.176304944584,11928.681481000853,10401.070936967802,,piecewise_mix_1,E8,E8-88a73b435bb5,11216.152801783448,11216.152801783448,11345.279006830451,max_wait_ms,5,32,11.104874497552876,fcfs,mixed,2293.5815414351746,4878.125407285208,1253.168098256785,2000,workload_seed,1010.0206719360127
poisson,6.2,mono,113.8,113.8,97.0,,piecewise_mix_1,E8,E8-88a73b435bb5,107.6,107.6,113.0,starvation_proxy_count,5,32,9.250460926172117,fcfs,mixed,1735.483870967742,1751.6129032258063,520.4301075268817,2000,workload_seed,11.631852818876277
poisson,0.981418211846575,mono,0.5838089997148825,-0.37510376183647154,-0.4197848200441922,,piecewise_mix_1,E8,E8-88a73b435bb5,-0.3976092121316924,-0.3976092121316924,-0.3951278992338466,waiting_satisfaction_jain,5,32,-14.251656097680236,fcfs,mixed,-40.51373892721798,-39.086396015370696,-42.110820967355664,2000,workload_seed,0.027899158484213767
poisson,405.15993852495734,mono,11220.678624654289,11524.53350293291,10009.699638106547,,piecewise_mix_1,E8,E8-88a73b435bb5,10815.518686129331,10815.518686129331,11352.98996760445,short_prompt_ttft_p95_ms,5,32,11.288205777404167,fcfs,mixed,2669.444250955505,6423.051470225993,1396.7044746551323,2000,workload_seed,958.1255780948799
poisson,459.0392959303188,mono,10801.122294632694,11177.656635622454,9506.509361782297,,piecewise_mix_1,E8,E8-88a73b435bb5,10342.082998702375,10342.082998702375,10732.841347476078,long_prompt_ttft_p95_ms,5,32,9.640127223064212,fcfs,mixed,2252.9842413038823,4873.880679318448,1171.0954306647527,2000,workload_seed,1072.8160281908645
poisson,37.59686456,mono,0.8004950000000001,-11.54505564100008,-67.34026276,,piecewise_mix_1,E8,E8-88a73b435bb5,-36.79636956,-36.79636956,-24.00607509999999,primer_max_itl_ms,5,32,-1.015034364523378,fcfs,mixed,-97.8708463874095,-93.57603198012032,-98.80297740175675,2000,workload_seed,36.251353497059384
poisson,38.2,mono,97.2,72.2,45.4,,piecewise_mix_1,E8,E8-88a73b435bb5,59.0,59.0,59.0,backlog_at_arrival_end,5,32,3.705638328825833,fcfs,mixed,154.45026178010468,274.24242424242425,86.31178707224333,2000,workload_seed,15.921683328090658
poisson,0.9986760911133213,mono,0.999636577866329,0.002881460259024848,-1.5099033134902129e-15,,piecewise_mix_1,E8,E8-88a73b435bb5,0.0009604867530075056,0.0009604867530075056,-8.881784197001252e-16,server_busy_fraction,5,32,0.44721359549941514,fcfs,mixed,0.09617600356657263,0.2892950266725425,-1.4432899320127035e-13,2000,workload_seed,0.00214771367121544
poisson,0.5678357028503028,mono,0.03125,-0.400541733151496,-0.6726296725491097,,piecewise_mix_1,E8,E8-88a73b435bb5,-0.5365857028503028,-0.5365857028503028,-0.5142854281366723,batch_slot_occupancy,5,32,-2.9962864075443423,fcfs,mixed,-94.49664756140945,-92.76271461430787,-95.56032071691632,2000,workload_seed,0.1790835820965696
poisson,65.71084127303376,mono,105.39641384656572,104.94596662886894,2.135342890764889,,a_p0.5_d0.5,E8,E8-9d2be512b798,39.68557257353195,39.68557257353195,3.3752710291220183,ttft_p50_ms,5,32,0.5569085668261062,chunk_512,mixed,60.39425428847465,66.65826536545731,13.729126626270594,2000,workload_seed,71.26048141027017
poisson,307.39644644495695,mono,348.5930892485377,60.17889326650586,22.21439234065566,,a_p0.5_d0.5,E8,E8-9d2be512b798,41.196642803580765,41.196642803580765,39.09985769535501,ttft_p95_ms,5,32,1.6601733119862745,chunk_512,mixed,13.401795394846072,47.52160882571754,3.8487566148989987,2000,workload_seed,24.814663930654344
poisson,367.593803439594,mono,405.1699982791721,61.434682865672094,19.41580731828011,,a_p0.5_d0.5,E8,E8-9d2be512b798,37.57619483957809,37.57619483957809,20.597572585104672,ttft_p99_ms,5,32,1.4080410233749592,chunk_512,mixed,10.222205730340317,34.27418587257376,3.4999819378846997,2000,workload_seed,26.68686083414745
poisson,8.75899908162301,mono,5.874289631405914,-1.155367455147858,-4.974185449509845,,a_p0.5_d0.5,E8,E8-9d2be512b798,-2.8847094502170956,-2.8847094502170956,-1.9466043314862578,tpot_p95_ms,5,32,-1.2024064606729707,chunk_512,mixed,-32.934236244748746,-18.304284400249916,-42.848684734540896,2000,workload_seed,2.399113398478051
poisson,14.620449798188542,mono,6.592639826203552,-3.234364149157473,-12.82125579481251,,a_p0.5_d0.5,E8,E8-9d2be512b798,-8.027809971984992,-8.027809971984992,-5.056663650793477,tpot_p99_ms,5,32,-1.2646512559818495,chunk_512,mixed,-54.90809163052991,-32.6094066844992,-67.52217552723889,2000,workload_seed,6.347844857634181
poisson,1487.0776747408836,mono,1342.9380846103215,-49.994141508455776,-307.69070938034565,,a_p0.5_d0.5,E8,E8-9d2be512b798,-144.13959013056206,-144.13959013056206,-80.39256413196586,e2e_p95_ms,5,32,-0.7859598035459572,chunk_512,mixed,-9.6928084241247,-4.231505312384998,-15.270956785639367,2000,workload_seed,183.39308127496858
poisson,9.034000000000015,mono,7.148300000000063,2.7541000000001987,-8.843400000000111,,a_p0.5_d0.5,E8,E8-9d2be512b798,-1.8856999999999515,-1.8856999999999515,2.4565000000000055,itl_p95_ms,5,32,-0.2480849675405707,chunk_512,mixed,-20.87336727916702,90.41986989947173,-51.61549038346082,2000,workload_seed,7.601024837152105
poisson,43.94970000000003,mono,7.7712999999999735,-21.44930000000013,-53.089399999999884,,a_p0.5_d0.5,E8,E8-9d2be512b798,-36.17840000000005,-36.17840000000005,-33.660500000000184,itl_p99_ms,5,32,-1.7387528177685554,chunk_512,mixed,-82.31774050789888,-75.95710850711995,-85.97920094287225,2000,workload_seed,20.807097840640708
poisson,30.318334514393523,mono,30.503491293455305,0.39529319285602893,0.037934404157243765,,a_p0.5_d0.5,E8,E8-9d2be512b798,0.18515677906177927,0.18515677906177927,0.06384338027676861,request_throughput_rps,5,32,0.78582379042867,chunk_512,mixed,0.6107089390872567,1.3764123617847401,0.1223007537695997,2000,workload_seed,0.2356212439951398
poisson,3854.048328938722,mono,3877.9212736035306,51.10475102226028,4.4001181236457345,,a_p0.5_d0.5,E8,E8-9d2be512b798,23.872944664808255,23.872944664808255,7.763454796936912,output_token_throughput_tps,5,32,0.7828442651606384,chunk_512,mixed,0.6194251505762027,1.3526551334440917,0.118839916725344,2000,workload_seed,30.49513897877193
poisson,27.349049781698398,mono,27.935881718860543,1.0568675777131908,0.11679629661110269,,a_p0.5_d0.5,E8,E8-9d2be512b798,0.5868319371621468,0.5868319371621468,0.5839814830555135,observed_request_throughput_rps,5,32,0.9553528343343728,chunk_512,mixed,2.1457123441080084,4.1125534600661595,0.4027524337898436,2000,workload_seed,0.6142567605098621
poisson,3.499534769628133,mono,1.2496105187430335,-1.744332768343834,-2.755515733426364,,a_p0.5_d0.5,E8,E8-9d2be512b798,-2.249924250885099,-2.249924250885099,-2.3225795313392634,iteration_cv,5,32,-3.4804119895995753,chunk_512,mixed,-64.292095921201,-61.89219544815838,-66.14496251430285,2000,workload_seed,0.6464534249417854
poisson,358.0865502731119,mono,394.57598645350254,62.317712861644665,13.469835385959822,,a_p0.5_d0.5,E8,E8-9d2be512b798,36.48943618039061,36.48943618039061,26.04805479626998,max_wait_ms,5,32,1.176253224695948,chunk_512,mixed,10.1901163706261,38.32032118367146,2.4432647073978853,2000,workload_seed,31.02175230152745
poisson,1.2,mono,1.4,0.6,0.0,,a_p0.5_d0.5,E8,E8-9d2be512b798,0.2,0.2,0.0,starvation_proxy_count,5,32,0.447213595499958,chunk_512,mixed,16.666666666666675,16.666666666666675,16.666666666666675,2000,workload_seed,0.4472135954999579
poisson,0.9875123153956489,mono,0.9867629830059211,-0.00032283698452200137,-0.001165260886281705,,a_p0.5_d0.5,E8,E8-9d2be512b798,-0.000749332389727586,-0.000749332389727586,-0.0007583674783097072,waiting_satisfaction_jain,5,32,-1.4079976893589208,chunk_512,mixed,-0.0758808146536949,-0.032671020709607035,-0.11670820012389393,2000,workload_seed,0.0005321971729007358
poisson,280.22877487121383,mono,312.78433057549097,61.579061037053364,6.022215674629578,,a_p0.5_d0.5,E8,E8-9d2be512b798,32.55555570427714,32.55555570427714,15.852165385155487,short_prompt_ttft_p95_ms,5,32,0.9119165792400978,chunk_512,mixed,11.617492072053937,62.624287512280596,1.2920355197872269,2000,workload_seed,35.70014675180679
poisson,343.25725118824704,mono,381.89205815537645,48.656257847472475,27.445613442192474,,a_p0.5_d0.5,E8,E8-9d2be512b798,38.63480696712945,38.63480696712945,40.59077157589965,long_prompt_ttft_p95_ms,5,32,2.82731755629196,chunk_512,mixed,11.255350566779887,31.89727356446559,4.666366588003168,2000,workload_seed,13.664827596444164
poisson,24.811699999999995,mono,2.8302000000000063,0.0,-49.26689999999997,,a_p0.5_d0.5,E8,E8-9d2be512b798,-21.98149999999999,-21.98149999999999,0.0,primer_max_itl_ms,5,32,-0.6972512216419676,chunk_512,mixed,-88.59328461975598,0.0,-91.34518331539483,2000,workload_seed,31.525939744121807
poisson,29.6,mono,27.6,-0.4,-3.6,,a_p0.5_d0.5,E8,E8-9d2be512b798,-2.0,-2.0,-2.0,backlog_at_arrival_end,5,32,-0.9428090415820635,chunk_512,mixed,-6.756756756756754,-2.3809523809523725,-12.608211920529797,2000,workload_seed,2.1213203435596424
poisson,0.9682057498142408,mono,0.9685328369878219,0.0009688026786534243,-1.0533652757005463e-05,,a_p0.5_d0.5,E8,E8-9d2be512b798,0.00032708717358116425,0.00032708717358116425,-3.3306690738754696e-16,server_busy_fraction,5,32,0.45292205564505267,chunk_512,mixed,0.03378281668373617,0.10360292762099377,-0.001072917751854252,2000,workload_seed,0.0007221709994125278
poisson,0.4190040381543409,mono,0.3659751966288057,-0.02143227108910778,-0.10252659634946926,,a_p0.5_d0.5,E8,E8-9d2be512b798,-0.05302884152553524,-0.05302884152553524,-0.02928445436539623,batch_slot_occupancy,5,32,-0.9488244097261319,chunk_512,mixed,-12.655926124034622,-6.943892827830123,-18.759393668864156,2000,workload_seed,0.05588899377160991
poisson,65.71084127303376,mono,814.2070921040021,976.42422991701,515.959227468353,,a_p0.5_d0.5,E8,E8-9d2be512b798,748.4962508309684,748.4962508309684,829.9260145303311,ttft_p50_ms,5,32,2.407528464255572,fcfs,mixed,1139.0757389954983,4877.210530094209,563.4799126847547,2000,workload_seed,310.89819370522366
poisson,307.39644644495695,mono,1631.7644937832679,1580.1577960871066,1078.4083527321754,,a_p0.5_d0.5,E8,E8-9d2be512b798,1324.3680473383108,1324.3680473383108,1305.989467305352,ttft_p95_ms,5,32,4.2591867524268885,fcfs,mixed,430.83388329781974,1124.270111320044,208.28801206149606,2000,workload_seed,310.9438783316286
poisson,367.593803439594,mono,1701.138384638136,1563.1104426916888,1080.1721053178746,,a_p0.5_d0.5,E8,E8-9d2be512b798,1333.544581198542,1333.544581198542,1421.9626247971044,ttft_p99_ms,5,32,4.191913354547038,fcfs,mixed,362.77667597236325,884.5181561481897,181.32534054120742,2000,workload_seed,318.12312622159135
poisson,8.75899908162301,mono,0.21150000000034197,-5.982383753442585,-11.490159007444898,,a_p0.5_d0.5,E8,E8-9d2be512b798,-8.547499081622668,-8.547499081622668,-8.87377624584681,tpot_p95_ms,5,32,-2.3401107667628245,fcfs,mixed,-97.58534053914809,-96.58534114588802,-98.19256397861386,2000,workload_seed,3.6526044848068406
poisson,14.620449798188542,mono,0.21150000000034197,-9.365033978539143,-19.41131905962319,,a_p0.5_d0.5,E8,E8-9d2be512b798,-14.4089497981882,-14.4089497981882,-12.21268136363608,tpot_p99_ms,5,32,-2.1979779046336465,fcfs,mixed,-98.55339607932892,-97.79147653551586,-98.92217321396227,2000,workload_seed,6.555548064342279
poisson,1487.0776747408836,mono,1660.175199695505,480.89395221510813,-124.29580707479018,,a_p0.5_d0.5,E8,E8-9d2be512b798,173.0975249546213,173.0975249546213,201.4320962939978,e2e_p95_ms,5,32,0.43271705438311703,fcfs,mixed,11.640113216331006,56.83620174626143,-6.377578929887775,2000,workload_seed,400.02473487297544
poisson,9.034000000000015,mono,0.21150000000034197,-2.8322999999996683,-16.903199999999742,,a_p0.5_d0.5,E8,E8-9d2be512b798,-8.822499999999673,-8.822499999999673,-3.575999999999567,itl_p95_ms,5,32,-0.9779935267520875,fcfs,mixed,-97.65884436572568,-93.05144884682498,-98.76422023172863,2000,workload_seed,9.021020854094157
poisson,43.94970000000003,mono,0.21150000000034197,-28.02719999999972,-61.682899999999606,,a_p0.5_d0.5,E8,E8-9d2be512b798,-43.738199999999686,-43.738199999999686,-40.14449999999988,itl_p99_ms,5,32,-1.9754181778265998,fcfs,mixed,-99.5187680461975,-99.25102784476502,-99.65828895667404,2000,workload_seed,22.141235962565382
poisson,30.318334514393523,mono,24.647397486881385,-4.618881337945051,-6.722992717079228,,a_p0.5_d0.5,E8,E8-9d2be512b798,-5.67093702751214,-5.67093702751214,-6.129654324861875,request_throughput_rps,5,32,-4.105075804802949,fcfs,mixed,-18.7046456157408,-15.625771901047258,-21.42066286343702,2000,workload_seed,1.3814451418600184
poisson,3854.048328938722,mono,3126.2441129024046,-571.931440279752,-883.6923538014773,,a_p0.5_d0.5,E8,E8-9d2be512b798,-727.8042160363174,-727.8042160363174,-788.3085588750218,output_token_throughput_tps,5,32,-3.445702949709114,fcfs,mixed,-18.884148664444243,-15.9174338123508,-21.469337522212008,2000,workload_seed,211.22082392440666
poisson,27.349049781698398,mono,24.728734335465372,-0.7530185957558857,-4.509429998883832,,a_p0.5_d0.5,E8,E8-9d2be512b798,-2.620315446233022,-2.620315446233022,-3.142627833635771,observed_request_throughput_rps,5,32,-1.0227657626537152,fcfs,mixed,-9.581010920483624,-2.9018991008166295,-15.661409943583156,2000,workload_seed,2.561989794646851
poisson,3.499534769628133,mono,6.77364951754214,4.112642814261278,2.443821271853212,,a_p0.5_d0.5,E8,E8-9d2be512b798,3.2741147479140076,3.2741147479140076,3.1787226453972925,iteration_cv,5,32,2.9547532279212483,fcfs,mixed,93.5585717372918,143.08774484583444,59.56650319362134,2000,workload_seed,1.108083990559658
poisson,358.0865502731119,mono,1713.8174453120096,1581.531762711375,1097.077935028099,,a_p0.5_d0.5,E8,E8-9d2be512b798,1355.7308950388979,1355.7308950388979,1452.4973099887993,max_wait_ms,5,32,4.212674361588475,fcfs,mixed,378.60424916961676,988.1102667660205,185.7746137700105,2000,workload_seed,321.82190662553177
poisson,1.2,mono,40.4,59.8,18.6,,a_p0.5_d0.5,E8,E8-9d2be512b798,39.2,39.2,43.0,starvation_proxy_count,5,32,1.4673314248793827,fcfs,mixed,3266.6666666666665,4533.333333333334,1388.888888888889,2000,workload_seed,26.715164233071825
poisson,0.9875123153956489,mono,0.9196543818815028,-0.049220387889912384,-0.0856467492901027,,a_p0.5_d0.5,E8,E8-9d2be512b798,-0.06785793351414593,-0.06785793351414593,-0.07408640388680476,waiting_satisfaction_jain,5,32,-2.7924449036884065,fcfs,mixed,-6.871603772045987,-4.927695529406195,-8.773119413070507,2000,workload_seed,0.02430054516904367
poisson,280.22877487121383,mono,1607.21691467945,1578.1991268661072,1089.720420751462,,a_p0.5_d0.5,E8,E8-9d2be512b798,1326.9881398082362,1326.9881398082362,1298.0393716876135,short_prompt_ttft_p95_ms,5,32,4.206681592244768,fcfs,mixed,473.53743041487684,1339.6061288835335,230.79183073525687,2000,workload_seed,315.44772541249773
poisson,343.25725118824704,mono,1575.5459606696504,1513.6309080144424,966.2660701636225,,a_p0.5_d0.5,E8,E8-9d2be512b798,1232.2887094814037,1232.2887094814037,1220.6211788776286,long_prompt_ttft_p95_ms,5,32,3.557767755827456,fcfs,mixed,358.9985951398297,953.9516159146062,178.81945787011713,2000,workload_seed,346.3656972726713
poisson,24.811699999999995,mono,0.21150000000000074,-0.4806000000000001,-53.822399999999995,,a_p0.5_d0.5,E8,E8-9d2be512b798,-24.600199999999994,-24.600199999999994,-1.8089999999999993,primer_max_itl_ms,5,32,-0.7207551152413118,fcfs,mixed,-99.1475795693161,-69.44083224967483,-99.60857905870203,2000,workload_seed,34.13114867976171
poisson,29.6,mono,39.2,17.0,2.6,,a_p0.5_d0.5,E8,E8-9d2be512b798,9.6,9.6,11.0,backlog_at_arrival_end,5,32,0.9833877244399706,fcfs,mixed,32.432432432432435,103.65853658536585,5.752212389380529,2000,workload_seed,9.762171889492624
poisson,0.9682057498142408,mono,0.9874215506657388,0.04137656212023642,0.004599730370399091,,a_p0.5_d0.5,E8,E8-9d2be512b798,0.019215800851498033,0.019215800851498033,0.010719417813902177,server_busy_fraction,5,32,0.7790271378846301,fcfs,mixed,1.9846815467874146,4.423336976818493,0.4643769656455854,2000,workload_seed,0.02466640751909697
poisson,0.4190040381543409,mono,0.03125,-0.2204696249585071,-0.5740954387685424,,a_p0.5_d0.5,E8,E8-9d2be512b798,-0.3877540381543409,-0.3877540381543409,-0.2617083871712266,batch_slot_occupancy,5,32,-1.6871693805329662,fcfs,mixed,-92.54183798856636,-87.58539386623066,-94.83765830241126,2000,workload_seed,0.2298251987194385
poisson,1286.8137292731367,mono,1321.7309856573468,109.46320889548633,-58.95910546519572,,trace_demo,E8,E8-ae430d1a251a,34.91725638421017,34.91725638421017,74.929000000001,ttft_p50_ms,5,32,0.3184109357019182,chunk_512,mixed,2.7134662608809146,10.72650612975985,-4.790550980000841,2000,workload_seed,109.66098355647594
poisson,3400.2846339976777,mono,3451.5756343223015,120.05736525834308,-17.475364609095415,,trace_demo,E8,E8-ae430d1a251a,51.29100032462384,51.29100032462384,41.76920008189609,ttft_p95_ms,5,32,0.5596985675644544,chunk_512,mixed,1.5084325533160303,4.405429202376521,-0.42880589958596005,2000,workload_seed,91.64039948827852
poisson,3546.241304119428,mono,3587.336325662642,109.25814454113534,-3.4937383210307416,,trace_demo,E8,E8-ae430d1a251a,41.09502154321399,41.09502154321399,12.532399999970494,ttft_p99_ms,5,32,0.5252479168876495,chunk_512,mixed,1.158833198842868,3.5748398337426712,-0.09559860669976494,2000,workload_seed,78.23928514885327
poisson,25.16447834280499,mono,16.799144657839832,-6.312700709316731,-10.802516309104394,,trace_demo,E8,E8-ae430d1a251a,-8.365333684965162,-8.365333684965162,-8.109317882925271,tpot_p95_ms,5,32,-2.857119503083545,chunk_512,mixed,-33.242627051543735,-27.32281168514611,-39.36655502362202,2000,workload_seed,2.9278907220845607
poisson,32.32846088195082,mono,17.670207254763785,-9.832832378708229,-19.626732850072138,,trace_demo,E8,E8-ae430d1a251a,-14.658253627187031,-14.658253627187031,-14.121610284090956,tpot_p99_ms,5,32,-2.3468712717520477,chunk_512,mixed,-45.34163776219494,-35.76536554517165,-52.60055453804296,2000,workload_seed,6.2458703225950565
poisson,5979.831007645303,mono,5708.1388410533855,-155.6824325530782,-388.17703912276903,,trace_demo,E8,E8-ae430d1a251a,-271.6921665919164,-271.6921665919164,-208.2946642388997,e2e_p95_ms,5,32,-1.7030570014470772,chunk_512,mixed,-4.543475664187746,-2.606637041130333,-6.880405221488884,2000,workload_seed,159.53204523457597
poisson,42.10039999999999,mono,18.699999999999953,-15.774399999999877,-33.07839999999992,,trace_demo,E8,E8-ae430d1a251a,-23.400400000000037,-23.400400000000037,-19.3720000000003,itl_p95_ms,5,32,-2.0709747442126263,chunk_512,mixed,-55.5823697637078,-45.84356609981073,-63.65720126687191,2000,workload_seed,11.299220362485274
poisson,150.4512000000001,mono,19.064000000000213,-122.89559999999969,-137.5571999999999,,trace_demo,E8,E8-ae430d1a251a,-131.3871999999999,-131.3871999999999,-135.55400000000054,itl_p99_ms,5,32,-13.813808862670536,chunk_512,mixed,-87.32878169133899,-86.57082719308853,-87.82795687940062,2000,workload_seed,9.511294191644089
poisson,15.31965915332265,mono,15.52246274339873,0.25095504012605724,0.15182629462734737,,trace_demo,E8,E8-ae430d1a251a,0.20280359007608126,0.20280359007608126,0.24630381080906538,request_throughput_rps,5,32,3.1090001149124764,chunk_512,mixed,1.3238126778564396,1.6543084271903874,1.004852429226677,2000,workload_seed,0.0652311298102961
poisson,1941.8119826185052,mono,1967.226504998851,30.885379932775823,19.8197704727183,,trace_demo,E8,E8-ae430d1a251a,25.41452238034585,25.41452238034585,28.30352053563888,output_token_throughput_tps,5,32,3.549545486593868,chunk_512,mixed,1.3088044881706118,1.6531904555532329,0.9895659673238688,2000,workload_seed,7.159937089504251
poisson,11.327755664847222,mono,12.3539940884795,1.4534454012398828,0.7232114553156688,,trace_demo,E8,E8-ae430d1a251a,1.0262384236322761,1.0262384236322761,0.8759722245832666,observed_request_throughput_rps,5,32,2.080903459013071,chunk_512,mixed,9.059503523870527,15.919653168647784,5.190109337419457,2000,workload_seed,0.49316964666827917
poisson,2.3048901233841947,mono,0.9839457016353717,-1.175649432467162,-1.4614680098197526,,trace_demo,E8,E8-ae430d1a251a,-1.3209444217488229,-1.3209444217488229,-1.353922105965207,iteration_cv,5,32,-7.064187841506235,chunk_512,mixed,-57.31051594812353,-54.39705712617672,-61.003730202691585,2000,workload_seed,0.18699168982844735
poisson,3563.4938799671568,mono,3596.1558658407353,100.83386884058118,-35.43632430461766,,trace_demo,E8,E8-ae430d1a251a,32.66198587357858,32.66198587357858,29.177999999964413,max_wait_ms,5,32,0.3969961186993209,chunk_512,mixed,0.9165719648683623,2.935441583404974,-0.9490644089744316,2000,workload_seed,82.27280906571355
poisson,66.8,mono,69.4,4.8,0.6,,trace_demo,E8,E8-ae430d1a251a,2.6,2.6,1.0,starvation_proxy_count,5,32,0.9623031732568869,chunk_512,mixed,3.8922155688622784,6.727828746177367,0.9740259740259827,2000,workload_seed,2.701851217221259
poisson,0.8028604304595447,mono,0.8109295663957719,0.01517587674133689,0.0015463852498058173,,trace_demo,E8,E8-ae430d1a251a,0.008069135936227202,0.008069135936227202,0.007352789310339669,waiting_satisfaction_jain,5,32,0.9484074797628759,chunk_512,mixed,1.0050484031961293,1.9251237614454908,0.1888284336672541,2000,workload_seed,0.008508089727681897
poisson,3395.7726346507034,mono,3441.8598180634262,97.4740799999654,-15.551016033439556,,trace_demo,E8,E8-ae430d1a251a,46.08718341272252,46.08718341272252,59.410399999964284,short_prompt_ttft_p95_ms,5,32,0.639968979385725,chunk_512,mixed,1.3571928503824493,3.5112709241290174,-0.407591006083996,2000,workload_seed,72.01471461469798
poisson,3271.2345871091907,mono,3394.5248060950753,191.75855856871993,30.357079999973394,,trace_demo,E8,E8-ae430d1a251a,123.29021898588462,123.29021898588462,140.26614597244406,long_prompt_ttft_p95_ms,5,32,1.184638854239076,chunk_512,mixed,3.768920134059761,6.973833081642589,0.9050144118077696,2000,workload_seed,104.07409696609783
poisson,52.01980000000002,mono,7.696000000000015,0.0,-99.61980000000001,,trace_demo,E8,E8-ae430d1a251a,-44.3238,-44.3238,0.0,primer_max_itl_ms,5,32,-0.6956367873475257,chunk_512,mixed,-85.20563323965104,0.0,-87.99415540198483,2000,workload_seed,63.716871801744944
poisson,87.0,mono,83.4,-2.6,-4.805,,trace_demo,E8,E8-ae430d1a251a,-3.6,-3.6,-3.0,backlog_at_arrival_end,5,32,-2.3737697042248334,chunk_512,mixed,-4.137931034482756,-3.1553398058252524,-5.208878138075318,2000,workload_seed,1.51657508881031
poisson,0.9986917224661445,mono,0.9986728215723277,3.97459842815806e-15,-5.670268145765434e-05,,trace_demo,E8,E8-ae430d1a251a,-1.8900893816797826e-05,-1.8900893816797826e-05,3.219646771412954e-15,server_busy_fraction,5,32,-0.4472135954139271,chunk_512,mixed,-0.0018925653824442001,3.9968028886505635e-13,-0.005692610689800315,2000,workload_seed,4.2263683417995696e-05
poisson,0.8365639313780632,mono,0.7357969342413997,-0.07400242357152627,-0.13180575956506585,,trace_demo,E8,E8-ae430d1a251a,-0.10076699713666351,-0.10076699713666351,-0.09896160941556842,batch_slot_occupancy,5,32,-2.6594241309328477,chunk_512,mixed,-12.045343261533048,-8.735453936593673,-15.650383611045138,2000,workload_seed,0.03789053275278713
poisson,1286.8137292731367,mono,2507.180835428633,1427.4202403201243,1004.0938114058529,,trace_demo,E8,E8-ae430d1a251a,1220.3671061554967,1220.3671061554967,1329.7130884008152,ttft_p50_ms,5,32,4.496533685634307,fcfs,mixed,94.83634487213834,181.28786237368297,62.23697869554839,2000,workload_seed,271.4017488747768
poisson,3400.2846339976777,mono,4922.833278576923,1647.4263141837266,1442.337701412203,,trace_demo,E8,E8-ae430d1a251a,1522.5486445792444,1522.5486445792444,1476.8442875976516,ttft_p95_ms,5,32,11.284689931784516,fcfs,mixed,44.77709393372757,57.66104640350926,35.15156010106166,2000,workload_seed,134.92161980373302
poisson,3546.241304119428,mono,5092.1885027638045,1668.5222066569975,1459.9206990685984,,trace_demo,E8,E8-ae430d1a251a,1545.947198644377,1545.947198644377,1478.271241942502,ttft_p99_ms,5,32,11.706088956402853,fcfs,mixed,43.59396516104401,54.84395641580719,35.68960705187196,2000,workload_seed,132.063510229759
poisson,25.16447834280499,mono,0.32300000000032014,-22.781140167055007,-27.11784744682938,,trace_demo,E8,E8-ae430d1a251a,-24.84147834280467,-24.84147834280467,-24.96980601851818,tpot_p95_ms,5,32,-8.551736748665249,fcfs,mixed,-98.71644468206243,-98.60198216568608,-98.82292264979726,2000,workload_seed,2.9048460064772126
poisson,32.32846088195082,mono,0.32300000000032014,-27.16960976038187,-36.98978695147041,,trace_demo,E8,E8-ae430d1a251a,-32.0054608819505,-32.0054608819505,-31.765716874999697,tpot_p99_ms,5,32,-5.124155320279424,fcfs,mixed,-99.00088036612763,-98.8251388179751,-99.13434501577055,2000,workload_seed,6.245997414497813
poisson,5979.831007645303,mono,4964.896089239203,-661.969335147735,-1333.409215610433,,trace_demo,E8,E8-ae430d1a251a,-1014.934918406099,-1014.934918406099,-1278.0653857323782,e2e_p95_ms,5,32,-2.3536629253528645,fcfs,mixed,-16.972635465926878,-11.454346536553617,-22.524269318390534,2000,workload_seed,431.21506800041834
poisson,42.10039999999999,mono,0.32300000000032014,-33.93299999999963,-51.634199999999694,,trace_demo,E8,E8-ae430d1a251a,-41.77739999999967,-41.77739999999967,-37.748999999999796,itl_p95_ms,5,32,-3.6641540123051497,fcfs,mixed,-99.23278638682692,-99.05709948622045,-99.37833447529827,2000,workload_seed,11.401649564865632
poisson,150.4512000000001,mono,0.32300000000032014,-141.63659999999967,-156.2981999999998,,trace_demo,E8,E8-ae430d1a251a,-150.1281999999998,-150.1281999999998,-154.29500000000007,itl_p99_ms,5,32,-15.784203177301778,fcfs,mixed,-99.7853124468264,-99.77247047751592,-99.79376993663672,2000,workload_seed,9.511294191644039
poisson,15.31965915332265,mono,14.824144427043692,-0.42304715862469777,-0.5679822939332191,,trace_demo,E8,E8-ae430d1a251a,-0.49551472627895843,-0.49551472627895843,-0.4963456921255158,request_throughput_rps,5,32,-5.393466840108945,fcfs,mixed,-3.2345022909435084,-2.9306584619701592,-3.5051779936836613,2000,workload_seed,0.09187313855237299
poisson,1941.8119826185052,mono,1879.3190571437146,-56.08971025731821,-68.89614069226286,,trace_demo,E8,E8-ae430d1a251a,-62.49292547479054,-62.49292547479054,-67.79384168305,output_token_throughput_tps,5,32,-7.311056668913639,fcfs,mixed,-3.2182789082658703,-2.911055290823905,-3.4984841493471586,2000,workload_seed,8.547728229287062
poisson,11.327755664847222,mono,15.263777470047742,5.022176601219844,2.849867009181197,,trace_demo,E8,E8-ae430d1a251a,3.9360218052005203,3.9360218052005203,4.379861122916333,observed_request_throughput_rps,5,32,2.8434179236377872,fcfs,mixed,34.74670465761327,52.0965195015757,22.18832903443646,2000,workload_seed,1.3842572252498455
poisson,2.3048901233841947,mono,8.044781034294889,6.152873055202934,5.339802551957552,,trace_demo,E8,E8-ae430d1a251a,5.739890910910695,5.739890910910695,5.733931023409557,iteration_cv,5,32,10.648981558289327,fcfs,mixed,249.0309994683391,302.43297538041435,207.72156717426054,2000,workload_seed,0.5390084375198
poisson,3563.4938799671568,mono,5104.859410347233,1653.2304352496892,1451.1295234768436,,trace_demo,E8,E8-ae430d1a251a,1541.3655303800758,1541.3655303800758,1482.652000001418,max_wait_ms,5,32,12.184411666841346,fcfs,mixed,43.254333592240734,53.664391900833095,35.608387930513175,2000,workload_seed,126.50307397071518
poisson,66.8,mono,99.0,41.0,23.2,,trace_demo,E8,E8-ae430d1a251a,32.2,32.2,31.0,starvation_proxy_count,5,32,2.7050229030711983,fcfs,mixed,48.203592814371255,77.30769230769232,30.366492146596833,2000,workload_seed,11.903780911962384
poisson,0.8028604304595447,mono,0.754015456446982,-0.024564812693990336,-0.07188800539521414,,trace_demo,E8,E8-ae430d1a251a,-0.048844974012562735,-0.048844974012562735,-0.04665027029183644,waiting_satisfaction_jain,5,32,-1.6025444590720583,fcfs,mixed,-6.083868647581081,-3.2164469132480944,-8.668728157132932,2000,workload_seed,0.030479637389184234
poisson,3395.7726346507034,mono,4915.511373991262,1634.7655205562946,1441.584719063309,,trace_demo,E8,E8-ae430d1a251a,1519.7387393405584,1519.7387393405584,1478.0631013872248,short_prompt_ttft_p95_ms,5,32,12.013971900473333,fcfs,mixed,44.753842581598,57.290835567253495,35.41773104622206,2000,workload_seed,126.4976106095839
poisson,3271.2345871091907,mono,4774.047452375338,1646.902899584719,1352.1937589350064,,trace_demo,E8,E8-ae430d1a251a,1502.8128652661474,1502.8128652661474,1504.2557489584833,long_prompt_ttft_p95_ms,5,32,8.354959031184169,fcfs,mixed,45.94023526127462,58.75133995616613,37.169520247077244,2000,workload_seed,179.87076413624854
poisson,52.01980000000002,mono,0.32300000000000184,-2.2105999999999995,-113.72580000000005,,trace_demo,E8,E8-ae430d1a251a,-51.69680000000001,-51.69680000000001,-3.817,primer_max_itl_ms,5,32,-0.7282560207219364,fcfs,mixed,-99.3790825800945,-87.25134196400377,-99.71678790131942,2000,workload_seed,70.98712338656922
poisson,87.0,mono,73.2,-10.6,-17.0,,trace_demo,E8,E8-ae430d1a251a,-13.8,-13.8,-15.0,backlog_at_arrival_end,5,32,-3.376920611203535,fcfs,mixed,-15.86206896551724,-13.255813953488381,-18.329466357308576,2000,workload_seed,4.08656334834051
poisson,0.9986917224661445,mono,0.9987378824081772,0.00013847982668020454,-3.079758670310184e-13,,trace_demo,E8,E8-ae430d1a251a,4.615994203265306e-05,4.615994203265306e-05,-2.9687363678476686e-13,server_busy_fraction,5,32,0.4472135927003809,fcfs,mixed,0.00462204111582043,0.013902547841015966,-3.079758670310184e-11,2000,workload_seed,0.00010321676886860363
poisson,0.8365639313780632,mono,0.03125,-0.7808566678233081,-0.829122222476262,,trace_demo,E8,E8-ae430d1a251a,-0.8053139313780632,-0.8053139313780632,-0.8134877144501451,batch_slot_occupancy,5,32,-24.986081990925364,fcfs,mixed,-96.2644815503195,-96.15198332458476,-96.36785112494003,2000,workload_seed,0.03223050063113309
poisson,99.85004789786902,mono,385.7394492813582,483.20814846342455,127.06130418824505,,piecewise_mix_0,E8,E8-bf581af613e8,285.88940138348914,285.88940138348914,214.9436422509633,ttft_p50_ms,5,32,1.2215620023992455,chunk_512,mixed,286.3187423564477,712.3182317407867,195.9872991157393,2000,workload_seed,234.03593171855337
poisson,345.9862992956707,mono,830.1445834933174,689.7317525093314,321.69526164323025,,piecewise_mix_0,E8,E8-bf581af613e8,484.15828419764676,484.15828419764676,458.2959977354392,ttft_p95_ms,5,32,2.057368543725907,chunk_512,mixed,139.9356810322417,257.41519543665703,96.28997939856056,2000,workload_seed,235.3289038437582
poisson,390.434750504106,mono,887.618459397364,680.2718673341167,334.8615401795097,,piecewise_mix_0,E8,E8-bf581af613e8,497.1837088932581,497.1837088932581,528.7561173498907,ttft_p99_ms,5,32,2.1404026263970826,chunk_512,mixed,127.34104949708605,249.1914738951647,87.8351135470929,2000,workload_seed,232.28513306870784
poisson,10.944521310264223,mono,9.06218185350482,0.666372631442548,-4.265323546062022,,piecewise_mix_0,E8,E8-bf581af613e8,-1.8823394567594043,-1.8823394567594043,-3.3451688076245887,tpot_p95_ms,5,32,-0.5969367790507252,chunk_512,mixed,-17.19891992895174,8.088382623283286,-31.798540891525672,2000,workload_seed,3.1533313456624037
poisson,21.739271862316183,mono,9.620951532362007,-9.080686716079912,-14.94877798097129,,piecewise_mix_0,E8,E8-bf581af613e8,-12.118320329954177,-12.118320329954177,-13.223073554215558,tpot_p99_ms,5,32,-3.078609878501529,chunk_512,mixed,-55.74391086649324,-48.946045055516244,-61.14059482765495,2000,workload_seed,3.9362961882824212
poisson,1639.1909716873706,mono,2376.622228437332,967.2056234975938,515.3428531977947,,piecewise_mix_0,E8,E8-bf581af613e8,737.4312567499617,737.4312567499617,585.0648964852221,e2e_p95_ms,5,32,2.4280148938787196,chunk_512,mixed,44.987513321334085,79.86647211937792,24.341921595876315,2000,workload_seed,303.71776491532376
poisson,14.303994000000102,mono,9.94360512000012,1.8499963600000229,-12.549866340000017,,piecewise_mix_0,E8,E8-bf581af613e8,-4.360388879999983,-4.360388879999983,1.3294043999999303,itl_p95_ms,5,32,-0.4712410129610283,chunk_512,mixed,-30.483715806927435,22.97811572373194,-55.730827163497175,2000,workload_seed,9.252991059928366
poisson,61.768054639999946,mono,10.039919999999984,-35.966050219999985,-67.49021905999993,,piecewise_mix_0,E8,E8-bf581af613e8,-51.728134639999965,-51.728134639999965,-53.51193450000005,itl_p99_ms,5,32,-2.503437914515971,chunk_512,mixed,-83.74577269995758,-78.2606863058671,-86.99504607061317,2000,workload_seed,20.6628390263081
poisson,29.65559151827697,mono,26.435591815659613,-2.5411003016423166,-3.9501752163682746,,piecewise_mix_0,E8,E8-bf581af613e8,-3.219999702617355,-3.219999702617355,-3.2422680397693426,request_throughput_rps,5,32,-3.6154564311966033,chunk_512,mixed,-10.857985080597189,-8.545529911668526,-13.412963510224774,2000,workload_seed,0.8906205243777853
poisson,3772.766817210542,mono,3361.6968978551813,-319.2680169263018,-505.9858317013362,,piecewise_mix_0,E8,E8-bf581af613e8,-411.069919355361,-411.069919355361,-394.2648596797644,output_token_throughput_tps,5,32,-3.340808606193469,chunk_512,mixed,-10.895714982440708,-8.529562989840333,-13.512207073618542,2000,workload_seed,123.04503723837557
poisson,26.4986255416646,mono,22.525791881695657,-2.370437660369954,-5.564647500655676,,piecewise_mix_0,E8,E8-bf581af613e8,-3.9728336599689458,-3.9728336599689458,-4.08787038138858,observed_request_throughput_rps,5,32,-1.9108090705160627,chunk_512,mixed,-14.992602743573757,-8.867187423169021,-21.58624093859342,2000,workload_seed,2.0791369065963146
poisson,2.9216806756848115,mono,0.9489476570268314,-1.853875151954053,-2.1052089328931594,,piecewise_mix_0,E8,E8-bf581af613e8,-1.97273301865798,-1.97273301865798,-1.9795953434256768,iteration_cv,5,32,-12.233228114525017,chunk_512,mixed,-67.52048692643633,-65.74731256586543,-69.37685521868353,2000,workload_seed,0.16126021686096675
poisson,380.4387107778447,mono,879.3892139121508,676.5255804327946,340.9894879297628,,piecewise_mix_0,E8,E8-bf581af613e8,498.950503134306,498.950503134306,524.354046700008,max_wait_ms,5,32,2.2117307885454287,chunk_512,mixed,131.15134948127448,266.0473972768357,89.29869990069048,2000,workload_seed,225.59278268330607
poisson,1.0,mono,13.0,36.0,0.0,,piecewise_mix_0,E8,E8-bf581af613e8,12.0,12.0,0.0,starvation_proxy_count,5,32,0.4472135954999579,chunk_512,mixed,1200.0,1200.0,1200.0,2000,workload_seed,26.832815729997478
poisson,0.9869238350110514,mono,0.9637546471990867,-0.011338995665594775,-0.040203561924553724,,piecewise_mix_0,E8,E8-bf581af613e8,-0.023169187811964732,-0.023169187811964732,-0.015647984454147834,waiting_satisfaction_jain,5,32,-1.1892248697258532,chunk_512,mixed,-2.3476166032311174,-1.136832969182211,-4.163970094972036,2000,workload_seed,0.019482596102540158
poisson,311.19497598523225,mono,798.7398313400657,702.5586197438546,323.7928070102254,,piecewise_mix_0,E8,E8-bf581af613e8,487.54485535483354,487.54485535483354,454.18804670000645,short_prompt_ttft_p95_ms,5,32,1.9829295104878844,chunk_512,mixed,156.66861388468237,284.1000454314517,109.9425428181743,2000,workload_seed,245.87099681363708
poisson,374.64642264008114,mono,848.9409110642134,683.4736776445609,310.75730981668556,,piecewise_mix_0,E8,E8-bf581af613e8,474.2944884241323,474.2944884241323,437.12392048000544,long_prompt_ttft_p95_ms,5,32,1.9815573842290726,chunk_512,mixed,126.5978959793197,245.83262318690134,89.45714774737364,2000,workload_seed,239.35440487314332
poisson,36.871426559999996,mono,8.153660140000017,-3.702147199999999,-57.50421907999996,,piecewise_mix_0,E8,E8-bf581af613e8,-28.717766419999986,-28.717766419999986,-14.739173499999993,primer_max_itl_ms,5,32,-0.8361709523611472,chunk_512,mixed,-77.8862363062309,-37.92738364035905,-85.93505203859138,2000,workload_seed,34.34437221109854
poisson,32.8,mono,46.8,19.2,8.395000000000001,,piecewise_mix_0,E8,E8-bf581af613e8,14.0,14.0,14.0,backlog_at_arrival_end,5,32,1.9321835661585918,chunk_512,mixed,42.68292682926828,80.0,24.71264367816093,2000,workload_seed,7.245688373094719
poisson,0.9986292873844498,mono,0.9987378991013252,0.00032583515062762914,-1.5765166949677222e-15,,piecewise_mix_0,E8,E8-bf581af613e8,0.00010861171687543969,0.00010861171687543969,2.220446049250313e-16,server_busy_fraction,5,32,0.4472135954977865,chunk_512,mixed,0.010876079667143657,0.032718056220004677,-1.5543122344752192e-13,2000,workload_seed,0.00024286318208762342
poisson,0.5071655847421965,mono,0.6091758085425399,0.19296322318674722,0.0022354098344939287,,piecewise_mix_0,E8,E8-bf581af613e8,0.10201022380034339,0.10201022380034339,0.10149337157502158,batch_slot_occupancy,5,32,0.8133442187867617,chunk_512,mixed,20.11379061775209,49.27114954381681,0.3442390746642987,2000,workload_seed,0.12542072771170443
poisson,99.85004789786902,mono,5750.861084535674,6211.449519148555,5090.572554127054,,piecewise_mix_0,E8,E8-bf581af613e8,5651.011036637805,5651.011036637805,5577.701485293871,ttft_p50_ms,5,32,7.961959908614293,fcfs,mixed,5659.497572217397,21796.730314359793,2497.0984562182452,2000,workload_seed,709.7512549044362
poisson,345.9862992956707,mono,11209.192140985602,11572.312360439128,10069.687545888459,,piecewise_mix_0,E8,E8-bf581af613e8,10863.20584168993,10863.20584168993,11397.381023419213,ttft_p95_ms,5,32,11.055350887681707,fcfs,mixed,3139.7791946687826,7015.442466926985,1632.108126693735,2000,workload_seed,982.6197243358533
poisson,390.434750504106,mono,11636.265591564661,11982.383513073879,10383.741854615986,,piecewise_mix_0,E8,E8-bf581af613e8,11245.830841060555,11245.830841060555,11504.74356838275,ttft_p99_ms,5,32,10.640695079532572,fcfs,mixed,2880.3355302110303,6496.000314824133,1517.8313497410682,2000,workload_seed,1056.8699466533878
poisson,10.944521310264223,mono,0.8292761249999986,-7.410165529032689,-12.583955243655204,,piecewise_mix_0,E8,E8-bf581af613e8,-10.115245185264225,-10.115245185264225,-11.295109985531534,tpot_p95_ms,5,32,-3.084574288018007,fcfs,mixed,-92.42291095708069,-89.94405122991334,-93.81502037798293,2000,workload_seed,3.2793002342517013
poisson,21.739271862316183,mono,0.8316750699999934,-17.89598025002808,-23.744191137059097,,piecewise_mix_0,E8,E8-bf581af613e8,-20.90759679231619,-20.90759679231619,-21.940922303941207,tpot_p99_ms,5,32,-5.412045212026789,fcfs,mixed,-96.17431956660124,-95.55824593513753,-96.61621846602924,2000,workload_seed,3.8631600389913188
poisson,1639.1909716873706,mono,11286.529584194534,10110.284947848273,9117.235785526127,,piecewise_mix_0,E8,E8-bf581af613e8,9647.338612507163,9647.338612507163,9762.674401329528,e2e_p95_ms,5,32,14.855056291011678,fcfs,mixed,588.5426883834203,832.3039694527507,428.784161324805,2000,workload_seed,649.4313063185402
poisson,14.303994000000102,mono,0.8314542499999572,-7.219658500000241,-21.726488260000103,,piecewise_mix_0,E8,E8-bf581af613e8,-13.472539750000147,-13.472539750000147,-7.877748000000338,itl_p95_ms,5,32,-1.4488750486034716,fcfs,mixed,-94.18725811825738,-89.67268913914437,-96.31432008113694,2000,workload_seed,9.29862085967036
poisson,61.768054639999946,mono,0.8324923399997625,-45.12425500000014,-76.74686960000022,,piecewise_mix_0,E8,E8-bf581af613e8,-60.935562300000186,-60.935562300000186,-62.77697839999999,itl_p99_ms,5,32,-2.941457621615552,fcfs,mixed,-98.6522283325066,-98.18857349471185,-98.9268896977761,2000,workload_seed,20.716110901007042
poisson,29.65559151827697,mono,8.383835181391543,-20.29637306240868,-22.35099837658719,,piecewise_mix_0,E8,E8-bf581af613e8,-21.271756336885424,-21.271756336885424,-21.2225971302472,request_throughput_rps,5,32,-15.772648617370578,fcfs,mixed,-71.72932741461413,-70.05089969848208,-73.52651789102337,2000,workload_seed,1.3486483375695457
poisson,3772.766817210542,mono,1062.1026120936838,-2474.811153858222,-2977.6459136115145,,piecewise_mix_0,E8,E8-bf581af613e8,-2710.664205116858,-2710.664205116858,-2580.700971346075,output_token_throughput_tps,5,32,-8.313803294409343,fcfs,mixed,-71.84817764913001,-70.12735264545964,-73.57407241221942,2000,workload_seed,326.04382243920264
poisson,26.4986255416646,mono,8.608974333434926,-15.078321182580066,-20.468397834319113,,piecewise_mix_0,E8,E8-bf581af613e8,-17.889651208229676,-17.889651208229676,-18.284380122971747,observed_request_throughput_rps,5,32,-5.261023912151977,fcfs,mixed,-67.5116193483365,-62.89828100614061,-71.70892284345129,2000,workload_seed,3.4004124495438885
poisson,2.9216806756848115,mono,2.796293944121974,0.18996011538756202,-0.4281507974820588,,piecewise_mix_0,E8,E8-bf581af613e8,-0.12538673156283747,-0.12538673156283747,-0.28048213809363487,iteration_cv,5,32,-0.3129123498182857,fcfs,mixed,-4.291596018906086,6.957467755066915,-13.923009417082643,2000,workload_seed,0.4007087979610009
poisson,380.4387107778447,mono,11705.176304944584,12070.244579500852,10466.808991049827,,piecewise_mix_0,E8,E8-bf581af613e8,11324.737594166738,11324.737594166738,11575.645953130454,max_wait_ms,5,32,10.60627446868142,fcfs,mixed,2976.7574311804888,7146.891767935736,1542.6797021759994,2000,workload_seed,1067.7394430633321
poisson,1.0,mono,113.8,113.8,111.4,,piecewise_mix_0,E8,E8-bf581af613e8,112.8,112.8,113.0,starvation_proxy_count,5,32,68.64789387398082,fcfs,mixed,11280.0,11380.0,3746.666666666667,2000,workload_seed,1.6431676725154984
poisson,0.9869238350110514,mono,0.5838089997148825,-0.3867568663165697,-0.42113152542703036,,piecewise_mix_0,E8,E8-bf581af613e8,-0.4031148352961688,-0.4031148352961688,-0.39567736666134257,waiting_satisfaction_jain,5,32,-18.424753368987638,fcfs,mixed,-40.845587166476214,-39.5757388408341,-42.28419494980547,2000,workload_seed,0.021878981347706272
poisson,311.19497598523225,mono,11220.678624654289,11664.60684141336,10053.532629768664,,piecewise_mix_0,E8,E8-bf581af613e8,10909.483648669056,10909.483648669056,11422.178141575663,short_prompt_ttft_p95_ms,5,32,10.704814141880098,fcfs,mixed,3505.6747346675565,8673.676737966627,1799.238153143936,2000,workload_seed,1019.1193890969332
poisson,374.64642264008114,mono,10801.122294632694,11322.092344056606,9565.385679320301,,piecewise_mix_0,E8,E8-bf581af613e8,10426.475871992614,10426.475871992614,10968.89505952608,long_prompt_ttft_p95_ms,5,32,9.227312844307075,fcfs,mixed,2783.017597904363,6403.339251199542,1453.6974027558183,2000,workload_seed,1129.9579897115311
poisson,36.871426559999996,mono,0.8004950000000001,-10.83816994100007,-66.53089476,,piecewise_mix_0,E8,E8-bf581af613e8,-36.070931560000005,-36.070931560000005,-23.278870099999992,primer_max_itl_ms,5,32,-0.9969337552980845,fcfs,mixed,-97.82895571263734,-93.18560089236149,-98.78859167493266,2000,workload_seed,36.18187403957924
poisson,32.8,mono,97.2,77.4,51.6,,piecewise_mix_0,E8,E8-bf581af613e8,64.4,64.4,64.0,backlog_at_arrival_end,5,32,4.207263600977393,fcfs,mixed,196.34146341463418,370.54761904761864,109.91379310344831,2000,workload_seed,15.30686120666154
poisson,0.9986292873844498,mono,0.999636577866329,0.003021871445639368,-1.5987211554602255e-15,,piecewise_mix_0,E8,E8-bf581af613e8,0.0010072904818791751,0.0010072904818791751,-8.881784197001252e-16,server_busy_fraction,5,32,0.44721359549958833,fcfs,mixed,0.10086730827987278,0.30343491074440454,-1.5543122344752192e-13,2000,workload_seed,0.0022523699905722173
poisson,0.5071655847421965,mono,0.03125,-0.33879925143292755,-0.6181271332245833,,piecewise_mix_0,E8,E8-bf581af613e8,-0.47591558474219653,-0.47591558474219653,-0.39130238995006444,batch_slot_occupancy,5,32,-2.543965695525689,fcfs,mixed,-93.83830430531182,-91.55517816101725,-95.18769627060576,2000,workload_seed,0.18707625876372228
poisson,388.68767880627513,mono,507.9853730802935,186.27929419168,55.45209099094834,,a_p0.5_d1,E8,E8-c4d28d2a4c8c,119.29769427401841,119.29769427401841,105.30355909425509,ttft_p50_ms,5,32,1.4672951320507681,chunk_512,mixed,30.692430138357253,56.717238092210366,20.22111366992565,2000,workload_seed,81.30449809867612
poisson,1674.046328489665,mono,1706.994666823129,85.32483224227676,-14.857151881303617,,a_p0.5_d1,E8,E8-c4d28d2a4c8c,32.948338333464065,32.948338333464065,30.93241189586115,ttft_p95_ms,5,32,0.5145667297686239,chunk_512,mixed,1.9681855736447984,6.649621190261934,-0.8333226181135744,2000,workload_seed,64.03122554829645
poisson,1757.1875441680809,mono,1804.8480103528625,97.25731418437199,-2.171437437229315,,a_p0.5_d1,E8,E8-c4d28d2a4c8c,47.66046618478181,47.66046618478181,49.98284921748291,ttft_p99_ms,5,32,0.7366172264936786,chunk_512,mixed,2.71231527579181,7.12789207613953,-0.11510645906235295,2000,workload_seed,64.70180776472897
poisson,16.853290429734983,mono,12.552488041695591,-3.2107492420369583,-5.831134013531331,,a_p0.5_d1,E8,E8-c4d28d2a4c8c,-4.300802388039392,-4.300802388039392,-3.9558833491163217,tpot_p95_ms,5,32,-2.4409137935004264,chunk_512,mixed,-25.519066475299688,-20.40844643779596,-31.74525726059949,2000,workload_seed,1.7619640642334058
poisson,20.31786811300713,mono,13.121861654262336,-5.362999386923277,-9.566863595249817,,a_p0.5_d1,E8,E8-c4d28d2a4c8c,-7.196006458744793,-7.196006458744793,-6.522981449350944,tpot_p99_ms,5,32,-2.7134758999021797,chunk_512,mixed,-35.41713342522408,-28.970941759186985,-42.128694061183964,2000,workload_seed,2.6519514910761535
poisson,4098.777175673649,mono,3823.460403339695,-141.34358202877246,-436.96329526458055,,a_p0.5_d1,E8,E8-c4d28d2a4c8c,-275.31677233395374,-275.31677233395374,-184.44331014374802,e2e_p95_ms,5,32,-1.4697052146102079,chunk_512,mixed,-6.717046585697961,-3.5496668384967123,-10.154905130376635,2000,workload_seed,187.32788697832353
poisson,23.686799999999856,mono,13.770999999999821,-5.215800000000036,-15.161800000000039,,a_p0.5_d1,E8,E8-c4d28d2a4c8c,-9.915800000000036,-9.915800000000036,-9.907000000000153,itl_p95_ms,5,32,-1.5390397788586028,chunk_512,mixed,-41.86213418444068,-27.356263964503047,-52.40567407264063,2000,workload_seed,6.4428484151032706
poisson,76.33649000000037,mono,14.330400000000008,-56.583290000000396,-67.42889000000032,,a_p0.5_d1,E8,E8-c4d28d2a4c8c,-62.006090000000356,-62.006090000000356,-65.32045000000198,itl_p99_ms,5,32,-8.762362169042772,chunk_512,mixed,-81.22732653806857,-79.77054823672015,-82.49074330971146,2000,workload_seed,7.076412593292077
poisson,19.544584936461888,mono,19.954918608632305,0.4936774411825091,0.32847286747467097,,a_p0.5_d1,E8,E8-c4d28d2a4c8c,0.41033367217041317,0.41033367217041317,0.42066258214872576,request_throughput_rps,5,32,3.9056549550181883,chunk_512,mixed,2.0994749875957064,2.585929552891564,1.6926992334321378,2000,workload_seed,0.10506142424158467
poisson,2475.9952809177403,mono,2527.7656840423783,61.94417948486525,42.75475047425944,,a_p0.5_d1,E8,E8-c4d28d2a4c8c,51.770403124637866,51.770403124637866,48.257885595874086,output_token_throughput_tps,5,32,4.251012461408751,chunk_512,mixed,2.0908926411785878,2.5798177719573934,1.68459334701907,2000,workload_seed,12.178370116440817
poisson,17.328071066350827,mono,17.820298759657774,0.787259421268051,0.18003348863736016,,a_p0.5_d1,E8,E8-c4d28d2a4c8c,0.49222769330694727,0.49222769330694727,0.5161547015624919,observed_request_throughput_rps,5,32,1.2648117788519302,chunk_512,mixed,2.84063754945465,4.394847424322967,1.0814132633270912,2000,workload_seed,0.38917070629571654
poisson,1.8079891103988337,mono,1.004158470662581,-0.6851425971302912,-0.9224547436149935,,a_p0.5_d1,E8,E8-c4d28d2a4c8c,-0.8038306397362526,-0.8038306397362526,-0.8688526898179857,iteration_cv,5,32,-5.231867653514412,chunk_512,mixed,-44.459927060010415,-41.61281789243946,-48.114224573101815,2000,workload_seed,0.153641241134281
poisson,1806.938821784502,mono,1795.0735307585833,63.305812416813026,-87.69977544109489,,a_p0.5_d1,E8,E8-c4d28d2a4c8c,-11.865291025918305,-11.865291025918305,-30.816578460670826,max_wait_ms,5,32,-0.11597627853986077,chunk_512,mixed,-0.656651508223205,4.8078259895328435,-4.840780319545901,2000,workload_seed,102.30791309483372
poisson,29.2,mono,29.0,4.0,-4.4,,a_p0.5_d1,E8,E8-c4d28d2a4c8c,-0.2,-0.2,0.0,starvation_proxy_count,5,32,-0.03609614378422168,chunk_512,mixed,-0.6849315068493178,22.881355932203373,-18.248175182481752,2000,workload_seed,5.540758070878027
poisson,0.9043880125446755,mono,0.9061462113066758,0.005685606902431006,-0.002299126174603683,,a_p0.5_d1,E8,E8-c4d28d2a4c8c,0.0017581987620002072,0.0017581987620002072,0.0007481061468739281,waiting_satisfaction_jain,5,32,0.31795143945549115,chunk_512,mixed,0.19440757038047263,0.6399983300445999,-0.24873978529664775,2000,workload_seed,0.005529771354428263
poisson,1658.716483605333,mono,1683.4605476013264,55.722207446526184,-6.234079454539051,,a_p0.5_d1,E8,E8-c4d28d2a4c8c,24.744063995993564,24.744063995993564,14.248499999977184,short_prompt_ttft_p95_ms,5,32,0.5831074028200406,chunk_512,mixed,1.4917596973661462,4.435127525847138,-0.2964745032488003,2000,workload_seed,42.4348308327516
poisson,1610.6916360246023,mono,1691.4559438947297,151.84113118150194,0.003422870866052108,,a_p0.5_d1,E8,E8-c4d28d2a4c8c,80.76430787012733,80.76430787012733,99.39439408496787,long_prompt_ttft_p95_ms,5,32,0.8336938575001878,chunk_512,mixed,5.0142625729071355,13.518010734773544,0.000173486591004135,2000,workload_seed,96.87525839796551
poisson,27.13719999999999,mono,4.300199999999997,0.0,-52.12619999999997,,a_p0.5_d1,E8,E8-c4d28d2a4c8c,-22.836999999999993,-22.836999999999993,0.0,primer_max_itl_ms,5,32,-0.6860827578000396,chunk_512,mixed,-84.1538552245626,0.0,-87.14016692627811,2000,workload_seed,33.28607189200911
poisson,65.6,mono,63.8,-0.6,-3.0,,a_p0.5_d1,E8,E8-c4d28d2a4c8c,-1.8,-1.8,-2.0,backlog_at_arrival_end,5,32,-1.2135597524338357,chunk_512,mixed,-2.7439024390243816,-0.9063444108761476,-4.966887417218546,2000,workload_seed,1.4832396974191326
poisson,0.9970575654386653,mono,0.9970185520072843,1.3322676295501878e-15,-0.00010302619053137452,,a_p0.5_d1,E8,E8-c4d28d2a4c8c,-3.901343138099644e-05,-3.901343138099644e-05,-9.992007221626409e-16,server_busy_fraction,5,32,-0.5627084401396691,chunk_512,mixed,-0.003912856462184866,1.3322676295501878e-13,-0.010387844940584756,2000,workload_seed,6.933151983878715e-05
poisson,0.7723753331801843,mono,0.6789697776094828,-0.07118499912217502,-0.11995627564988062,,a_p0.5_d1,E8,E8-c4d28d2a4c8c,-0.09340555557070133,-0.09340555557070133,-0.08503436797443997,batch_slot_occupancy,5,32,-2.9960625470234654,chunk_512,mixed,-12.09328568095418,-9.138092301954426,-15.123802556331235,2000,workload_seed,0.031176103337194373
poisson,388.68767880627513,mono,1647.5332714175802,1433.6014481995887,1084.0897370230216,,a_p0.5_d1,E8,E8-c4d28d2a4c8c,1258.8455926113052,1258.8455926113052,1152.859554428719,ttft_p50_ms,5,32,5.561062917759817,fcfs,mixed,323.8707222409083,690.538828012064,209.49859327839343,2000,workload_seed,226.36780256361683
poisson,1674.046328489665,mono,3270.067595718917,1728.0087108475423,1493.6368992643625,,a_p0.5_d1,E8,E8-c4d28d2a4c8c,1596.0212672292516,1596.0212672292516,1553.058185864625,ttft_p95_ms,5,32,11.034028431155926,fcfs,mixed,95.33913369465658,133.47845608650658,70.5758872209375,2000,workload_seed,144.64538288869102
poisson,1757.1875441680809,mono,3395.6056694731233,1750.5548757343108,1562.7899747525144,,a_p0.5_d1,E8,E8-c4d28d2a4c8c,1638.4181253050428,1638.4181253050428,1569.5545256141952,ttft_p99_ms,5,32,13.41025195364201,fcfs,mixed,93.24093667422002,127.08326272433044,69.80110324181892,2000,workload_seed,122.1765356064078
poisson,16.853290429734983,mono,0.32300000000032014,-15.368247267051881,-18.126018238054872,,a_p0.5_d1,E8,E8-c4d28d2a4c8c,-16.530290429734663,-16.530290429734663,-16.167051657196705,tpot_p95_ms,5,32,-9.231989728616464,fcfs,mixed,-98.08346031092874,-97.94152756308581,-98.24922933116267,2000,workload_seed,1.7905447163243267
poisson,20.31786811300713,mono,0.32300000000032014,-18.158693061398488,-22.414116537083746,,a_p0.5_d1,E8,E8-c4d28d2a4c8c,-19.99486811300681,-19.99486811300681,-19.365796299999662,tpot_p99_ms,5,32,-7.4919909286504325,fcfs,mixed,-98.41026628284125,-98.25232461697493,-98.5794151955804,2000,workload_seed,2.668832397613244
poisson,4098.777175673649,mono,3306.6900585967546,-524.881897831711,-1060.4336502533574,,a_p0.5_d1,E8,E8-c4d28d2a4c8c,-792.0871170768945,-792.0871170768945,-688.0599287202858,e2e_p95_ms,5,32,-2.2914224321287158,fcfs,mixed,-19.324961644120407,-14.256472945623111,-24.473447797363956,2000,workload_seed,345.6748550467192
poisson,23.686799999999856,mono,0.32300000000032014,-18.743199999999526,-28.60859999999957,,a_p0.5_d1,E8,E8-c4d28d2a4c8c,-23.363799999999536,-23.363799999999536,-23.591999999999643,itl_p95_ms,5,32,-3.6140266828157444,fcfs,mixed,-98.63637131229072,-98.30590259201979,-98.88357367031094,2000,workload_seed,6.464755811320252
poisson,76.33649000000037,mono,0.32300000000032014,-70.59069000000008,-81.43629000000001,,a_p0.5_d1,E8,E8-c4d28d2a4c8c,-76.01349000000005,-76.01349000000005,-79.00545000000147,itl_p99_ms,5,32,-10.810613194132245,fcfs,mixed,-99.57687339305184,-99.544516721665,-99.60493786088368,2000,workload_seed,7.031376355344806
poisson,19.544584936461888,mono,18.456058512974074,-0.913113660926259,-1.3162006277176865,,a_p0.5_d1,E8,E8-c4d28d2a4c8c,-1.088526423487815,-1.088526423487815,-1.0460927292825097,request_throughput_rps,5,32,-3.9886349177116633,fcfs,mixed,-5.5694527513709735,-4.888452842525459,-6.3281048116931355,2000,workload_seed,0.27290700852418903
poisson,2475.9952809177403,mono,2339.0378315621906,-117.92558336587845,-157.21171588804765,,a_p0.5_d1,E8,E8-c4d28d2a4c8c,-136.95744935554995,-136.95744935554995,-127.2065104006424,output_token_throughput_tps,5,32,-5.198423704730995,fcfs,mixed,-5.531409951023236,-4.880513828243416,-6.287674234374297,2000,workload_seed,26.34595737760032
poisson,17.328071066350827,mono,18.68857852553682,2.4824195576856036,0.14260422587092875,,a_p0.5_d1,E8,E8-c4d28d2a4c8c,1.3605074591859954,1.3605074591859954,1.1679629661110233,observed_request_throughput_rps,5,32,0.8572699319214974,fcfs,mixed,7.851465139867453,15.734899341215636,0.806623065095935,2000,workload_seed,1.5870234199589084
poisson,1.8079891103988337,mono,5.00770461771223,3.5819511230472174,2.8174798915795742,,a_p0.5_d1,E8,E8-c4d28d2a4c8c,3.199715507313396,3.199715507313396,3.194371509454467,iteration_cv,5,32,6.322778422567442,fcfs,mixed,176.9764811585372,230.58248030595482,136.4463333883865,2000,workload_seed,0.5060616225127991
poisson,1806.938821784502,mono,3407.735833170521,1715.9805501422002,1493.768881166587,,a_p0.5_d1,E8,E8-c4d28d2a4c8c,1600.7970113860192,1600.7970113860192,1568.0656719918188,max_wait_ms,5,32,11.43282168011348,fcfs,mixed,88.59165523961123,120.72733771405231,68.878568321225,2000,workload_seed,140.01766634482573
poisson,29.2,mono,83.4,64.4,41.4,,a_p0.5_d1,E8,E8-c4d28d2a4c8c,54.2,54.2,59.0,starvation_proxy_count,5,32,3.530364076602362,fcfs,mixed,185.6164383561644,512.9032258064516,85.35564853556485,2000,workload_seed,15.352524222420234
poisson,0.9043880125446755,mono,0.8278477682766205,-0.05450136076721564,-0.09813281808786492,,a_p0.5_d1,E8,E8-c4d28d2a4c8c,-0.07654024426805499,-0.07654024426805499,-0.0675162592844597,waiting_satisfaction_jain,5,32,-2.5208612854982753,fcfs,mixed,-8.463208623552376,-6.265675865105436,-10.602968055869255,2000,workload_seed,0.03036273543029401
poisson,1658.716483605333,mono,3254.846067915119,1723.5822393242768,1487.1439658072284,,a_p0.5_d1,E8,E8-c4d28d2a4c8c,1596.129584309786,1596.129584309786,1577.3779483906656,short_prompt_ttft_p95_ms,5,32,10.788147855461931,fcfs,mixed,96.22678740374543,135.87161788111453,71.64366187864167,2000,workload_seed,147.9521420817088
poisson,1610.6916360246023,mono,3158.8740789203316,1711.9856642836712,1397.7473597224887,,a_p0.5_d1,E8,E8-c4d28d2a4c8c,1548.182442895729,1548.182442895729,1520.7061489580387,long_prompt_ttft_p95_ms,5,32,7.7151480806052755,fcfs,mixed,96.11910860336037,138.49986252233765,70.38867872835188,2000,workload_seed,200.66788436473792
poisson,27.13719999999999,mono,0.32299999999999895,-1.1275999999999988,-59.693399999999976,,a_p0.5_d1,E8,E8-c4d28d2a4c8c,-26.81419999999999,-26.81419999999999,-2.019999999999996,primer_max_itl_ms,5,32,-0.7199828054919662,fcfs,mixed,-98.80975192724378,-77.73335171653105,-99.46181377090262,2000,workload_seed,37.24283385028587
poisson,65.6,mono,61.0,-0.2,-8.6,,a_p0.5_d1,E8,E8-c4d28d2a4c8c,-4.6,-4.6,-4.0,backlog_at_arrival_end,5,32,-0.8288624656799142,fcfs,mixed,-7.012195121951215,-0.3076923076923088,-12.011173184357538,2000,workload_seed,5.549774770204643
poisson,0.9970575654386653,mono,0.9978861945567813,0.0018629694636097982,-2.680078381445128e-13,,a_p0.5_d1,E8,E8-c4d28d2a4c8c,0.0008286291181160088,0.0008286291181160088,-2.580158309228864e-13,server_busy_fraction,5,32,0.6954521182344271,fcfs,mixed,0.08310745004491693,0.18783804212514355,-2.681188604469753e-11,2000,workload_seed,0.0011914970080466269
poisson,0.7723753331801843,mono,0.03125,-0.6829056167095932,-0.7882189437614965,,a_p0.5_d1,E8,E8-c4d28d2a4c8c,-0.7411253331801843,-0.7411253331801843,-0.7533268385893708,batch_slot_occupancy,5,32,-11.156556585226465,fcfs,mixed,-95.95403961551555,-95.62420300718469,-96.18655469033916,2000,workload_seed,0.06642957686080166
poisson,4304.021111292319,mono,4354.874435269414,169.21523110640481,-109.77297350084773,,a_p2_d2,E8,E8-e72b87962a2a,50.85332397709608,50.85332397709608,82.50615553195712,ttft_p50_ms,5,32,0.2758383785916907,chunk_512,mixed,1.1815305423031663,3.6568898867644473,-2.4202377877851955,2000,workload_seed,184.35913173768915
poisson,10211.538905908874,mono,10202.603206144599,89.71559777338844,-116.85748130898828,,a_p2_d2,E8,E8-e72b87962a2a,-8.935699764274977,-8.935699764274977,-0.6021865095972316,ttft_p95_ms,5,32,-0.06703593731320771,chunk_512,mixed,-0.08750590725463692,0.9229241078778205,-1.0370904898991729,2000,workload_seed,133.29715556187838
poisson,10588.05156383735,mono,10521.767929305028,13.234221880442055,-181.64115787944684,,a_p2_d2,E8,E8-e72b87962a2a,-66.28363453232195,-66.28363453232195,-40.554625282107736,ttft_p99_ms,5,32,-0.5131727571659188,chunk_512,mixed,-0.6260229668573758,0.14133430198950414,-1.7036676349468483,2000,workload_seed,129.1643673728595
poisson,50.98546275492524,mono,33.39495314670182,-15.395516632676228,-20.762401704528518,,a_p2_d2,E8,E8-e72b87962a2a,-17.590509608223414,-17.590509608223414,-16.39857951264061,tpot_p95_ms,5,32,-4.8389364784398206,chunk_512,mixed,-34.501029622456755,-31.406977224680976,-38.46297088699929,2000,workload_seed,3.6352015957636583
poisson,67.111376684732,mono,35.398524506406694,-26.185009397280616,-39.78574930013273,,a_p2_d2,E8,E8-e72b87962a2a,-31.712852178325313,-31.712852178325313,-28.263535681818304,tpot_p99_ms,5,32,-3.6090728831662915,chunk_512,mixed,-47.25406293973411,-42.566129891766124,-53.018749820243684,2000,workload_seed,8.78698025918035
poisson,14011.330169332137,mono,13563.982831163035,-342.85350956393813,-547.9282245045913,,a_p2_d2,E8,E8-e72b87962a2a,-447.34733816910557,-447.34733816910557,-519.0877065547593,e2e_p95_ms,5,32,-3.3027992533478674,chunk_512,mixed,-3.1927542407661713,-2.3344354994530567,-4.076336459383512,2000,workload_seed,135.44490713919532
poisson,89.55000000000007,mono,37.2931999999998,-38.74532000000029,-68.69200000000038,,a_p2_d2,E8,E8-e72b87962a2a,-52.25680000000027,-52.25680000000027,-53.40199999999959,itl_p95_ms,5,32,-2.632026620459572,chunk_512,mixed,-58.35488553880539,-51.06310909630757,-64.81282292244607,2000,workload_seed,19.85420648628388
poisson,300.6272,mono,37.9380000000001,-245.6291999999998,-275.06759999999997,,a_p2_d2,E8,E8-e72b87962a2a,-262.6891999999999,-262.6891999999999,-271.03000000000065,itl_p99_ms,5,32,-13.743508589268329,chunk_512,mixed,-87.38038341174715,-86.62116069841642,-87.87945008012633,2000,workload_seed,19.113692714909917
poisson,7.699175801188436,mono,7.8443267238230066,0.17272194028507962,0.11757990498406237,,a_p2_d2,E8,E8-e72b87962a2a,0.145150922634571,0.145150922634571,0.1624619637719178,request_throughput_rps,5,32,4.024446324486014,chunk_512,mixed,1.8852787153160744,2.286434228535561,1.517675529427831,2000,workload_seed,0.03606730241410514
poisson,975.9837666899441,mono,994.253823593961,21.352046222918375,15.256408041361784,,a_p2_d2,E8,E8-e72b87962a2a,18.270056904016975,18.270056904016975,18.637433406459877,output_token_throughput_tps,5,32,4.685184009084073,chunk_512,mixed,1.871963195246562,2.3064324108129863,1.5044779102541206,2000,workload_seed,3.899538816104828
poisson,4.516810470714135,mono,5.358647865142492,1.2498495175687308,0.3778779442778569,,a_p2_d2,E8,E8-e72b87962a2a,0.8418373944283584,0.8418373944283584,0.8570803182643001,observed_request_throughput_rps,5,32,1.5176799039106972,chunk_512,mixed,18.637872894747744,32.481500295774104,8.989885866078051,2000,workload_seed,0.5546870537450916
poisson,2.027222972541647,mono,0.8125023333840101,-1.124769012077674,-1.3046722662375996,,a_p2_d2,E8,E8-e72b87962a2a,-1.214720639157637,-1.214720639157637,-1.1785238573364158,iteration_cv,5,32,-10.617902233069238,chunk_512,mixed,-59.9204259033564,-57.49557343103673,-62.675805407494366,2000,workload_seed,0.11440307251788538
poisson,10687.606399285616,mono,10578.834170156651,-3.2431098690190994,-226.51960000003527,,a_p2_d2,E8,E8-e72b87962a2a,-108.77222912896359,-108.77222912896359,-74.9267419444077,max_wait_ms,5,32,-0.7655047974159316,chunk_512,mixed,-1.0177417193828808,-0.03076035680132927,-2.1269634106190143,2000,workload_seed,142.0921586594094
poisson,94.2,mono,100.4,12.8,2.2,,a_p2_d2,E8,E8-e72b87962a2a,6.2,6.2,4.0,starvation_proxy_count,5,32,0.8540560664885428,chunk_512,mixed,6.581740976645434,14.06593406593406,2.115384615384608,2000,workload_seed,7.259476565152615
poisson,0.6023333657893526,mono,0.6008609843339927,0.0035178333834235296,-0.00518223876155115,,a_p2_d2,E8,E8-e72b87962a2a,-0.0014723814553598835,-0.0014723814553598835,-0.004321863076925836,waiting_satisfaction_jain,5,32,-0.25851827130449434,chunk_512,mixed,-0.24444627161411825,0.5696253218265834,-0.9040356528534965,2000,workload_seed,0.005695463798091265
poisson,10216.537210657194,mono,10185.304123416736,58.506835443364615,-128.07467192994665,,a_p2_d2,E8,E8-e72b87962a2a,-31.23308724045928,-31.23308724045928,-57.30840000001808,short_prompt_ttft_p95_ms,5,32,-0.24583945142845892,chunk_512,mixed,-0.30571108974064565,0.6440178695802601,-1.1929112600163716,2000,workload_seed,127.0466845698618
poisson,9770.210775407686,mono,9900.33283540766,258.7307199999788,-33.40594000002493,,a_p2_d2,E8,E8-e72b87962a2a,130.12205999997423,130.12205999997423,174.30879999998615,long_prompt_ttft_p95_ms,5,32,0.6909900254547114,chunk_512,mixed,1.331824491724376,2.962939097934636,-0.3184942497615251,2000,workload_seed,188.3125012033949
poisson,193.48000000000008,mono,21.890400000000007,-57.7068,-286.2760000000001,,a_p2_d2,E8,E8-e72b87962a2a,-171.58960000000008,-171.58960000000008,-276.48,primer_max_itl_ms,5,32,-1.107769283180187,chunk_512,mixed,-88.68596237337194,-77.89490496725765,-91.96960383237595,2000,workload_seed,154.8965137464366
poisson,111.6,mono,108.6,-1.4,-4.2,,a_p2_d2,E8,E8-e72b87962a2a,-3.0,-3.0,-3.0,backlog_at_arrival_end,5,32,-1.6035674514745464,chunk_512,mixed,-2.6881720430107503,-1.2494517543859744,-3.7634408602150393,2000,workload_seed,1.8708286933869707
poisson,0.9995407670843403,mono,0.9995320600459487,1.3322676295501878e-15,-2.6121115174793096e-05,,a_p2_d2,E8,E8-e72b87962a2a,-8.70703839155329e-06,-8.70703839155329e-06,0.0,server_busy_fraction,5,32,-0.4472135954971067,chunk_512,mixed,-0.0008711038787301284,1.3322676295501878e-13,-0.00261571518501702,2000,workload_seed,1.9469529726337715e-05
poisson,0.8781442309753021,mono,0.7766306693250813,-0.0758257866935913,-0.13221854609832578,,a_p2_d2,E8,E8-e72b87962a2a,-0.10151356165022081,-0.10151356165022081,-0.0992283658271097,batch_slot_occupancy,5,32,-2.759368557924549,chunk_512,mixed,-11.560010083705253,-8.600460498136508,-15.169643009118804,2000,workload_seed,0.036788692600952855
poisson,4304.021111292319,mono,5992.520043406267,2064.250710885715,1278.929322556181,,a_p2_d2,E8,E8-e72b87962a2a,1688.4989321139492,1688.4989321139492,1931.1940000008954,ttft_p50_ms,5,32,3.3735600657251656,fcfs,mixed,39.23073071560661,54.91363433449739,27.07277769795555,2000,workload_seed,500.509520867534
poisson,10211.538905908874,mono,11683.530435332617,1666.0977666817082,1347.0854707295007,,a_p2_d2,E8,E8-e72b87962a2a,1471.991529423744,1471.991529423744,1404.6764631811511,ttft_p95_ms,5,32,6.912166545417433,fcfs,mixed,14.414982335052162,17.092603873872815,12.27142883200736,2000,workload_seed,212.95660626111965
poisson,10588.05156383735,mono,12052.233549175298,1682.3615033668805,1298.0981856537492,,a_p2_d2,E8,E8-e72b87962a2a,1464.1819853379488,1464.1819853379488,1419.746092713649,ttft_p99_ms,5,32,5.885165234008719,fcfs,mixed,13.828625375595504,16.69416664231327,11.783316158140721,2000,workload_seed,248.79199259807555
poisson,50.98546275492524,mono,0.5460000000002765,-48.404569347517615,-53.50641474074058,,a_p2_d2,E8,E8-e72b87962a2a,-50.43946275492496,-50.43946275492496,-49.56037340425526,tpot_p95_ms,5,32,-14.470017005581267,fcfs,mixed,-98.92910651291965,-98.8845890716326,-98.98986936546844,2000,workload_seed,3.485791532620164
poisson,67.111376684732,mono,0.5460000000002765,-60.970067972027834,-74.49490427447525,,a_p2_d2,E8,E8-e72b87962a2a,-66.56537668473172,-66.56537668473172,-63.36564999999975,tpot_p99_ms,5,32,-7.624383559053396,fcfs,mixed,-99.1864270605486,-99.11242701622518,-99.2723968277312,2000,workload_seed,8.730591289008567
poisson,14011.330169332137,mono,11728.235619180405,-1969.6448172297928,-2596.5442830736765,,a_p2_d2,E8,E8-e72b87962a2a,-2283.094550151735,-2283.094550151735,-2192.016159795965,e2e_p95_ms,5,32,-5.675463440129992,fcfs,mixed,-16.294631006190606,-13.340909018670533,-18.66709963275698,2000,workload_seed,402.2745585864337
poisson,89.55000000000007,mono,0.5460000000002765,-75.33131999999972,-105.4391999999998,,a_p2_d2,E8,E8-e72b87962a2a,-89.00399999999979,-89.00399999999979,-89.98799999999937,itl_p95_ms,5,32,-4.474702948217342,fcfs,mixed,-99.39028475711862,-99.28041736417565,-99.48483373150188,2000,workload_seed,19.890482347092497
poisson,300.6272,mono,0.5460000000002765,-283.0211999999996,-312.4595999999998,,a_p2_d2,E8,E8-e72b87962a2a,-300.08119999999974,-300.08119999999974,-308.4220000000005,itl_p99_ms,5,32,-15.69980246495838,fcfs,mixed,-99.81837970749145,-99.80745304816627,-99.82556222636263,2000,workload_seed,19.113692714909917
poisson,7.699175801188436,mono,8.190631687131619,0.5411223100229112,0.4313674396677657,,a_p2_d2,E8,E8-e72b87962a2a,0.4914558859431839,0.4914558859431839,0.5045659693798124,request_throughput_rps,5,32,6.923736177840539,fcfs,mixed,6.3832272263132595,6.841522110156406,5.893190537002727,2000,workload_seed,0.0709813131696282
poisson,975.9837666899441,mono,1038.391286470231,69.44936537939687,54.60521476111192,,a_p2_d2,E8,E8-e72b87962a2a,62.40751978028716,62.40751978028716,65.37359699476985,output_token_throughput_tps,5,32,6.627843524473235,fcfs,mixed,6.394319445695551,6.848599998846416,5.902952349708033,2000,workload_seed,9.41596154915971
poisson,4.516810470714135,mono,8.551233443979246,4.397560241449197,3.7177098911488793,,a_p2_d2,E8,E8-e72b87962a2a,4.0344229732651105,4.0344229732651105,3.8711602617186935,observed_request_throughput_rps,5,32,9.259697768757444,fcfs,mixed,89.32017403482607,118.50176104215953,67.61094272559464,2000,workload_seed,0.4356970469249439
poisson,2.027222972541647,mono,8.878454642372537,7.16167889389821,6.5415758710826095,,a_p2_d2,E8,E8-e72b87962a2a,6.851231669830891,6.851231669830891,6.918322410124413,iteration_cv,5,32,17.457111858604407,fcfs,mixed,337.96142617904064,363.119866844998,319.2728429992125,2000,workload_seed,0.39246077617667313
poisson,10687.606399285616,mono,12094.905295467066,1559.8090323858244,1229.7675913902622,,a_p2_d2,E8,E8-e72b87962a2a,1407.298896181451,1407.298896181451,1451.5171619168123,max_wait_ms,5,32,6.632479535137787,fcfs,mixed,13.167577880445869,15.21486798009053,11.224772679499996,2000,workload_seed,212.18292325303267
poisson,94.2,mono,113.4,25.6,12.6,,a_p2_d2,E8,E8-e72b87962a2a,19.2,19.2,19.0,starvation_proxy_count,5,32,2.251821820896893,fcfs,mixed,20.382165605095537,29.620853080568722,12.377210216110024,2000,workload_seed,8.526429498916883
poisson,0.6023333657893526,mono,0.5750380883075705,-0.009779157549104323,-0.04225005852302251,,a_p2_d2,E8,E8-e72b87962a2a,-0.027295277481782045,-0.027295277481782045,-0.026471422984446047,waiting_satisfaction_jain,5,32,-1.2554745324255343,fcfs,mixed,-4.531589819204496,-1.671094230509218,-6.863623556770715,2000,workload_seed,0.021741004518067358
poisson,10216.537210657194,mono,11672.142689513237,1653.010247179251,1330.001029801989,,a_p2_d2,E8,E8-e72b87962a2a,1455.6054788560425,1455.6054788560425,1389.0059121070772,short_prompt_ttft_p95_ms,5,32,6.701638662983173,fcfs,mixed,14.247542477872589,17.074621159021387,12.011132205022612,2000,workload_seed,217.20142670421043
poisson,9770.210775407686,mono,11287.872835410155,1728.813200002612,1332.9836000022483,,a_p2_d2,E8,E8-e72b87962a2a,1517.6620600024685,1517.6620600024685,1486.8783000026488,long_prompt_ttft_p95_ms,5,32,6.366408799417466,fcfs,mixed,15.533565190042076,18.20088868097276,13.247973478339858,2000,workload_seed,238.38589506557233
poisson,193.48000000000008,mono,0.5459999999999997,-72.15720000000002,-313.7108000000001,,a_p2_d2,E8,E8-e72b87962a2a,-192.93400000000005,-192.93400000000005,-313.0660000000001,primer_max_itl_ms,5,32,-1.166124996197127,fcfs,mixed,-99.7178002894356,-99.24900141946983,-99.82625674289307,2000,workload_seed,165.44881606104053
poisson,111.6,mono,97.2,-13.2,-15.4,,a_p2_d2,E8,E8-e72b87962a2a,-14.4,-14.4,-15.0,backlog_at_arrival_end,5,32,-9.495078816899333,fcfs,mixed,-12.903225806451601,-11.469254032258064,-13.722069257651174,2000,workload_seed,1.51657508881031
poisson,0.9995407670843403,mono,0.9995102258392354,-1.156186257844638e-13,-9.16237350077731e-05,,a_p2_d2,E8,E8-e72b87962a2a,-3.054124510493139e-05,-3.054124510493139e-05,-1.9195756095768957e-13,server_busy_fraction,5,32,-0.4472135977844628,fcfs,mixed,-0.0030555277093835542,-1.1568523916594131e-11,-0.009175013905937668,2000,workload_seed,6.829229982325118e-05
poisson,0.8781442309753021,mono,0.03125,-0.8403495888554942,-0.853302080426085,,a_p2_d2,E8,E8-e72b87962a2a,-0.8468942309753021,-0.8468942309753021,-0.8472615455744706,batch_slot_occupancy,5,32,-97.02451439098742,fcfs,mixed,-96.44135907317953,-96.41463805174178,-96.46713848833559,2000,workload_seed,0.008728662403426261
fixed_concurrency,11.633254345000006,mono,36.286311209999944,37.75635897899962,14.779628557500018,16,piecewise,E9,E9-45ebd91d9a4e,24.65305686499994,24.65305686499994,20.840574287500203,ttft_p50_ms,5,,1.5800856288319687,chunk_512,mixed,211.9188331474577,293.33123392139584,136.38394366272274,2000,workload_seed,15.60235497061256
fixed_concurrency,145.83194408799983,mono,274.4775355879998,165.02700186125034,98.52321543524987,16,piecewise,E9,E9-45ebd91d9a4e,128.6455915,128.6455915,126.4795675349996,ttft_p95_ms,5,,2.9828073598488247,chunk_512,mixed,88.21496024380704,116.31686589036998,68.5202021522868,2000,workload_seed,43.12903113747179
fixed_concurrency,238.01004066460004,mono,406.55310594680003,211.34353888299998,124.5229248918002,16,piecewise,E9,E9-45ebd91d9a4e,168.54306528219996,168.54306528219996,174.2915416709996,ttft_p99_ms,5,,2.992009987479426,chunk_512,mixed,70.81342653090346,98.76124192400056,55.9240078908275,2000,workload_seed,56.3310503599577
fixed_concurrency,7.2950937942967276,mono,8.035898741097355,1.3734367748207155,0.19078624621909732,16,piecewise,E9,E9-45ebd91d9a4e,0.7408049468006276,0.7408049468006276,0.314593692160102,tpot_p95_ms,5,,0.9844994686887599,chunk_512,mixed,10.15483786349376,20.639351124180738,2.366074116016459,2000,workload_seed,0.7524686100514555
fixed_concurrency,12.545162939050538,mono,9.201414845387058,-0.8816352931681152,-5.752270965791331,16,piecewise,E9,E9-45ebd91d9a4e,-3.343748093663483,-3.343748093663483,-2.8491844361177865,tpot_p99_ms,5,,-1.04770305544002,chunk_512,mixed,-26.653684052640504,-8.878146371028418,-38.7662393610825,2000,workload_seed,3.19150361956247
fixed_concurrency,1407.2305200787498,mono,1725.8712786549997,416.48683530945914,256.84451897825124,16,piecewise,E9,E9-45ebd91d9a4e,318.64075857625005,318.64075857625005,276.06669313249995,e2e_p95_ms,5,,2.9170206592707397,chunk_512,mixed,22.643110281492373,27.332050504755422,19.667775808655996,2000,workload_seed,109.23500235199253
fixed_concurrency,9.778263709999953,mono,10.045681763499962,0.9597568299999978,-0.5419068294999242,16,piecewise,E9,E9-45ebd91d9a4e,0.2674180535000083,0.2674180535000083,0.7766542500000071,itl_p95_ms,5,,0.27594961706614135,chunk_512,mixed,2.734821451241176,10.56213469731848,-5.111612583111147,2000,workload_seed,0.9690828939831863
fixed_concurrency,61.495868776800116,mono,10.172751619999918,-41.716149713600444,-60.930084599999965,16,piecewise,E9,E9-45ebd91d9a4e,-51.323117156800194,-51.323117156800194,-47.398677200000066,itl_p99_ms,5,,-4.160265206118276,chunk_512,mixed,-83.45782924553514,-80.4028416439927,-85.68690562475514,2000,workload_seed,12.336501307974807
fixed_concurrency,31.785415887553835,mono,25.509572465416063,-5.792352512028494,-6.692914502006391,16,piecewise,E9,E9-45ebd91d9a4e,-6.275843422137776,-6.275843422137776,-6.319793681065246,request_throughput_rps,5,,-11.218666679136332,chunk_512,mixed,-19.744411853346843,-18.23412155292372,-21.276149759760663,2000,workload_seed,0.5594108107168508
fixed_concurrency,4028.6160465072694,mono,3234.267596211213,-766.1599776142778,-816.332255608773,16,piecewise,E9,E9-45ebd91d9a4e,-794.3484502960569,-794.3484502960569,-802.6120119247098,output_token_throughput_tps,5,,-24.96608850557305,chunk_512,mixed,-19.717650953228482,-18.22326203500203,-21.339842678453557,2000,workload_seed,31.81709662363564
fixed_concurrency,30.85021157718354,mono,24.273756197011757,-6.163621327909711,-6.9847649583281255,16,piecewise,E9,E9-45ebd91d9a4e,-6.576455380171784,-6.576455380171784,-6.435904455842312,observed_request_throughput_rps,5,,-12.313885580649668,chunk_512,mixed,-21.317375291635454,-19.856979385164987,-22.65562620307463,2000,workload_seed,0.5340682546625398
fixed_concurrency,2.8978421022709795,mono,0.9850172262829894,-1.8032740595138517,-2.029479369373006,16,piecewise,E9,E9-45ebd91d9a4e,-1.9128248759879902,-1.9128248759879902,-1.8794786038263758,iteration_cv,5,,-12.867614873833132,chunk_512,mixed,-66.0085956542956,-64.11580979426449,-68.10425039210848,2000,workload_seed,0.1486541907527715
fixed_concurrency,241.05350194,mono,410.8346848099999,211.92629878499997,122.5837692000002,16,piecewise,E9,E9-45ebd91d9a4e,169.7811828699999,169.7811828699999,175.16947257499928,max_wait_ms,5,,2.9796964996944215,chunk_512,mixed,70.43298749182235,99.18476876336064,56.07026019124881,2000,workload_seed,56.97935440317883
fixed_concurrency,0.0,mono,0.0,0.0,0.0,16,piecewise,E9,E9-45ebd91d9a4e,0.0,0.0,0.0,starvation_proxy_count,5,,,chunk_512,mixed,,,,2000,workload_seed,0.0
fixed_concurrency,0.9983302729904349,mono,0.9950572703606998,-0.002081066290015654,-0.004813023711755382,16,piecewise,E9,E9-45ebd91d9a4e,-0.003273002629735111,-0.003273002629735111,-0.002491888731996683,waiting_satisfaction_jain,5,,-1.8857996090135443,chunk_512,mixed,-0.32784767909832535,-0.2082402822299545,-0.482627256605328,2000,workload_seed,0.0017356046814789659
fixed_concurrency,113.17757842749991,mono,211.76042848524997,137.72759695500014,59.516935956750004,16,piecewise,E9,E9-45ebd91d9a4e,98.58285005775008,98.58285005775008,82.03474231500002,short_prompt_ttft_p95_ms,5,,1.951242151304358,chunk_512,mixed,87.1045762133009,135.6825834503387,62.77591222320742,2000,workload_seed,50.52312445784847
fixed_concurrency,157.79606359849998,mono,318.49711004174986,184.71258237524984,137.7944466219999,16,piecewise,E9,E9-45ebd91d9a4e,160.70104644324988,160.70104644324988,153.72032024999987,long_prompt_ttft_p95_ms,5,,5.348774101851042,chunk_512,mixed,101.84097294856569,176.87447783235174,70.02263742061332,2000,workload_seed,30.04446315794797
fixed_concurrency,78.22700839,mono,10.060319699999985,-44.882154950000015,-79.87309979000001,16,piecewise,E9,E9-45ebd91d9a4e,-68.16668869,-68.16668869,-79.77960774999997,primer_max_itl_ms,5,,-2.6184297947315924,chunk_512,mixed,-87.13958272589902,-81.84218863815454,-88.80455389657962,2000,workload_seed,26.033422330877336
fixed_concurrency,16.0,mono,16.0,0.0,0.0,16,piecewise,E9,E9-45ebd91d9a4e,0.0,0.0,0.0,backlog_at_arrival_end,5,,,chunk_512,mixed,0.0,0.0,0.0,2000,workload_seed,0.0
fixed_concurrency,0.9999999999999998,mono,0.9999999999999997,5.995204332975846e-16,-9.325873406851315e-16,16,piecewise,E9,E9-45ebd91d9a4e,-1.554312234475219e-16,-1.554312234475219e-16,0.0,server_busy_fraction,5,,-0.16408253082847338,chunk_512,mixed,-1.1102230246251565e-14,6.661338147750939e-14,-8.881784197001252e-14,2000,workload_seed,9.472746590555989e-16
fixed_concurrency,0.4565341813509926,mono,0.4403101148402375,-0.010950286737293613,-0.022827397281453964,16,piecewise,E9,E9-45ebd91d9a4e,-0.01622406651075504,-0.01622406651075504,-0.013086224669297652,batch_slot_occupancy,5,,-2.183099032077919,chunk_512,mixed,-3.5537462852713975,-2.426591639714659,-4.908611342878073,2000,workload_seed,0.007431667676254081
fixed_concurrency,11.633254345000006,mono,1751.904670680004,1811.3272692900057,1661.3547132237557,16,piecewise,E9,E9-45ebd91d9a4e,1740.271416335004,1740.271416335004,1770.690298250003,ttft_p50_ms,5,,17.77969300723483,fcfs,mixed,14959.454721137217,17017.20908915931,13411.285124088252,2000,workload_seed,97.87972242416451
fixed_concurrency,145.83194408799983,mono,2420.442002061006,2406.360053060008,2127.4062151125027,16,piecewise,E9,E9-45ebd91d9a4e,2274.610057973006,2274.610057973006,2363.0254480250073,ttft_p95_ms,5,,12.821895272283639,fcfs,mixed,1559.7474697316188,2374.9747963792815,1166.3316270178334,2000,workload_seed,177.4004552111653
fixed_concurrency,238.01004066460004,mono,2620.3046190524065,2499.6057614654073,2256.902212270103,16,piecewise,E9,E9-45ebd91d9a4e,2382.2945783878067,2382.2945783878067,2379.95297512951,ttft_p99_ms,5,,15.499726219801675,fcfs,mixed,1000.9218820078679,1547.1258624360437,715.4216927090567,2000,workload_seed,153.69913923668577
fixed_concurrency,7.2950937942967276,mono,0.8292761249999986,-5.645762623269132,-7.265421649110079,16,piecewise,E9,E9-45ebd91d9a4e,-6.465817669296729,-6.465817669296729,-6.342739518331543,tpot_p95_ms,5,,-6.079337223596893,fcfs,mixed,-88.63241312060548,-87.17810168713144,-89.7682060882651,2000,workload_seed,1.0635727928037477
fixed_concurrency,12.545162939050538,mono,0.8316750699999934,-9.364089871859022,-14.06288586624207,16,piecewise,E9,E9-45ebd91d9a4e,-11.713487869050546,-11.713487869050546,-11.225219315562505,tpot_p99_ms,5,,-3.8337374684784145,fcfs,mixed,-93.37055186895056,-91.84233541455617,-94.41667249378197,2000,workload_seed,3.0553703703919908
fixed_concurrency,1407.2305200787498,mono,2558.618271648002,1225.3220299587508,1089.8361722127536,16,piecewise,E9,E9-45ebd91d9a4e,1151.3877515692523,1151.3877515692523,1136.7963053700025,e2e_p95_ms,5,,13.278978564489352,fcfs,mixed,81.81941303439181,90.99963601612353,73.37297195504442,2000,workload_seed,86.70755404698775
fixed_concurrency,9.778263709999953,mono,0.8314542499999572,-8.255193459999996,-9.77007251999996,16,piecewise,E9,E9-45ebd91d9a4e,-8.946809459999995,-8.946809459999995,-8.414635099999657,itl_p95_ms,5,,-9.123883862473187,fcfs,mixed,-91.49691320812249,-90.8484967769833,-92.15758671509239,2000,workload_seed,0.9805922121387906
fixed_concurrency,61.495868776800116,mono,0.8324923399997625,-51.05133989360043,-70.27541298000028,16,piecewise,E9,E9-45ebd91d9a4e,-60.663376436800355,-60.663376436800355,-56.69145780000031,itl_p99_ms,5,,-4.912446385038138,fcfs,mixed,-98.64626298228049,-98.39529355799066,-98.82938320683016,2000,workload_seed,12.348913694317986
fixed_concurrency,31.785415887553835,mono,8.387209847490443,-21.385281713214262,-25.270726674618192,16,piecewise,E9,E9-45ebd91d9a4e,-23.398206040063393,-23.398206040063393,-23.366697490906503,request_throughput_rps,5,,-9.722327292721678,fcfs,mixed,-73.61302467407825,-72.43210249294485,-74.50567539749066,2000,workload_seed,2.406646612028762
fixed_concurrency,4028.6160465072694,mono,1062.4897495702169,-2732.462835075971,-3148.9785488025627,16,piecewise,E9,E9-45ebd91d9a4e,-2966.126296937053,-2966.126296937053,-3075.7847071023957,output_token_throughput_tps,5,,-11.369506873511543,fcfs,mixed,-73.62643306523653,-72.37794513546744,-74.523832302354,2000,workload_seed,260.88434001016145
fixed_concurrency,30.85021157718354,mono,8.386628048187578,-20.497389403384716,-24.033094989779734,16,piecewise,E9,E9-45ebd91d9a4e,-22.46358352899596,-22.46358352899596,-22.986578667910297,observed_request_throughput_rps,5,,-9.78806463386974,fcfs,mixed,-72.81500638267832,-71.45774912468399,-74.11265820249456,2000,workload_seed,2.2949974657160515
fixed_concurrency,2.8978421022709795,mono,2.796293944121974,0.05534918694045941,-0.2502947534875008,16,piecewise,E9,E9-45ebd91d9a4e,-0.10154815814900564,-0.10154815814900564,-0.12420376531382171,iteration_cv,5,,-0.5333718925846219,fcfs,mixed,-3.504268161105961,1.842121233809429,-8.711277432833576,2000,workload_seed,0.19038903166967044
fixed_concurrency,241.05350194,mono,2668.168580580009,2568.133850225007,2278.6515746450086,16,piecewise,E9,E9-45ebd91d9a4e,2427.115078640009,2427.115078640009,2431.270290600014,max_wait_ms,5,,13.35393673146916,fcfs,mixed,1006.8781656796407,1563.937694545604,725.0906002207923,2000,workload_seed,181.75277653670486
fixed_concurrency,0.0,mono,116.6,118.2,115.2,16,piecewise,E9,E9-45ebd91d9a4e,116.6,116.6,116.0,starvation_proxy_count,5,,59.814537926564476,fcfs,mixed,,,,2000,workload_seed,1.949358868961793
fixed_concurrency,0.9983302729904349,mono,0.9245351494920007,-0.06830427048649604,-0.07844741077058451,16,piecewise,E9,E9-45ebd91d9a4e,-0.07379512349843413,-0.07379512349843413,-0.07443345288722236,waiting_satisfaction_jain,5,,-12.01775808273617,fcfs,mixed,-7.391854729335778,-6.834948579159638,-7.866335367416943,2000,workload_seed,0.006140506656099426
fixed_concurrency,113.17757842749991,mono,2398.968384733004,2443.5359591845054,2124.664694533001,16,piecewise,E9,E9-45ebd91d9a4e,2285.790806305504,2285.790806305504,2373.1152546125068,short_prompt_ttft_p95_ms,5,,10.766670246847323,fcfs,mixed,2019.6498618052267,3499.0532605819544,1322.7651003466833,2000,workload_seed,212.30248107346142
fixed_concurrency,157.79606359849998,mono,2369.9414854620054,2369.4904057275066,2017.3190237120048,16,piecewise,E9,E9-45ebd91d9a4e,2212.1454218635054,2212.1454218635054,2309.233178757502,long_prompt_ttft_p95_ms,5,,9.882981259782857,fcfs,mixed,1401.901524927859,2338.182123962329,1003.9987511200075,2000,workload_seed,223.83381731840998
fixed_concurrency,78.22700839,mono,0.8004950000000001,-54.07003756999999,-89.20102404999999,16,piecewise,E9,E9-45ebd91d9a4e,-77.42651339,-77.42651339,-89.18574154999997,primer_max_itl_ms,5,,-2.9615530941650396,fcfs,mixed,-98.97670252707461,-98.55479796715447,-99.11909361345393,2000,workload_seed,26.143888334316394
fixed_concurrency,16.0,mono,16.0,0.0,0.0,16,piecewise,E9,E9-45ebd91d9a4e,0.0,0.0,0.0,backlog_at_arrival_end,5,,,fcfs,mixed,0.0,0.0,0.0,2000,workload_seed,0.0
fixed_concurrency,0.9999999999999998,mono,0.9999999999999982,-1.3322676295501878e-16,-2.6423307986078726e-15,16,piecewise,E9,E9-45ebd91d9a4e,-1.5321077739827161e-15,-1.5321077739827161e-15,-1.887379141862766e-15,server_busy_fraction,5,,-0.9552517937478856,fcfs,mixed,-1.5543122344752192e-13,-2.220446049250313e-14,-2.6645352591003757e-13,2000,workload_seed,1.6038784580257768e-15
fixed_concurrency,0.4565341813509926,mono,0.03125,-0.4200042763083499,-0.43263184797251786,16,piecewise,E9,E9-45ebd91d9a4e,-0.4252841813509926,-0.4252841813509926,-0.421089140666009,batch_slot_occupancy,5,,-50.439914532102506,fcfs,mixed,-93.15494846245163,-93.07485787045565,-93.26337080517723,2000,workload_seed,0.00843150083214991
fixed_concurrency,8.669882735000078,mono,9.957983952500124,2.419418952500311,0.3159147999998993,4,piecewise,E9,E9-570facc3c085,1.288101217500045,1.288101217500045,0.4401969499998586,ttft_p50_ms,5,,0.9592502567576311,chunk_512,mixed,14.857193077133758,25.45870490172273,3.8860340427080198,2000,workload_seed,1.3428208211837915
fixed_concurrency,85.91561447699999,mono,150.85766999099968,68.69000853899968,61.37348547499944,4,piecewise,E9,E9-570facc3c085,64.94205551399969,64.94205551399969,64.98623543750021,ttft_p95_ms,5,,14.789045220560544,chunk_512,mixed,75.58818721058556,82.11523632422895,72.27047735700742,2000,workload_seed,4.391227056613071
fixed_concurrency,90.1901597015,mono,157.56375635830008,73.4424436049001,63.4610920205001,4,piecewise,E9,E9-570facc3c085,67.3735966568001,67.3735966568001,65.20893846249966,ttft_p99_ms,5,,10.226507103538697,chunk_512,mixed,74.70171566364303,81.95335141053653,69.48174204100337,2000,workload_seed,6.588133756195866
fixed_concurrency,2.3073956449823214,mono,2.967208904956329,0.8195965539346382,0.5230580606531195,4,piecewise,E9,E9-570facc3c085,0.6598132599740079,0.6598132599740079,0.6125643628833415,tpot_p95_ms,5,,3.277773606723261,chunk_512,mixed,28.595584004366216,33.19628491280755,23.719115381291832,2000,workload_seed,0.2012992168283437
fixed_concurrency,3.6271244277418644,mono,4.615965931200265,1.1275717887399845,0.7743670667423167,4,piecewise,E9,E9-570facc3c085,0.9888415034584008,0.9888415034584008,1.0939250844565738,tpot_p99_ms,5,,4.117831536935818,chunk_512,mixed,27.26240919377623,35.46744851459835,20.90501348707887,2000,workload_seed,0.2401364637161001
fixed_concurrency,624.2132431874999,mono,723.8222238034964,116.98176759049686,85.81081395174763,4,piecewise,E9,E9-570facc3c085,99.60898061599657,99.60898061599657,99.1796824512436,e2e_p95_ms,5,,4.860508028215848,chunk_512,mixed,15.957524404216494,17.400781045691907,14.570406134684744,2000,workload_seed,20.493532782531
fixed_concurrency,1.0203524000000699,mono,9.197684856000034,8.478605609999885,7.595133448000053,4,piecewise,E9,E9-570facc3c085,8.177332455999963,8.177332455999963,8.46045904999994,itl_p95_ms,5,,12.614610868937824,chunk_512,mixed,801.42237681799,837.7050003600441,741.9366986006919,2000,workload_seed,0.6482429415350258
fixed_concurrency,9.836183403399977,mono,9.700435889999914,0.552225746599887,-1.05457149480001,4,piecewise,E9,E9-570facc3c085,-0.13574751340006266,-0.13574751340006266,0.299484361999939,itl_p99_ms,5,,-0.1310774196449695,chunk_512,mixed,-1.380083187073755,6.047809787966751,-9.778664038957864,2000,workload_seed,1.0356285145659898
fixed_concurrency,20.450117456567092,mono,17.44454486835541,-2.7059746336357997,-3.230071873209475,4,piecewise,E9,E9-570facc3c085,-3.0055725882116806,-3.0055725882116806,-3.193744823020534,request_throughput_rps,5,,-9.125395497273791,chunk_512,mixed,-14.69709205629286,-13.434719674118904,-16.157907397124973,2000,workload_seed,0.3293635425565494
fixed_concurrency,2591.3842960997345,mono,2210.954824974151,-358.053573396126,-404.3321289336919,4,piecewise,E9,E9-570facc3c085,-380.4294711255835,-380.4294711255835,-384.97363589998076,output_token_throughput_tps,5,,-12.578200550923391,chunk_512,mixed,-14.68055014835753,-13.38927064593562,-16.223817216245973,2000,workload_seed,30.245142744019567
fixed_concurrency,20.57207021349857,mono,17.449071798769634,-2.8688940771771967,-3.3128545962072353,4,piecewise,E9,E9-570facc3c085,-3.122998414728935,-3.122998414728935,-3.2676227160359517,observed_request_throughput_rps,5,,-11.2286089916494,chunk_512,mixed,-15.180768791464406,-13.98732135071108,-16.469847757581768,2000,workload_seed,0.2781286993831094
fixed_concurrency,3.455017813746938,mono,1.39115171249205,-1.9019814022912755,-2.2257508002185005,4,piecewise,E9,E9-570facc3c085,-2.063866101254888,-2.063866101254888,-2.000192107600955,iteration_cv,5,,-9.945962278655852,chunk_512,mixed,-59.735324461804794,-57.782262064662504,-61.562839814564896,2000,workload_seed,0.20750793572623616
fixed_concurrency,57.953936245000044,mono,122.93808674999957,89.36922833499939,46.81681475174941,4,piecewise,E9,E9-570facc3c085,64.98415050499953,64.98415050499953,61.35000000000004,max_wait_ms,5,,2.290127111883862,chunk_512,mixed,112.13069329800014,262.36954473119056,65.1251340019193,2000,workload_seed,28.375783233946112
fixed_concurrency,0.0,mono,0.0,0.0,0.0,4,piecewise,E9,E9-570facc3c085,0.0,0.0,0.0,starvation_proxy_count,5,,,chunk_512,mixed,,,,2000,workload_seed,0.0
fixed_concurrency,0.9999430760639123,mono,0.9996986751307804,-0.0001354351328180403,-0.00038763857349777275,4,piecewise,E9,E9-570facc3c085,-0.0002444009331319608,-0.0002444009331319608,-0.00020751191214296583,waiting_satisfaction_jain,5,,-1.5193763347329712,chunk_512,mixed,-0.024441484618697995,-0.013543689059902775,-0.038768161256519384,2000,workload_seed,0.00016085608782034504
fixed_concurrency,7.06408357649987,mono,22.982460845750044,25.949268869500067,5.297581435000049,4,piecewise,E9,E9-570facc3c085,15.918377269250175,15.918377269250175,17.52443627500043,short_prompt_ttft_p95_ms,5,,1.2446964712511805,chunk_512,mixed,225.34242548043935,362.94023683540536,78.23094457669777,2000,workload_seed,12.788963122269378
fixed_concurrency,89.61785637499995,mono,157.8192101680001,74.22741642899999,65.15408027500033,4,piecewise,E9,E9-570facc3c085,68.20135379300014,68.20135379300014,65.21271399999964,long_prompt_ttft_p95_ms,5,,10.127275514631618,chunk_512,mixed,76.10241591543559,82.82919404257119,72.7021451390421,2000,workload_seed,6.734422668215616
fixed_concurrency,42.603922229999995,mono,9.60034532,-10.656852289999998,-57.752389939999986,4,piecewise,E9,E9-570facc3c085,-33.00357690999999,-33.00357690999999,-21.015654350000005,primer_max_itl_ms,5,,-1.0565558712023513,chunk_512,mixed,-77.46605284797037,-52.871779591492086,-85.56635412303508,2000,workload_seed,31.23694431080319
fixed_concurrency,4.0,mono,4.0,0.0,0.0,4,piecewise,E9,E9-570facc3c085,0.0,0.0,0.0,backlog_at_arrival_end,5,,,chunk_512,mixed,0.0,0.0,0.0,2000,workload_seed,0.0
fixed_concurrency,0.9999999999999991,mono,1.0,1.6653345369377348e-15,2.4424906541753446e-16,4,piecewise,E9,E9-570facc3c085,9.547918011776346e-16,9.547918011776346e-16,1.2212453270876722e-15,server_busy_fraction,5,,1.0257010231566965,chunk_512,mixed,8.881784197001252e-14,1.5543122344752192e-13,2.220446049250313e-14,2000,workload_seed,9.308675526511305e-16
fixed_concurrency,0.12200420283828954,mono,0.12074449734537003,-0.0007822162838843711,-0.0017971040464462463,4,piecewise,E9,E9-570facc3c085,-0.0012597054929194996,-0.0012597054929194996,-0.0009535067488677246,batch_slot_occupancy,5,,-1.9568089791681464,chunk_512,mixed,-1.0325099165552465,-0.6409864130090703,-1.4753799091984043,2000,workload_seed,0.0006437549634788621
fixed_concurrency,8.669882735000078,mono,353.5744044500002,360.9453283399999,324.13225079575136,4,piecewise,E9,E9-570facc3c085,344.9045217150001,344.9045217150001,349.78119654999944,ttft_p50_ms,5,,15.147975957073529,fcfs,mixed,3978.191311892029,4302.432295540285,3629.7226508319054,2000,workload_seed,22.769016975759246
fixed_concurrency,85.91561447699999,mono,687.2197874759999,649.2193571524987,560.8870113725001,4,piecewise,E9,E9-570facc3c085,601.3041729989999,601.3041729989999,584.5204918825043,ttft_p95_ms,5,,10.740498485044268,fcfs,mixed,699.8776376789714,777.8529129192494,646.6151154221455,2000,workload_seed,55.98475469609654
fixed_concurrency,90.1901597015,mono,877.8755933543998,853.8116138204001,726.3468371053993,4,piecewise,E9,E9-570facc3c085,787.6854336528999,787.6854336528999,760.8622502949996,ttft_p99_ms,5,,9.67000009355154,fcfs,mixed,873.3607261145581,935.4791453171387,810.5159833265911,2000,workload_seed,81.45661075827388
fixed_concurrency,2.3073956449823214,mono,0.8292761249999986,-1.3349873927706288,-1.662424176038456,4,piecewise,E9,E9-570facc3c085,-1.4781195199823227,-1.4781195199823227,-1.3694694855208103,tpot_p95_ms,5,,-7.1399267217951286,fcfs,mixed,-64.06008103537214,-61.71756031335808,-66.66650293656892,2000,workload_seed,0.20702166528828075
fixed_concurrency,3.6271244277418644,mono,0.8316750699999934,-2.0827317045579488,-3.7912284936854475,4,piecewise,E9,E9-570facc3c085,-2.7954493577418713,-2.7954493577418713,-2.51492024055257,tpot_p99_ms,5,,-2.5877962363881175,fcfs,mixed,-77.0706771557388,-71.46323040897143,-82.00992633150145,2000,workload_seed,1.0802432272038478
fixed_concurrency,624.2132431874999,mono,837.7942752109993,264.1765405174996,162.98552352949946,4,piecewise,E9,E9-570facc3c085,213.58103202349952,213.58103202349952,184.41168700499816,e2e_p95_ms,5,,3.2157317923320323,fcfs,mixed,34.21603664364174,45.774870971950854,24.51036745852555,2000,workload_seed,66.41755152988416
fixed_concurrency,1.0203524000000699,mono,0.8314542499999572,-0.1786919562501657,-0.1991026000000602,4,piecewise,E9,E9-570facc3c085,-0.18889815000011254,-0.18889815000011254,-0.19278099999951337,itl_p95_ms,5,,-14.19428979887551,fcfs,mixed,-18.513030400095076,-17.693771612775553,-19.315523443853934,2000,workload_seed,0.0133080381390464
fixed_concurrency,9.836183403399977,mono,0.8324923399997625,-8.317824987000321,-9.942548131045141,4,piecewise,E9,E9-570facc3c085,-9.003691063400215,-9.003691063400215,-8.526711288000076,itl_p99_ms,5,,-8.53249491901407,fcfs,mixed,-91.53642926470847,-90.90048885730559,-92.27490128360215,2000,workload_seed,1.0552237239938014
fixed_concurrency,20.450117456567092,mono,8.387209847490443,-11.326236548981992,-12.803047548700357,4,piecewise,E9,E9-570facc3c085,-12.06290760907665,-12.06290760907665,-11.948848757290623,request_throughput_rps,5,,-12.454439910456145,fcfs,mixed,-58.98698447427704,-58.215240615430176,-59.57278232162704,2000,workload_seed,0.9685628334799076
fixed_concurrency,2591.3842960997345,mono,1062.4897495702169,-1452.499285845321,-1590.420609221336,4,piecewise,E9,E9-570facc3c085,-1528.8945465295178,-1528.8945465295178,-1550.4015751218121,output_token_throughput_tps,5,,-17.7500136322513,fcfs,mixed,-58.999143771560284,-58.19471572157754,-59.59117959811976,2000,workload_seed,86.13483787705702
fixed_concurrency,20.57207021349857,mono,8.347857333977267,-11.33976600324868,-12.964082198243485,4,piecewise,E9,E9-570facc3c085,-12.224212879521303,-12.224212879521303,-12.49171000259965,observed_request_throughput_rps,5,,-11.752756834168192,fcfs,mixed,-59.42140364415178,-58.33100475647567,-60.49252322031266,2000,workload_seed,1.0401145069199824
fixed_concurrency,3.455017813746938,mono,2.796293944121974,-0.6130848189202107,-0.696180859372296,4,piecewise,E9,E9-570facc3c085,-0.658723869624964,-0.658723869624964,-0.6813117266812467,iteration_cv,5,,-11.832353673772754,fcfs,mixed,-19.065715580510535,-16.973493434828978,-20.93293638897856,2000,workload_seed,0.05567141481623152
fixed_concurrency,57.953936245000044,mono,939.3567842600012,1009.2818508950011,776.2078045400025,4,piecewise,E9,E9-570facc3c085,881.4028480150012,881.4028480150012,781.1206389999988,max_wait_ms,5,,5.9240349880831715,fcfs,mixed,1520.8679601828494,3011.976300126675,1035.145865615077,2000,workload_seed,148.78420701228757
fixed_concurrency,0.0,mono,0.4,0.8,0.0,4,piecewise,E9,E9-570facc3c085,0.4,0.4,0.0,starvation_proxy_count,5,,0.7302967433402215,fcfs,mixed,,,,2000,workload_seed,0.5477225575051661
fixed_concurrency,0.9999430760639123,mono,0.9836549240275696,-0.014174263851000202,-0.018850812306776522,4,piecewise,E9,E9-570facc3c085,-0.016288152036342707,-0.016288152036342707,-0.016345528047511326,waiting_satisfaction_jain,5,,-5.231779018908756,fcfs,mixed,-1.6289079274850238,-1.4175341985077083,-1.8851716022623588,2000,workload_seed,0.003113310401198881
fixed_concurrency,7.06408357649987,mono,651.7196263450002,685.0643906879975,588.613283352501,4,piecewise,E9,E9-570facc3c085,644.6555427685003,644.6555427685003,659.2889936999973,short_prompt_ttft_p95_ms,5,,10.538049972289715,fcfs,mixed,9125.819871569467,10034.23309663638,8294.08450871784,2000,workload_seed,61.17408291511727
fixed_concurrency,89.61785637499995,mono,644.6919967190007,609.1459422019989,513.3019826880019,4,piecewise,E9,E9-570facc3c085,555.0741403440009,555.0741403440009,537.8258341900021,long_prompt_ttft_p95_ms,5,,9.442771097390256,fcfs,mixed,619.3789528074963,679.6846190942886,572.7773582728036,2000,workload_seed,58.78297108117016
fixed_concurrency,42.603922229999995,mono,0.8004950000000001,-19.364073010000006,-66.67843050999998,4,piecewise,E9,E9-570facc3c085,-41.80342723,-41.80342723,-29.736846600000003,primer_max_itl_ms,5,,-1.3320459443753372,fcfs,mixed,-98.12107675044923,-96.07086335793448,-98.7912396926659,2000,workload_seed,31.382871894560445
fixed_concurrency,4.0,mono,4.0,0.0,0.0,4,piecewise,E9,E9-570facc3c085,0.0,0.0,0.0,backlog_at_arrival_end,5,,,fcfs,mixed,0.0,0.0,0.0,2000,workload_seed,0.0
fixed_concurrency,0.9999999999999991,mono,0.9999999999999982,1.7763568394002506e-16,-1.5987211554602255e-15,4,piecewise,E9,E9-570facc3c085,-8.215650382226159e-16,-8.215650382226159e-16,-8.881784197001252e-16,server_busy_fraction,5,,-0.707818058819908,fcfs,mixed,-8.881784197001252e-14,2.220446049250313e-14,-1.6653345369377348e-13,2000,workload_seed,1.1607008721879033e-15
fixed_concurrency,0.12200420283828954,mono,0.03125,-0.08977520610999348,-0.0917331995665856,4,piecewise,E9,E9-570facc3c085,-0.09075420283828953,-0.09075420283828953,-0.09048668492370142,batch_slot_occupancy,5,,-71.8346054205191,fcfs,mixed,-74.38612828656377,-74.17893263358832,-74.59002521471999,2000,workload_seed,0.0012633772024919646
fixed_concurrency,7.629399999999942,mono,7.649399999999924,0.05999999999994543,0.0,1,analytical,E9,E9-594e193cde6c,0.01999999999998181,0.01999999999998181,0.0,ttft_p50_ms,5,,0.447213595499958,chunk_512,mixed,0.26214381209508364,0.6626173384864265,0.0,2000,workload_seed,0.04472135954995512
fixed_concurrency,139.68189999999984,mono,141.11989999999767,1.4859999999972502,1.3919999999990047,1,analytical,E9,E9-594e193cde6c,1.4379999999978281,1.4379999999978281,1.4299999999980741,ttft_p95_ms,5,,23.53742655377559,chunk_512,mixed,1.0294819872852745,1.0435072975927717,1.0188741290013015,2000,workload_seed,0.06109418957558729
fixed_concurrency,147.55599999999995,mono,149.055999999999,1.4999999999999318,1.4999999999981242,1,analytical,E9,E9-594e193cde6c,1.4999999999990508,1.4999999999990508,1.4999999999992326,ttft_p99_ms,5,,1300728256664.2646,chunk_512,mixed,1.0165632031222227,1.0165632031228444,1.0165632031216232,2000,workload_seed,1.153200134089361e-12
fixed_concurrency,0.32300000000032014,mono,0.32300000000032014,0.0,0.0,1,analytical,E9,E9-594e193cde6c,0.0,0.0,0.0,tpot_p95_ms,5,,,chunk_512,mixed,0.0,0.0,0.0,2000,workload_seed,0.0
fixed_concurrency,0.32300000000032014,mono,0.32300000000032014,0.0,0.0,1,analytical,E9,E9-594e193cde6c,0.0,0.0,0.0,tpot_p99_ms,5,,,chunk_512,mixed,0.0,0.0,0.0,2000,workload_seed,0.0
fixed_concurrency,208.51203000007462,mono,209.51403000007568,1.3559999999978403,0.6480000000042594,1,analytical,E9,E9-594e193cde6c,1.0020000000010498,1.0020000000010498,1.109999999998223,e2e_p95_ms,5,,2.212332936796305,chunk_512,mixed,0.4805478129970231,0.6840061554487908,0.29618763999104125,2000,workload_seed,0.4529155550394025
fixed_concurrency,0.32300000000032014,mono,0.32300000000032014,0.0,0.0,1,analytical,E9,E9-594e193cde6c,0.0,0.0,0.0,itl_p95_ms,5,,,chunk_512,mixed,0.0,0.0,0.0,2000,workload_seed,0.0
fixed_concurrency,0.32300000000032014,mono,0.32300000000032014,0.0,0.0,1,analytical,E9,E9-594e193cde6c,0.0,0.0,0.0,itl_p99_ms,5,,,chunk_512,mixed,0.0,0.0,0.0,2000,workload_seed,0.0
fixed_concurrency,14.84506977497052,mono,14.791474057202134,-0.04908650291680026,-0.05717683465972243,1,analytical,E9,E9-594e193cde6c,-0.05359571776838763,-0.05359571776838763,-0.05652305701043936,request_throughput_rps,5,,-10.44890672115879,chunk_512,mixed,-0.36103378819243304,-0.33152937266932225,-0.3965422780985772,2000,workload_seed,0.005129313448636455
fixed_concurrency,1881.7195869011953,mono,1874.936021866557,-6.488940141425291,-7.091059153241622,1,analytical,E9,E9-594e193cde6c,-6.783565034638286,-6.783565034638286,-6.800890438771376,output_token_throughput_tps,5,,-18.214939068602664,chunk_512,mixed,-0.36049818909572595,-0.33049152042751173,-0.3980444683982287,2000,workload_seed,0.37241766272670157
fixed_concurrency,14.772523184042138,mono,14.71917137401147,-0.048884600675748756,-0.05686991138203336,1,analytical,E9,E9-594e193cde6c,-0.053351810030670424,-0.053351810030670424,-0.056193088422983095,observed_request_throughput_rps,5,,-10.413325195469753,chunk_512,mixed,-0.36115570350433446,-0.33141876008302995,-0.3973552542660519,2000,workload_seed,0.005123417259059649
fixed_concurrency,8.044781034294889,mono,2.464487230250255,-5.25848964175273,-5.902097966336539,1,analytical,E9,E9-594e193cde6c,-5.580293804044635,-5.580293804044635,-5.427561637763896,iteration_cv,5,,-13.56065462733568,chunk_512,mixed,-69.36539080747941,-68.43360587632465,-70.27345677335137,2000,workload_seed,0.4115062257242237
fixed_concurrency,0.0,mono,0.0,0.0,0.0,1,analytical,E9,E9-594e193cde6c,0.0,0.0,0.0,max_wait_ms,5,,,chunk_512,mixed,,,,2000,workload_seed,0.0
fixed_concurrency,0.0,mono,0.0,0.0,0.0,1,analytical,E9,E9-594e193cde6c,0.0,0.0,0.0,starvation_proxy_count,5,,,chunk_512,mixed,,,,2000,workload_seed,0.0
fixed_concurrency,1.0,mono,1.0,0.0,0.0,1,analytical,E9,E9-594e193cde6c,0.0,0.0,0.0,waiting_satisfaction_jain,5,,,chunk_512,mixed,0.0,0.0,0.0,2000,workload_seed,0.0
fixed_concurrency,4.294359999999943,mono,4.294359999999943,0.0,0.0,1,analytical,E9,E9-594e193cde6c,0.0,0.0,0.0,short_prompt_ttft_p95_ms,5,,,chunk_512,mixed,0.0,0.0,0.0,2000,workload_seed,0.0
fixed_concurrency,147.55599999999995,mono,149.0559999999989,1.499999999999926,1.499999999997982,1,analytical,E9,E9-594e193cde6c,1.4999999999989542,1.4999999999989542,1.49999999999946,long_prompt_ttft_p95_ms,5,,1150665681412.661,chunk_512,mixed,1.0165632031221783,1.0165632031228444,1.01656320312149,2000,workload_seed,1.3035932367057468e-12
fixed_concurrency,0.32300000000000184,mono,0.32300000000000184,0.0,0.0,1,analytical,E9,E9-594e193cde6c,0.0,0.0,0.0,primer_max_itl_ms,5,,,chunk_512,mixed,0.0,0.0,0.0,2000,workload_seed,0.0
fixed_concurrency,1.0,mono,1.0,0.0,0.0,1,analytical,E9,E9-594e193cde6c,0.0,0.0,0.0,backlog_at_arrival_end,5,,,chunk_512,mixed,0.0,0.0,0.0,2000,workload_seed,0.0
fixed_concurrency,0.9999999999997209,mono,0.9999999999997244,5.5067062021407766e-15,1.5543122344752192e-15,1,analytical,E9,E9-594e193cde6c,3.552713678800501e-15,3.552713678800501e-15,3.3306690738754696e-15,server_busy_fraction,5,,1.4039679778299416,chunk_512,mixed,3.552713678800501e-13,5.551115123125783e-13,1.5543122344752192e-13,2000,workload_seed,2.530480562877076e-15
fixed_concurrency,0.03125,mono,0.03125,0.0,0.0,1,analytical,E9,E9-594e193cde6c,0.0,0.0,0.0,batch_slot_occupancy,5,,,chunk_512,mixed,0.0,0.0,0.0,2000,workload_seed,0.0
fixed_concurrency,7.629399999999942,mono,7.629399999999942,0.0,0.0,1,analytical,E9,E9-594e193cde6c,0.0,0.0,0.0,ttft_p50_ms,5,,,fcfs,mixed,0.0,0.0,0.0,2000,workload_seed,0.0
fixed_concurrency,139.68189999999984,mono,139.68189999999984,0.0,0.0,1,analytical,E9,E9-594e193cde6c,0.0,0.0,0.0,ttft_p95_ms,5,,,fcfs,mixed,0.0,0.0,0.0,2000,workload_seed,0.0
fixed_concurrency,147.55599999999995,mono,147.55599999999995,0.0,0.0,1,analytical,E9,E9-594e193cde6c,0.0,0.0,0.0,ttft_p99_ms,5,,,fcfs,mixed,0.0,0.0,0.0,2000,workload_seed,0.0
fixed_concurrency,0.32300000000032014,mono,0.32300000000032014,0.0,0.0,1,analytical,E9,E9-594e193cde6c,0.0,0.0,0.0,tpot_p95_ms,5,,,fcfs,mixed,0.0,0.0,0.0,2000,workload_seed,0.0
fixed_concurrency,0.32300000000032014,mono,0.32300000000032014,0.0,0.0,1,analytical,E9,E9-594e193cde6c,0.0,0.0,0.0,tpot_p99_ms,5,,,fcfs,mixed,0.0,0.0,0.0,2000,workload_seed,0.0
fixed_concurrency,208.51203000007462,mono,208.51203000007462,0.0,0.0,1,analytical,E9,E9-594e193cde6c,0.0,0.0,0.0,e2e_p95_ms,5,,,fcfs,mixed,0.0,0.0,0.0,2000,workload_seed,0.0
fixed_concurrency,0.32300000000032014,mono,0.32300000000032014,0.0,0.0,1,analytical,E9,E9-594e193cde6c,0.0,0.0,0.0,itl_p95_ms,5,,,fcfs,mixed,0.0,0.0,0.0,2000,workload_seed,0.0
fixed_concurrency,0.32300000000032014,mono,0.32300000000032014,0.0,0.0,1,analytical,E9,E9-594e193cde6c,0.0,0.0,0.0,itl_p99_ms,5,,,fcfs,mixed,0.0,0.0,0.0,2000,workload_seed,0.0
fixed_concurrency,14.84506977497052,mono,14.84506977497052,0.0,0.0,1,analytical,E9,E9-594e193cde6c,0.0,0.0,0.0,request_throughput_rps,5,,,fcfs,mixed,0.0,0.0,0.0,2000,workload_seed,0.0
fixed_concurrency,1881.7195869011953,mono,1881.7195869011953,0.0,0.0,1,analytical,E9,E9-594e193cde6c,0.0,0.0,0.0,output_token_throughput_tps,5,,,fcfs,mixed,0.0,0.0,0.0,2000,workload_seed,0.0
fixed_concurrency,14.772523184042138,mono,14.772523184042138,0.0,0.0,1,analytical,E9,E9-594e193cde6c,0.0,0.0,0.0,observed_request_throughput_rps,5,,,fcfs,mixed,0.0,0.0,0.0,2000,workload_seed,0.0
fixed_concurrency,8.044781034294889,mono,8.044781034294889,0.0,0.0,1,analytical,E9,E9-594e193cde6c,0.0,0.0,0.0,iteration_cv,5,,,fcfs,mixed,0.0,0.0,0.0,2000,workload_seed,0.0
fixed_concurrency,0.0,mono,0.0,0.0,0.0,1,analytical,E9,E9-594e193cde6c,0.0,0.0,0.0,max_wait_ms,5,,,fcfs,mixed,,,,2000,workload_seed,0.0
fixed_concurrency,0.0,mono,0.0,0.0,0.0,1,analytical,E9,E9-594e193cde6c,0.0,0.0,0.0,starvation_proxy_count,5,,,fcfs,mixed,,,,2000,workload_seed,0.0
fixed_concurrency,1.0,mono,1.0,0.0,0.0,1,analytical,E9,E9-594e193cde6c,0.0,0.0,0.0,waiting_satisfaction_jain,5,,,fcfs,mixed,0.0,0.0,0.0,2000,workload_seed,0.0
fixed_concurrency,4.294359999999943,mono,4.294359999999943,0.0,0.0,1,analytical,E9,E9-594e193cde6c,0.0,0.0,0.0,short_prompt_ttft_p95_ms,5,,,fcfs,mixed,0.0,0.0,0.0,2000,workload_seed,0.0
fixed_concurrency,147.55599999999995,mono,147.55599999999995,0.0,0.0,1,analytical,E9,E9-594e193cde6c,0.0,0.0,0.0,long_prompt_ttft_p95_ms,5,,,fcfs,mixed,0.0,0.0,0.0,2000,workload_seed,0.0
fixed_concurrency,0.32300000000000184,mono,0.32300000000000184,0.0,0.0,1,analytical,E9,E9-594e193cde6c,0.0,0.0,0.0,primer_max_itl_ms,5,,,fcfs,mixed,0.0,0.0,0.0,2000,workload_seed,0.0
fixed_concurrency,1.0,mono,1.0,0.0,0.0,1,analytical,E9,E9-594e193cde6c,0.0,0.0,0.0,backlog_at_arrival_end,5,,,fcfs,mixed,0.0,0.0,0.0,2000,workload_seed,0.0
fixed_concurrency,0.9999999999997209,mono,0.9999999999997209,0.0,0.0,1,analytical,E9,E9-594e193cde6c,0.0,0.0,0.0,server_busy_fraction,5,,,fcfs,mixed,0.0,0.0,0.0,2000,workload_seed,0.0
fixed_concurrency,0.03125,mono,0.03125,0.0,0.0,1,analytical,E9,E9-594e193cde6c,0.0,0.0,0.0,batch_slot_occupancy,5,,,fcfs,mixed,0.0,0.0,0.0,2000,workload_seed,0.0
fixed_concurrency,8.282222860000001,mono,8.576722860000155,0.8834999999998218,9.094947017729283e-14,1,piecewise,E9,E9-a762246d700d,0.2945000000001528,0.2945000000001528,4.547473508864641e-13,ttft_p50_ms,5,,0.4472135955004759,chunk_512,mixed,3.5558086878158868,9.732172485816726,1.2212453270876722e-12,2000,workload_seed,0.658522019373267
fixed_concurrency,84.65577573899989,mono,143.0526757389998,60.77740000000017,56.016399999999635,1,piecewise,E9,E9-a762246d700d,58.3968999999999,58.3968999999999,58.486999999999426,ttft_p95_ms,5,,19.52077765484479,chunk_512,mixed,68.9815898445511,69.31703417381006,68.66185679161556,2000,workload_seed,2.9915252882103593
fixed_concurrency,89.3658527999999,mono,150.7158528,61.35000000000023,61.34999999999999,1,piecewise,E9,E9-a762246d700d,61.350000000000094,61.350000000000094,61.35000000000004,ttft_p99_ms,5,,380544188654445.44,chunk_512,mixed,68.65038275559338,68.65038275559363,68.65038275559318,2000,workload_seed,1.6121649424453356e-13
fixed_concurrency,0.8292761249999986,mono,0.8292761249999948,0.0,-1.1191048088221578e-14,1,piecewise,E9,E9-a762246d700d,-3.730349362740526e-15,-3.730349362740526e-15,0.0,tpot_p95_ms,5,,-0.4472135954999579,chunk_512,mixed,-4.551914400963142e-13,0.0,-1.354472090042691e-12,2000,workload_seed,8.341314754910838e-15
fixed_concurrency,0.8316750699999934,mono,0.8316750699999937,2.1094237467877974e-15,-8.215650382226159e-16,1,piecewise,E9,E9-a762246d700d,3.108624468950438e-16,3.108624468950438e-16,0.0,tpot_p99_ms,5,,0.15684367135800553,chunk_512,mixed,4.440892098500626e-14,2.4424906541753444e-13,-1.1102230246251565e-13,2000,workload_seed,1.9819890991041694e-15
fixed_concurrency,378.96978621099976,mono,394.2377951590018,25.234688178001853,6.590746885000669,1,piecewise,E9,E9-a762246d700d,15.268008948002011,15.268008948002011,16.037680925007578,e2e_p95_ms,5,,1.2303466242398058,chunk_512,mixed,4.028819579696319,6.203253477505699,1.8743445776655765,2000,workload_seed,12.409518299313135
fixed_concurrency,0.8314542499999572,mono,0.8314542500001391,5.456968210637569e-13,0.0,1,piecewise,E9,E9-a762246d700d,1.8189894035458566e-13,1.8189894035458566e-13,0.0,itl_p95_ms,5,,0.447213595499958,chunk_512,mixed,2.1871393585115584e-11,6.563638521583925e-11,0.0,2000,workload_seed,4.067383956680332e-13
fixed_concurrency,0.8324923399997625,mono,0.8324923399997625,0.0,0.0,1,piecewise,E9,E9-a762246d700d,0.0,0.0,0.0,itl_p99_ms,5,,,chunk_512,mixed,0.0,0.0,0.0,2000,workload_seed,0.0
fixed_concurrency,8.387209847490443,mono,7.765046824724561,-0.5403052190396996,-0.6904941428824547,1,piecewise,E9,E9-a762246d700d,-0.6221630227658812,-0.6221630227658812,-0.6488280032084379,request_throughput_rps,5,,-6.574243053901634,chunk_512,mixed,-7.417997571052071,-6.651744349081044,-8.348021414238394,2000,workload_seed,0.09463644980339514
fixed_concurrency,1062.4897495702169,mono,983.7937660688607,-71.07826000450325,-87.42223873955336,1,piecewise,E9,E9-a762246d700d,-78.69598350135614,-78.69598350135614,-77.44952442812632,output_token_throughput_tps,5,,-7.759731010793046,chunk_512,mixed,-7.406752256498395,-6.613710633426649,-8.3885783663595,2000,workload_seed,10.141586530756998
fixed_concurrency,8.347181223244691,mono,7.726929949286918,-0.5374986204421432,-0.6887461048701258,1,piecewise,E9,E9-a762246d700d,-0.6202512739577724,-0.6202512739577724,-0.6451460887890654,observed_request_throughput_rps,5,,-6.493385044947827,chunk_512,mixed,-7.430667399798841,-6.653358301089074,-8.37634150544202,2000,workload_seed,0.0955204827165391
fixed_concurrency,2.796293944121974,mono,1.2490127718233963,-1.3994502672833662,-1.7032245556925898,1,piecewise,E9,E9-a762246d700d,-1.5472811722985778,-1.5472811722985778,-1.4754297796281348,iteration_cv,5,,-7.9820389128040485,chunk_512,mixed,-55.333280521208515,-53.577819760571145,-56.871651143771174,2000,workload_seed,0.19384535570436426
fixed_concurrency,0.0,mono,0.0,0.0,0.0,1,piecewise,E9,E9-a762246d700d,0.0,0.0,0.0,max_wait_ms,5,,,chunk_512,mixed,,,,2000,workload_seed,0.0
fixed_concurrency,0.0,mono,0.0,0.0,0.0,1,piecewise,E9,E9-a762246d700d,0.0,0.0,0.0,starvation_proxy_count,5,,,chunk_512,mixed,,,,2000,workload_seed,0.0
fixed_concurrency,1.0,mono,1.0,0.0,0.0,1,piecewise,E9,E9-a762246d700d,0.0,0.0,0.0,waiting_satisfaction_jain,5,,,chunk_512,mixed,0.0,0.0,0.0,2000,workload_seed,0.0
fixed_concurrency,6.078235439000409,mono,6.078235439000409,0.0,0.0,1,piecewise,E9,E9-a762246d700d,0.0,0.0,0.0,short_prompt_ttft_p95_ms,5,,,chunk_512,mixed,0.0,0.0,0.0,2000,workload_seed,0.0
fixed_concurrency,89.36585279999989,mono,150.7158528,61.350000000000264,61.35,1,piecewise,E9,E9-a762246d700d,61.350000000000115,61.350000000000115,61.35000000000001,long_prompt_ttft_p95_ms,5,,363825420700003.5,chunk_512,mixed,68.65038275559341,68.6503827555937,68.65038275559318,2000,workload_seed,1.686248307827478e-13
fixed_concurrency,0.8004950000000001,mono,0.8004950000000001,0.0,0.0,1,piecewise,E9,E9-a762246d700d,0.0,0.0,0.0,primer_max_itl_ms,5,,,chunk_512,mixed,0.0,0.0,0.0,2000,workload_seed,0.0
fixed_concurrency,1.0,mono,1.0,0.0,0.0,1,piecewise,E9,E9-a762246d700d,0.0,0.0,0.0,backlog_at_arrival_end,5,,,chunk_512,mixed,0.0,0.0,0.0,2000,workload_seed,0.0
fixed_concurrency,0.9999999999999982,mono,0.9999999999999986,9.769962616701378e-16,-1.3322676295501878e-16,1,piecewise,E9,E9-a762246d700d,4.2188474935755947e-16,4.2188474935755947e-16,8.881784197001252e-16,server_busy_fraction,5,,0.5683682834156398,chunk_512,mixed,4.440892098500626e-14,8.881784197001252e-14,-2.220446049250313e-14,2000,workload_seed,7.422735604144206e-16
fixed_concurrency,0.03125,mono,0.03125,0.0,0.0,1,piecewise,E9,E9-a762246d700d,0.0,0.0,0.0,batch_slot_occupancy,5,,,chunk_512,mixed,0.0,0.0,0.0,2000,workload_seed,0.0
fixed_concurrency,8.282222860000001,mono,8.282222860000001,0.0,0.0,1,piecewise,E9,E9-a762246d700d,0.0,0.0,0.0,ttft_p50_ms,5,,,fcfs,mixed,0.0,0.0,0.0,2000,workload_seed,0.0
fixed_concurrency,84.65577573899989,mono,84.65577573899989,0.0,0.0,1,piecewise,E9,E9-a762246d700d,0.0,0.0,0.0,ttft_p95_ms,5,,,fcfs,mixed,0.0,0.0,0.0,2000,workload_seed,0.0
fixed_concurrency,89.3658527999999,mono,89.3658527999999,0.0,0.0,1,piecewise,E9,E9-a762246d700d,0.0,0.0,0.0,ttft_p99_ms,5,,,fcfs,mixed,0.0,0.0,0.0,2000,workload_seed,0.0
fixed_concurrency,0.8292761249999986,mono,0.8292761249999986,0.0,0.0,1,piecewise,E9,E9-a762246d700d,0.0,0.0,0.0,tpot_p95_ms,5,,,fcfs,mixed,0.0,0.0,0.0,2000,workload_seed,0.0
fixed_concurrency,0.8316750699999934,mono,0.8316750699999934,0.0,0.0,1,piecewise,E9,E9-a762246d700d,0.0,0.0,0.0,tpot_p99_ms,5,,,fcfs,mixed,0.0,0.0,0.0,2000,workload_seed,0.0
fixed_concurrency,378.96978621099976,mono,378.96978621099976,0.0,0.0,1,piecewise,E9,E9-a762246d700d,0.0,0.0,0.0,e2e_p95_ms,5,,,fcfs,mixed,0.0,0.0,0.0,2000,workload_seed,0.0
fixed_concurrency,0.8314542499999572,mono,0.8314542499999572,0.0,0.0,1,piecewise,E9,E9-a762246d700d,0.0,0.0,0.0,itl_p95_ms,5,,,fcfs,mixed,0.0,0.0,0.0,2000,workload_seed,0.0
fixed_concurrency,0.8324923399997625,mono,0.8324923399997625,0.0,0.0,1,piecewise,E9,E9-a762246d700d,0.0,0.0,0.0,itl_p99_ms,5,,,fcfs,mixed,0.0,0.0,0.0,2000,workload_seed,0.0
fixed_concurrency,8.387209847490443,mono,8.387209847490443,0.0,0.0,1,piecewise,E9,E9-a762246d700d,0.0,0.0,0.0,request_throughput_rps,5,,,fcfs,mixed,0.0,0.0,0.0,2000,workload_seed,0.0
fixed_concurrency,1062.4897495702169,mono,1062.4897495702169,0.0,0.0,1,piecewise,E9,E9-a762246d700d,0.0,0.0,0.0,output_token_throughput_tps,5,,,fcfs,mixed,0.0,0.0,0.0,2000,workload_seed,0.0
fixed_concurrency,8.347181223244691,mono,8.347181223244691,0.0,0.0,1,piecewise,E9,E9-a762246d700d,0.0,0.0,0.0,observed_request_throughput_rps,5,,,fcfs,mixed,0.0,0.0,0.0,2000,workload_seed,0.0
fixed_concurrency,2.796293944121974,mono,2.796293944121974,0.0,0.0,1,piecewise,E9,E9-a762246d700d,0.0,0.0,0.0,iteration_cv,5,,,fcfs,mixed,0.0,0.0,0.0,2000,workload_seed,0.0
fixed_concurrency,0.0,mono,0.0,0.0,0.0,1,piecewise,E9,E9-a762246d700d,0.0,0.0,0.0,max_wait_ms,5,,,fcfs,mixed,,,,2000,workload_seed,0.0
fixed_concurrency,0.0,mono,0.0,0.0,0.0,1,piecewise,E9,E9-a762246d700d,0.0,0.0,0.0,starvation_proxy_count,5,,,fcfs,mixed,,,,2000,workload_seed,0.0
fixed_concurrency,1.0,mono,1.0,0.0,0.0,1,piecewise,E9,E9-a762246d700d,0.0,0.0,0.0,waiting_satisfaction_jain,5,,,fcfs,mixed,0.0,0.0,0.0,2000,workload_seed,0.0
fixed_concurrency,6.078235439000409,mono,6.078235439000409,0.0,0.0,1,piecewise,E9,E9-a762246d700d,0.0,0.0,0.0,short_prompt_ttft_p95_ms,5,,,fcfs,mixed,0.0,0.0,0.0,2000,workload_seed,0.0
fixed_concurrency,89.36585279999989,mono,89.36585279999989,0.0,0.0,1,piecewise,E9,E9-a762246d700d,0.0,0.0,0.0,long_prompt_ttft_p95_ms,5,,,fcfs,mixed,0.0,0.0,0.0,2000,workload_seed,0.0
fixed_concurrency,0.8004950000000001,mono,0.8004950000000001,0.0,0.0,1,piecewise,E9,E9-a762246d700d,0.0,0.0,0.0,primer_max_itl_ms,5,,,fcfs,mixed,0.0,0.0,0.0,2000,workload_seed,0.0
fixed_concurrency,1.0,mono,1.0,0.0,0.0,1,piecewise,E9,E9-a762246d700d,0.0,0.0,0.0,backlog_at_arrival_end,5,,,fcfs,mixed,0.0,0.0,0.0,2000,workload_seed,0.0
fixed_concurrency,0.9999999999999982,mono,0.9999999999999982,0.0,0.0,1,piecewise,E9,E9-a762246d700d,0.0,0.0,0.0,server_busy_fraction,5,,,fcfs,mixed,0.0,0.0,0.0,2000,workload_seed,0.0
fixed_concurrency,0.03125,mono,0.03125,0.0,0.0,1,piecewise,E9,E9-a762246d700d,0.0,0.0,0.0,batch_slot_occupancy,5,,,fcfs,mixed,0.0,0.0,0.0,2000,workload_seed,0.0
fixed_concurrency,21.944816732499998,mono,211.04263667999984,285.0876229124996,124.9793994299998,32,piecewise,E9,E9-ad2616b4ef85,189.0978199474999,189.0978199474999,164.80061967500023,ttft_p50_ms,5,,1.787072794167828,chunk_512,mixed,861.6969658600444,1156.9274303513232,601.6957191454243,2000,workload_seed,105.81427939848167
fixed_concurrency,438.2170712734999,mono,696.4064160139999,311.2985158032499,205.08017367775,32,piecewise,E9,E9-ad2616b4ef85,258.18934474049996,258.18934474049996,258.26739045624987,ttft_p95_ms,5,,3.5598254030007097,chunk_512,mixed,58.91813935732295,70.27160237504064,51.888285251728796,2000,workload_seed,72.52865393984281
fixed_concurrency,524.9518746318001,mono,802.4355537396501,340.92387874750005,208.20489270070001,32,piecewise,E9,E9-ad2616b4ef85,277.48367910785004,277.48367910785004,291.79335068750015,ttft_p99_ms,5,,3.103179194643811,chunk_512,mixed,52.85887955014472,56.889831783814216,47.59706356830043,2000,workload_seed,89.41916070679899
fixed_concurrency,13.736088996679722,mono,9.914033689160394,-3.1636736400315675,-4.724407913354514,32,piecewise,E9,E9-ad2616b4ef85,-3.822055307519327,-3.822055307519327,-3.3259504474150354,tpot_p95_ms,5,,-3.693264843424936,chunk_512,mixed,-27.82491660066554,-24.406503848956817,-32.12521100167372,2000,workload_seed,1.034871710953433
fixed_concurrency,20.003017922937097,mono,10.413865000861867,-6.415266533084223,-13.025242071810391,32,piecewise,E9,E9-ad2616b4ef85,-9.58915292207523,-9.58915292207523,-8.704212594365957,tpot_p99_ms,5,,-2.334959147647601,chunk_512,mixed,-47.93853087078187,-38.11323718219931,-55.53635689607218,2000,workload_seed,4.106775457607473
fixed_concurrency,2397.3641912904995,mono,2787.5336361295,476.2358412955,307.3260450237509,32,piecewise,E9,E9-ad2616b4ef85,390.1694448390004,390.1694448390004,389.42924402500125,e2e_p95_ms,5,,3.537966405440695,chunk_512,mixed,16.274934207179115,18.71247047287912,12.987344059911532,2000,workload_seed,110.28070934732355
fixed_concurrency,25.868632489999765,mono,10.70258386999999,-10.728365259999851,-20.363844709999377,32,piecewise,E9,E9-ad2616b4ef85,-15.166048619999776,-15.166048619999776,-14.66619430000003,itl_p95_ms,5,,-2.5723057750509075,chunk_512,mixed,-58.627175695749024,-50.01399052725268,-65.59434302727723,2000,workload_seed,5.895896501534555
fixed_concurrency,86.88218669999996,mono,10.805018079999945,-71.27923618000013,-79.64265011000009,32,piecewise,E9,E9-ad2616b4ef85,-76.07716862000002,-76.07716862000002,-78.46224284999971,itl_p99_ms,5,,-14.13942074782036,chunk_512,mixed,-87.56359791298858,-86.8472531233286,-88.05397205729666,2000,workload_seed,5.3805010811158995
fixed_concurrency,31.99106891388318,mono,26.70910859224018,-4.938828008560488,-5.511897881845229,32,piecewise,E9,E9-ad2616b4ef85,-5.281960321642997,-5.281960321642997,-5.4601967125034605,request_throughput_rps,5,,-14.088575764369446,chunk_512,mixed,-16.510734092260304,-15.275159380748438,-18.014432196839802,2000,workload_seed,0.37491087885556745
fixed_concurrency,4057.1227719668764,mono,3387.5280670402244,-641.9040429881823,-697.5431599391325,32,piecewise,E9,E9-ad2616b4ef85,-669.5947049266524,-669.5947049266524,-670.4647051146248,output_token_throughput_tps,5,,-19.14322410401559,chunk_512,mixed,-16.504176544848193,-15.254728570986288,-18.092623393990838,2000,workload_seed,34.97815735157143
fixed_concurrency,28.40439829233489,mono,23.447139784203756,-4.6475584674220425,-5.263965376059941,32,piecewise,E9,E9-ad2616b4ef85,-4.957258508131135,-4.957258508131135,-4.898851388900475,observed_request_throughput_rps,5,,-12.844558437173111,chunk_512,mixed,-17.452432743378623,-16.59719027042056,-18.429819011453617,2000,workload_seed,0.3859423064154902
fixed_concurrency,2.3389902587281326,mono,0.8031739091973543,-1.4401480295986415,-1.6314846694629153,32,piecewise,E9,E9-ad2616b4ef85,-1.5358163495307786,-1.5358163495307786,-1.476739169886721,iteration_cv,5,,-12.338405322148322,chunk_512,mixed,-65.66151114993978,-63.71694310441153,-67.34909185232706,2000,workload_seed,0.12447446079388218
fixed_concurrency,526.393747575,mono,803.9102092850001,340.79024798500006,208.37004727000004,32,piecewise,E9,E9-ad2616b4ef85,277.51646171000004,277.51646171000004,291.7326064250002,max_wait_ms,5,,3.1122709806680895,chunk_512,mixed,52.72031877059098,56.766367623799894,47.40939660348435,2000,workload_seed,89.16847647065345
fixed_concurrency,0.0,mono,0.6,1.8,0.0,32,piecewise,E9,E9-ad2616b4ef85,0.6,0.6,0.0,starvation_proxy_count,5,,0.4472135954999579,chunk_512,mixed,,,,2000,workload_seed,1.3416407864998738
fixed_concurrency,0.9891370852518099,mono,0.9769648796951543,-0.009025396526552343,-0.016061273582889092,32,piecewise,E9,E9-ad2616b4ef85,-0.012172205556655635,-0.012172205556655635,-0.011512052023135322,waiting_satisfaction_jain,5,,-2.829417554705729,chunk_512,mixed,-1.2305883318040611,-0.9086053459726795,-1.6301434202571685,2000,workload_seed,0.004302018108430656
fixed_concurrency,366.43724233849986,mono,654.8060619515002,357.87684186700034,204.53832560875028,32,piecewise,E9,E9-ad2616b4ef85,288.3688196130003,288.3688196130003,336.4174604650001,short_prompt_ttft_p95_ms,5,,2.7337920184894444,chunk_512,mixed,78.69528156382557,115.20366237235736,55.49072653522282,2000,workload_seed,105.48308637331466
fixed_concurrency,400.05082591699994,mono,665.9420466292503,301.7144582584998,230.06798316600097,32,piecewise,E9,E9-ad2616b4ef85,265.8912207122504,265.8912207122504,244.85785763,long_prompt_ttft_p95_ms,5,,5.731583872214107,chunk_512,mixed,66.4643598979635,76.73290121707682,58.11273270271218,2000,workload_seed,46.39053124586604
fixed_concurrency,80.85108189,mono,10.27723915000002,-50.99774671999997,-80.53614889000002,32,piecewise,E9,E9-ad2616b4ef85,-70.57384273999999,-70.57384273999999,-80.22464025,primer_max_itl_ms,5,,-3.2261215514202157,chunk_512,mixed,-87.2886807328287,-83.49733711796853,-88.7604566566062,2000,workload_seed,21.875754405140654
fixed_concurrency,32.0,mono,32.0,0.0,0.0,32,piecewise,E9,E9-ad2616b4ef85,0.0,0.0,0.0,backlog_at_arrival_end,5,,,chunk_512,mixed,0.0,0.0,0.0,2000,workload_seed,0.0
fixed_concurrency,0.9999999999999997,mono,0.9999999999999991,2.2759572004812682e-17,-1.2656542480726785e-15,32,piecewise,E9,E9-ad2616b4ef85,-6.439293542825908e-16,-6.439293542825908e-16,-7.771561172376096e-16,server_busy_fraction,5,,-0.7538191051195526,chunk_512,mixed,-5.551115123125783e-14,0.0,-1.2212453270876722e-13,2000,workload_seed,8.542226509110116e-16
fixed_concurrency,0.846506548264291,mono,0.748200239582243,-0.07327564466339036,-0.13012655898153322,32,piecewise,E9,E9-ad2616b4ef85,-0.09830630868204807,-0.09830630868204807,-0.0962985272641923,batch_slot_occupancy,5,,-2.6227811249903077,chunk_512,mixed,-11.613177580683686,-8.680457681843556,-15.529499115625034,2000,workload_seed,0.037481705105076715
fixed_concurrency,21.944816732499998,mono,3559.4700800700084,3729.1822754500126,3312.1372346475073,32,piecewise,E9,E9-ad2616b4ef85,3537.5252633375085,3537.5252633375085,3668.041669900008,ttft_p50_ms,5,,13.47916298204043,fcfs,mixed,16120.094810810053,19568.75683209042,13747.07828199632,2000,workload_seed,262.4439861771009
fixed_concurrency,438.2170712734999,mono,4355.513980402004,4103.002831521504,3731.189245345505,32,piecewise,E9,E9-ad2616b4ef85,3917.2969091285036,3917.2969091285036,3914.1942847574965,ttft_p95_ms,5,,16.03544609186064,fcfs,mixed,893.9170027640573,1051.8054577936532,752.9599342238131,2000,workload_seed,244.28986176548383
fixed_concurrency,524.9518746318001,mono,4511.216322647211,4202.991871987915,3731.3573405788093,32,piecewise,E9,E9-ad2616b4ef85,3986.264448015411,3986.264448015411,4013.530762002508,ttft_p99_ms,5,,13.646845946025028,fcfs,mixed,759.3580746447218,900.956857550386,659.1649135223817,2000,workload_seed,292.1015202913246
fixed_concurrency,13.736088996679722,mono,0.8292761249999986,-12.11721628239915,-13.87542654204269,32,piecewise,E9,E9-ad2616b4ef85,-12.906812871679724,-12.906812871679724,-12.393453260927968,tpot_p95_ms,5,,-11.017730590511942,fcfs,mixed,-93.96279301043805,-93.60311402487594,-94.35069550516253,2000,workload_seed,1.1714583838884742
fixed_concurrency,20.003017922937097,mono,0.8316750699999934,-16.07028858472794,-22.550414858302055,32,piecewise,E9,E9-ad2616b4ef85,-19.171342852937105,-19.171342852937105,-18.43945059090443,tpot_p99_ms,5,,-4.692992265915647,fcfs,mixed,-95.84225203814707,-95.07951662171187,-96.44282073421593,2000,workload_seed,4.085100031418142
fixed_concurrency,2397.3641912904995,mono,4450.48921539601,2342.395024478017,1784.8449457205072,32,piecewise,E9,E9-ad2616b4ef85,2053.1250241055104,2053.1250241055104,2098.5994159775064,e2e_p95_ms,5,,5.38646873503747,fcfs,mixed,85.64093146816857,107.81450657594482,67.78220974716045,2000,workload_seed,381.16345329371495
fixed_concurrency,25.868632489999765,mono,0.8314542499999572,-20.619388129999788,-30.213533359999406,32,piecewise,E9,E9-ad2616b4ef85,-25.03717823999981,-25.03717823999981,-24.54780310000035,itl_p95_ms,5,,-4.261308498988848,fcfs,mixed,-96.78585928219677,-96.1244194822996,-97.32135063418218,2000,workload_seed,5.875467182425492
fixed_concurrency,86.88218669999996,mono,0.8324923399997625,-81.24164020000003,-89.61513831000032,32,piecewise,E9,E9-ad2616b4ef85,-86.0496943600002,-86.0496943600002,-88.42373785000018,itl_p99_ms,5,,-15.965831282765505,fcfs,mixed,-99.04181470147118,-98.98553448000459,-99.07968750111615,2000,workload_seed,5.389615663350239
fixed_concurrency,31.99106891388318,mono,8.387209847490443,-21.593860545924052,-25.24423834122547,32,piecewise,E9,E9-ad2616b4ef85,-23.603859066392737,-23.603859066392737,-23.675512482149287,request_throughput_rps,5,,-10.169217419063415,fcfs,mixed,-73.78265205808536,-72.49064579244484,-74.78458674854606,2000,workload_seed,2.321108704210068
fixed_concurrency,4057.1227719668764,mono,1062.4897495702169,-2751.2740553174785,-3206.2485677229333,32,piecewise,E9,E9-ad2616b4ef85,-2994.6330223966597,-2994.6330223966597,-3035.7000510876455,output_token_throughput_tps,5,,-10.452143999636574,fcfs,mixed,-73.8117427229069,-72.50298310270512,-74.81968956815008,2000,workload_seed,286.5089710303249
fixed_concurrency,28.40439829233489,mono,8.517269719276262,-17.882213645768026,-21.489568878343494,32,piecewise,E9,E9-ad2616b4ef85,-19.88712857305863,-19.88712857305863,-20.059133385200006,observed_request_throughput_rps,5,,-8.460258873027431,fcfs,mixed,-70.01425753991522,-67.93858515192099,-71.88816650623747,2000,workload_seed,2.3506524884790188
fixed_concurrency,2.3389902587281326,mono,2.796293944121974,0.5957900705587715,0.3254872148016957,32,piecewise,E9,E9-ad2616b4ef85,0.45730368539384114,0.45730368539384114,0.4479581999323603,iteration_cv,5,,2.818802724839892,fcfs,mixed,19.551329198032153,24.784828802285563,14.409232393317218,2000,workload_seed,0.162233306135255
fixed_concurrency,526.393747575,mono,4543.302302220011,4242.933731900014,3743.1405960000093,32,piecewise,E9,E9-ad2616b4ef85,4016.9085546450106,4016.9085546450106,4049.5860143750097,max_wait_ms,5,,13.034902729017887,fcfs,mixed,763.099594771058,904.858070806375,661.6460852878413,2000,workload_seed,308.16559495320945
fixed_concurrency,0.0,mono,116.6,118.2,115.2,32,piecewise,E9,E9-ad2616b4ef85,116.6,116.6,116.0,starvation_proxy_count,5,,59.814537926564476,fcfs,mixed,,,,2000,workload_seed,1.949358868961793
fixed_concurrency,0.9891370852518099,mono,0.7725121448014493,-0.20718370216140344,-0.22397743324474345,32,piecewise,E9,E9-ad2616b4ef85,-0.2166249404503607,-0.2166249404503607,-0.21845591704336897,waiting_satisfaction_jain,5,,-19.586965690773823,fcfs,mixed,-21.90039618170956,-20.888053526160576,-22.687506595812124,2000,workload_seed,0.011059647720340827
fixed_concurrency,366.43724233849986,mono,4326.8038128990065,4168.9221049640055,3751.811036157007,32,piecewise,E9,E9-ad2616b4ef85,3960.3665705605063,3960.3665705605063,3910.6259222849953,short_prompt_ttft_p95_ms,5,,15.049175084177584,fcfs,mixed,1080.7762184014257,1485.33975429348,809.1421445372608,2000,workload_seed,263.16170477173597
fixed_concurrency,400.05082591699994,mono,4255.82843178501,4114.088899285013,3561.454529908009,32,piecewise,E9,E9-ad2616b4ef85,3855.77760586801,3855.77760586801,3994.712565760001,long_prompt_ttft_p95_ms,5,,11.386737931754261,fcfs,mixed,963.8219336329987,1171.2284714935772,817.414156966868,2000,workload_seed,338.6200357799911
fixed_concurrency,80.85108189,mono,0.8004950000000001,-60.278022820000004,-89.94151053125002,32,piecewise,E9,E9-ad2616b4ef85,-80.05058689,-80.05058689,-89.93404155,primer_max_itl_ms,5,,-3.621292999249154,fcfs,mixed,-99.00991430010907,-98.70170167935342,-99.12628322181465,2000,workload_seed,22.10552609429777
fixed_concurrency,32.0,mono,32.0,0.0,0.0,32,piecewise,E9,E9-ad2616b4ef85,0.0,0.0,0.0,backlog_at_arrival_end,5,,,fcfs,mixed,0.0,0.0,0.0,2000,workload_seed,0.0
fixed_concurrency,0.9999999999999997,mono,0.9999999999999982,-3.9968028886505636e-16,-2.4868995751603505e-15,32,piecewise,E9,E9-ad2616b4ef85,-1.4654943925052066e-15,-1.4654943925052066e-15,-1.5543122344752192e-15,server_busy_fraction,5,,-1.0380515499762828,fcfs,mixed,-1.4432899320127035e-13,-3.3306690738754696e-14,-2.4424906541753444e-13,2000,workload_seed,1.4117741961260882e-15
fixed_concurrency,0.846506548264291,mono,0.03125,-0.8066314381124136,-0.8252264449839266,32,piecewise,E9,E9-ad2616b4ef85,-0.815256548264291,-0.815256548264291,-0.8127840692484154,batch_slot_occupancy,5,,-66.0325618286691,fcfs,mixed,-96.30835696852243,-96.27035537743858,-96.35132989552486,2000,workload_seed,0.012346280769472345
fixed_concurrency,8.564799999999924,mono,9.81359999999987,2.061999999999884,0.5706000000000528,4,analytical,E9,E9-cf3982344c7f,1.248799999999946,1.248799999999946,0.8010000000002719,ttft_p50_ms,5,,1.331560796643527,chunk_512,mixed,14.580609004296164,23.57002423300123,7.506116972296795,2000,workload_seed,0.937846775864687
fixed_concurrency,142.06629999999998,mono,154.47501999999773,17.69484999999819,8.738189999998383,4,analytical,E9,E9-cf3982344c7f,12.408719999997743,12.408719999997743,11.72274999999604,ttft_p95_ms,5,,2.0633543658870472,chunk_512,mixed,8.734457080952861,13.029290417133875,5.96128520687349,2000,workload_seed,6.013857922394812
fixed_concurrency,148.58613200000022,mono,162.74418200000156,19.893545999999276,10.775604000002431,4,analytical,E9,E9-cf3982344c7f,14.158050000001321,14.158050000001321,11.80500000000211,ttft_p99_ms,5,,2.2599125314383275,chunk_512,mixed,9.52851373774324,13.419551682035035,7.218751951970015,2000,workload_seed,6.264866362323497
fixed_concurrency,3.19939880468642,mono,3.091253888045098,-0.03835009062483534,-0.22545760455251546,4,analytical,E9,E9-cf3982344c7f,-0.10814491664132193,-0.10814491664132193,-0.06090031746039726,tpot_p95_ms,5,,-0.8311369013678986,chunk_512,mixed,-3.3801636883439956,-1.2653527768950457,-7.11668974773837,2000,workload_seed,0.1301168513434252
fixed_concurrency,5.3206285395381645,mono,4.811015601979891,0.04415833799164855,-1.1627645469986816,4,analytical,E9,E9-cf3982344c7f,-0.5096129375582725,-0.5096129375582725,-0.34730032258073873,tpot_p99_ms,5,,-0.6581805657327474,chunk_512,mixed,-9.578058941181189,1.0363938692072638,-16.717449870497248,2000,workload_seed,0.7742752735200018
fixed_concurrency,759.0159000000142,mono,754.8072200000545,8.475490000034688,-23.816559999948254,4,analytical,E9,E9-cf3982344c7f,-4.208679999959668,-4.208679999959668,1.7774500000639364,e2e_p95_ms,5,,-0.19045414404157388,chunk_512,mixed,-0.5544916779687492,1.2234166886559983,-2.8532734552886074,2000,workload_seed,22.098127720659956
fixed_concurrency,1.0280000000002474,mono,9.44479999999985,8.974999999999454,7.394399999999768,4,analytical,E9,E9-cf3982344c7f,8.416799999999602,8.416799999999602,8.974999999999454,itl_p95_ms,5,,7.505414340524251,chunk_512,mixed,818.7548638129938,873.054474707908,719.299610894746,2000,workload_seed,1.1214304258399799
fixed_concurrency,10.656796000000003,mono,10.003000000000156,0.5731200000004695,-2.334423600000069,4,analytical,E9,E9-cf3982344c7f,-0.6537959999998467,-0.6537959999998467,0.19512000000010765,itl_p99_ms,5,,-0.34610647606106365,chunk_512,mixed,-6.1350146892166,6.077701943190017,-18.921479800143455,2000,workload_seed,1.8890025042019072
fixed_concurrency,16.93213159324218,mono,16.918917055362133,-0.011779626604748471,-0.014707817982221627,4,analytical,E9,E9-cf3982344c7f,-0.01321453788004696,-0.01321453788004696,-0.013529512185410653,request_throughput_rps,5,,-6.937918775584378,chunk_512,mixed,-0.07804414823541217,-0.06701114047035217,-0.09176837033322283,2000,workload_seed,0.0019046832785865105
fixed_concurrency,2146.531958647359,mono,2144.8517171545986,-1.4733691533388993,-1.8871138321817853,4,analytical,E9,E9-cf3982344c7f,-1.6802414927603422,-1.6802414927603422,-1.5520887260199743,output_token_throughput_tps,5,,-6.164900747356859,chunk_512,mixed,-0.0782770312825476,-0.06691557520795977,-0.09205357311766749,2000,workload_seed,0.27254964217886707
fixed_concurrency,16.72450598243751,mono,16.708181750679973,-0.010777913797961248,-0.021870549717110065,4,analytical,E9,E9-cf3982344c7f,-0.016324231757535657,-0.016324231757535657,-0.014224568593505182,observed_request_throughput_rps,5,,-2.275743979390754,chunk_512,mixed,-0.0976066603980974,-0.0673366284531185,-0.1270739675984789,2000,workload_seed,0.007173140698324889
fixed_concurrency,4.649842222001114,mono,1.383633803556577,-3.109170433702165,-3.4297039435876684,4,analytical,E9,E9-cf3982344c7f,-3.266208418444537,-3.266208418444537,-3.1975934741115624,iteration_cv,5,,-15.558583482223526,chunk_512,mixed,-70.24342466912536,-69.15965144928879,-71.25355429809407,2000,workload_seed,0.20992967786407718
fixed_concurrency,88.08239999999996,mono,122.20640000000014,75.82980000000026,6.339000000000079,4,analytical,E9,E9-cf3982344c7f,34.12400000000018,34.12400000000018,21.131000000000313,max_wait_ms,5,,0.7185947897942102,chunk_512,mixed,38.74099706638352,166.54104128506924,4.8618525199720874,2000,workload_seed,47.48712415486973
fixed_concurrency,0.0,mono,0.0,0.0,0.0,4,analytical,E9,E9-cf3982344c7f,0.0,0.0,0.0,starvation_proxy_count,5,,,chunk_512,mixed,,,,2000,workload_seed,0.0
fixed_concurrency,0.9998702654178366,mono,0.9997014904789276,-0.00010997837967325896,-0.00023082070334172754,4,analytical,E9,E9-cf3982344c7f,-0.00016877493890896656,-0.00016877493890896656,-0.0001607199479238819,waiting_satisfaction_jain,5,,-2.2885072978737697,chunk_512,mixed,-0.01687968376962168,-0.010998275645468514,-0.02308855786800068,2000,workload_seed,7.374891881086582e-05
fixed_concurrency,5.6939000000000775,mono,21.708809999999804,26.149779999999804,5.525699999999924,4,analytical,E9,E9-cf3982344c7f,16.014909999999723,16.014909999999723,16.64779999999969,short_prompt_ttft_p95_ms,5,,1.2424840618768052,chunk_512,mixed,281.26433551694817,454.8167499199855,103.19037285755198,2000,workload_seed,12.889428920165605
fixed_concurrency,148.24300000000022,mono,163.0027200000011,20.669159999998897,11.805000000001462,4,analytical,E9,E9-cf3982344c7f,14.759720000000868,14.759720000000868,11.80500000000211,long_prompt_ttft_p95_ms,5,,2.2339671609409097,chunk_512,mixed,9.956436391600842,13.942756150373947,7.963276512214046,2000,workload_seed,6.606954774475879
fixed_concurrency,67.7046,mono,10.002999999999995,-18.8856,-100.27159999999999,4,analytical,E9,E9-cf3982344c7f,-57.7016,-57.7016,-37.331999999999994,primer_max_itl_ms,5,,-1.0680636525774465,chunk_512,mixed,-85.22552381965185,-65.37388450807585,-90.92900813061213,2000,workload_seed,54.02449550713083
fixed_concurrency,4.0,mono,4.0,0.0,0.0,4,analytical,E9,E9-cf3982344c7f,0.0,0.0,0.0,backlog_at_arrival_end,5,,,chunk_512,mixed,0.0,0.0,0.0,2000,workload_seed,0.0
fixed_concurrency,0.9999999999999598,mono,0.9999999999999654,6.328271240363392e-15,4.618527782440651e-15,4,analytical,E9,E9-cf3982344c7f,5.4622972811557705e-15,5.4622972811557705e-15,4.773959005888173e-15,server_busy_fraction,5,,4.740861315912236,chunk_512,mixed,5.551115123125783e-13,6.439293542825908e-13,4.662936703425657e-13,2000,workload_seed,1.1521740285509103e-15
fixed_concurrency,0.1232981357013544,mono,0.12190286941993211,-0.0010717283359605368,-0.0017353560102592951,4,analytical,E9,E9-cf3982344c7f,-0.0013952662814222638,-0.0013952662814222638,-0.0014522826063102373,batch_slot_occupancy,5,,-3.154048054149934,chunk_512,mixed,-1.1316199336556143,-0.8658673824108565,-1.4141383660804085,2000,workload_seed,0.0004423731843864726
fixed_concurrency,8.564799999999924,mono,216.63789999999804,220.55862249999092,196.47090000000188,4,analytical,E9,E9-cf3982344c7f,208.0730999999981,208.0730999999981,207.20399999998256,ttft_p50_ms,5,,14.277167375545645,fcfs,mixed,2429.398234634784,2711.7780566608426,2168.105341595367,2000,workload_seed,14.573836288870009
fixed_concurrency,142.06629999999998,mono,451.0919100001207,332.4187600000852,286.01283000016866,4,analytical,E9,E9-cf3982344c7f,309.02561000012076,309.02561000012076,295.9258000002484,ttft_p95_ms,5,,10.233996984734114,fcfs,mixed,217.52210763574524,239.2483993789719,196.977176465843,2000,workload_seed,30.19598407749086
fixed_concurrency,148.58613200000022,mono,551.2951960001128,426.63218999998406,373.3476900001417,4,analytical,E9,E9-cf3982344c7f,402.70906400011256,402.70906400011256,410.0064700002457,ttft_p99_ms,5,,11.481884029399524,fcfs,mixed,271.02735536591797,287.7924691216337,251.26684770294787,2000,workload_seed,35.07343071650701
fixed_concurrency,3.19939880468642,mono,0.32300000000032014,-2.594141737085189,-3.2115414526143375,4,analytical,E9,E9-cf3982344c7f,-2.8763988046861,-2.8763988046861,-2.7425101773645593,tpot_p95_ms,5,,-7.41582939027383,fcfs,mixed,-89.90435329515046,-88.92751778585067,-90.86161516760872,2000,workload_seed,0.38787283974717884
fixed_concurrency,5.3206285395381645,mono,0.32300000000032014,-3.7315215317598893,-6.711841702986793,4,analytical,E9,E9-cf3982344c7f,-4.997628539537844,-4.997628539537844,-4.630281059907693,tpot_p99_ms,5,,-2.659974626973473,fcfs,mixed,-93.92928866204299,-92.0335852832407,-95.4085676176172,2000,workload_seed,1.878825643244635
fixed_concurrency,759.0159000000142,mono,501.39023000011167,-191.64976999978435,-337.05119000005743,4,analytical,E9,E9-cf3982344c7f,-257.6256699999025,-257.6256699999025,-232.94324999992853,e2e_p95_ms,5,,-2.752125705865552,fcfs,mixed,-33.94206498176094,-27.65502995238157,-39.29829351267449,2000,workload_seed,93.60970302004372
fixed_concurrency,1.0280000000002474,mono,0.32300000000032014,-0.7049999999999272,-0.7049999999999272,4,analytical,E9,E9-cf3982344c7f,-0.7049999999999272,-0.7049999999999272,-0.7049999999999272,itl_p95_ms,5,,,fcfs,mixed,-68.5797665369414,-68.5797665369414,-68.5797665369414,2000,workload_seed,0.0
fixed_concurrency,10.656796000000003,mono,0.32300000000032014,-9.106879999999368,-12.014423599999907,4,analytical,E9,E9-cf3982344c7f,-10.333795999999683,-10.333795999999683,-9.484879999999729,itl_p99_ms,5,,-5.470504129567395,fcfs,mixed,-96.96907025338272,-96.57471781188805,-97.38194921277825,2000,workload_seed,1.8890025042019072
fixed_concurrency,16.93213159324218,mono,14.84506977497052,-1.8799975311694115,-2.253914830132556,4,analytical,E9,E9-cf3982344c7f,-2.087061818271658,-2.087061818271658,-2.0910010029200166,request_throughput_rps,5,,-8.433933175267079,fcfs,mixed,-12.326042983888874,-11.760089153434116,-12.793656483691873,2000,workload_seed,0.2474600847433874
fixed_concurrency,2146.531958647359,mono,1881.7195869011953,-237.32785127566845,-288.6816470689342,4,analytical,E9,E9-cf3982344c7f,-264.8123717461635,-264.8123717461635,-271.0258056629616,output_token_throughput_tps,5,,-8.440394183978993,fcfs,mixed,-12.336754208543699,-11.740673265919988,-12.810894547741125,2000,workload_seed,31.374408111035034
fixed_concurrency,16.72450598243751,mono,14.741241400024913,-1.7505640250143444,-2.210141993691036,4,analytical,E9,E9-cf3982344c7f,-1.9832645824125958,-1.9832645824125958,-2.0652018883771603,observed_request_throughput_rps,5,,-6.56795133295801,fcfs,mixed,-11.858434470322965,-10.89234688836167,-12.965110136852196,2000,workload_seed,0.30196091320904966
fixed_concurrency,4.649842222001114,mono,8.044781034294889,3.602346665571967,3.203640835755066,4,analytical,E9,E9-cf3982344c7f,3.394938812293776,3.394938812293776,3.2984824318201946,iteration_cv,5,,13.3525751241952,fcfs,mixed,73.01191417270765,75.42396166799999,70.8706270115018,2000,workload_seed,0.2542534889874585
fixed_concurrency,88.08239999999996,mono,598.5894000001083,610.9099999999263,442.86320000025927,4,analytical,E9,E9-cf3982344c7f,510.5070000001084,510.5070000001084,447.57400000025154,max_wait_ms,5,,4.671894560731389,fcfs,mixed,579.5788943081802,1303.9703770079564,354.59710910847247,2000,workload_seed,109.27194382575878
fixed_concurrency,0.0,mono,0.0,0.0,0.0,4,analytical,E9,E9-cf3982344c7f,0.0,0.0,0.0,starvation_proxy_count,5,,,fcfs,mixed,,,,2000,workload_seed,0.0
fixed_concurrency,0.9998702654178366,mono,0.9921471180716921,-0.006695312048418977,-0.008750982643870064,4,analytical,E9,E9-cf3982344c7f,-0.007723147346144521,-0.007723147346144521,-0.008232893877295866,waiting_satisfaction_jain,5,,-5.705778905043773,fcfs,mixed,-0.7724149435444083,-0.6696515294090211,-0.875168091252343,2000,workload_seed,0.0013535658276764707
fixed_concurrency,5.6939000000000775,mono,358.989040000116,378.0152800000201,324.38182000013717,4,analytical,E9,E9-cf3982344c7f,353.29514000011596,353.29514000011596,360.30100000024277,short_prompt_ttft_p95_ms,5,,10.913038518054961,fcfs,mixed,6204.800576057029,7023.400565141355,5419.740825762026,2000,workload_seed,32.37367296153226
fixed_concurrency,148.24300000000022,mono,477.82149000001726,349.73826999997834,307.4841999999834,4,analytical,E9,E9-cf3982344c7f,329.57849000001704,329.57849000001704,327.9634000001266,long_prompt_ttft_p95_ms,5,,11.95583218254092,fcfs,mixed,222.32313836067576,235.92228300828876,207.41903496285374,2000,workload_seed,27.566336242265084
fixed_concurrency,67.7046,mono,0.32300000000000184,-28.5656,-109.95159999999996,4,analytical,E9,E9-cf3982344c7f,-67.38159999999999,-67.38159999999999,-47.01199999999999,primer_max_itl_ms,5,,-1.2472416330311893,fcfs,mixed,-99.52292754111241,-98.88191189604204,-99.70709483416852,2000,workload_seed,54.02449550713082
fixed_concurrency,4.0,mono,4.0,0.0,0.0,4,analytical,E9,E9-cf3982344c7f,0.0,0.0,0.0,backlog_at_arrival_end,5,,,fcfs,mixed,0.0,0.0,0.0,2000,workload_seed,0.0
fixed_concurrency,0.9999999999999598,mono,0.9999999999997209,-2.1112001036271976e-13,-2.6698643296185767e-13,4,analytical,E9,E9-cf3982344c7f,-2.390532216622887e-13,-2.390532216622887e-13,-2.5357493882438575e-13,server_busy_fraction,5,,-6.625930253464204,fcfs,mixed,-2.389199948993337e-11,-2.1105339698124226e-11,-2.6711965972481266e-11,2000,workload_seed,3.607843918026539e-14
fixed_concurrency,0.1232981357013544,mono,0.03125,-0.09150009467572197,-0.0925251135718385,4,analytical,E9,E9-cf3982344c7f,-0.09204813570135438,-0.09204813570135438,-0.09211933779954135,batch_slot_occupancy,5,,-132.31551173793224,fcfs,mixed,-74.65492902853622,-74.54177110893382,-74.75259840350488,2000,workload_seed,0.0006956715391288926
fixed_concurrency,16.33300000000012,mono,46.80100000000051,46.8508200000007,17.291700000000155,16,analytical,E9,E9-d0634cf633f1,30.468000000000398,30.468000000000398,27.146500000000515,ttft_p50_ms,5,,1.5174904190710192,chunk_512,mixed,186.54258250168473,255.95628975990365,119.0606526522302,2000,workload_seed,20.077886237102156
fixed_concurrency,227.3417599999997,mono,312.87645999999984,117.09246999999993,52.74999000000042,16,analytical,E9,E9-d0634cf633f1,85.53470000000016,85.53470000000016,97.75295000000023,ttft_p95_ms,5,,2.038926835981247,chunk_512,mixed,37.62383998434791,64.39044452425473,18.43735143251135,2000,workload_seed,41.950843203667986
fixed_concurrency,353.5432320000001,mono,470.91279200000025,169.46439200000046,65.27472799999995,16,analytical,E9,E9-d0634cf633f1,117.3695600000002,117.3695600000002,96.7673599999996,ttft_p99_ms,5,,1.7390737131726224,chunk_512,mixed,33.19807858745833,79.15609402803274,14.537360572648538,2000,workload_seed,67.48969817149434
fixed_concurrency,13.148480788221045,mono,10.352766521112683,-1.740066716181009,-3.957602483082247,16,analytical,E9,E9-d0634cf633f1,-2.795714267108363,-2.795714267108363,-2.5141904251917957,tpot_p95_ms,5,,-1.8755482360065785,chunk_512,mixed,-21.262641001178473,-14.196998865381493,-27.458151248495955,2000,workload_seed,1.4906117653689377
fixed_concurrency,20.753149232451072,mono,11.843579592405465,-5.122551008760387,-12.944698084415592,16,analytical,E9,E9-d0634cf633f1,-8.909569640045607,-8.909569640045607,-8.742194999999974,tpot_p99_ms,5,,-1.7800455445958971,chunk_512,mixed,-42.931169338453856,-30.160565226677193,-52.45680817146432,2000,workload_seed,5.005248133731456
fixed_concurrency,2843.9827099999743,mono,2730.5023799999917,-68.73144999997848,-171.80691999998513,16,analytical,E9,E9-d0634cf633f1,-113.48032999998281,-113.48032999998281,-85.49004999998806,e2e_p95_ms,5,,-1.712509484887232,chunk_512,mixed,-3.9901905732747434,-2.303668860321584,-6.667949929295491,2000,workload_seed,66.26551911182871
fixed_concurrency,13.075200000000038,mono,13.291000000000167,1.4576000000000988,-1.2959999999997307,16,analytical,E9,E9-d0634cf633f1,0.21580000000012944,0.21580000000012944,1.2420000000001892,itl_p95_ms,5,,0.12161436820170056,chunk_512,mixed,1.6504527655418544,12.317677083510148,-8.88462329471269,2000,workload_seed,1.7744613830679907
fixed_concurrency,103.41865600000047,mono,13.291000000000167,-73.73491200000069,-106.52039999999988,16,analytical,E9,E9-d0634cf633f1,-90.12765600000029,-90.12765600000029,-83.42999999999984,itl_p99_ms,5,,-4.281026920192652,chunk_512,mixed,-87.14835358138853,-84.72753724201128,-88.90673174672847,2000,workload_seed,21.05281225280042
fixed_concurrency,16.41444113971925,mono,16.46213522433136,0.053709233454647176,0.039819552213106846,16,analytical,E9,E9-d0634cf633f1,0.04769408461210674,0.04769408461210674,0.05282348060531916,request_throughput_rps,5,,5.441703133334286,chunk_512,mixed,0.29056173284327524,0.3307498241807316,0.24700170793510168,2000,workload_seed,0.008764550995063786
fixed_concurrency,2080.7849633363444,mono,2086.800977701829,6.56571270132863,5.24839341717643,16,analytical,E9,E9-d0634cf633f1,6.016014365484534,6.016014365484534,6.264222429692381,output_token_throughput_tps,5,,6.9882628965199896,chunk_512,mixed,0.28912234908882173,0.3300449024414842,0.24621072238766306,2000,workload_seed,0.8608740762286412
fixed_concurrency,15.464948447094912,mono,15.52105148542602,0.12580552195739872,-0.01356737574336293,16,analytical,E9,E9-d0634cf633f1,0.05610303833110777,0.05610303833110777,0.0341287055107955,observed_request_throughput_rps,5,,0.6315684044847015,chunk_512,mixed,0.36277546299643415,0.8407437733035206,-0.08495478914748444,2000,workload_seed,0.08883129354275156
fixed_concurrency,2.474662620014064,mono,0.747701901798397,-1.629118219072917,-1.8378790183269538,16,analytical,E9,E9-d0634cf633f1,-1.726960718215667,-1.726960718215667,-1.6714641387841378,iteration_cv,5,,-12.54816927980687,chunk_512,mixed,-69.78570348332381,-67.90775154556464,-71.29230959772987,2000,workload_seed,0.13762650787591596
fixed_concurrency,358.5723999999999,mono,474.5785999999995,165.30239999999867,67.79479999999997,16,analytical,E9,E9-d0634cf633f1,116.0061999999995,116.0061999999995,96.45199999999966,max_wait_ms,5,,1.8466598592220365,chunk_512,mixed,32.35223904572677,76.45628059284806,14.709358463426403,2000,workload_seed,62.81947345131049
fixed_concurrency,0.0,mono,0.0,0.0,0.0,16,analytical,E9,E9-d0634cf633f1,0.0,0.0,0.0,starvation_proxy_count,5,,,chunk_512,mixed,,,,2000,workload_seed,0.0
fixed_concurrency,0.996853797145828,mono,0.9938318954967326,-0.0021393883080447207,-0.004157949727074816,16,analytical,E9,E9-d0634cf633f1,-0.0030219016490955486,-0.0030219016490955486,-0.0027974397020968933,waiting_satisfaction_jain,5,,-2.312820469947889,chunk_512,mixed,-0.3031439171669592,-0.21459895697429898,-0.41752010232893877,2000,workload_seed,0.0013065872117448167
fixed_concurrency,169.06156999999988,mono,243.9107100000004,130.0191399999997,35.31316000000021,16,analytical,E9,E9-d0634cf633f1,74.84914000000053,74.84914000000053,44.20300000000054,short_prompt_ttft_p95_ms,5,,1.1790346078388074,chunk_512,mixed,44.27330232411813,109.93630553659068,15.06592969631939,2000,workload_seed,63.4834121936424
fixed_concurrency,250.5211299999998,mono,378.9256100000002,180.07787700000088,81.16976000000032,16,analytical,E9,E9-d0634cf633f1,128.40448000000035,128.40448000000035,127.3472000000005,long_prompt_ttft_p95_ms,5,,2.114666104662653,chunk_512,mixed,51.2549500315604,106.95178431210644,24.467512647415173,2000,workload_seed,60.72092408200035
fixed_concurrency,131.0344,mono,12.931000000000017,-78.64320000000001,-138.7168,16,analytical,E9,E9-d0634cf633f1,-118.1034,-118.1034,-138.23999999999995,primer_max_itl_ms,5,,-2.66657082741769,chunk_512,mixed,-90.13159903048359,-85.88371224448342,-91.67284679807392,2000,workload_seed,44.29036678330853
fixed_concurrency,16.0,mono,16.0,0.0,0.0,16,analytical,E9,E9-d0634cf633f1,0.0,0.0,0.0,backlog_at_arrival_end,5,,,chunk_512,mixed,0.0,0.0,0.0,2000,workload_seed,0.0
fixed_concurrency,0.9999999999999984,mono,0.9999999999999961,-4.440892098500626e-16,-4.175548795615214e-15,16,analytical,E9,E9-d0634cf633f1,-2.220446049250313e-15,-2.220446049250313e-15,-1.9984014443252818e-15,server_busy_fraction,5,,-0.9133467545550861,chunk_512,mixed,-2.3314683517128287e-13,-3.3306690738754696e-14,-4.3298697960381105e-13,2000,workload_seed,2.4311095848059894e-15
fixed_concurrency,0.4734274317830233,mono,0.45669334363446146,-0.012360567732681293,-0.02110721541351307,16,analytical,E9,E9-d0634cf633f1,-0.01673408814856191,-0.01673408814856191,-0.017423250036118387,batch_slot_occupancy,5,,-3.051002338574248,chunk_512,mixed,-3.534668045224565,-2.612439022815538,-4.455217208252615,2000,workload_seed,0.005484783783017961
fixed_concurrency,16.33300000000012,mono,1008.1634000003111,1066.6924000004826,926.1331000001262,16,analytical,E9,E9-d0634cf633f1,991.8304000003111,991.8304000003111,975.5500000002121,ttft_p50_ms,5,,10.496981908989737,fcfs,mixed,6072.554950102883,6926.403362074034,5459.424636704053,2000,workload_seed,94.48719723436848
fixed_concurrency,227.3417599999997,mono,1447.606120000279,1305.670660000012,1129.9875850004944,16,analytical,E9,E9-d0634cf633f1,1220.264360000279,1220.264360000279,1263.1589000007232,ttft_p95_ms,5,,10.791051987544018,fcfs,mixed,536.7532828109894,825.1749411014094,374.2364236211061,2000,workload_seed,113.08113068205172
fixed_concurrency,353.5432320000001,mono,1571.5830640004492,1350.9369940001359,1084.1399120005503,16,analytical,E9,E9-d0634cf633f1,1218.039832000449,1218.039832000449,1200.1375000007258,ttft_p99_ms,5,,7.214009566527032,fcfs,mixed,344.52358912656223,643.7467388817494,216.5589107248183,2000,workload_seed,168.84366741792908
fixed_concurrency,13.148480788221045,mono,0.32300000000032014,-11.579234872994281,-14.121821823955317,16,analytical,E9,E9-d0634cf633f1,-12.825480788220725,-12.825480788220725,-12.28792784090872,tpot_p95_ms,5,,-7.5496741866059,fcfs,mixed,-97.54344243108545,-97.28622394494006,-97.76389864476553,2000,workload_seed,1.6988124879580617
fixed_concurrency,20.753149232451072,mono,0.32300000000032014,-16.661267271719982,-24.35386947727242,16,analytical,E9,E9-d0634cf633f1,-20.430149232450752,-20.430149232450752,-20.072366874999666,tpot_p99_ms,5,,-4.150214428312446,fcfs,mixed,-98.44360970770039,-98.098240007456,-98.69108194498575,2000,workload_seed,4.9226731739636955
fixed_concurrency,2843.9827099999743,mono,1491.0464400004685,-1062.34992999957,-1620.4580999994039,16,analytical,E9,E9-d0634cf633f1,-1352.9362699995058,-1352.9362699995058,-1412.9616000001668,e2e_p95_ms,5,,-3.751229465352217,fcfs,mixed,-47.5718880161377,-42.455730134184655,-52.25512323413339,2000,workload_seed,360.6647587133072
fixed_concurrency,13.075200000000038,mono,0.32300000000032014,-11.510399999999748,-14.263999999999578,16,analytical,E9,E9-d0634cf633f1,-12.752199999999718,-12.752199999999718,-11.725999999999658,itl_p95_ms,5,,-7.186518749679153,fcfs,mixed,-97.5296744982844,-97.27043791302316,-97.78569959552806,2000,workload_seed,1.7744613830679907
fixed_concurrency,103.41865600000047,mono,0.32300000000032014,-86.70291200000054,-119.48839999999973,16,analytical,E9,E9-d0634cf633f1,-103.09565600000015,-103.09565600000015,-96.39799999999968,itl_p99_ms,5,,-4.897001633892712,fcfs,mixed,-99.6876772407482,-99.6288461762971,-99.73040962713038,2000,workload_seed,21.05281225280042
fixed_concurrency,16.41444113971925,mono,14.84506977497052,-1.408799721181938,-1.7015115535885919,16,analytical,E9,E9-d0634cf633f1,-1.5693713647487304,-1.5693713647487304,-1.6064322934735706,request_throughput_rps,5,,-8.261496877815404,fcfs,mixed,-9.560918653216932,-9.112485829936634,-9.945628222157818,2000,workload_seed,0.18996210831513635
fixed_concurrency,2080.7849633363444,mono,1881.7195869011953,-178.2473071126098,-217.48465260289467,16,analytical,E9,E9-d0634cf633f1,-199.06537643514903,-199.06537643514903,-202.7036084298286,output_token_throughput_tps,5,,-8.479815539407602,fcfs,mixed,-9.566840396422627,-9.095543147120999,-9.955713819123885,2000,workload_seed,23.475201259985862
fixed_concurrency,15.464948447094912,mono,14.865927674658508,-0.5257174577680409,-0.6927570720535137,16,analytical,E9,E9-d0634cf633f1,-0.5990207724364037,-0.5990207724364037,-0.5670682739939252,observed_request_throughput_rps,5,,-5.71171699677399,fcfs,mixed,-3.8734094360911353,-3.276379405624985,-4.500387030364605,2000,workload_seed,0.10487577952036736
fixed_concurrency,2.474662620014064,mono,8.044781034294889,5.849325859616214,5.321521229380193,16,analytical,E9,E9-d0634cf633f1,5.5701184142808255,5.5701184142808255,5.468307574792612,iteration_cv,5,,16.376654733280215,fcfs,mixed,225.08597209300268,235.20615090080912,214.79670057742473,2000,workload_seed,0.34012553265602985
fixed_concurrency,358.5723999999999,mono,1593.6874000004045,1369.862400000577,1091.859200000436,16,analytical,E9,E9-d0634cf633f1,1235.1150000004047,1235.1150000004047,1225.9780000007315,max_wait_ms,5,,6.845738907970719,fcfs,mixed,344.45344928957303,652.0057196123961,216.0479184546908,2000,workload_seed,180.42099130633213
fixed_concurrency,0.0,mono,59.8,74.8,45.0,16,analytical,E9,E9-d0634cf633f1,59.8,59.8,59.0,starvation_proxy_count,5,,3.0100077985029188,fcfs,mixed,,,,2000,workload_seed,19.867058161690675
fixed_concurrency,0.996853797145828,mono,0.9629775267340929,-0.027907036691377285,-0.038223666375676334,16,analytical,E9,E9-d0634cf633f1,-0.03387627041173515,-0.03387627041173515,-0.03495695148697242,waiting_satisfaction_jain,5,,-4.938232108099771,fcfs,mixed,-3.39831884161238,-2.8053046673730986,-3.830030200417789,2000,workload_seed,0.006859999625406575
fixed_concurrency,169.06156999999988,mono,1408.3509500004511,1371.0998600003154,1107.4789000005871,16,analytical,E9,E9-d0634cf633f1,1239.2893800004513,1239.2893800004513,1249.7119000006796,short_prompt_ttft_p95_ms,5,,7.185304127029228,fcfs,mixed,733.0402645618707,1511.8372425078626,415.5824980684753,2000,workload_seed,172.47556374664364
fixed_concurrency,250.5211299999998,mono,1460.8574600002469,1295.4577700001203,1125.094991750381,16,analytical,E9,E9-d0634cf633f1,1210.336330000247,1210.336330000247,1246.4144499997574,long_prompt_ttft_p95_ms,5,,10.647323480944541,fcfs,mixed,483.12744318223696,825.3769043703882,329.0834072450064,2000,workload_seed,113.67517218448181
fixed_concurrency,131.0344,mono,0.32300000000000184,-91.2464,-151.20800000000003,16,analytical,E9,E9-d0634cf633f1,-130.7114,-130.7114,-151.208,primer_max_itl_ms,5,,-2.94251446984189,fcfs,mixed,-99.75349984431568,-99.64726207663259,-99.7868422962958,2000,workload_seed,44.42166770619942
fixed_concurrency,16.0,mono,16.0,0.0,0.0,16,analytical,E9,E9-d0634cf633f1,0.0,0.0,0.0,backlog_at_arrival_end,5,,,fcfs,mixed,0.0,0.0,0.0,2000,workload_seed,0.0
fixed_concurrency,0.9999999999999984,mono,0.9999999999997209,-2.360334150353083e-13,-3.162803352552146e-13,16,analytical,E9,E9-d0634cf633f1,-2.7753355169579665e-13,-2.7753355169579665e-13,-3.020916850005051e-13,server_busy_fraction,5,,-5.4502802131152075,fcfs,mixed,-2.7755575615628914e-11,-2.3592239273284576e-11,-3.161915174132446e-11,2000,workload_seed,5.092096935272384e-14
fixed_concurrency,0.4734274317830233,mono,0.03125,-0.43879645240786996,-0.4455584111581767,16,analytical,E9,E9-d0634cf633f1,-0.4421774317830233,-0.4421774317830233,-0.43946959597984236,batch_slot_occupancy,5,,-94.4255908426983,fcfs,mixed,-93.3991995600453,-93.35172091185497,-93.4460048798021,2000,workload_seed,0.004682813502534899
fixed_concurrency,39.59099999999999,mono,325.754200000001,423.89499250000046,198.294100000001,32,analytical,E9,E9-dbdb4d478526,286.163200000001,286.163200000001,226.78950000000043,ttft_p50_ms,5,,1.8683992933315177,chunk_512,mixed,722.7986158470387,934.372499907355,546.0284090333471,2000,workload_seed,153.15955268306018
fixed_concurrency,684.0123599999997,mono,895.5708699999999,311.1076200000003,159.08669000000023,32,analytical,E9,E9-dbdb4d478526,211.5585100000002,211.5585100000002,161.75080000000037,ttft_p95_ms,5,,1.9057837187454658,chunk_512,mixed,30.929047831825773,50.44022860120616,20.125660003313595,2000,workload_seed,111.00866689073426
fixed_concurrency,834.7779299999999,mono,1055.2436479999985,283.178066,183.7280219999975,32,analytical,E9,E9-dbdb4d478526,220.46571799999865,220.46571799999865,191.1016300000001,ttft_p99_ms,5,,3.1523774237289754,chunk_512,mixed,26.410103822461938,35.856777648869695,20.1326879157387,2000,workload_seed,69.9363332386792
fixed_concurrency,25.893495342231915,mono,16.818946264799866,-7.439179063401357,-10.919858508707659,32,analytical,E9,E9-dbdb4d478526,-9.07454907743205,-9.07454907743205,-8.199289756320209,tpot_p95_ms,5,,-4.014157528068805,chunk_512,mixed,-35.04567057283916,-30.526270876721483,-39.52733062018907,2000,workload_seed,2.26063601489944
fixed_concurrency,34.71465358772067,mono,17.755524319263014,-12.997402982792115,-20.98970993218246,32,analytical,E9,E9-dbdb4d478526,-16.959129268457655,-16.959129268457655,-16.20169398488999,tpot_p99_ms,5,,-3.2455268518742346,chunk_512,mixed,-48.85294109475564,-42.29259596517271,-54.07035188251591,2000,workload_seed,5.225385597615394
fixed_concurrency,5208.512590000051,mono,5039.61464000002,10.7832099999634,-348.5791100000262,32,analytical,E9,E9-dbdb4d478526,-168.89795000003141,-168.89795000003141,-105.1925500000225,e2e_p95_ms,5,,-0.729833312603162,chunk_512,mixed,-3.2427290340874437,0.21983702012891015,-6.324081835468398,2000,workload_seed,231.41989695922203
fixed_concurrency,45.24359999999997,mono,18.777199999999947,-19.317600000000265,-34.79959999999996,32,analytical,E9,E9-dbdb4d478526,-26.46640000000002,-26.46640000000002,-26.38799999999992,itl_p95_ms,5,,-2.7153015222832213,chunk_512,mixed,-58.49755545535731,-50.495608531995494,-65.05060172498231,2000,workload_seed,9.747131131773964
fixed_concurrency,150.36479999999995,mono,19.01900000000014,-122.81459999999977,-137.6155999999998,32,analytical,E9,E9-dbdb4d478526,-131.3457999999998,-131.3457999999998,-135.11799999999994,itl_p99_ms,5,,-13.701663554612436,chunk_512,mixed,-87.35142799378568,-86.59062450646375,-87.85772747528314,2000,workload_seed,9.586120654362764
fixed_concurrency,15.303779916993998,mono,15.582525851160653,0.3332109145189047,0.22398682401424566,32,analytical,E9,E9-dbdb4d478526,0.27874593416665794,0.27874593416665794,0.3211561450578255,request_throughput_rps,5,,3.8478464816602855,chunk_512,mixed,1.821418863042612,2.2154364384777026,1.4637938252484384,2000,workload_seed,0.07244206220160411
fixed_concurrency,1939.9228139992779,mono,1974.9618751438215,40.896386493944604,29.18173579514282,32,analytical,E9,E9-dbdb4d478526,35.03906114454371,35.03906114454371,37.49023951822869,output_token_throughput_tps,5,,4.547642323888091,chunk_512,mixed,1.8062090353125004,2.2214886185013105,1.44788513766001,2000,workload_seed,7.704885003925817
fixed_concurrency,13.489510084161822,mono,13.952923660025515,0.6607875613141708,0.3017322246278056,32,analytical,E9,E9-dbdb4d478526,0.4634135758636969,0.4634135758636969,0.38636643360621825,observed_request_throughput_rps,5,,2.034964696433797,chunk_512,mixed,3.4353625370560525,4.997466898048197,2.24424479731411,2000,workload_seed,0.2277256095281715
fixed_concurrency,1.932831528211619,mono,0.7497124039270552,-1.091812954737296,-1.2755857350469857,32,analytical,E9,E9-dbdb4d478526,-1.1831191242845638,-1.1831191242845638,-1.119825636175317,iteration_cv,5,,-9.83482151403432,chunk_512,mixed,-61.211704538949775,-58.91575421272064,-63.278029441608204,2000,workload_seed,0.12029899298083338
fixed_concurrency,837.8885999999999,mono,1045.9427999999987,277.0486,161.21119999999615,32,analytical,E9,E9-dbdb4d478526,208.05419999999876,208.05419999999876,190.40800000000013,max_wait_ms,5,,2.7550711145386524,chunk_512,mixed,24.830771059541657,33.28772911780285,19.473671796146004,2000,workload_seed,75.51681657220607
fixed_concurrency,0.6,mono,4.0,6.4,0.6,32,analytical,E9,E9-dbdb4d478526,3.4,3.4,3.0,starvation_proxy_count,5,,0.8991060050915066,chunk_512,mixed,566.6666666666667,800.0000000000002,300.0,2000,workload_seed,3.7815340802378072
fixed_concurrency,0.979963470447915,mono,0.9653019429890906,-0.010056354568817105,-0.019308718880219143,32,analytical,E9,E9-dbdb4d478526,-0.014661527458824297,-0.014661527458824297,-0.01398501185787826,waiting_satisfaction_jain,5,,-2.4006463368588826,chunk_512,mixed,-1.496129998817508,-1.0272864586714947,-1.977931910339381,2000,workload_seed,0.006107325028978705
fixed_concurrency,566.1716699999997,mono,876.5401499999995,447.1349499999998,188.29284974999806,32,analytical,E9,E9-dbdb4d478526,310.3684799999997,310.3684799999997,227.10665000000006,short_prompt_ttft_p95_ms,5,,1.863184629843167,chunk_512,mixed,54.818793741481265,105.17947838128438,26.444508538256486,2000,workload_seed,166.5795622337894
fixed_concurrency,629.2762499999997,mono,900.3714899999998,376.7041200000038,163.4471200000001,32,analytical,E9,E9-dbdb4d478526,271.09524,271.09524,308.0784000000002,long_prompt_ttft_p95_ms,5,,1.9497449730284222,chunk_512,mixed,43.080481743908216,66.44071713952088,24.001578419773438,2000,workload_seed,139.0413842580263
fixed_concurrency,139.9196,mono,15.146600000000001,-91.38780000000004,-143.07420000000002,32,analytical,E9,E9-dbdb4d478526,-124.773,-124.773,-140.93499999999995,primer_max_itl_ms,5,,-3.3293895119000796,chunk_512,mixed,-89.17478323265647,-86.70078524678641,-90.97997570886245,2000,workload_seed,37.476239879422266
fixed_concurrency,32.0,mono,32.0,0.0,0.0,32,analytical,E9,E9-dbdb4d478526,0.0,0.0,0.0,backlog_at_arrival_end,5,,,chunk_512,mixed,0.0,0.0,0.0,2000,workload_seed,0.0
fixed_concurrency,0.9999999999999918,mono,0.9999999999999941,3.4416913763379853e-15,1.1324274851176596e-15,32,analytical,E9,E9-dbdb4d478526,2.2870594307278226e-15,2.2870594307278226e-15,2.3314683517128287e-15,server_busy_fraction,5,,1.5384276456003225,chunk_512,mixed,2.4424906541753444e-13,3.552713678800501e-13,1.1102230246251565e-13,2000,workload_seed,1.4866213807769754e-15
fixed_concurrency,0.8859439689858968,mono,0.78546446784128,-0.07343127020181148,-0.13038655533279336,32,analytical,E9,E9-dbdb4d478526,-0.10047950114461675,-0.10047950114461675,-0.10278688059870311,batch_slot_occupancy,5,,-2.626726403586449,chunk_512,mixed,-11.341518726024113,-8.267057749110506,-14.896817332405455,2000,workload_seed,0.038252747224615864
fixed_concurrency,39.59099999999999,mono,2038.7177000004037,2102.845100000669,1878.0367000002748,32,analytical,E9,E9-dbdb4d478526,1999.1267000004038,1999.1267000004038,2030.3555000000347,ttft_p50_ms,5,,13.77366636493289,fcfs,mixed,5049.447349146029,6319.686409326063,4229.428193452205,2000,workload_seed,145.14121709017775
fixed_concurrency,684.0123599999997,mono,2548.522810000555,1943.0028600011544,1782.349470000498,32,analytical,E9,E9-dbdb4d478526,1864.5104500005552,1864.5104500005552,1858.6746499997093,ttft_p95_ms,5,,17.391535284693067,fcfs,mixed,272.58432142959464,339.54776688721006,227.48685117417546,2000,workload_seed,107.2079272749186
fixed_concurrency,834.7779299999999,mono,2626.8779660006744,1955.3369760012606,1635.0693020006518,32,analytical,E9,E9-dbdb4d478526,1792.1000360006747,1792.1000360006747,1796.9999100004093,ttft_p99_ms,5,,8.196601515342406,fcfs,mixed,214.6798533594048,279.1888865935584,177.83923444545587,2000,workload_seed,218.63939983494623
fixed_concurrency,25.893495342231915,mono,0.32300000000032014,-24.046760372775104,-27.303096519480324,32,analytical,E9,E9-dbdb4d478526,-25.57049534223159,-25.57049534223159,-24.952301851851505,tpot_p95_ms,5,,-11.898400256665964,fcfs,mixed,-98.75258247010974,-98.67458688530579,-98.83081563921796,2000,workload_seed,2.1490700254352233
fixed_concurrency,34.71465358772067,mono,0.32300000000032014,-30.409100232142613,-38.53140896363606,32,analytical,E9,E9-dbdb4d478526,-34.39165358772035,-34.39165358772035,-33.73690841346122,tpot_p99_ms,5,,-6.483043790263852,fcfs,mixed,-99.06955718516929,-98.94898169158483,-99.16869151116772,2000,workload_seed,5.30486214505743
fixed_concurrency,5208.512590000051,mono,2585.8388400008525,-2111.6340499997486,-3084.8364899991934,32,analytical,E9,E9-dbdb4d478526,-2622.6737499991987,-2622.6737499991987,-2895.538049998648,e2e_p95_ms,5,,-4.240822080611062,fcfs,mixed,-50.353602965931834,-46.02059572037209,-53.863580781659294,2000,workload_seed,618.4352232058969
fixed_concurrency,45.24359999999997,mono,0.32300000000032014,-37.93159499999982,-53.17319999999963,32,analytical,E9,E9-dbdb4d478526,-44.92059999999965,-44.92059999999965,-44.680999999999585,itl_p95_ms,5,,-4.662237479470131,fcfs,mixed,-99.28608687195467,-99.15565694260681,-99.39621879684853,2000,workload_seed,9.634987535020402
fixed_concurrency,150.36479999999995,mono,0.32300000000032014,-141.51059999999967,-156.31159999999963,32,analytical,E9,E9-dbdb4d478526,-150.04179999999963,-150.04179999999963,-153.8139999999994,itl_p99_ms,5,,-15.651983258912395,fcfs,mixed,-99.78518908680734,-99.77226834826139,-99.79378757950012,2000,workload_seed,9.58612065436272
fixed_concurrency,15.303779916993998,mono,14.84506977497052,-0.4332531349464471,-0.48388090612001167,32,analytical,E9,E9-dbdb4d478526,-0.45871014202347526,-0.45871014202347526,-0.46573428184037624,request_throughput_rps,5,,-13.917474968632206,fcfs,mixed,-2.997364994213658,-2.8879756402177437,-3.1071345057267274,2000,workload_seed,0.03295929348228293
fixed_concurrency,1939.9228139992779,mono,1881.7195869011953,-55.066304836097196,-61.38717429298881,32,analytical,E9,E9-dbdb4d478526,-58.20322709808234,-58.20322709808234,-58.04880546588652,output_token_throughput_tps,5,,-14.310707364271206,fcfs,mixed,-3.000285716424611,-2.8964163166525503,-3.1030988614024757,2000,workload_seed,4.067110424142645
fixed_concurrency,13.489510084161822,mono,15.132940702619294,2.2233948160950865,1.0514910854497241,32,analytical,E9,E9-dbdb4d478526,1.6434306184574747,1.6434306184574747,1.4183829016445308,observed_request_throughput_rps,5,,2.2112239129992384,fcfs,mixed,12.183026723758061,15.967189316868735,8.180093319117688,2000,workload_seed,0.7432221625300598
fixed_concurrency,1.932831528211619,mono,8.044781034294889,6.368079055380938,5.855819956785603,32,analytical,E9,E9-dbdb4d478526,6.1119495060832705,6.1119495060832705,6.091455955795863,iteration_cv,5,,18.72673596463999,fcfs,mixed,316.217394887926,329.11461869303815,305.81418243578423,2000,workload_seed,0.32637559036576985
fixed_concurrency,837.8885999999999,mono,2628.160200000778,1955.5206000012379,1634.1546000007208,32,analytical,E9,E9-dbdb4d478526,1790.271600000778,1790.271600000778,1793.8070000003536,max_wait_ms,5,,8.196831109482725,fcfs,mixed,213.66463274482768,277.8508166456006,176.790182065946,2000,workload_seed,218.41020951738952
fixed_concurrency,0.6,mono,110.8,112.2,108.2,32,analytical,E9,E9-dbdb4d478526,110.2,110.2,111.0,starvation_proxy_count,5,,42.573974251672695,fcfs,mixed,18366.666666666664,18666.666666666664,6122.222222222222,2000,workload_seed,2.588435821108957
fixed_concurrency,0.979963470447915,mono,0.8749195320152555,-0.09589187236370089,-0.11297055668304709,32,analytical,E9,E9-dbdb4d478526,-0.10504393843265943,-0.10504393843265943,-0.10905610126337595,waiting_satisfaction_jain,5,,-9.137691277092697,fcfs,mixed,-10.719168785408574,-9.788047594490578,-11.51853771374941,2000,workload_seed,0.011495676013479943
fixed_concurrency,566.1716699999997,mono,2515.069440001061,2062.7945200006598,1844.9620800012053,32,analytical,E9,E9-dbdb4d478526,1948.8977700010614,1948.8977700010614,1928.603800000481,short_prompt_ttft_p95_ms,5,,13.83284136156753,fcfs,mixed,344.2238234917445,510.41700731566493,247.11549880674522,2000,workload_seed,140.88918675925692
fixed_concurrency,629.2762499999997,mono,2514.9261400007163,2041.712660001048,1691.2160400002474,32,analytical,E9,E9-dbdb4d478526,1885.6498900007166,1885.6498900007166,1870.1408000015572,long_prompt_ttft_p95_ms,5,,8.05909622643785,fcfs,mixed,299.65375143281153,401.6271971833725,233.5010957056889,2000,workload_seed,233.97783535762306
fixed_concurrency,139.9196,mono,0.32300000000000184,-104.91780000000001,-156.936,32,analytical,E9,E9-dbdb4d478526,-139.59660000000002,-139.59660000000002,-156.936,primer_max_itl_ms,5,,-3.6004416188316455,fcfs,mixed,-99.76915314223311,-99.69308481121391,-99.79460635003402,2000,workload_seed,38.772077089059856
fixed_concurrency,32.0,mono,32.0,0.0,0.0,32,analytical,E9,E9-dbdb4d478526,0.0,0.0,0.0,backlog_at_arrival_end,5,,,fcfs,mixed,0.0,0.0,0.0,2000,workload_seed,0.0
fixed_concurrency,0.9999999999999918,mono,0.9999999999997209,-2.334132886971929e-13,-3.054667629953656e-13,32,analytical,E9,E9-dbdb4d478526,-2.7098323585050823e-13,-2.7098323585050823e-13,-2.927658115936538e-13,server_busy_fraction,5,,-5.97586415919681,fcfs,mixed,-2.708944180085382e-11,-2.333688797762079e-11,-3.0531133177191805e-11,2000,workload_seed,4.534628442540265e-14
fixed_concurrency,0.8859439689858968,mono,0.03125,-0.8428717721438401,-0.8647486926100516,32,analytical,E9,E9-dbdb4d478526,-0.8546939689858968,-0.8546939689858968,-0.8584034550786641,batch_slot_occupancy,5,,-60.89174206869776,fcfs,mixed,-96.47268889523899,-96.42498322363515,-96.51227169662843,2000,workload_seed,0.014036287022657938
